"A Day To Remember","All Signs Point To Lauderdale",PHMP1109,6,PHMP1109,,PH,1," 2/27/13"
"A Day To Remember","It's Complicated",PHMP1202,4,PHMP1202,,PH,1," 2/27/13"
"A Ha","Take On Me",MM6066,5,MM6066,,MM,1," 2/27/13"
"A Mind Of Its Own","Victoria Beckham",SF187,12,SF187,,SF,1," 2/27/13"
"A Moment Like This","Clarkson, Kelly",PHM0211,4,PHM0211,,PH,1," 2/27/13"
"A New Day Has Come","Dion, Celine",PHM0205,2,PHM0205,,PH,1," 2/27/13"
"A Perfect Circle","Weak And Powerless",SC3389,6,SC3389,,SC,1," 2/27/13"
"A Perfect Circle wvocal","Weak And Powerless",SC3389,14,SC3389,,SC,1," 2/27/13"
"A Teens","Bouncing Off The Ceiling (Upside Down)",CBEP470-3,3,CBEP470-3,,CB,1," 2/27/13"
"A Teens",Floorfiller,MM6413,6,MM6413,,MM,1," 2/27/13"
"A$AP Rocky",Goldie,PHMU1208,4,PHMU1208,,PH,1," 2/27/13"
A-Ha,"Livingdaylights, The",SC8468,10,SC8468,,SC,1," 2/27/13"
A-Ha,"Take On Me",SC7561,11,SC7561,,SC,1," 2/27/13"
A1,"Summertime Of Our Lives",SF148,5,SF148,,SF,1," 2/27/13"
A1,"Take On Me",SF171,13,SF171,,SF,1," 2/27/13"
A3,"Woke Up This Morning (Chosen One Mix-Sop",SC8821,8,SC8821,,SC,1," 2/27/13"
"A3Rd Strike","No Light",PHR0207,7,PHR0207,,PH,1," 2/27/13"
Aaliyah,"Are You That Somebody",PHT9811,6,PHT9811,,PH,1," 2/27/13"
Aaliyah,"At Your Best (You Are Love)",SC8374,7,SC8374,,SC,1," 2/27/13"
Aaliyah,"Come Over",THMH0310,9,THMH0310,,TH,1," 2/27/13"
Aaliyah,"Hot Like Fire",MMRB04,6,MMRB04,,MM,1," 2/27/13"
Aaliyah,"I Care 4 U",CB30026,11,CB30026,,CB,1," 2/27/13"
Aaliyah,"If Your Girl Only Knew",SC8320,15,SC8320,,SC,1," 2/27/13"
Aaliyah,"Journey To The Past",SC8476,7,SC8476,,SC,1," 2/27/13"
Aaliyah,"Miss You",THP0302,11,THP0302,,TH,1," 2/27/13"
Aaliyah,"More Than A Woman",CBEP473-3,17,CBEP473-3,,CB,1," 2/27/13"
Aaliyah,"One I Gave My Heart To, The",SC8422,7,SC8422,,SC,1," 2/27/13"
Aaliyah,"Rock The Boat",SC8726,5,SC8726,,SC,1," 2/27/13"
Aaliyah,"Try Again",CBEP470-1,16,CBEP470-1,,CB,1," 2/27/13"
Aaliyah,"We Need A Resolution",MM6346,13,MM6346,,MM,1," 2/27/13"
"Aaliyah & Calvin","More Than A Woman",CB30029,9,CB30029,,CB,1," 2/27/13"
"Aaliyah wvocal","Come Over",PHM0309,17,PHM0309,,PH,1," 2/27/13"
"Aaliyah wvocal","I Care 4 U",PHU0212,11,PHU0212,,PH,1," 2/27/13"
"Aaliyah wvocal","Miss You",PHU0302,11,PHU0302,,PH,1," 2/27/13"
"Aaliyahÿ& Tank","Come Over",CB30037,10,CB30037,,CB,1," 2/27/13"
"Aaron Alexander","Crazy Luv",PHMU1106,8,PHMU1106,,PH,1," 2/27/13"
"Aaron Fresh","Spending All My Time",PHMU1009,6,PHMU1009,,PH,1," 2/27/13"
"Aaron's Party Come And Get It","Carter, Aaron",TUM001,1,TUM001,,TU,1," 2/27/13"
"Aaronson, Irving & The Commanders","Let's Misbehave",CBEP469-5,11,CBEP469-5,,CB,1," 2/27/13"
Abacab,"Collins, Phil",BS8617,17,BS8617,,BS,1," 2/27/13"
"Abandoned Pools","Remedy, The",SC8768,9,SC8768,,SC,1," 2/27/13"
Abba,"Angel Eyes",MM6360,13,MM6360,,MM,1," 2/27/13"
Abba,"As Good As New",MM6360,5,MM6360,,MM,1," 2/27/13"
Abba,Chiquita,SAVP17,1,SAVP17,,SA,1," 2/27/13"
Abba,"Dancing Queen",CBEP468-2,15,CBEP468-2,,CB,1," 2/27/13"
Abba,"Does Your Mother Know",MM6302,3,MM6302,,MM,1," 2/27/13"
Abba,Fernando,SC8861,12,SC8861,,SC,1," 2/27/13"
Abba,"Gimmie Gimmie Gimmie",MM6302,4,MM6302,,MM,1," 2/27/13"
Abba,"Happy New Year",MM6360,10,MM6360,,MM,1," 2/27/13"
Abba,"Hasta Manana",MM6360,11,MM6360,,MM,1," 2/27/13"
Abba,"Head Over Heels",MM6360,7,MM6360,,MM,1," 2/27/13"
Abba,"Honey Honey",MM6360,4,MM6360,,MM,1," 2/27/13"
Abba,"I Do I Do I Do I Do I Do",MM6302,5,MM6302,,MM,1," 2/27/13"
Abba,"I Have A Dream",MM6302,6,MM6302,,MM,1," 2/27/13"
Abba,"Knowing Me Knowing You",MM6302,7,MM6302,,MM,1," 2/27/13"
Abba,"Lay All Your Love On Me",CBEP468-6,8,CBEP468-6,,CB,1," 2/27/13"
Abba,"Mama Mia",SF028,8,SF028,,SF,1," 2/27/13"
Abba,"Mamma Mia",CBE3-20,11,CBE3-20,,CB,1," 2/27/13"
Abba,"Money Money Money",SAVP17,3,SAVP17,,SA,1," 2/27/13"
Abba,"Money, Money , Money",SF055,4,SF055,,SF,1," 2/27/13"
Abba,"Name Of The Game, The",MM6302,10,MM6302,,MM,1," 2/27/13"
Abba,"One Of Us",MM6360,8,MM6360,,MM,1," 2/27/13"
Abba,"Ring Ring",MM6360,6,MM6360,,MM,1," 2/27/13"
Abba,"Rock Me",MM6360,12,MM6360,,MM,1," 2/27/13"
Abba,"S. O. S.",CBE3-19,8,CBE3-19,,CB,1," 2/27/13"
Abba,"So Long",MM6360,14,MM6360,,MM,1," 2/27/13"
Abba,Sos,MM6302,8,MM6302,,MM,1," 2/27/13"
Abba,"Summer Night City",MM6360,9,MM6360,,MM,1," 2/27/13"
Abba,"Super Trooper",SF024,14,SF024,,SF,1," 2/27/13"
Abba,"Super Trouper",BL07,2,BL07,,BL,1," 2/27/13"
Abba,"Take A Chance On Me",SC8283,2,SC8283,,SC,1," 2/27/13"
Abba,"Thank You For The Music",MM6302,9,MM6302,,MM,1," 2/27/13"
Abba,"Voulez Vous",MM6360,15,MM6360,,MM,1," 2/27/13"
Abba,Waterloo,SGB032,14,SGB032,,SG,1," 2/27/13"
Abba,"Winner Takes All",MM6360,2,MM6360,,MM,1," 2/27/13"
Abba,"Winner Takes It All, The",SF031,3,SF031,,SF,1," 2/27/13"
"Abbot, Russ",Atmosphere,SF028,16,SF028,,SF,1," 2/27/13"
"Abbott, Gregory","Shake You Down",SC8201,10,SC8201,,SC,1," 2/27/13"
Abc,"Be Near Me",SAVP26,6,SAVP26,,SA,1," 2/27/13"
Abc,"Look Of Love(Part One)",SC1999NSC07,7,SC1999NSC07,,SC,1," 2/27/13"
ABC,"Look Of Love, The",SF111,2,SF111,,SF,1," 2/27/13"
Abc,"Look Of Love, The",SC8719,14,SC8719,,SC,1," 2/27/13"
Abc,"Poison Arrow",SC7564,7,SC7564,,SC,1," 2/27/13"
Abc,"When Smokey Sings",SAVP26,12,SAVP26,,SA,1," 2/27/13"
"ABC 123","Levert, Gerald",NT005,10,NT005,,NT,1," 2/27/13"
"Abdul, Paula","Blowing Kisses In The Wind",SAVP23,10,SAVP23,,SA,1," 2/27/13"
"Abdul, Paula","Cold Hearted",SC8264,11,SC8264,,SC,1," 2/27/13"
"Abdul, Paula","Opposites Attract",DK095,11,DK095,,DK,1," 2/27/13"
"Abdul, Paula","Promise Of A New Day, The",DK1104,13,DK1104,,DK,1," 2/27/13"
"Abdul, Paula","Rush Rush",SF036,6,SF036,,SF,1," 2/27/13"
"Abdul, Paula","Straight Up",SC7503,12,SC7503,,SC,1," 2/27/13"
"Abdul, Paula",Vibeology,SAVP26,14,SAVP26,,SA,1," 2/27/13"
"Abdul, Paula","Will You Marry Me",SC8274,2,SC8274,,SC,1," 2/27/13"
"Abraham, Martin & John",Dion,PLC08,9,PLC08,,PL,1," 2/27/13"
Abs,"7 Ways",SF211,10,SF211,,SF,1," 2/27/13"
Abs,"Little Miss Perfect",SF209,5,SF209,,SF,1," 2/27/13"
"Absence Of Fear","Jewel & Natalie Imbruglia",BS6417,1,BS6417,,BS,1," 2/27/13"
"Absolutely Not","Cox, Deborah",THH0204,12,THH0204,,TH,1," 2/27/13"
Ac-Dc,"Back In Black",AH8005,2,AH8005,,AH,1," 2/27/13"
Ac-Dc,"Big Balls",SC8532,11,SC8532,,SC,1," 2/27/13"
Ac-Dc,"For Those About To Rock We Salute You",SC8701,1,SC8701,,SC,1," 2/27/13"
Ac-Dc,"Girls Got Rhythm",SC8701,6,SC8701,,SC,1," 2/27/13"
Ac-Dc,"Have A Drink On Me",SC8631,1,SC8631,,SC,1," 2/27/13"
Ac-Dc,"Highway To Hell",MM6315,10,MM6315,,MM,1," 2/27/13"
Ac-Dc,"Ride On",SC8830,4,SC8830,,SC,1," 2/27/13"
Ac-Dc,"Rock 'n Roll Ain't Noise Pollution",SC8701,7,SC8701,,SC,1," 2/27/13"
Ac-Dc,"Safe In New York City",SC8699,15,SC8699,,SC,1," 2/27/13"
Ac-Dc,"Sin City",SC8701,4,SC8701,,SC,1," 2/27/13"
Ac-Dc,"Sink The Pink",SC8701,5,SC8701,,SC,1," 2/27/13"
Ac-Dc,"Stiff Upper Lip",MM6300,15,MM6300,,MM,1," 2/27/13"
Ac-Dc,Tnt,SC8660,11,SC8660,,SC,1," 2/27/13"
Ac-Dc,"Who Made Who",SC8701,3,SC8701,,SC,1," 2/27/13"
Ac-Dc,"You Shook Me All Night Long",AH8001,14,AH8001,,AH,1," 2/27/13"
Accept,"Balls To The Wall",SC8713,5,SC8713,,SC,1," 2/27/13"
ACDC,"Dirty Deeds Done Dirt Cheap",SC2265,8,SC2265,,SC,1," 2/27/13"
ACDC,"Hard As A Rock",SC2265,3,SC2265,,SC,1," 2/27/13"
ACDC,"Hells Bells",SC2265,5,SC2265,,SC,1," 2/27/13"
ACDC,"It's A Long Way To The Top",SC8869,8,SC8869,,SC,1," 2/27/13"
ACDC,Moneytalks,SC2265,4,SC2265,,SC,1," 2/27/13"
ACDC,"Problem Child",SC8869,11,SC8869,,SC,1," 2/27/13"
ACDC,Thunderstruck,SC2265,2,SC2265,,SC,1," 2/27/13"
Acdc,"Whole Lotta Rosie",BL11,15,BL11,,BL,1," 2/27/13"
Ace,"How Long",SF022,11,SF022,,SF,1," 2/27/13"
"Ace Hood Feat Trey Songz",Ride,PHMU0812,3,PHMU0812,,PH,1," 2/27/13"
"Ace Of Base","All That She Wants",SF004,15,SF004,,SF,1," 2/27/13"
"Ace Of Base","Always Have Always Will",SF130,5,SF130,,SF,1," 2/27/13"
"Ace Of Base","Angel Of Harlem",MM6030,4,MM6030,,MM,1," 2/27/13"
"Ace Of Base","Beautifil Life",PHM9601,1,PHM9601,,PH,1," 2/27/13"
"Ace Of Base","Cruel Summer",MM6250,12,MM6250,,MM,1," 2/27/13"
"Ace Of Base","Don't Turn Around",CBEP457-1,7,CBEP457-1,,CB,1," 2/27/13"
"Ace Of Base","Life Is A Flower",SF123,10,SF123,,SF,1," 2/27/13"
"Ace Of Base","Living In Danger",SF010,12,SF010,,SF,1," 2/27/13"
"Ace Of Base","Lucky Love",SC8257,11,SC8257,,SC,1," 2/27/13"
"Ace Of Base","Sign, The",MM6040,9,MM6040,,MM,1," 2/27/13"
"Ace, Johnny","Pledging My Love",CBEP454-4,10,CBEP454-4,,CB,1," 2/27/13"
"Achy Breaky Heart","Cyrus, Billy Ray",KJT06,3,KJT06,,KJ,1," 2/27/13"
"Acuff, Roy","Great Speckled Bird, The",DK066,18,DK066,,DK,1," 2/27/13"
"Acuff, Roy","Wabash Cannonball",DK091,18,DK091,,DK,1," 2/27/13"
"Acuff, Royÿ& The Nitty Gritty Dirt Band","Wreck On The Highway",CBEP476-6,14,CBEP476-6,,CB,1," 2/27/13"
"Ad Libs, The","Boy From New York City, The",MMOLD04,17,MMOLD04,,MM,1," 2/27/13"
"Ad Libs, The wvocal","Boy From New York City, The",SC2079,10,SC2079,,SC,1," 2/27/13"
"Adairÿ, Tina","How Many Roads",CBEP476-3,10,CBEP476-3,,CB,1," 2/27/13"
"Adam Ant","Ant Music",SF105,5,SF105,,SF,1," 2/27/13"
"Adam Ant","Desperate But Not Serious",SC8571,15,SC8571,,SC,1," 2/27/13"
"Adam Ant","Goody Two Shoes",SF111,15,SF111,,SF,1," 2/27/13"
"Adam Ant","Prince Charming",SF111,1,SF111,,SF,1," 2/27/13"
"Adam Ant","Stand And Deliver",SF105,1,SF105,,SF,1," 2/27/13"
"Adam Ant",Wonderful,SC2098,6,SC2098,,SC,1," 2/27/13"
"Adam Brand","Ready For Love",PHMC1012,4,PHMC1012,,PH,1," 2/27/13"
"Adam Lambert","If I Had You",PHMP1008,4,PHMP1008,,PH,1," 2/27/13"
"Adam Lambert","Whataya Want From Me",PHMP1002,4,PHMP1002,,PH,1," 2/27/13"
"Adamo, Salvatore","Mauvais Garcon",SAVP07,5,SAVP07,,SA,1," 2/27/13"
"Adamo, Salvatore","Tombe La Neige",SAVP07,6,SAVP07,,SA,1," 2/27/13"
"Adams & Streisand","I Finally Found Someone",SC2154,8,SC2154,,SC,1," 2/27/13"
"Adams & Turner","It's Only Love",SC8482,3,SC8482,,SC,1," 2/27/13"
"Adams, Bryan","Back To You",CB90201,15,CB90201,,CB,1," 2/27/13"
"Adams, Bryan","Best Of Me, The",SGB038,17,SGB038,,SG,1," 2/27/13"
"Adams, Bryan","Can't Stop This Thing We Started",SC8235,8,SC8235,,SC,1," 2/27/13"
"Adams, Bryan","Cloud No.9",SF143,11,SF143,,SF,1," 2/27/13"
"Adams, Bryan","Cuts Like A Knife",SC7577,10,SC7577,,SC,1," 2/27/13"
"Adams, Bryan","Do I Have To Say The Words",SC8266,15,SC8266,,SC,1," 2/27/13"
"Adams, Bryan","Everything I Do (I Do It For You)",CBE2-25,7,CBE2-25,,CB,1," 2/27/13"
"Adams, Bryan","Everything I Do I Do It For You",SF001,14,SF001,,SF,1," 2/27/13"
"Adams, Bryan","Heat Of The Night",CB90201,5,CB90201,,CB,1," 2/27/13"
"Adams, Bryan",Heaven,CBEP467-5,15,CBEP467-5,,CB,1," 2/27/13"
"Adams, Bryan","Here I Am",MM6366,10,MM6366,,MM,1," 2/27/13"
"Adams, Bryan","I Do It For You",SC7514,8,SC7514,,SC,1," 2/27/13"
"Adams, Bryan","I Do It For You (Everything I Do)",SC2407,8,SC2407,,SC,1," 2/27/13"
"Adams, Bryan","I'll Always Be Right There",MMGCP9809,17,MMGCP9809,,MM,1," 2/27/13"
"Adams, Bryan","Inside Out",SF144,16,SF144,,SF,1," 2/27/13"
"Adams, Bryan","Let's Make A Night To Remember",MM6173,12,MM6173,,MM,1," 2/27/13"
"Adams, Bryan","On A Day Like Today",SC8490,9,SC8490,,SC,1," 2/27/13"
"Adams, Bryan","Only Thing That Looks Good On Me Is You,",MM6150,12,MM6150,,MM,1," 2/27/13"
"Adams, Bryan","Please Forgive Me",MM6038,13,MM6038,,MM,1," 2/27/13"
"Adams, Bryan","Run To You",SC7548,3,SC7548,,SC,1," 2/27/13"
"Adams, Bryan",Star,CB90201,14,CB90201,,CB,1," 2/27/13"
"Adams, Bryan","Straight From The Heart",CBE4-06,3,CBE4-06,,CB,1," 2/27/13"
"Adams, Bryan","Summer Of '69",SC7545,14,SC7545,,SC,1," 2/27/13"
"Adams, Bryan","There Will Never Be Another Tonight",SC8237,8,SC8237,,SC,1," 2/27/13"
"Adams, Bryan","Thought I'd Died And Gone To Heaven",SC8238,15,SC8238,,SC,1," 2/27/13"
"Adams, Bryan & Melanie C.","When You're Gone",SF128,13,SF128,,SF,1," 2/27/13"
"Adams, Bryan & Streisand, Barbra","I Finally Found Someone",SC7600,8,SC7600,,SC,1," 2/27/13"
"Adams, Oleta","Circle Of One",SC8274,5,SC8274,,SC,1," 2/27/13"
"Adams, Oleta","Day I Stop Loving You, The",SC8244,14,SC8244,,SC,1," 2/27/13"
"Adams, Oleta","Embraceable You",MMSTA2-5,17,MMSTA2-5,,MM,1," 2/27/13"
"Adams, Oleta","Get Here",MMRB2-2,13,MMRB2-2,,MM,1," 2/27/13"
"Adams, Oleta","Never Knew Love",SC8248,7,SC8248,,SC,1," 2/27/13"
"Adams, Oleta","We Will Meet Again",MM6334,4,MM6334,,MM,1," 2/27/13"
"Adams, Ryan","Answering Bell",SC8752,11,SC8752,,SC,1," 2/27/13"
"Adams, Ryan","New York, New York",MM6352,9,MM6352,,MM,1," 2/27/13"
"Adams, Ryan","So Alive",SC3400,3,SC3400,,SC,1," 2/27/13"
"Adams, Ryan wvocal","So Alive",SC3400,11,SC3400,,SC,1," 2/27/13"
"Adams, Yolanda","Have Yourself A Merry Little Christmas",SC8899,15,SC8899,,SC,1," 2/27/13"
"Adams, Yolanda","Open My Heart",SC8637,14,SC8637,,SC,1," 2/27/13"
Addicted,"Iglesias, Enrique",PHM0401,3,PHM0401,,PH,1," 2/27/13"
Addicted,Lit,THR0204,13,THR0204,,TH,1," 2/27/13"
Addicted,"Simple Plan",PHM0307,9,PHM0307,,PH,1," 2/27/13"
"Addotta, Kip","Wet Dream",SC8707,4,SC8707,,SC,1," 2/27/13"
Adele,"Chasing Pavements",PHMP0810,8,PHMP0810,,PH,1," 2/27/13"
Adele,"I Can't Make You Love Me",PHMP1203,5,PHMP1203,,PH,1," 2/27/13"
Adele,"Make You Feel My Love",PHMP1108,7,PHMP1108,,PH,1," 2/27/13"
Adele,"Right As Rain",PHMP0903,9,PHMP0903,,PH,1," 2/27/13"
Adele,"Rolling In The Deep",PHMP1103,3,PHMP1103,,PH,1," 2/27/13"
Adele,"Rumour Has It",PHMU1107,4,PHMU1107,,PH,1," 2/27/13"
Adele,"Set Fire To The Rain",PHMP1105,7,PHMP1105,,PH,1," 2/27/13"
Adele,"Someone Like You",PHMP1105,2,PHMP1105,,PH,1," 2/27/13"
Adele,"Turning Tables",PHMP1107,2,PHMP1107,,PH,1," 2/27/13"
Adema,"Giving In",PHR0111,6,PHR0111,,PH,1," 2/27/13"
Adema,Promises,PHR0402,3,PHR0402,,PH,1," 2/27/13"
Adema,Unstable,PHR0310,9,PHR0310,,PH,1," 2/27/13"
"Adkins, Trace","Big Time",CHM9808,17,CHM9808,,CH,1," 2/27/13"
"Adkins, Trace",Chrome,CBE4-26,15,CBE4-26,,CB,1," 2/27/13"
"Adkins, Trace","Don't Lie",SC8566,11,SC8566,,SC,1," 2/27/13"
"Adkins, Trace","Every Light In The House Is On",SC8315,15,SC8315,,SC,1," 2/27/13"
"Adkins, Trace","Help Me Understand",MM6362,14,MM6362,,MM,1," 2/27/13"
"Adkins, Trace","Hot Mama",THC0401,13,THC0401,,TH,1," 2/27/13"
"Adkins, Trace","I Left Something Turned On At Home",MMGCP9808,16,MMGCP9808,,MM,1," 2/27/13"
"Adkins, Trace","I'm Gonna Love You Anyway",SC8630,9,SC8630,,SC,1," 2/27/13"
"Adkins, Trace","I'm Tryin'",MM6347,15,MM6347,,MM,1," 2/27/13"
"Adkins, Trace","I'm Gonna Love You Anyway",CB60206,6,CB60206,,CB,1," 2/27/13"
"Adkins, Trace","Lonely Won't Leave Me Alone",SC8436,15,SC8436,,SC,1," 2/27/13"
"Adkins, Trace",More,CHM0005,18,CHM0005,,CH,1," 2/27/13"
"Adkins, Trace","Rest Of Mine, The",CBEP463-4,16,CBEP463-4,,CB,1," 2/27/13"
"Adkins, Trace","Rough And Ready",MM6416,8,MM6416,,MM,1," 2/27/13"
"Adkins, Trace","Songs About Me",PHN0503,3,PHN0503,,PH,1," 2/27/13"
"Adkins, Trace","Then They Do",SC8823,13,SC8823,,SC,1," 2/27/13"
"Adkins, Trace","There's A Girl In Texas",SC8280,9,SC8280,,SC,1," 2/27/13"
"Adkins, Trace","This Ain't No Thinkin' Thing",SC3004,8,SC3004,,SC,1," 2/27/13"
"Adkins, Trace wvocal","Hot Mama",SC3387,12,SC3387,,SC,1," 2/27/13"
"Adkins, Trace wvocal","This Ain't No Thinkin' Thing",SC3004,16,SC3004,,SC,1," 2/27/13"
Adrenaline,"Rossdale, Gavin",THR0211,14,THR0211,,TH,1," 2/27/13"
Adriana,Headstrong,THR0205,13,THR0205,,TH,1," 2/27/13"
Adrienne,Calling,PHR0207,2,PHR0207,,PH,1," 2/27/13"
Aerials,"System Of A Down",PHR0210,8,PHR0210,,PH,1," 2/27/13"
Aerialsÿ,"System Of A Down",THR0209,14,THR0209,,TH,1," 2/27/13"
Aerosmith,Angel,SGB05,13,SGB05,,SG,1," 2/27/13"
Aerosmith,"Angel's Eye",SC8659,6,SC8659,,SC,1," 2/27/13"
Aerosmith,"Baby, Please Don't Go",PHR0406,5,PHR0406,,PH,1," 2/27/13"
Aerosmith,"Back In The Saddle",SC8430,6,SC8430,,SC,1," 2/27/13"
Aerosmith,"Big 10 Inch Record",SGB64,4,SGB64,,SG,1," 2/27/13"
Aerosmith,"Big Ten Inch Record",SC8117,8,SC8117,,SC,1," 2/27/13"
Aerosmith,Crazy,SF021,15,SF021,,SF,1," 2/27/13"
Aerosmith,"Draw The Line",SC8406,10,SC8406,,SC,1," 2/27/13"
Aerosmith,"Dream On",PI005,18,PI005,,PI,1," 2/27/13"
Aerosmith,"Dude (Looks Like A Lady)",SC8635,1,SC8635,,SC,1," 2/27/13"
Aerosmith,"Dude Looks Like A Lady",SC7563,7,SC7563,,SC,1," 2/27/13"
Aerosmith,"Falling In Love",PHM9704,5,PHM9704,,PH,1," 2/27/13"
Aerosmith,"Falling In Love (Is Hard On The Knees)",SC8635,8,SC8635,,SC,1," 2/27/13"
Aerosmith,"Fly Away From Here",PHR0107,1,PHR0107,,PH,1," 2/27/13"
Aerosmith,"Girls Of Summer",CBEP477-3,16,CBEP477-3,,CB,1," 2/27/13"
Aerosmith,"Hole In My Soul",SC8448,14,SC8448,,SC,1," 2/27/13"
Aerosmith,"I Didn't Want To Miss A Thing",MM6250,7,MM6250,,MM,1," 2/27/13"
Aerosmith,"I Don't Want To Miss A Thing",MMCP2K09,10,MMCP2K09,,MM,1," 2/27/13"
Aerosmith,Jaded,SC8680,12,SC8680,,SC,1," 2/27/13"
Aerosmith,"Janie's Got A Gun",SC8635,7,SC8635,,SC,1," 2/27/13"
Aerosmith,"Just Push Play",PHR0108,4,PHR0108,,PH,1," 2/27/13"
Aerosmith,"Last Child",SC8791,3,SC8791,,SC,1," 2/27/13"
Aerosmith,"Love In An Elevator",SC8635,14,SC8635,,SC,1," 2/27/13"
Aerosmith,Pink,SC8635,12,SC8635,,SC,1," 2/27/13"
Aerosmith,"Rag Doll",SC7579,5,SC7579,,SC,1," 2/27/13"
Aerosmith,"Same Old Song And Dance",SC8586,15,SC8586,,SC,1," 2/27/13"
Aerosmith,Sunshine,CB30017,13,CB30017,,CB,1," 2/27/13"
Aerosmith,"Sweet Emotion",SC8635,6,SC8635,,SC,1," 2/27/13"
Aerosmith,"Toys In The Attic",SC8635,10,SC8635,,SC,1," 2/27/13"
Aerosmith,"Train Kept A Rollin'",AH8003,6,AH8003,,AH,1," 2/27/13"
Aerosmith,"Train Kept A Rolling",SGB14,15,SGB14,,SG,1," 2/27/13"
Aerosmith,"Walk This Way",CBEP474-4,17,CBEP474-4,,CB,1," 2/27/13"
Aerosmith,"What It Takes",MM6315,8,MM6315,,MM,1," 2/27/13"
Aerosmith,"What Kind Of Love Are You On",SC8481,15,SC8481,,SC,1," 2/27/13"
"Aerosmith & Run Dmc","Walk This Way",SC8760,13,SC8760,,SC,1," 2/27/13"
Afewgoodmen,"Have I Never",SC8268,12,SC8268,,SC,1," 2/27/13"
Afi,"Girl's Not Grey",PHR0306,3,PHR0306,,PH,1," 2/27/13"
AFI,"Leaving Song (Pt 2), The",PHR0310,6,PHR0310,,PH,1," 2/27/13"
Afi,"Leaving Song Pt.Ii, The",THMR0310,7,THMR0310,,TH,1," 2/27/13"
Afi,"Silver & Cold",PHR0404,4,PHR0404,,PH,1," 2/27/13"
"Afro-Celt & Peter Gabriel","When You're Falling",PHR0109,7,PHR0109,,PH,1," 2/27/13"
"Afrojack feat Eva Simons","Take Over Control",PHMU1108,9,PHMU1108,,PH,1," 2/27/13"
Afroman,"Because I Got High",SC8720,7,SC8720,,SC,1," 2/27/13"
"After 7","Can't Stop",DK062,1,DK062,,DK,1," 2/27/13"
"After 7","How Do You Tell The One",SC8268,7,SC8268,,SC,1," 2/27/13"
"After 7","Ready Or Not",DK069,1,DK069,,DK,1," 2/27/13"
"After 7","Til You Do Me Right",SD017,8,SD017,,SD,1," 2/27/13"
"After All",Cher,RSZ606,6,RSZ606,,RS,1," 2/27/13"
"After All","James, Brett",THC0306,18,THC0306,,TH,1," 2/27/13"
"After All","Jarreau, Al",HV09,6,HV09,,HV,1," 2/27/13"
"After Me",Saliva,THR0204,17,THR0204,,TH,1," 2/27/13"
"After Midnight","Clapton, Eric",PI005,17,PI005,,PI,1," 2/27/13"
"After The Fire","Der Kommissar",SC8522,3,SC8522,,SC,1," 2/27/13"
"After The Love Has Gone",Damage,SF187,13,SF187,,SF,1," 2/27/13"
"After The Lovin'","Humperdinck, Engelbert",KJT05,3,KJT05,,KJ,1," 2/27/13"
"After The Rain Has Fallen",Sting,TU078,1,TU078,,TU,1," 2/27/13"
Again,"Kravitz, Lenny",PHM0101,5,PHM0101,,PH,1," 2/27/13"
"Against All Odds","Collins, Phil",BS8617,1,BS8617,,BS,1," 2/27/13"
"Aguilar, Pepe","Me Estoy Acostumbrando A Ti",SC2197,8,SC2197,,SC,1," 2/27/13"
"Aguilera, Christina",Beautiful,CBEP473-1,17,CBEP473-1,,CB,1," 2/27/13"
"Aguilera, Christina",Blessed,SC8618,12,SC8618,,SC,1," 2/27/13"
"Aguilera, Christina","Can't Hold Us Down",SF209,2,SF209,,SF,1," 2/27/13"
"Aguilera, Christina","Come On Over",MM6316,6,MM6316,,MM,1," 2/27/13"
"Aguilera, Christina","Come On Over (All I Want Is You)",CBE2-29,9,CBE2-29,,CB,1," 2/27/13"
"Aguilera, Christina",Dirrty,CBE3-29,14,CBE3-29,,CB,1," 2/27/13"
"Aguilera, Christina",Fighter,THP0306,11,THP0306,,TH,1," 2/27/13"
"Aguilera, Christina","Genie In A Bottle",CBEP457-5,16,CBEP457-5,,CB,1," 2/27/13"
"Aguilera, Christina","I Turn To You",MM6300,14,MM6300,,MM,1," 2/27/13"
"Aguilera, Christina",Impossible,SC8827,11,SC8827,,SC,1," 2/27/13"
"Aguilera, Christina","Lady Marmalade",CB90168,6,CB90168,,CB,1," 2/27/13"
"Aguilera, Christina","Love For All Seasons",CB90168,10,CB90168,,CB,1," 2/27/13"
"Aguilera, Christina","Love Will Find A Way",SC8657,14,SC8657,,SC,1," 2/27/13"
"Aguilera, Christina",Ovbious,CB90168,12,CB90168,,CB,1," 2/27/13"
"Aguilera, Christina",Reflection,CB90168,13,CB90168,,CB,1," 2/27/13"
"Aguilera, Christina","So Emotional",CB90168,14,CB90168,,CB,1," 2/27/13"
"Aguilera, Christina","Somebody's Somebody",CB90168,15,CB90168,,CB,1," 2/27/13"
"Aguilera, Christina","The Voice Within",PHM-0402,7,PHM-0402,,PH,1," 2/27/13"
"Aguilera, Christina","Voice Within",SF212,7,SF212,,SF,1," 2/27/13"
"Aguilera, Christina","Voice Within, The",SC3393,10,SC3393,,SC,1," 2/27/13"
"Aguilera, Christina","We're A Miracle",SC8045,5,SC8045,,SC,1," 2/27/13"
"Aguilera, Christina","What A Girl Wants",MM6290,9,MM6290,,MM,1," 2/27/13"
"Aguilera, Christina","What A Girl Wants (Radio Version)",SC8581,9,SC8581,,SC,1," 2/27/13"
"Aguilera, Christina","When You Put Your Hands On Me",CB4057,12,CB4057,,CB,1," 2/27/13"
"Aguilera, Christina & Lil Kim","Can't Hold Us Down",CB30040,3,CB30040,,CB,1," 2/27/13"
"Aguilera, Christina & Lil' Kim","Can't Hold Us Down",SC8844,14,SC8844,,SC,1," 2/27/13"
"Aguilera, Christina & Lil' Kim & Mya & P","Lady Marmalade",CB30011,11,CB30011,,CB,1," 2/27/13"
"Aguilera, Christina & Lil' Kim wvocal","Can't Hold Us Down",PHM0310,15,PHM0310,,PH,1," 2/27/13"
"Aguilera, Christina & Missy Elliott","Car Wash",SC8888,9,SC8888,,SC,1," 2/27/13"
"Aguilera, Christina & Missy Elliott wvoc","Car Wash",PHM0411,12,PHM0411,,PH,1," 2/27/13"
"Aguilera, Christina & Redman",Dirrty,CB30029,3,CB30029,,CB,1," 2/27/13"
"Aguilera, Christina wvocal",Impossible,SC3368,12,SC3368,,SC,1," 2/27/13"
"Aguilera, Christina wvocal","What A Girl Wants",PHM9912,15,PHM9912,,PH,1," 2/27/13"
"Aguilera, Christina, Lil' Kim, Mya & Pin","Lady Marmalade",SC8695,12,SC8695,,SC,1," 2/27/13"
"Ahora Dile","Herrera, Ram",SC7105,6,SC7105,,SC,1," 2/27/13"
"Aiken, Clay","Bridge Over Troubled Water",SC8839,15,SC8839,,SC,1," 2/27/13"
"Aiken, Clay","First Noel, The",SC8899,5,SC8899,,SC,1," 2/27/13"
"Aiken, Clay","I Will Carry You",SC8888,7,SC8888,,SC,1," 2/27/13"
"Aiken, Clay",Invisible,THP0401,13,THP0401,,TH,1," 2/27/13"
"Aiken, Clay",Solitaire,SC3407,5,SC3407,,SC,1," 2/27/13"
"Aiken, Clay","This Is The Night",SC8839,10,SC8839,,SC,1," 2/27/13"
"Aiken, Clay","Way, The",SC3400,5,SC3400,,SC,1," 2/27/13"
"Aiken, Clay wvocal","Bridge Over Troubled Water",SC3375,16,SC3375,,SC,1," 2/27/13"
"Aiken, Clay wvocal",Invisible,SC3391,14,SC3391,,SC,1," 2/27/13"
"Aiken, Clay wvocal","This Is The Night",SC3375,10,SC3375,,SC,1," 2/27/13"
"Aiken, Clay wvocal","Way, The",SC3400,13,SC3400,,SC,1," 2/27/13"
"Ain't Goin' Down Til The Sun Comes Up","Brooks, Garth",RSZ609,10,RSZ609,,RS,1," 2/27/13"
"Ain't Got Nothin' But The Blues","Ford, Robin",HV09,8,HV09,,HV,1," 2/27/13"
"Ain't It Funny","Lopez, Jennifer",THP0203,13,THP0203,,TH,1," 2/27/13"
"Ain't It Funny (pop Version)ÿ","Lopez, Jennifer",THPP14,11,THPP14,,TH,1," 2/27/13"
"Ain't Misbehavin'","I've Got A Feeling I'm Falling",MM6023,14,MM6023,,MM,1," 2/27/13"
"Ain't Misbehavin'","Your Feet's Too Big",MM6175,6,MM6175,,MM,1," 2/27/13"
"Ain't No Pleasin' You","Chas & Dave",PX14,4,PX14,,PX,1," 2/27/13"
"Ain't No Stopping Us Now","Mcfadden & Whitehead",SF072,14,SF072,,SF,1," 2/27/13"
"Ain't No Sunshine","Cassidy, Eva",ZMP003,5,ZMP003,,ZM,1," 2/27/13"
"Ain't No Way To Treat A Lady","Reddy, Helen",AH2013,15,AH2013,,AH,1," 2/27/13"
"Ain't That Just The Way","McNeal, Lutricia",PHM9802,7,PHM9802,,PH,1," 2/27/13"
Ainsley,"Keep Me A Secret",SF202,13,SF202,,SF,1," 2/27/13"
"Air Supply","All Out Of Love",SAVP34,16,SAVP34,,SA,1," 2/27/13"
"Air Supply","Even The Nights Are Better",SC8259,1,SC8259,,SC,1," 2/27/13"
"Air Supply","Every Woman In The World",SC8393,1,SC8393,,SC,1," 2/27/13"
"Air Supply","Here I Am (Just When I Thought I Was Ove",SC8634,8,SC8634,,SC,1," 2/27/13"
"Air Supply","Lost In Love",SC8362,6,SC8362,,SC,1," 2/27/13"
"Air Supply","Making Love Out Of Nothing At All",SC8273,15,SC8273,,SC,1," 2/27/13"
"Air Supply","One That You Love, The",DK027,10,DK027,,DK,1," 2/27/13"
"Air Supply","Out Of Nothing At All",SC8264,8,SC8264,,SC,1," 2/27/13"
"Air That I Breathe, The","Hollies, The",DG11,12,DG11,,DG,1," 2/27/13"
"Akens, Jewel","Birds And The Bees, The",DK048,18,DK048,,DK,1," 2/27/13"
"Akins, Rhett","Better Than It Used To Be",CB20026,12,CB20026,,CB,1," 2/27/13"
"Akins, Rhett","Don't Get Me Started",CB20246,8,CB20246,,CB,1," 2/27/13"
"Akins, Rhett","Every Cowboy's Dream",CB20246,9,CB20246,,CB,1," 2/27/13"
"Akins, Rhett","Friday Night In Dixie",CB60241,8,CB60241,,CB,1," 2/27/13"
"Akins, Rhett","Highway Sunrise",CB60233,13,CB60233,,CB,1," 2/27/13"
"Akins, Rhett","I Brake For Brunettes",SC8260,8,SC8260,,SC,1," 2/27/13"
"Akins, Rhett","In Your Love",CB60309,7,CB60309,,CB,1," 2/27/13"
"Akins, Rhett","Love You Back",MM6169,14,MM6169,,MM,1," 2/27/13"
"Akins, Rhett","More Than Everything",SC8416,14,SC8416,,SC,1," 2/27/13"
"Akins, Rhett","She Said Yes",SC8205,14,SC8205,,SC,1," 2/27/13"
"Akins, Rhett","That Ain't My Truck",CBEP453-6,13,CBEP453-6,,CB,1," 2/27/13"
"Akins, Rhett","Thousand Memories, A",SC8250,14,SC8250,,SC,1," 2/27/13"
"Akins, Rhett","What They're Talkin' About",MM6082,9,MM6082,,MM,1," 2/27/13"
"Akon & Styles P","Locked Up",PHU0411,8,PHU0411,,PH,1," 2/27/13"
"Akon & Styles P wvocal","Locked Up",PHU0411,17,PHU0411,,PH,1," 2/27/13"
"Al B Sure","I Love It (Papi Aye Aye Aye)",PHMU0910,8,PHMU0910,,PH,1," 2/27/13"
"Al Dexter & His Troopers","Pistol Packin' Mama",SC8538,10,SC8538,,SC,1," 2/27/13"
Alabama,"Angels Among Us",CBE3-08,12,CBE3-08,,CB,1," 2/27/13"
Alabama,"Are You Sure Hank Done It This Way",PHMC1103,9,PHMC1103,,PH,1," 2/27/13"
Alabama,"Between The Two Of Them",SC8236,1,SC8236,,SC,1," 2/27/13"
Alabama,"Born Country",DK089,15,DK089,,DK,1," 2/27/13"
Alabama,"Can't Keep A Good Man Down",CB90001,11,CB90001,,CB,1," 2/27/13"
Alabama,"Cheap Seats",MM6056,15,MM6056,,MM,1," 2/27/13"
Alabama,"Christmas In Dixie",CBEP462-4,9,CBEP462-4,,CB,1," 2/27/13"
Alabama,"Close Enough To Perfect",CB60122,11,CB60122,,CB,1," 2/27/13"
Alabama,"Closer You Get, The",SC2026,6,SC2026,,SC,1," 2/27/13"
Alabama,"Dancin' Shaggin' On The Boulevard",SC8384,15,SC8384,,SC,1," 2/27/13"
Alabama,"Dancn' Shaggin' On The Boulevard",MMCOU201,2,MMCOU201,,MM,1," 2/27/13"
Alabama,"Dixieland Delight",CBEP452-5,10,CBEP452-5,,CB,1," 2/27/13"
Alabama,"Down Home",CB60055,15,CB60055,,CB,1," 2/27/13"
Alabama,"Face To Face",DK079,7,DK079,,DK,1," 2/27/13"
Alabama,"Fallin' Again",SC8628,13,SC8628,,SC,1," 2/27/13"
Alabama,"Feels So Right",CBE4-18,8,CBE4-18,,CB,1," 2/27/13"
Alabama,"Fire In The Night",CB90001,8,CB90001,,CB,1," 2/27/13"
Alabama,"Forever's As Far As I'll Go",SC8135,15,SC8135,,SC,1," 2/27/13"
Alabama,"Forty Hour Week",SC8786,15,SC8786,,SC,1," 2/27/13"
Alabama,"Give Me One More Shot",CB60055,13,CB60055,,CB,1," 2/27/13"
Alabama,"God Must Have Spent A Little More Time O",CBEP461-4,17,CBEP461-4,,CB,1," 2/27/13"
Alabama,"Here We Are",CB60099,8,CB60099,,CB,1," 2/27/13"
Alabama,"High Cotton",SC7552,11,SC7552,,SC,1," 2/27/13"
Alabama,"Hometown Honeymoon",SC8175,14,SC8175,,SC,1," 2/27/13"
Alabama,"How Do You Fall In Love",CB90002,12,CB90002,,CB,1," 2/27/13"
Alabama,"I'm In A Hurry (& Don't Know Why)",SC8177,8,SC8177,,SC,1," 2/27/13"
Alabama,"I'm In A Hurry And I Don't Know Why",CB60055,5,CB60055,,CB,1," 2/27/13"
Alabama,"I'm In The Mood",SC8769,13,SC8769,,SC,1," 2/27/13"
Alabama,"If I Had You",CB90001,14,CB90001,,CB,1," 2/27/13"
Alabama,"If You're Gonna Play In Texas",CBE2-06,7,CBE2-06,,CB,1," 2/27/13"
Alabama,"In Pictures",SC8198,12,SC8198,,SC,1," 2/27/13"
Alabama,"It Works",SC8239,11,SC8239,,SC,1," 2/27/13"
Alabama,"Jukebox In My Mind",SC8229,13,SC8229,,SC,1," 2/27/13"
Alabama,"Katy Brought My Guitar Back Today",SC8301,1,SC8301,,SC,1," 2/27/13"
Alabama,"Keepin' Up",CB90002,15,CB90002,,CB,1," 2/27/13"
Alabama,"Lady Down On Love",CBE3-05,15,CBE3-05,,CB,1," 2/27/13"
Alabama,"Love In The First Degree",SC8355,14,SC8355,,SC,1," 2/27/13"
Alabama,"Maker Said Take Her, The",SC8307,10,SC8307,,SC,1," 2/27/13"
Alabama,"Mountain Music",SC7516,11,SC7516,,SC,1," 2/27/13"
Alabama,"My Home's In Alabama",CBE4-16,14,CBE4-16,,CB,1," 2/27/13"
Alabama,"Of Course I'm Alright",CHM9801,18,CHM9801,,CH,1," 2/27/13"
Alabama,"Old Flame",CB60022,11,CB60022,,CB,1," 2/27/13"
Alabama,"On This Side Of The Moon",SC8306,15,SC8306,,SC,1," 2/27/13"
Alabama,"Once Upon A Lifetime",DK088,10,DK088,,DK,1," 2/27/13"
Alabama,"Pass It On Down",DK097,15,DK097,,DK,1," 2/27/13"
Alabama,"Pictures And Memories",SC8275,14,SC8275,,SC,1," 2/27/13"
Alabama,Reckless,MM6029,11,MM6029,,MM,1," 2/27/13"
Alabama,"Roll On Eighteen Wheeler",SC8461,15,SC8461,,SC,1," 2/27/13"
Alabama,"Sad Lookin' Moon",CHM9705,15,CHM9705,,CH,1," 2/27/13"
Alabama,"Say I",CB60121,15,CB60121,,CB,1," 2/27/13"
Alabama,"She Ain't Your Ordinary Girl",MM6101,13,MM6101,,MM,1," 2/27/13"
Alabama,"She And I",CB90001,12,CB90001,,CB,1," 2/27/13"
Alabama,"She's Got That Look In Her Eyes",CB90002,13,CB90002,,CB,1," 2/27/13"
Alabama,"Small Stuff",CHM0001,15,CHM0001,,CH,1," 2/27/13"
Alabama,"Song Of The South",CBE09,13,CBE09,,CB,1," 2/27/13"
Alabama,"Southern Star",SC8786,13,SC8786,,SC,1," 2/27/13"
Alabama,"T L C A S A P",MM6039,10,MM6039,,MM,1," 2/27/13"
Alabama,T.l.c.a.s.a.p.,SC8102,10,SC8102,,SC,1," 2/27/13"
Alabama,"Take A Little Trip",MMGCOU05,15,MMGCOU05,,MM,1," 2/27/13"
Alabama,"Take Me Down",SC7591,11,SC7591,,SC,1," 2/27/13"
Alabama,"Tennessee River",CB60055,7,CB60055,,CB,1," 2/27/13"
Alabama,"That Feeling",SC8287,11,SC8287,,SC,1," 2/27/13"
Alabama,"Then Again",SC8215,12,SC8215,,SC,1," 2/27/13"
Alabama,"There's No Way",SC8161,12,SC8161,,SC,1," 2/27/13"
Alabama,"Touch Me When We're Dancing",SC8385,8,SC8385,,SC,1," 2/27/13"
Alabama,"Twentieth Century",SD069,13,SD069,,SD,1," 2/27/13"
Alabama,"We Can't Love Like This Anymore",SC8139,15,SC8139,,SC,1," 2/27/13"
Alabama,"We Made Love",SD073,12,SD073,,SD,1," 2/27/13"
Alabama,"When It All Goes South",SC8786,8,SC8786,,SC,1," 2/27/13"
Alabama,"When We Make Love",CBEP452-5,15,CBEP452-5,,CB,1," 2/27/13"
Alabama,"Why Lady Why",CB60126,13,CB60126,,CB,1," 2/27/13"
Alabama,"Will You Marry Me",SC8698,15,SC8698,,SC,1," 2/27/13"
Alabama,"Woman He Loves, The",SC8729,14,SC8729,,SC,1," 2/27/13"
Alabama,"You've Got The Touch",DK035,7,DK035,,DK,1," 2/27/13"
"Alabama Song","Doors, The",BS7617,13,BS7617,,BS,1," 2/27/13"
Alabamaÿ,"Born Country",CB90153,9,CB90153,,CB,1," 2/27/13"
Alabamaÿ,"Closer You Get, The",CB90153,6,CB90153,,CB,1," 2/27/13"
Alabamaÿ,"Down Home",CB90153,15,CB90153,,CB,1," 2/27/13"
Alabamaÿ,"Forever's As Far As I'll Go",CB90153,14,CB90153,,CB,1," 2/27/13"
Alabamaÿ,"Give Me One More Shot",CB90153,13,CB90153,,CB,1," 2/27/13"
Alabamaÿ,"High Cotton",CB90153,10,CB90153,,CB,1," 2/27/13"
Alabamaÿ,"I'm In A Hurry (And Don't Know Why)",CB90153,5,CB90153,,CB,1," 2/27/13"
Alabamaÿ,"In Pictures",CB90153,12,CB90153,,CB,1," 2/27/13"
Alabamaÿ,"Love In The First Degree",CB90153,4,CB90153,,CB,1," 2/27/13"
Alabamaÿ,"Maker Said Take Her, The",CB90153,8,CB90153,,CB,1," 2/27/13"
Alabamaÿ,"Mountain Music",CB90153,3,CB90153,,CB,1," 2/27/13"
Alabamaÿ,"Southern Star",CB90153,1,CB90153,,CB,1," 2/27/13"
Alabamaÿ,"Take Me Down",CB90153,11,CB90153,,CB,1," 2/27/13"
Alabamaÿ,"Tennessee River",CB90153,7,CB90153,,CB,1," 2/27/13"
Alabamaÿ,"When We Make Love",CB90153,2,CB90153,,CB,1," 2/27/13"
"Alan Jackson","Country Boy",PHMC0812,2,PHMC0812,,PH,1," 2/27/13"
"Alan Jackson","Gonna Come Back As A Country Song",PHMC1212,3,PHMC1212,,PH,1," 2/27/13"
"Alan Jackson","Hard Hat And A Hammer",PHMC1007,1,PHMC1007,,PH,1," 2/27/13"
"Alan Jackson","I Still Like Bologna",PHMC0910,3,PHMC0910,,PH,1," 2/27/13"
"Alan Jackson","It's Just That Way",PHMC1003,1,PHMC1003,,PH,1," 2/27/13"
"Alan Jackson","Sissy's Song",PHMC0905,2,PHMC0905,,PH,1," 2/27/13"
"Alan Jackson","Small Town Southern Man",PHMC0802,1,PHMC0802,,PH,1," 2/27/13"
"Alan Jackson","So You Don't Have To Love Me Anymore",PHMC1204,1,PHMC1204,,PH,1," 2/27/13"
"Alan Jackson, Alan & George Strait","Designated Drinker",SD092,3,SD092,,SD,1," 2/27/13"
"Alan Parsons Project, The","Don't Answer Me",SC8687,11,SC8687,,SC,1," 2/27/13"
"Alan Parsons Project, The","Eye In The Sky",SAVP34,15,SAVP34,,SA,1," 2/27/13"
"Alan Parsons Project, The","Games People Play",SC7563,14,SC7563,,SC,1," 2/27/13"
"Alan Price Set","House That Jack Built, The",SF100,8,SF100,,SF,1," 2/27/13"
"Alan, Jackson,","Where I Come From",SC8743,6,SC8743,,SC,1," 2/27/13"
"Alanis Morissette",Empathy,PHMP1302,7,PHMP1302,,PH,1," 2/27/13"
"Alanis Morissette",Guardian,PHMP1208,4,PHMP1208,,PH,1," 2/27/13"
"Alanis Morissette","Til You",PHMP1212,8,PHMP1212,,PH,1," 2/27/13"
"Alanis Morissette","Woman Down",PHMP1211,2,PHMP1211,,PH,1," 2/27/13"
"Albert, Morris",Feelings,DK068,9,DK068,,DK,1," 2/27/13"
Alcohol,"Barenaked Ladies",RSZ604,15,RSZ604,,RS,1," 2/27/13"
Alda,"Girls Night Out",SF130,3,SF130,,SF,1," 2/27/13"
Alda,"Little Bit More, A",SF130,4,SF130,,SF,1," 2/27/13"
Alda,"Real Goodtime, A",SF124,2,SF124,,SF,1," 2/27/13"
"Aldean, Jason",Relentless,PHMC0807,1,PHMC0807,,PH,1," 2/27/13"
"Aldean, Jason",Relentless(MPX),PHMC0807,10,PHMC0807,,PH,1," 2/27/13"
"Aldo Nova",Fantasy,SC8516,12,SC8516,,SC,1," 2/27/13"
"Alex Boyd","I Wish I Knew",PHMU1211,1,PHMU1211,,PH,1," 2/27/13"
"Alex Day","Forever Yours",PHMP1203,6,PHMP1203,,PH,1," 2/27/13"
Alfie,"Warwick, Dionne",PI029,18,PI029,,PI,1," 2/27/13"
"Ali, Tatyana",Daydreamin',SF128,9,SF128,,SF,1," 2/27/13"
"Alice Deejay","Better Off Alone",CB30005,13,CB30005,,CB,1," 2/27/13"
"Alice Deejay & DJ Jurgen","Better Off Alone",SF148,1,SF148,,SF,1," 2/27/13"
"Alice In Chains",Again,SC8286,4,SC8286,,SC,1," 2/27/13"
"Alice In Chains","No Excuses",SC8122,3,SC8122,,SC,1," 2/27/13"
"Alicia Keys","Doesnt Mean Anything",PHMU0912,2,PHMU0912,,PH,1," 2/27/13"
"Alicia Keys","Like Youll Never See Me",PHMU0801,2,PHMU0801,,PH,1," 2/27/13"
"Alicia Keys","Un-thinkable (I'm Ready)",PHMU1005,5,PHMU1005,,PH,1," 2/27/13"
"Alicia Keys feat Beyonce","Put It In A Love Song",PHMU1003,1,PHMU1003,,PH,1," 2/27/13"
"Alicia KeysJohn Mayer","Lesson Learned",PHMU0802,1,PHMU0802,,PH,1," 2/27/13"
"Alien Ant Farm",Glow,THR0312,15,THR0312,,TH,1," 2/27/13"
"Alien Ant Farm",Movies,SC8694,13,SC8694,,SC,1," 2/27/13"
"Alien Ant Farm","Smooth Criminal",MM6351,7,MM6351,,MM,1," 2/27/13"
"Alien Ant Farm","These Days",PHR0310,7,PHR0310,,PH,1," 2/27/13"
"Alien Ant Farm","These Days (Album Version)",THMR0310,1,THMR0310,,TH,1," 2/27/13"
"Alien Ant Farm, The","Smooth Criminal",SGB65,19,SGB65,,SG,1," 2/27/13"
"Alisha & Donna","Up Town Top Ranking",SF141,4,SF141,,SF,1," 2/27/13"
"Alisha's Attic","I Am, I Feel",SC8448,13,SC8448,,SC,1," 2/27/13"
Alison,"Costello, Elvis",HV06B,4,HV06B,,HV,1," 2/27/13"
"Alison Krauss & Union Station","My Love Follows You Where You Go",PHMC1206,3,PHMC1206,,PH,1," 2/27/13"
Alive,"Lopez, Jennifer",PHM0208,2,PHM0208,,PH,1," 2/27/13"
Alive,P.O.D.,PHR0201,6,PHR0201,,PH,1," 2/27/13"
Alive,"Pearl Jam",RSZ601,2,RSZ601,,RS,1," 2/27/13"
Aliveÿ,"Lopez, Jennifer",THPP14,10,THPP14,,TH,1," 2/27/13"
"All 4 One","I Can Love You Like That",MM6119,13,MM6119,,MM,1," 2/27/13"
"All 4 One","I Swear",MM6049,1,MM6049,,MM,1," 2/27/13"
"All Along The Watchtower","Hendrix, Jimi",DG05,16,DG05,,DG,1," 2/27/13"
"All American Rejects","Swing, Swing",THMR0304,17,THMR0304,,TH,1," 2/27/13"
"All American Rejects, The","Swing, Swing",PHR0303,3,PHR0303,,PH,1," 2/27/13"
"All By Myself","Dion, Celine",BS9317,6,BS9317,,BS,1," 2/27/13"
"All Cried Out",Allure,PHM9709,6,PHM9709,,PH,1," 2/27/13"
"All Eyez On Me",Monica,THH0210,11,THH0210,,TH,1," 2/27/13"
"All For One","I Swear",MMRB2-1,10,MMRB2-1,,MM,1," 2/27/13"
"All For One","So Much In Love",MMRB2-3,13,MMRB2-3,,MM,1," 2/27/13"
"All For You","Sister Hazel",PHM9706,6,PHM9706,,PH,1," 2/27/13"
"All I Ask Of You","Phantom Of The Opera, The",PS1185,15,PS1185,,PS,1," 2/27/13"
"All I Ever Need Is You",Cher,RSZ606,19,RSZ606,,RS,1," 2/27/13"
"All I Have To Do Is Dream","Everly Brothers, The",KJT09,12,KJT09,,KJ,1," 2/27/13"
"All I Want Is A Life","McGraw, Tim",TU100,1,TU100,,TU,1," 2/27/13"
"All I Want Is You",U2,TU107,1,TU107,,TU,1," 2/27/13"
"All Is Fair In Love","Streisand, Barbra",DG07,7,DG07,,DG,1," 2/27/13"
"ALL MY LIFE","FOO FIGHTERS",TTM111,1,TTM111,,TT,1," 2/27/13"
"All My Life","K-Ci & JoJo",PHM9803,6,PHM9803,,PH,1," 2/27/13"
"All My Lifeÿ","Foo Fighters",THR0212,10,THR0212,,TH,1," 2/27/13"
"All Of Me","Nelson, Willie",TU208,1,TU208,,TU,1," 2/27/13"
"All Or Nothing",Cher,RSZ606,22,RSZ606,,RS,1," 2/27/13"
"All Or Nothing",O-Town,PHM0106,9,PHM0106,,PH,1," 2/27/13"
"All Over Me","Shelton, Blake",PHN0202,9,PHN0202,,PH,1," 2/27/13"
"All Right Now",Free,PI009,11,PI009,,PI,1," 2/27/13"
"All Saints","Black Coffee",SF171,16,SF171,,SF,1," 2/27/13"
"All Saints","Bootie Call",SF123,12,SF123,,SF,1," 2/27/13"
"All Saints","I Know Where It's At",PHM9802,6,PHM9802,,PH,1," 2/27/13"
"All Saints","Never Ever",CBEP457-2,14,CBEP457-2,,CB,1," 2/27/13"
"All Saints","War Of Nerves",SF127,2,SF127,,SF,1," 2/27/13"
"All Seeing I","First Man In Space",SF148,14,SF148,,SF,1," 2/27/13"
"All Shook Up","Presley, Elvis",KJT09,15,KJT09,,KJ,1," 2/27/13"
"All Star","Smash Mouth",PHT9909,6,PHT9909,,PH,1," 2/27/13"
"All Star Tribute","What's Goin' On",MM6352,15,MM6352,,MM,1," 2/27/13"
"All That's Left",Thrice,PHR0311,7,PHR0311,,PH,1," 2/27/13"
"All The Things She Said",T.A.T.U.,THP0304,10,THP0304,,TH,1," 2/27/13"
"All The Things She Said",Tatu,TU173,1,TU173,,TU,1," 2/27/13"
"All The Things You Are","Vaughn, Sarah",BS4017,12,BS4017,,BS,1," 2/27/13"
"All The Way","Sinatra, Frank",JV0019,2,JV0019,,JV,1," 2/27/13"
"All Time Low","Backseat Serenade",PHMP1212,4,PHMP1212,,PH,1," 2/27/13"
"All Time Low","Damned If I Do Ya (Damned If I Don't)",PHMP0909,6,PHMP0909,,PH,1," 2/27/13"
"All Time Low","If These Sheets Were States",PHMP1302,2,PHMP1302,,PH,1," 2/27/13"
"All Time Low","Somewhere In Neverland",PHMP1301,5,PHMP1301,,PH,1," 2/27/13"
"All We Ever Find","McGraw, Tim",TU172,1,TU172,,TU,1," 2/27/13"
"All You Want",Dido,SF187,4,SF187,,SF,1," 2/27/13"
"All You Wanted","Branch, Michelle",THP0204,15,THP0204,,TH,1," 2/27/13"
All-4-One,"Beautiful As You",CB30023,9,CB30023,,CB,1," 2/27/13"
All-4-One,"I Can Love You Like That",SC8187,2,SC8187,,SC,1," 2/27/13"
All-4-One,"I Swear",DKM2021,14,DKM2021,,DK,1," 2/27/13"
All-4-One,"I Will Be Right There",SC8569,10,SC8569,,SC,1," 2/27/13"
All-4-One,"I'm Your Man",SD022,9,SD022,,SD,1," 2/27/13"
All-4-One,"She's Got Skillz",SD013,10,SD013,,SD,1," 2/27/13"
All-4-One,"So Much In Love",MM6110,2,MM6110,,MM,1," 2/27/13"
"All-American Rejects","Last Song, The",SC3379,7,SC3379,,SC,1," 2/27/13"
"All-American Rejects","Swing, Swing (Radio Version)",SC3362,8,SC3362,,SC,1," 2/27/13"
"All-American Rejects wvocal","Last Song, The",PHR0308,15,PHR0308,,PH,1," 2/27/13"
"All-American Rejects, The","Last Song, The",SC8839,7,SC8839,,SC,1," 2/27/13"
"All-American Rejects, The","Swing, Swing",CB30040,2,CB30040,,CB,1," 2/27/13"
"All-American Rejects, The","Swing, Swing (Radio Version)",SC8827,1,SC8827,,SC,1," 2/27/13"
"Allan, Gary","Forever And A Day",MM6187,12,MM6187,,MM,1," 2/27/13"
"Allan, Gary","From Where I'm Sitting",SC8376,14,SC8376,,SC,1," 2/27/13"
"Allan, Gary","Her Man",CHM9612,17,CHM9612,,CH,1," 2/27/13"
"Allan, Gary","I'll Take Today",SD058,12,SD058,,SD,1," 2/27/13"
"Allan, Gary","I'm Doing My Best",CB60248,14,CB60248,,CB,1," 2/27/13"
"Allan, Gary","It Would Be You",CHM9808,20,CHM9808,,CH,1," 2/27/13"
"Allan, Gary","Learning How To Bend",PHMC0808,7,PHMC0808,,PH,1," 2/27/13"
"Allan, Gary","Living In A House Full Of Love",SC8402,15,SC8402,,SC,1," 2/27/13"
"Allan, Gary","Lovin' You Against My Will",CB60198,13,CB60198,,CB,1," 2/27/13"
"Allan, Gary","Man Of Me",SC8714,12,SC8714,,SC,1," 2/27/13"
"Allan, Gary","Man To Man",THC0301,12,THC0301,,TH,1," 2/27/13"
"Allan, Gary","No Man In His Wrong Heart",SC8474,14,SC8474,,SC,1," 2/27/13"
"Allan, Gary","Nothing On But The Radio",PHN0409,7,PHN0409,,PH,1," 2/27/13"
"Allan, Gary","One, The",SC8745,7,SC8745,,SC,1," 2/27/13"
"Allan, Gary","Right Where I Need To Be",CBE3-09,16,CBE3-09,,CB,1," 2/27/13"
"Allan, Gary",Runaway,CB60195,11,CB60195,,CB,1," 2/27/13"
"Allan, Gary","Smoke Rings In The Dark",SC8560,14,SC8560,,SC,1," 2/27/13"
"Allan, Gary","Songs About Rain",SC8862,7,SC8862,,SC,1," 2/27/13"
"Allan, Gary","The One",MM6358,7,MM6358,,MM,1," 2/27/13"
"Allan, Gary","Tough Little Boys",CB60312,9,CB60312,,CB,1," 2/27/13"
"Allan, Gary wvocal","Nothing On But The Radio",PHN0409,16,PHN0409,,PH,1," 2/27/13"
"Allan, Gary wvocal","One, The",SC3300,10,SC3300,,SC,1," 2/27/13"
"Allan, Gary wvocal","Tough Little Boys",PHN0309,12,PHN0309,,PH,1," 2/27/13"
"Allen & Ashcraft",Cornfields,PHMC1203,9,PHMC1203,,PH,1," 2/27/13"
"Allen, Charlie","Better Said Than Done",CB60248,8,CB60248,,CB,1," 2/27/13"
"Allen, David","I Only Have Eyes For You",SAVP35,17,SAVP35,,SA,1," 2/27/13"
"Allen, Deborah","All The Loving And The Hurting Too",SC8278,1,SC8278,,SC,1," 2/27/13"
"Allen, Deborah","Baby I Lied",SC7570,5,SC7570,,SC,1," 2/27/13"
"Allen, Deborah","Break These Chains",SC8228,13,SC8228,,SC,1," 2/27/13"
"Allen, Deborah","I've Been Wrong Before",SC8697,2,SC8697,,SC,1," 2/27/13"
"Allen, Deborah","If You're Not Gonna Love Me Right",CB60141,15,CB60141,,CB,1," 2/27/13"
"Allen, Deborah","Is It Love Yet",CB60170,7,CB60170,,CB,1," 2/27/13"
"Allen, Deborah","Rock Me",SC8291,15,SC8291,,SC,1," 2/27/13"
"Allen, Deborah","Rockin' Little Christmas",CBEP462-5,1,CBEP462-5,,CB,1," 2/27/13"
"Allen, Deborah","Wrong Side Of Love",SC8243,3,SC8243,,SC,1," 2/27/13"
Allison,"Costello, Elvis",AH8010,11,AH8010,,AH,1," 2/27/13"
"Allman Brothers Band, The","Ain't Wasting Time No More",SGB16,12,SGB16,,SG,1," 2/27/13"
"Allman Brothers Band, The","Crazy Love",SC8479,12,SC8479,,SC,1," 2/27/13"
"Allman Brothers Band, The","Everyday I Have The Blues",MM6144,9,MM6144,,MM,1," 2/27/13"
"Allman Brothers Band, The","I'm No Angel",SC8568,6,SC8568,,SC,1," 2/27/13"
"Allman Brothers Band, The","It's Not My Cross To Bear",SC8675,1,SC8675,,SC,1," 2/27/13"
"Allman Brothers Band, The",Melissa,AH8010,10,AH8010,,AH,1," 2/27/13"
"Allman Brothers Band, The","Midnight Rider",CBE2-12,7,CBE2-12,,CB,1," 2/27/13"
"Allman Brothers Band, The","No One To Run With",SC8146,14,SC8146,,SC,1," 2/27/13"
"Allman Brothers Band, The","One Way Out",SC8675,13,SC8675,,SC,1," 2/27/13"
"Allman Brothers Band, The","Please Call Home",SC8594,14,SC8594,,SC,1," 2/27/13"
"Allman Brothers Band, The","Ramblin' Man",DK009,13,DK009,,DK,1," 2/27/13"
"Allman Brothers Band, The","Rambling Man",SGB062,9,SGB062,,SG,1," 2/27/13"
"Allman Brothers Band, The","Statesboro Blues",SC8327,5,SC8327,,SC,1," 2/27/13"
"Allman Brothers Band, The","Stormy Monday Blues",DK023,18,DK023,,DK,1," 2/27/13"
"Allman Brothers Band, The","Whipping Post",SC8146,5,SC8146,,SC,1," 2/27/13"
"Allman, Greg","Midnight Rider",CB80004,14,CB80004,,CB,1," 2/27/13"
Allure,"Last Chance",PHM9803,9,PHM9803,,PH,1," 2/27/13"
"Almost Doesn't Count",Brandy,PHT9908,8,PHT9908,,PH,1," 2/27/13"
"Almost Home","Morgan, Craig",PHN0305,8,PHN0305,,PH,1," 2/27/13"
"Almost There","Nolen, Gabbie",PHN0206,3,PHN0206,,PH,1," 2/27/13"
"Alone Again (Naturally)","O'Sullivan, Gilbert",AH2013,7,AH2013,,AH,1," 2/27/13"
"Alone I Break",Korn,TU142,2,TU142,,TU,1," 2/27/13"
"Alpert, Herb","This Guy's In Love With You",MMSTA04,20,MMSTA04,,MM,1," 2/27/13"
"Alpert, Herb & Tijuana Brass, The",Diamonds,DK028,16,DK028,,DK,1," 2/27/13"
"Alpert, Herb & Tijuana Brass, The","This Guy's In Love With You",SC7540,15,SC7540,,SC,1," 2/27/13"
Alphaville,"Big In Japan",SF037,4,SF037,,SF,1," 2/27/13"
Alphaville,"Forever Young",SC8678,9,SC8678,,SC,1," 2/27/13"
Alright,"Jackson, Janet",BS8217,1,BS8217,,BS,1," 2/27/13"
"Alter Bridge","Open Your Eyes",PHR0410,2,PHR0410,,PH,1," 2/27/13"
"Altered Images","Happy Birthday",SF113,7,SF113,,SF,1," 2/27/13"
Always,"Atlantic Starr",BS5017,9,BS5017,,BS,1," 2/27/13"
Always,Saliva,THR0301,18,THR0301,,TH,1," 2/27/13"
"Always And Forever","Vandross, Luther",BS5017,8,BS5017,,BS,1," 2/27/13"
"Always Come Back To Your Love","Mumba, Samantha",THH0204,14,THH0204,,TH,1," 2/27/13"
"Always On My Mind","Nelson, Willie",TU208,2,TU208,,TU,1," 2/27/13"
"Always On My Mind","Presley, Elvis",KC006,3,KC006,,KC,1," 2/27/13"
"Always On Time","Ja Rule & Ashanti",PHM0205,7,PHM0205,,PH,1," 2/27/13"
"Always Something There To Remind Me","Naked Eyes",AH8014,2,AH8014,,AH,1," 2/27/13"
"Am I That Easy To Forget","Humperdinck, Engelbert",BS8817,7,BS8817,,BS,1," 2/27/13"
"Am I The Only One","Dixie Chicks, The",RSZ602,12,RSZ602,,RS,1," 2/27/13"
"AM Radio",Everclear,PHM0103,7,PHM0103,,PH,1," 2/27/13"
Amanda,"Everybody Doesn't",PHM0108,4,PHM0108,,PH,1," 2/27/13"
Amazing,"Kelley, Josh",PHM0401,8,PHM0401,,PH,1," 2/27/13"
"Amazing Rhythm Aces","Third Rate Romance",CBE2-12,2,CBE2-12,,CB,1," 2/27/13"
Amber,"Sexual (La Da Di)",PHM9910,8,PHM9910,,PH,1," 2/27/13"
Amber,"Sexual (Li Da Di)",MM6295,2,MM6295,,MM,1," 2/27/13"
Amber,"This Is Your Night",SC8337,14,SC8337,,SC,1," 2/27/13"
"Amber Hayes","I Built This Wall",PHMC1302,6,PHMC1302,,PH,1," 2/27/13"
"Amber Hayes",Wait,PHMC1110,5,PHMC1110,,PH,1," 2/27/13"
"Amber wvocal","Sexual (La Da Di)",PHM9910,18,PHM9910,,PH,1," 2/27/13"
"Amboy Dukes, The","Journey To The Center Of The Mind",SC8615,8,SC8615,,SC,1," 2/27/13"
Ambrosia,"Biggest Part Of Me",SC8201,14,SC8201,,SC,1," 2/27/13"
Ambrosia,"Holdin' On To Yesterday",SC8644,14,SC8644,,SC,1," 2/27/13"
Ambrosia,"How Much I Feel",SC8583,13,SC8583,,SC,1," 2/27/13"
Ambrosia,"You're The Only Woman",SC8580,7,SC8580,,SC,1," 2/27/13"
"Amen Corner","Bend Me Shape Me",SF065,15,SF065,,SF,1," 2/27/13"
"Amen Corner","If Paradise Is Half As Nice",SF070,1,SF070,,SF,1," 2/27/13"
America,"Daisy Jane",SC7562,10,SC7562,,SC,1," 2/27/13"
America,"From A Moving Train",SC8487,8,SC8487,,SC,1," 2/27/13"
America,"Horse With No Name, A",DK007,18,DK007,,DK,1," 2/27/13"
America,"I Need You",SC8231,4,SC8231,,SC,1," 2/27/13"
America,"Lonely People",CBEP474-4,16,CBEP474-4,,CB,1," 2/27/13"
America,Sandman,SC8583,12,SC8583,,SC,1," 2/27/13"
America,"Sister Golden Hair",SAVP34,18,SAVP34,,SA,1," 2/27/13"
America,"Tin Man",CBE3-20,9,CBE3-20,,CB,1," 2/27/13"
America,"Tin Man, The",SC7535,12,SC7535,,SC,1," 2/27/13"
America,"Ventura Highway",SC8227,9,SC8227,,SC,1," 2/27/13"
America,"You Can Do Magic",DK098,17,DK098,,DK,1," 2/27/13"
"American Bad Ass","Kid Rock",TU098,2,TU098,,TU,1," 2/27/13"
"American Breed","Bend Me, Shape Me",DK086,12,DK086,,DK,1," 2/27/13"
"American Child","Vassar, Phil",PHN0208,6,PHN0208,,PH,1," 2/27/13"
"American City Suite","Cashman And West",AMS1507,6,AMS1507,,AM,1," 2/27/13"
"American Girls","Counting Crows",PHR0208,2,PHR0208,,PH,1," 2/27/13"
"American Hi Fi","Another Perfect Day",MM6345,7,MM6345,,MM,1," 2/27/13"
"American Hi Fi","The Art Of Losing",THMR0304,15,THMR0304,,TH,1," 2/27/13"
"American Hi-Fi","Another Perfect Day",PHM0110,7,PHM0110,,PH,1," 2/27/13"
"American Hi-Fi","Flavor Of The Weak",MM6335,10,MM6335,,MM,1," 2/27/13"
"American Hi-fi","Flavor Of The Weak",CBEP473-6,11,CBEP473-6,,CB,1," 2/27/13"
"American Hi-fi","Flavor Of The Week",PHR0107,6,PHR0107,,PH,1," 2/27/13"
"American Honky-tonk Bar Association","Brooks, Garth",RSZ609,9,RSZ609,,RS,1," 2/27/13"
"American Idol Finalists","God Bless The U.S.A.",SC3369,2,SC3369,,SC,1," 2/27/13"
"American Idol Finalists","God Bless The U.s.a.",SC8831,2,SC8831,,SC,1," 2/27/13"
"American Pie",Madonna,BS6517,1,BS6517,,BS,1," 2/27/13"
"American Pie","McLean, Don",KJT01,1,KJT01,,KJ,1," 2/27/13"
"American Woman","Kravitz, Lenny",PHT9915,6,PHT9915,,PH,1," 2/27/13"
Amerie,"Talkin' To Me",PHU0212,8,PHU0212,,PH,1," 2/27/13"
Amerie,"Why Don't We Fall In Love",SC8778,13,SC8778,,SC,1," 2/27/13"
"Amerie wvocal","Talkin' To Me",PHU0212,17,PHU0212,,PH,1," 2/27/13"
"Amerie wvocal","Why Don't We Fall In Love",PHU0209,11,PHU0209,,PH,1," 2/27/13"
"Ames, Ed","My Cup Runneth Over",SC7566,7,SC7566,,SC,1," 2/27/13"
Amie,"Pure Prairie League",AH8010,12,AH8010,,AH,1," 2/27/13"
"Amigo Con Derecho No",Bronco,SC7107,15,SC7107,,SC,1," 2/27/13"
Amigos,Celines,SC7107,6,SC7107,,SC,1," 2/27/13"
"Amitri, Del","Always The Last To Know",SF004,2,SF004,,SF,1," 2/27/13"
"Amitri, Del","Don't Come Home Too Soon",SF121,9,SF121,,SF,1," 2/27/13"
"Amitri, Del","Not Where It's At",SC8460,14,SC8460,,SC,1," 2/27/13"
"Amitri, Del","Roll To Me",SC8212,6,SC8212,,SC,1," 2/27/13"
Amnesia,Chumbawamba,PHM9804,8,PHM9804,,PH,1," 2/27/13"
"Amos Lee","Windows Are Rolled Down",PHMP1108,6,PHMP1108,,PH,1," 2/27/13"
"Amos, Tori","Caught A Lite Sneeze",SC8348,7,SC8348,,SC,1," 2/27/13"
"Amos, Tori","Cornflake Girl",SC8486,13,SC8486,,SC,1," 2/27/13"
"Amos, Tori",Crucify,SC8598,4,SC8598,,SC,1," 2/27/13"
"Amos, Tori",God,SC8530,5,SC8530,,SC,1," 2/27/13"
"Amos, Tori","Precious Things",SC8562,9,SC8562,,SC,1," 2/27/13"
"Amos, Tori","Silent All These Years",SC8369,15,SC8369,,SC,1," 2/27/13"
"Amos, Tori","Sorta Fairytale, A",THP0302,15,THP0302,,TH,1," 2/27/13"
"Amos, Tori",Talula,SC8350,10,SC8350,,SC,1," 2/27/13"
"Amos, Tori","Thousand Oceans, A",SGB030,8,SGB030,,SG,1," 2/27/13"
"Ana's Song",Silverchair,PHT9912,2,PHT9912,,PH,1," 2/27/13"
Analyse,"Cranberries, The",THP0112,17,THP0112,,TH,1," 2/27/13"
Anastacia,"One Day In Your Life",SC8768,3,SC8768,,SC,1," 2/27/13"
Anastacia,"You'll Never Be Alone",THP0302,12,THP0302,,TH,1," 2/27/13"
Anastasia,"I'm Outta Love",SC8607,7,SC8607,,SC,1," 2/27/13"
"And It Stoned Me","Morrison, Van",BS7417,10,BS7417,,BS,1," 2/27/13"
"Anderson, Bill","8 X 10",CB90218,3,CB90218,,CB,1," 2/27/13"
"Anderson, Bill","Bright Lights And Country Music",SC8506,15,SC8506,,SC,1," 2/27/13"
"Anderson, Bill","Corner Of My Life, The",SC8455,9,SC8455,,SC,1," 2/27/13"
"Anderson, Bill",Dis-satisfied,CB90218,15,CB90218,,CB,1," 2/27/13"
"Anderson, Bill","Don't She Look Good",CB90218,10,CB90218,,CB,1," 2/27/13"
"Anderson, Bill","For Loving You",CB90218,5,CB90218,,CB,1," 2/27/13"
"Anderson, Bill","Happy State Of Mind",CB90218,7,CB90218,,CB,1," 2/27/13"
"Anderson, Bill","I Can't Wait Any Longer",SC8576,3,SC8576,,SC,1," 2/27/13"
"Anderson, Bill","I Get The Fever",SC8419,6,SC8419,,SC,1," 2/27/13"
"Anderson, Bill","If It's All The Same To You",CB90218,13,CB90218,,CB,1," 2/27/13"
"Anderson, Bill","If You Can Live With It (I Can Live With",CB90218,11,CB90218,,CB,1," 2/27/13"
"Anderson, Bill","Mama Sang A Song",CBE4-14,7,CBE4-14,,CB,1," 2/27/13"
"Anderson, Bill","My Life (Throw It Away If I Want To)",CB90218,8,CB90218,,CB,1," 2/27/13"
"Anderson, Bill","My Life Throw It Away If I Want To",SC8491,1,SC8491,,SC,1," 2/27/13"
"Anderson, Bill",Sometimes,CB90218,9,CB90218,,CB,1," 2/27/13"
"Anderson, Bill","Southern Fried",SC8400,10,SC8400,,SC,1," 2/27/13"
"Anderson, Bill",Still,DK065,17,DK065,,DK,1," 2/27/13"
"Anderson, Bill","Wild Week-end",CB90218,6,CB90218,,CB,1," 2/27/13"
"Anderson, Bill","World Of Make Believe",CB90218,12,CB90218,,CB,1," 2/27/13"
"Anderson, John","Bend It 'til It Breaks",SC8152,6,SC8152,,SC,1," 2/27/13"
"Anderson, John","Bend It Until It Breaks",CB60148,12,CB60148,,CB,1," 2/27/13"
"Anderson, John","Bend Until It Breaks",CB90092,7,CB90092,,CB,1," 2/27/13"
"Anderson, John","Big Revival, The",SC8698,3,SC8698,,SC,1," 2/27/13"
"Anderson, John","Black Sheep",SC8541,5,SC8541,,SC,1," 2/27/13"
"Anderson, John","Chicken Truck",SC8400,13,SC8400,,SC,1," 2/27/13"
"Anderson, John","Christmas Time",CB60184,9,CB60184,,CB,1," 2/27/13"
"Anderson, John","Country 'Til I Die",SD006,7,SD006,,SD,1," 2/27/13"
"Anderson, John","Country 'til I Die",MM6079,15,MM6079,,MM,1," 2/27/13"
"Anderson, John","Goin' Down Hill",SC8647,4,SC8647,,SC,1," 2/27/13"
"Anderson, John","Honky Tonk Crowd",SC8604,6,SC8604,,SC,1," 2/27/13"
"Anderson, John","I Fell In The Water",CB90092,15,CB90092,,CB,1," 2/27/13"
"Anderson, John","I Wish I Could Have Been There",CB60048,12,CB60048,,CB,1," 2/27/13"
"Anderson, John","I've Got It Made",SC8133,5,SC8133,,SC,1," 2/27/13"
"Anderson, John","It Ain't Easy Being Me",CB60221,2,CB60221,,CB,1," 2/27/13"
"Anderson, John","Let Go Of The Stone",CB20134,8,CB20134,,CB,1," 2/27/13"
"Anderson, John","Long Hard Lesson Learned",SC8256,14,SC8256,,SC,1," 2/27/13"
"Anderson, John","Mississippi Moon",CB60148,13,CB60148,,CB,1," 2/27/13"
"Anderson, John","Money In The Bank",SC8137,13,SC8137,,SC,1," 2/27/13"
"Anderson, John","My Kind Of Crazy",SC8303,11,SC8303,,SC,1," 2/27/13"
"Anderson, John","Nobody's Got It All",CB60208,15,CB60208,,CB,1," 2/27/13"
"Anderson, John",Paradise,SD023,11,SD023,,SD,1," 2/27/13"
"Anderson, John","Seminole Wind",SC8135,12,SC8135,,SC,1," 2/27/13"
"Anderson, John","Small Town",SD044,13,SD044,,SD,1," 2/27/13"
"Anderson, John","Solid Ground",SC8243,12,SC8243,,SC,1," 2/27/13"
"Anderson, John","Somebody Slap Me",SC8388,14,SC8388,,SC,1," 2/27/13"
"Anderson, John","Straight Tequila Night",CB20134,12,CB20134,,CB,1," 2/27/13"
"Anderson, John",Swingin',DK085,17,DK085,,DK,1," 2/27/13"
"Anderson, John","Takin' The Country Back",SD049,12,SD049,,SD,1," 2/27/13"
"Anderson, John","The Big Revival",CB60215,10,CB60215,,CB,1," 2/27/13"
"Anderson, John","When It Comes To You",SC8324,14,SC8324,,SC,1," 2/27/13"
"Anderson, John","Wild And Blue",SC8426,6,SC8426,,SC,1," 2/27/13"
"Anderson, John","Would You Catch A Falling Star",SC8567,2,SC8567,,SC,1," 2/27/13"
"Anderson, John","You Ain't Hurt Nothin' Yet",CB90092,12,CB90092,,CB,1," 2/27/13"
"Anderson, Keith","Pickin' Wildflowers",PHN0503,8,PHN0503,,PH,1," 2/27/13"
"Anderson, Lynn",Cry,CB90114,7,CB90114,,CB,1," 2/27/13"
"Anderson, Lynn","Fool Me",CB90114,13,CB90114,,CB,1," 2/27/13"
"Anderson, Lynn","How Can I Unlove You",CB90114,2,CB90114,,CB,1," 2/27/13"
"Anderson, Lynn","If I Kiss You (Will You Go Away)",CB90114,3,CB90114,,CB,1," 2/27/13"
"Anderson, Lynn","Keep Me In Mind",CB90114,9,CB90114,,CB,1," 2/27/13"
"Anderson, Lynn","Listen To A Country Song",CB80103,14,CB80103,,CB,1," 2/27/13"
"Anderson, Lynn","No Another Time",CB90114,14,CB90114,,CB,1," 2/27/13"
"Anderson, Lynn","Promises, Promises",CB90114,4,CB90114,,CB,1," 2/27/13"
"Anderson, Lynn","Rose Garden",SAVP04,17,SAVP04,,SA,1," 2/27/13"
"Anderson, Lynn","Sing About Love",CB90114,11,CB90114,,CB,1," 2/27/13"
"Anderson, Lynn","Stay There 'Til I Get There",CB90114,10,CB90114,,CB,1," 2/27/13"
"Anderson, Lynn","Talkin' To The Wall",CB90114,15,CB90114,,CB,1," 2/27/13"
"Anderson, Lynn","That's A No No",CB90114,5,CB90114,,CB,1," 2/27/13"
"Anderson, Lynn","What A Man My Man Is",SC8537,7,SC8537,,SC,1," 2/27/13"
"Anderson, Lynn","What A Man, My Man Is",CB80107,14,CB80107,,CB,1," 2/27/13"
"Anderson, Lynn","You're My Man",CB90114,6,CB90114,,CB,1," 2/27/13"
"Anderson, Lynn wvocal","Rose Garden",SC2432,11,SC2432,,SC,1," 2/27/13"
"Anderson, Sunshine","Heard It All Before",PHM0108,9,PHM0108,,PH,1," 2/27/13"
"Andre, Peter","Kiss The Girl",SF123,5,SF123,,SF,1," 2/27/13"
"Andre, Peter","Mysterious Girl",SF061,14,SF061,,SF,1," 2/27/13"
"Andrea True Connection","More, More, More (Part 1)",CBEP468-2,8,CBEP468-2,,CB,1," 2/27/13"
"Andrea True Connection","More, More, More Pt. 1",SC8644,10,SC8644,,SC,1," 2/27/13"
"Andrea Ture Connection","More More More",SF168,11,SF168,,SF,1," 2/27/13"
"Andreone, Leah","It's Alright It's Ok",PHM9703,9,PHM9703,,PH,1," 2/27/13"
"Andrews Sisters, The","Alexander's Ragtime Band",SC8124,14,SC8124,,SC,1," 2/27/13"
"Andrews Sisters, The","Bei Mir Bist Du Schoen",SAVP06,18,SAVP06,,SA,1," 2/27/13"
"Andrews Sisters, The","Boogie Woogie Bugle Boy",SC7505,14,SC7505,,SC,1," 2/27/13"
"Andrews Sisters, The","Don't Sit Under The Apple Tree",NSC2000-07,8,NSC2000-07,,NS,1," 2/27/13"
"Andrews Sisters, The","I Wanna Be Loved",CBE4-01,3,CBE4-01,,CB,1," 2/27/13"
"Andrews Sisters, The","Lullaby Of Broadway",SC7553,9,SC7553,,SC,1," 2/27/13"
"Andrews Sisters, The","Roll Out The Barrel (Beer Barrel Polka)",SC8109,2,SC8109,,SC,1," 2/27/13"
"Andrews Sisters, The","Sing Sing Sing",SAVP06,19,SAVP06,,SA,1," 2/27/13"
"Andrews Sisters, The","Woodpecker Song, The",SAVP36,12,SAVP36,,SA,1," 2/27/13"
"Andrews, Chris","Yesterday Man",SF045,12,SF045,,SF,1," 2/27/13"
"Andrews, Jessica","Good Time",MM6395,11,MM6395,,MM,1," 2/27/13"
"Andrews, Jessica","Helplessly Hopelessly",SD085,5,SD085,,SD,1," 2/27/13"
"Andrews, Jessica","Helplessly, Hopelessly",MM6344,9,MM6344,,MM,1," 2/27/13"
"Andrews, Jessica","I Do Now",MM6311,6,MM6311,,MM,1," 2/27/13"
"Andrews, Jessica","I Will Be There For You",SD061,14,SD061,,SD,1," 2/27/13"
"Andrews, Jessica",Karma,SD092,10,SD092,,SD,1," 2/27/13"
"Andrews, Jessica","Make Me Love You",CB60216,7,CB60216,,CB,1," 2/27/13"
"Andrews, Jessica",Now,CBE4-28,6,CBE4-28,,CB,1," 2/27/13"
"Andrews, Jessica","There's More To Me Than You",THC0304,18,THC0304,,TH,1," 2/27/13"
"Andrews, Jessica","Unbreakable Heart",CBEP461-6,12,CBEP461-6,,CB,1," 2/27/13"
"Andrews, Jessica","Unbreakable Heart (Radio Version)",SC8584,8,SC8584,,SC,1," 2/27/13"
"Andrews, Jessica","Who Am I",CB60211,9,CB60211,,CB,1," 2/27/13"
"Andrews, Jessica","Who I Am",SC8738,11,SC8738,,SC,1," 2/27/13"
"Andrews, Jessica","You Go First",SC8549,11,SC8549,,SC,1," 2/27/13"
"Andrews, Jessica","You Go First (Do You Wanna Kiss)",SD065,6,SD065,,SD,1," 2/27/13"
"Andrews, Jessica wvocal","Good Time",PHN0310,11,PHN0310,,PH,1," 2/27/13"
"Andrews, Julie","I Could Have Danced All Night",SAVP08,10,SAVP08,,SA,1," 2/27/13"
"Andrews, Julie","My Favorite Things",DK092,16,DK092,,DK,1," 2/27/13"
"Andrews, Julie","Sound Of Music, The",SAVP01,12,SAVP01,,SA,1," 2/27/13"
"Andrews, Lee & The Hearts","Long Lonely Nights",MM6361,8,MM6361,,MM,1," 2/27/13"
"Andrews, Michael & Gary Jules","Mad World",PHR0407,3,PHR0407,,PH,1," 2/27/13"
"Androids, The","Do It With Madonna",THMP0307,18,THMP0307,,TH,1," 2/27/13"
"Andy Gibb","I Just Want To Be Your Everything",SC8181,15,SC8181,,SC,1," 2/27/13"
"Andy Gibson","Wanna Make You Love Me",PHMC1112,1,PHMC1112,,PH,1," 2/27/13"
"Andy Grammar","Fine By Me",PHMP1202,2,PHMP1202,,PH,1," 2/27/13"
"Andy Grammer","Keep Your Head Up",PHMP1109,2,PHMP1109,,PH,1," 2/27/13"
"Andy Griggs","You Made Me That Way",SD078,8,SD078,,SD,1," 2/27/13"
"Andy Williams","Can't Get Used To Losing You",SC8118,8,SC8118,,SC,1," 2/27/13"
"Andy Williams","Moon River",SC8118,12,SC8118,,SC,1," 2/27/13"
"Andy Williams",Solitaire,SF101,10,SF101,,SF,1," 2/27/13"
Angel,Aerosmith,AH2004,5,AH2004,,AH,1," 2/27/13"
Angel,"McLachlan, Sarah",PHT9811,4,PHT9811,,PH,1," 2/27/13"
Angel,Shaggy,PHM0104,5,PHM0104,,PH,1," 2/27/13"
Angel,Westlife,SF187,11,SF187,,SF,1," 2/27/13"
"Angel Eyes","Jeff Healy Band, The",AH8001,1,AH8001,,AH,1," 2/27/13"
"Angel Face","Glitter Band",SF071,13,SF071,,SF,1," 2/27/13"
"Angel Flying Too Close To The Ground","Nelson, Willie",TU208,3,TU208,,TU,1," 2/27/13"
"Angel Of Music","Phantom Of The Opera, The",PS1185,11,PS1185,,PS,1," 2/27/13"
Angeles,"Humperdinck, Engelbert",BS8817,5,BS8817,,BS,1," 2/27/13"
"Angeline Is Coming Home","Badlees, The",THM9609,3,THM9609,,TH,1," 2/27/13"
"Angelle, Lisa","I Wear Your Love",CB60183,13,CB60183,,CB,1," 2/27/13"
"Angelle, Lisa","I Will Love You",CB60214,15,CB60214,,CB,1," 2/27/13"
"Angelle, Lisa","Woman Gets Lonely, A",SC8633,6,SC8633,,SC,1," 2/27/13"
Angels,"Williams, Robbie",PHT9913,3,PHT9913,,PH,1," 2/27/13"
"Angels Among Us",Alabama,KBA22922,2,KBA22922,,KB,1," 2/27/13"
"ANGELS OR DEVILS",DISHWALLA,TT171,2,TT171,,TT,1," 2/27/13"
"Angels Would Fall","Etheridge, Melissa",PHT9913,1,PHT9913,,PH,1," 2/27/13"
"Angels, The","My Boyfriend's Back",DK002,17,DK002,,DK,1," 2/27/13"
"Angels, The",Till,SC8415,4,SC8415,,SC,1," 2/27/13"
"Anger Rising","Cantrell, Jerry",PHR0207,6,PHR0207,,PH,1," 2/27/13"
Anggun,"Snow On The Sahara",SC8481,9,SC8481,,SC,1," 2/27/13"
Angie,"Rolling Stones, The",UK3102,5,UK3102,,UK,1," 2/27/13"
"Angie Stone",Baby,PHMU0802,8,PHMU0802,,PH,1," 2/27/13"
"Angie Stone","I Ain't Hearin' U",PHMU1002,3,PHMU1002,,PH,1," 2/27/13"
"Angry All The Time","McGraw, Tim",PHN0111,3,PHN0111,,PH,1," 2/27/13"
Animal,"Pearl Jam",RSZ601,16,RSZ601,,RS,1," 2/27/13"
Animals,"We Gotta Get Out Of This Place",CBEP472-1,15,CBEP472-1,,CB,1," 2/27/13"
"Animals, The","Boom Boom",DK073,10,DK073,,DK,1," 2/27/13"
"Animals, The","Don't Bring Me Down",MM6171,2,MM6171,,MM,1," 2/27/13"
"Animals, The","Don't Let Me Be Misunderstood",SC8429,15,SC8429,,SC,1," 2/27/13"
"Animals, The","House Of The Rising Sun",CB80046,7,CB80046,,CB,1," 2/27/13"
"Animals, The","House Of The Rising Sun, The",BL17,12,BL17,,BL,1," 2/27/13"
"Animals, The","I Put A Spell On You",DK030,17,DK030,,DK,1," 2/27/13"
"Animals, The","It's My Life",DK020,17,DK020,,DK,1," 2/27/13"
"Animals, The","See See Rider",DK080,5,DK080,,DK,1," 2/27/13"
"Animals, The","Sky Pilot",SC8575,12,SC8575,,SC,1," 2/27/13"
"Animals, The","We Gotta Get Out Of This Place",SF086,15,SF086,,SF,1," 2/27/13"
Animotion,Obsession,SF037,8,SF037,,SF,1," 2/27/13"
"Anita Baker","Body & Soul",SC8150,3,SC8150,,SC,1," 2/27/13"
"Anita Baker","Giving You The Best That I Got",SC8126,14,SC8126,,SC,1," 2/27/13"
"Anita Baker","Soul Inspiration",SC8363,4,SC8363,,SC,1," 2/27/13"
"Anita Baker","Sweet Love",SF057,4,SF057,,SF,1," 2/27/13"
"Anka, Paul","Dance On Little Girl",SC8255,14,SC8255,,SC,1," 2/27/13"
"Anka, Paul",Diana,DK068,11,DK068,,DK,1," 2/27/13"
"Anka, Paul","Having My Baby",DK097,12,DK097,,DK,1," 2/27/13"
"Anka, Paul","It's Time To Cry",SC8521,14,SC8521,,SC,1," 2/27/13"
"Anka, Paul","Kissin' On The Phone",SAVP06,6,SAVP06,,SA,1," 2/27/13"
"Anka, Paul","Lonely Boy",SC8196,4,SC8196,,SC,1," 2/27/13"
"Anka, Paul","My Home Town",SAVP06,7,SAVP06,,SA,1," 2/27/13"
"Anka, Paul","My Way",MM6184,8,MM6184,,MM,1," 2/27/13"
"Anka, Paul","Puppy Love",DK080,14,DK080,,DK,1," 2/27/13"
"Anka, Paul","Put Your Head On My Shoulder",SC8118,15,SC8118,,SC,1," 2/27/13"
"Anka, Paul","Times Of Your Life",MMSTA2-4,8,MMSTA2-4,,MM,1," 2/27/13"
"Anka, Paul","You Are My Destiny",SC8196,10,SC8196,,SC,1," 2/27/13"
"Anka, Paul & Celine Dion","It's Hard To Say Goodbye",SC8523,8,SC8523,,SC,1," 2/27/13"
"Anna Garrott","Two More Bottles of Wine",PHMC1002,7,PHMC1002,,PH,1," 2/27/13"
"Anne Murray","Broken Hearted Me",SC8398,10,SC8398,,SC,1," 2/27/13"
"Anne Murray","He Thinks I Still Care",SC8375,10,SC8375,,SC,1," 2/27/13"
"Anne Murray","Love Song, A",SC8158,12,SC8158,,SC,1," 2/27/13"
"Anne Murray & Dave Loggins","Nobody Loves Me Like You Do",SC8119,9,SC8119,,SC,1," 2/27/13"
Annie,"It's A Hard Knock Life",CBE2-24,13,CBE2-24,,CB,1," 2/27/13"
Annie,Maybe,CBE2-24,14,CBE2-24,,CB,1," 2/27/13"
Annie,Tomorrow,MMGSTA01,18,MMGSTA01,,MM,1," 2/27/13"
"Annie Get Your Gun","Anything You Can Do I Can Do Better",SGB50,5,SGB50,,SG,1," 2/27/13"
"Annie Get Your Gun","Hooray For Hollywood",MMBH1-4,3,MMBH1-4,,MM,1," 2/27/13"
"Annie Get Your Gun","There's No Business Like Show Business",MMBH1-4,12,MMBH1-4,,MM,1," 2/27/13"
"Annie Lennox","Shining Light",PHMP0905,9,PHMP0905,,PH,1," 2/27/13"
"Annie Lennox",Why,SF053,10,SF053,,SF,1," 2/27/13"
"Another Brick In The Wall","Pink Floyd",DG01,4,DG01,,DG,1," 2/27/13"
"Another Day In Paradise","Brandy & Ray J.",THH0204,15,THH0204,,TH,1," 2/27/13"
"Another Day In Paradise","Collins, Phil",BS8617,2,BS8617,,BS,1," 2/27/13"
"Another Level","Be Alone No More",SF119,7,SF119,,SF,1," 2/27/13"
"Another Level","Freak Me",SF123,9,SF123,,SF,1," 2/27/13"
"Another Level","From The Heart",SF140,14,SF140,,SF,1," 2/27/13"
"Another One Bites The Dust",Queen,BS8017,7,BS8017,,BS,1," 2/27/13"
"Another Place, Another Time","Humperdinck, Engelbert",BS8817,15,BS8817,,BS,1," 2/27/13"
"Answer The Phone","Sugar Ray",PHR0201,3,PHR0201,,PH,1," 2/27/13"
"Anthem, The","Good Charlotte",TU186,13,TU186,,TU,1," 2/27/13"
"Anthony David feat Algebra",4evermore,PHMU1108,3,PHMU1108,,PH,1," 2/27/13"
"Anthony Hamilton","Best Of Me",PHMU1205,5,PHMU1205,,PH,1," 2/27/13"
"Anthony Hamilton","Please Stay",PHMU1006,4,PHMU1006,,PH,1," 2/27/13"
"Anthony Hamilton","The Point Of It All",PHMU0906,8,PHMU0906,,PH,1," 2/27/13"
"Anthony Hamilton","Writing On The Wall",PHMU1203,6,PHMU1203,,PH,1," 2/27/13"
"Anthony Hamilton feat David Banner",Cool,PHMU0812,5,PHMU0812,,PH,1," 2/27/13"
"Anthony Smith","Love Is Love Is Love",PHMC1007,8,PHMC1007,,PH,1," 2/27/13"
"Anthony, Marc","Dimelo (I Need To Know)",SC2219,1,SC2219,,SC,1," 2/27/13"
"Anthony, Marc","Everything You Do",CB30032,11,CB30032,,CB,1," 2/27/13"
"Anthony, Marc","I Need To Know",SGB030,15,SGB030,,SG,1," 2/27/13"
"Anthony, Marc","I Need You",SC8762,13,SC8762,,SC,1," 2/27/13"
"Anthony, Marc","I've Got You",CB30024,8,CB30024,,CB,1," 2/27/13"
"Anthony, Marc","My Baby You",MM6316,14,MM6316,,MM,1," 2/27/13"
"Anthony, Marc",Tragedy,MM6351,12,MM6351,,MM,1," 2/27/13"
"Anthony, Marc","When I Dream At Night",SC8625,9,SC8625,,SC,1," 2/27/13"
"Anthony, Marc","You Sang To Me",CB30015,15,CB30015,,CB,1," 2/27/13"
"Anthony, Marc & Tina Arena","I Want To Spend My Life Loving You",PHM9810,3,PHM9810,,PH,1," 2/27/13"
"Anthony, Marc & Tina Arena","I Want To Spend My Lifetime Loving You",SC8481,8,SC8481,,SC,1," 2/27/13"
"Anthony, Marc wvocal","I Need To Know",PHM9911,11,PHM9911,,PH,1," 2/27/13"
"Anthony, Mark","I Need You",MM6363,3,MM6363,,MM,1," 2/27/13"
"Anthony, Ray","Bunny Hop",SC8330,3,SC8330,,SC,1," 2/27/13"
"Anthony, Ray","Hokey Pokey, The",SC7210,21,SC7210,,SC,1," 2/27/13"
Anthrax,Antisocial,SC8869,4,SC8869,,SC,1," 2/27/13"
Anthrax,"Caught In A Mosh",SC2400,6,SC2400,,SC,1," 2/27/13"
Anthrax,"Got The Time",SC8830,13,SC8830,,SC,1," 2/27/13"
Anthrax,"I'm The Man",SC2364,3,SC2364,,SC,1," 2/27/13"
"Anthrax wvocal","Caught In A Mosh",SC2400,15,SC2400,,SC,1," 2/27/13"
"Antoine Dunn","Miss My Love",PHMU1207,3,PHMU1207,,PH,1," 2/27/13"
Antonia,Fame,SF009,15,SF009,,SF,1," 2/27/13"
"Any Dream Will Do","Joseph & The Amazing Technicolor Dreamco",KC008,6,KC008,,KC,1," 2/27/13"
"Any Man Of Mine","Twain, Shania",RSZ605,10,RSZ605,,RS,1," 2/27/13"
"Any Other Night",Sharissa,THH0205,14,THH0205,,TH,1," 2/27/13"
"Any Time, Any Place","Jackson, Janet",BS8217,2,BS8217,,BS,1," 2/27/13"
"Any Way You Want Me","Presley, Elvis",THME01,2,THME01,,TH,1," 2/27/13"
Anything,"Jaheim & Next",THP0206,10,THP0206,,TH,1," 2/27/13"
"Anything But Down","Crow, Sheryl",PHT9905,4,PHT9905,,PH,1," 2/27/13"
"ANYTHING BUT ORDINARY","AVRIL LAVIGNE",TT196,1,TT196,,TT,1," 2/27/13"
"Anything For You","Estefan, Gloria",BS8417,2,BS8417,,BS,1," 2/27/13"
"Anything For Your Love","Clapton, Eric",AH8008,10,AH8008,,AH,1," 2/27/13"
"Anything Goes","Heaven Hop",SC2233,3,SC2233,,SC,1," 2/27/13"
"Anything Goes","You're The Top",SC2222,5,SC2222,,SC,1," 2/27/13"
"Anything You Can Do I Can Do Better","Annie Get Your Gun",KC009,12,KC009,,KC,1," 2/27/13"
Anytime,"Clarkson, Kelly",TU210,2,TU210,,TU,1," 2/27/13"
Anytime,"McKnight, Brian",PHM9805,9,PHM9805,,PH,1," 2/27/13"
"Apollonia 6","Sex Shooter",SC8718,10,SC8718,,SC,1," 2/27/13"
"Apple, Fiona","Across The Universe",SGB08,3,SGB08,,SG,1," 2/27/13"
"Apple, Fiona",Criminal,SC8787,11,SC8787,,SC,1," 2/27/13"
"Apple, Fiona","Fast As You Can",SC8581,1,SC8581,,SC,1," 2/27/13"
"Apple, Fiona",Limp,SC8601,5,SC8601,,SC,1," 2/27/13"
"Apple, Fiona",Shadowboxer,CBE3-24,11,CBE3-24,,CB,1," 2/27/13"
"Apple, Fiona","Shadowboxer '98",PHM9805,8,PHM9805,,PH,1," 2/27/13"
"Apple, Fiona","Sleep To Dream",SC8381,3,SC8381,,SC,1," 2/27/13"
"Appleby, Kim","Don't Worry",SF112,5,SF112,,SF,1," 2/27/13"
"Apples, Peaches, Pumpkin Pie","Jay & The Techniques",PLC08,12,PLC08,,PL,1," 2/27/13"
Appleton,"Don't Worry",SF202,10,SF202,,SF,1," 2/27/13"
"April Wine","Just Between You And Me",SC8346,2,SC8346,,SC,1," 2/27/13"
Aqua,"Barbie Girl",SC8395,10,SC8395,,SC,1," 2/27/13"
Aqua,"Candy Man",SF119,3,SF119,,SF,1," 2/27/13"
Aqua,"Doctor Jones",SF118,1,SF118,,SF,1," 2/27/13"
Aqua,"Good Morning Sunshine",SF130,6,SF130,,SF,1," 2/27/13"
Aqua,"Heat Of The Night",SF123,14,SF123,,SF,1," 2/27/13"
Aqua,"Turn Back Time",MM6237,9,MM6237,,MM,1," 2/27/13"
Aqualung,"Good Times Gonna Come",SF199,10,SF199,,SF,1," 2/27/13"
"Aquilera, Christina","Genie In A Bottle",SGB18,4,SGB18,,SG,1," 2/27/13"
Arcadia,"Election Day",SC8678,11,SC8678,,SC,1," 2/27/13"
"Archer & Park","Where There's Smoke",SC8309,13,SC8309,,SC,1," 2/27/13"
"Archer, Tasmin","Sleeping Satellite",SF004,12,SF004,,SF,1," 2/27/13"
Archies,"Sugar, Sugar",CBEP472-6,15,CBEP472-6,,CB,1," 2/27/13"
"Archies, The","Sugar Sugar",SF042,15,SF042,,SF,1," 2/27/13"
"Archies, The","Sugar, Sugar",BL29,11,BL29,,BL,1," 2/27/13"
"Arden, Jann","Good Mother",SC8337,10,SC8337,,SC,1," 2/27/13"
"Arden, Jann",Insensitive,SC8254,13,SC8254,,SC,1," 2/27/13"
"Are The Good Times Really Over","Haggard, Merle",DG08,2,DG08,,DG,1," 2/27/13"
"Are You Gonna Be My Girl",Jet,PHR0312,5,PHR0312,,PH,1," 2/27/13"
"Are You Gonna Go My Way","Kravitz, Lenny",BS5417,15,BS5417,,BS,1," 2/27/13"
"Are You Jimmy Ray","Ray, Jimmy",PHM9803,5,PHM9803,,PH,1," 2/27/13"
"Are You Lonesome Tonight","Presley, Elvis",ZMP001,8,ZMP001,,ZM,1," 2/27/13"
"Area Codes","Ludacris & Nate Dogg",THH0203,15,THH0203,,TH,1," 2/27/13"
"Arena, Tina",Chains,BL03,9,BL03,,BL,1," 2/27/13"
"Arena, Tina","Chains, The",MM6150,13,MM6150,,MM,1," 2/27/13"
"Arena, Tina","Show Me Heaven",SC8299,3,SC8299,,SC,1," 2/27/13"
"Arena, Tina","Whistle Down The Wind",SF123,2,SF123,,SF,1," 2/27/13"
Areosmith,"I Don't Want To Miss A Thing",SF124,11,SF124,,SF,1," 2/27/13"
"Aretha Franklin","I Say A Little Prayer",SF065,3,SF065,,SF,1," 2/27/13"
"Aretha Franklin","Natural Woman, A (You Make Me Feel Like)",SC8126,1,SC8126,,SC,1," 2/27/13"
"Aretha Franklin","Say A Little Prayer",SF052,14,SF052,,SF,1," 2/27/13"
"Aretha Franklin","Willing To Forgive",SC8132,8,SC8132,,SC,1," 2/27/13"
Argent,"Hold Your Head Up",SF040,14,SF040,,SF,1," 2/27/13"
"Arie, India","Brown Skin",MM6394,7,MM6394,,MM,1," 2/27/13"
"Arie, India","Ready For Love",MM6394,9,MM6394,,MM,1," 2/27/13"
"Arie, India",Video,MM6394,1,MM6394,,MM,1," 2/27/13"
"Arika Kane","4 The Lovers",PHMU1008,8,PHMU1008,,PH,1," 2/27/13"
Armageddon,"I Don't Want To Miss A Thing",SC8635,15,SC8635,,SC,1," 2/27/13"
"Armstrong, Louis","A Kiss To Build A Dream On",MMSTA2-4,16,MMSTA2-4,,MM,1," 2/27/13"
"Armstrong, Louis","Blueberry Hill",SAVP06,15,SAVP06,,SA,1," 2/27/13"
"Armstrong, Louis","Hello Dolly",SAVP06,16,SAVP06,,SA,1," 2/27/13"
"Armstrong, Louis","Kiss To Build A Dream On, A",MM6037,15,MM6037,,MM,1," 2/27/13"
"Armstrong, Louis","What A Wonderful World",MMGCP9806,20,MMGCP9806,,MM,1," 2/27/13"
"Armstrong, Louis","When You Wish Upon A Star",CBEP469-5,8,CBEP469-5,,CB,1," 2/27/13"
"Arnold, Eddy",Anytime,CB20219,9,CB20219,,CB,1," 2/27/13"
"Arnold, Eddy","Bouquet Of Roses",CB20219,10,CB20219,,CB,1," 2/27/13"
"Arnold, Eddy","Cattle Call",CBE4-13,12,CBE4-13,,CB,1," 2/27/13"
"Arnold, Eddy","Cattle Call, The",SC8262,4,SC8262,,SC,1," 2/27/13"
"Arnold, Eddy","Each Minute Seems Like A Million Years",SC8592,9,SC8592,,SC,1," 2/27/13"
"Arnold, Eddy","I Really Don't Want To Know",SC8555,2,SC8555,,SC,1," 2/27/13"
"Arnold, Eddy","I Want To Go With You",CB80097,7,CB80097,,CB,1," 2/27/13"
"Arnold, Eddy","I Want to Go With You",SGB41,10,SGB41,,SG,1," 2/27/13"
"Arnold, Eddy","I Want To Go With You",CB60131,13,CB60131,,CB,1," 2/27/13"
"Arnold, Eddy","I'll Hold You In My Heart",SC8208,8,SC8208,,SC,1," 2/27/13"
"Arnold, Eddy","Just A Little Lovin' Will Go A Long, Lon",SC7567,8,SC7567,,SC,1," 2/27/13"
"Arnold, Eddy","Make The World Go Away",SGB41,16,SGB41,,SG,1," 2/27/13"
"Arnold, Eddy","Out Of The Blue",SC8321,11,SC8321,,SC,1," 2/27/13"
"Arnold, Eddy","Somebody Like Me",CB80097,15,CB80097,,CB,1," 2/27/13"
"Arnold, Eddy","Streets Of Laredo, The",MM6172,10,MM6172,,MM,1," 2/27/13"
"Arnold, Eddy","Wayward Wind, The",MM6172,14,MM6172,,MM,1," 2/27/13"
"Arnold, Eddy","What's He Doing In My World",CBEP451-5,13,CBEP451-5,,CB,1," 2/27/13"
"Arnold, Eddy","What's He Doin' In My World",CBE2-01,7,CBE2-01,,CB,1," 2/27/13"
"Arnold, Eddy","You Don't Know Me",CB20219,8,CB20219,,CB,1," 2/27/13"
"Arnold, Eddy W-Vocal","You Don't Know Me",SC7544,7,SC7544,,SC,1," 2/27/13"
"Around The World","A Teens",SF185,13,SF185,,SF,1," 2/27/13"
"Around The World",ATC,PHM0104,7,PHM0104,,PH,1," 2/27/13"
"Arrested Development","Mr. Wendel",SF050,13,SF050,,SF,1," 2/27/13"
"Arrested Development",Tennessee,SC7582,12,SC7582,,SC,1," 2/27/13"
"Arrington, Steve","Dancin' In The Key Of Life",SF068,7,SF068,,SF,1," 2/27/13"
Arrow,"Hot Hot Hot",SF028,11,SF028,,SF,1," 2/27/13"
"Arrows, The","Hot Hot Hot",BL13,2,BL13,,BL,1," 2/27/13"
"Art 'n' Soul","Ever Since You Went Away",SC8281,2,SC8281,,SC,1," 2/27/13"
"Art Of Losing, The","American Hi-fi",TU186,14,TU186,,TU,1," 2/27/13"
"Artful Dodger","Woman Trouble",SF167,1,SF167,,SF,1," 2/27/13"
"As Far As It Goes","Strait, George",TU228,1,TU228,,TU,1," 2/27/13"
"As I Lay Me Down","Hawkins, Sophie B.",HV03,3,HV03,,HV,1," 2/27/13"
"As Long As You Love Me","Backstreet Boys, The",PHM9712,7,PHM9712,,PH,1," 2/27/13"
"As Tears Go By","Rolling Stones, The",BS9217,2,BS9217,,BS,1," 2/27/13"
"As Time Goes By","Bennett, Tony",JV0032,7,JV0032,,JV,1," 2/27/13"
"As Usual","Brenda Lee",SF084,9,SF084,,SF,1," 2/27/13"
Ash,"Life Less Odinary",SF115,13,SF115,,SF,1," 2/27/13"
"Ash Bowers","Ain't No Stopping Her Now",PHMC1005,6,PHMC1005,,PH,1," 2/27/13"
"Ash Bowers","I Still Believe In That",PHMC1107,1,PHMC1107,,PH,1," 2/27/13"
"Ash Bowers",Stuck,PHMC0912,7,PHMC0912,,PH,1," 2/27/13"
Ashanti,Baby,CB30026,15,CB30026,,CB,1," 2/27/13"
Ashanti,Dreams,SC8822,13,SC8822,,SC,1," 2/27/13"
Ashanti,"Dreams (Radio Version)",SC3362,2,SC3362,,SC,1," 2/27/13"
Ashanti,Foolish,SC8797,14,SC8797,,SC,1," 2/27/13"
Ashanti,"Good Good",PHMU0810,4,PHMU0810,,PH,1," 2/27/13"
Ashanti,Happy,SC8797,12,SC8797,,SC,1," 2/27/13"
Ashanti,"Only U",SC8908,12,SC8908,,SC,1," 2/27/13"
Ashanti,"Rain On Me",CB30040,7,CB30040,,CB,1," 2/27/13"
Ashanti,"Rain On Me (Radio Version)",SC3384,8,SC3384,,SC,1," 2/27/13"
Ashanti,"Rock Wit U (Awww Baby)",CB30038,3,CB30038,,CB,1," 2/27/13"
Ashanti,"The Way That I Love You",PHMU0806,2,PHMU0806,,PH,1," 2/27/13"
"Ashanti wvocal",Baby,PHU0212,18,PHU0212,,PH,1," 2/27/13"
"Ashanti wvocal","Rock Wit U (Awww Baby)",SC3371,10,SC3371,,SC,1," 2/27/13"
Ashantiÿ,Dreams,CB30036,10,CB30036,,CB,1," 2/27/13"
"Ashcroft, Richard","C'mon People",SF170,2,SF170,,SF,1," 2/27/13"
"Asher Roth","I Love College",PHMP0905,1,PHMP0905,,PH,1," 2/27/13"
"Asher Roth feat Cee-Lo","Be By Myself",PHMP0908,7,PHMP0908,,PH,1," 2/27/13"
"Ashford & Simpson",Solid,SF011,7,SF011,,SF,1," 2/27/13"
"Ashley Gearing","Five More Minutes - Copy",PHMC1106,2,PHMC1106,,PH,1," 2/27/13"
"Ashley Gearing","Me, My Heart And I",PHMC1201,3,PHMC1201,,PH,1," 2/27/13"
"Ashton Shepherd","Look It Up",PHMC1104,6,PHMC1104,,PH,1," 2/27/13"
"Ashton Shepherd","Takin' Off This Pain",PHMC0805,4,PHMC0805,,PH,1," 2/27/13"
"Ashton, Raye & Brickman","Gift, The",SC2180,5,SC2180,,SC,1," 2/27/13"
"Ashton, Susan",Closer,SC8608,13,SC8608,,SC,1," 2/27/13"
"Ashton, Susan","Faith Of The Heart",SC8520,10,SC8520,,SC,1," 2/27/13"
"Ashton, Susan","She Is",SC3386,4,SC3386,,SC,1," 2/27/13"
"Ashton, Susan","You're Lucky I Love",SD065,9,SD065,,SD,1," 2/27/13"
"Ashton, Susan","You're Lucky I Love You",CB60177,11,CB60177,,CB,1," 2/27/13"
"Ashton, Susan wvocal","She Is",SC3386,12,SC3386,,SC,1," 2/27/13"
"Ashworth, Ernie","Talk Back Trembling Lips",CBEP451-4,7,CBEP451-4,,CB,1," 2/27/13"
Asia,"Heat Of The Moment",SC8283,6,SC8283,,SC,1," 2/27/13"
Asia,"Only Time Will Tell",SC8552,14,SC8552,,SC,1," 2/27/13"
"Asleep At The Wheel","Cherokee Maiden",CB60202,15,CB60202,,CB,1," 2/27/13"
"Asleep At The Wheel & Lyle Lovett","Blues For Dixie",SC8309,4,SC8309,,SC,1," 2/27/13"
"Asleep At The Wheel & The Dixie Chicks","Roly Poly",CB60197,12,CB60197,,CB,1," 2/27/13"
"Aspects Of Love","Love Changes Everything",MMBH1-3,16,MMBH1-3,,MM,1," 2/27/13"
Asshole,"Leary, Dennis",AMS2001,4,AMS2001,,AM,1," 2/27/13"
Association,Cherish,CBEP472-3,9,CBEP472-3,,CB,1," 2/27/13"
Association,Windy,CBEP472-6,1,CBEP472-6,,CB,1," 2/27/13"
"Association, The","Along Comes Mary",SC8396,2,SC8396,,SC,1," 2/27/13"
"Association, The",Cherish,DK051,13,DK051,,DK,1," 2/27/13"
"Association, The","Never My Love",SC8441,10,SC8441,,SC,1," 2/27/13"
"Association, The",Windy,DK053,9,DK053,,DK,1," 2/27/13"
"Astaire, Fred","Let's Call The Whole Thing Off",SC7599,1,SC7599,,SC,1," 2/27/13"
"Astaire, Fred","Puttin' On The Ritz",NSC2000-07,7,NSC2000-07,,NS,1," 2/27/13"
"Astley, Rick","Never Gonna Give You Up",SAVP09,7,SAVP09,,SA,1," 2/27/13"
"Astley, Rick","Ones You Love, The",MM6040,10,MM6040,,MM,1," 2/27/13"
"Astley, Rick","Together Forever",SAVP09,6,SAVP09,,SA,1," 2/27/13"
"Astley, Rick","Whenever You Need Somebody",SF110,14,SF110,,SF,1," 2/27/13"
Astounded,Tantric,PHR0110,3,PHR0110,,PH,1," 2/27/13"
Aswad,Shine,SC8500,12,SC8500,,SC,1," 2/27/13"
"At Last","Cassidy, Eva",ZMP003,10,ZMP003,,ZM,1," 2/27/13"
"At Night I Pray","Wild Orchid",BS3917,10,BS3917,,BS,1," 2/27/13"
"At The End Of The Day","Coffey, Kellie",PHN0212,7,PHN0212,,PH,1," 2/27/13"
"At The Stars","Better Than Ezra",PHT9904,7,PHT9904,,PH,1," 2/27/13"
"Ataris, The","Boys Of Summer, The",MM6392,14,MM6392,,MM,1," 2/27/13"
"Ataris, The","In This Diary",THMR0306,18,THMR0306,,TH,1," 2/27/13"
"Ataris, The","Saddest Song, The",THR0312,17,THR0312,,TH,1," 2/27/13"
"Ataris, The","The Boys Of Summer",THR0309,3,THR0309,,TH,1," 2/27/13"
Atc,"Around The World",CBEP470-2,8,CBEP470-2,,CB,1," 2/27/13"
Atc,"Around The World (La La La La La)",SC8680,9,SC8680,,SC,1," 2/27/13"
ATC,"Around The World La La La La La",SC3244,2,SC3244,,SC,1," 2/27/13"
Athenaeum,"What I Didn't Know",PHT9808,8,PHT9808,,PH,1," 2/27/13"
"Atkins, Chet","I Still Write Your Name In The Snow",SC8271,8,SC8271,,SC,1," 2/27/13"
"Atkins, Rodney","Honestly (Write Me A List)",MM6402,14,MM6402,,MM,1," 2/27/13"
"Atkins, Rodney","Honesty (Write Me A List)",CB60312,15,CB60312,,CB,1," 2/27/13"
"Atkins, Rodney","In A Heartbeat",SC8394,6,SC8394,,SC,1," 2/27/13"
"Atkins, Rodney","My Old Man",THC0303,19,THC0303,,TH,1," 2/27/13"
"Atkins, Rodney","Sing Along",SC8779,12,SC8779,,SC,1," 2/27/13"
"Atkins, Rodney wvocal","Honesty (Write Me A List)",PHN0312,14,PHN0312,,PH,1," 2/27/13"
"Atkins, Trace","I'm Tryin'",CB60221,15,CB60221,,CB,1," 2/27/13"
Atl,"Calling All Girls",THH0312,15,THH0312,,TH,1," 2/27/13"
Atlanta,"Sweet Country Music",SC8506,14,SC8506,,SC,1," 2/27/13"
"Atlanta Rhythm Section","So In To You",CBEP474-4,12,CBEP474-4,,CB,1," 2/27/13"
"Atlanta Rhythm Section","So Into You",SC8192,10,SC8192,,SC,1," 2/27/13"
"Atlanta Rhythm Section, The","Imaginary Lover",SC8479,10,SC8479,,SC,1," 2/27/13"
"Atlanta Rhythm Section, The","So Into You",SC8449,5,SC8449,,SC,1," 2/27/13"
"Atlantic Starr",Always,MMGCP9807,17,MMGCP9807,,MM,1," 2/27/13"
"Atlantic Starr",Masterpiece,SC8266,5,SC8266,,SC,1," 2/27/13"
"Atlantic Starr","Secret Lovers",SC8181,9,SC8181,,SC,1," 2/27/13"
"Atomic Kitten","Be With You",SF200,7,SF200,,SF,1," 2/27/13"
"Atomic Kitten","Eternal Flame",SF180,10,SF180,,SF,1," 2/27/13"
"Atomic Kitten","If You Come To Me",SF211,3,SF211,,SF,1," 2/27/13"
"Atomic Kitten","It's Ok",MM6413,15,MM6413,,MM,1," 2/27/13"
"Atomic Kitten","Ladies Night",SF213,3,SF213,,SF,1," 2/27/13"
"Atomic Kitten","Love Doesn't Have To Hurt",SF203,8,SF203,,SF,1," 2/27/13"
"Atomic Kitten","The Last Goodbye",SF199,14,SF199,,SF,1," 2/27/13"
"Atomic Kitten","Tide Is High, The",THP0309,9,THP0309,,TH,1," 2/27/13"
"Atomic Kitten","Walking On Water",MM6413,5,MM6413,,MM,1," 2/27/13"
"Atomic Kitten","Whole Again",SF176,14,SF176,,SF,1," 2/27/13"
Atv,"Around The World (La La La La La)",CB30011,9,CB30011,,CB,1," 2/27/13"
Audioslave,Cochise,CBEP477-2,11,CBEP477-2,,CB,1," 2/27/13"
Audioslave,"I Am The Highway",THR0401,13,THR0401,,TH,1," 2/27/13"
Audioslave,"Like A Stone",THMR0304,11,THMR0304,,TH,1," 2/27/13"
Audioslave,"Show Me How To Live",THR0309,1,THR0309,,TH,1," 2/27/13"
Audioslave,"What You Are",PHR0405,2,PHR0405,,PH,1," 2/27/13"
Audioslaveÿ,"Like A Stone",CB30036,15,CB30036,,CB,1," 2/27/13"
"August & The Spur Of The Moment Band","I-95 Song",SC8117,4,SC8117,,SC,1," 2/27/13"
Austin,"Shelton, Blake",PHN0108,5,PHN0108,,PH,1," 2/27/13"
"Austin, Chad","All My Dreams",CB20156,9,CB20156,,CB,1," 2/27/13"
"Austin, Gene","Carolina Moon",CBEP469-6,12,CBEP469-6,,CB,1," 2/27/13"
"Austin, Gene","My Blue Heaven",CBEP469-3,16,CBEP469-3,,CB,1," 2/27/13"
"Austin, Patti","If We're Not In Love",SC8499,9,SC8499,,SC,1," 2/27/13"
"Austin, Patti & James Ingram","Baby, Come To Me",CBEP467-1,17,CBEP467-1,,CB,1," 2/27/13"
"Austin, Patty & James Ingram","Baby Come To Me",CBEP471-3,1,CBEP471-3,,CB,1," 2/27/13"
"Austin, Sherrie","Drivin' Into The Sun",SC8867,6,SC8867,,SC,1," 2/27/13"
"Austin, Sherrie","Driving Into The Sun",PHN0404,6,PHN0404,,PH,1," 2/27/13"
"Austin, Sherrie","In The Meantime",CB60227,6,CB60227,,CB,1," 2/27/13"
"Austin, Sherrie","Innocent Man",CB60100,11,CB60100,,CB,1," 2/27/13"
"Austin, Sherrie",Jolene,CB60214,9,CB60214,,CB,1," 2/27/13"
"Austin, Sherrie","Little Bird",SC8608,14,SC8608,,SC,1," 2/27/13"
"Austin, Sherrie","Lucky In Love",CHM9708,20,CHM9708,,CH,1," 2/27/13"
"Austin, Sherrie","Never Been Kissed",SD063,13,SD063,,SD,1," 2/27/13"
"Austin, Sherrie","One Solitary Tear",CHM9712,15,CHM9712,,CH,1," 2/27/13"
"Austin, Sherrie","Put Your Heart Into It",CHM9804,18,CHM9804,,CH,1," 2/27/13"
"Austin, Sherrie","Streets Of Heaven",SC8851,13,SC8851,,SC,1," 2/27/13"
"Austin, Sherrie wvocal","Streets Of Heaven",PHN0309,17,PHN0309,,PH,1," 2/27/13"
"Austin, Sherri","Streets Of Heaven",SC8833,13,SC8833,,SC,1," 2/27/13"
"Austin, Sherri wvocal","Streets Of Heaven",SC3372,14,SC3372,,SC,1," 2/27/13"
"Authority Zero","One More Minute",THMR0303,14,THMR0303,,TH,1," 2/27/13"
Autograph,"Turn Up The Radio",SC8631,9,SC8631,,SC,1," 2/27/13"
"Autrey, Gene","Back In The Saddle",SC8509,10,SC8509,,SC,1," 2/27/13"
"Autrey, Gene","Rudolph The Red-Nosed Reindeer",SC7210,14,SC7210,,SC,1," 2/27/13"
"Autrey, Gene","Twilight On The Trail",CB60135,5,CB60135,,CB,1," 2/27/13"
"Autry, Gene","At Mail Call Today",CB90219,7,CB90219,,CB,1," 2/27/13"
"Autry, Gene","Don't Fence Me In",CB90219,6,CB90219,,CB,1," 2/27/13"
"Autry, Gene","Don't Hang Around Me Anymore",CB90219,8,CB90219,,CB,1," 2/27/13"
"Autry, Gene","Don't Live A Lie",CB90219,9,CB90219,,CB,1," 2/27/13"
"Autry, Gene","Gonna Build A Big Fence Around Texas",CB90219,5,CB90219,,CB,1," 2/27/13"
"Autry, Gene","Have I Told You Lately That I Love You",CB90219,12,CB90219,,CB,1," 2/27/13"
"Autry, Gene","I Hang My Head And Cry",CB90219,4,CB90219,,CB,1," 2/27/13"
"Autry, Gene","I Want To Be Sure",CB90219,10,CB90219,,CB,1," 2/27/13"
"Autry, Gene","I Wish I Had Never Met Sunshine",CB90219,15,CB90219,,CB,1," 2/27/13"
"Autry, Gene","I'm Thinking Tonight Of My Blue Eyes",CB90219,3,CB90219,,CB,1," 2/27/13"
"Autry, Gene","My Old Kentucky Home",CBEP469-4,9,CBEP469-4,,CB,1," 2/27/13"
"Autry, Gene","Silver Spurs (On The Golden Stairs)",CB90219,11,CB90219,,CB,1," 2/27/13"
"Autry, Gene","Someday You'll Want Me To Want You",CB90219,14,CB90219,,CB,1," 2/27/13"
"Autry, Gene","Twilight On The Trail",CB90219,2,CB90219,,CB,1," 2/27/13"
"Autry, Gene","You Are My Sunshine",CBE2-01,9,CBE2-01,,CB,1," 2/27/13"
"Autry, Gene","You're Not My Darlin' Anymore",CB90219,13,CB90219,,CB,1," 2/27/13"
"Autumn Leaves","Cassidy, Eva",ZMP003,8,ZMP003,,ZM,1," 2/27/13"
Avalon,"I Don't Want To Go",SC8828,9,SC8828,,SC,1," 2/27/13"
"Avalon, Frankie","Beauty School Dropout",SC2055,6,SC2055,,SC,1," 2/27/13"
"Avalon, Frankie","Dede Dinah",SC8513,12,SC8513,,SC,1," 2/27/13"
"Avalon, Frankie","Just Ask Your Heart",SC8521,15,SC8521,,SC,1," 2/27/13"
"Avalon, Frankie",Venus,DK030,15,DK030,,DK,1," 2/27/13"
"Avalon, Frankie",Why,SC8255,5,SC8255,,SC,1," 2/27/13"
Avant,"Don't Take Your Love Away",SC3408,1,SC3408,,SC,1," 2/27/13"
Avant,"Kiss Goodbye",PHMU1101,9,PHMU1101,,PH,1," 2/27/13"
Avant,"Kiss Goodbye (MPX)",PHMU1101,18,PHMU1101,,PH,1," 2/27/13"
Avant,"Makin' Good Love",CB30025,14,CB30025,,CB,1," 2/27/13"
Avant,"Read Your Mind",THH0401,16,THH0401,,TH,1," 2/27/13"
Avant,Sailing,PHMU0903,9,PHMU0903,,PH,1," 2/27/13"
Avant,Separated,SC8629,15,SC8629,,SC,1," 2/27/13"
Avant,"When It Hurts",PHMU0901,5,PHMU0901,,PH,1," 2/27/13"
Avant,"Your Body Is The Business",PHMU1106,7,PHMU1106,,PH,1," 2/27/13"
"Avant wvocal","Makin' Good Love",PHU0211,15,PHU0211,,PH,1," 2/27/13"
"Avante & Ketara Wyatt","My First Love",SC8664,13,SC8664,,SC,1," 2/27/13"
"Avenged Sevenfold",Nightmare,PHMP1011,7,PHMP1011,,PH,1," 2/27/13"
"Average White Band","Cut The Cake",SC8386,5,SC8386,,SC,1," 2/27/13"
"Average White Band","Let's Go Round Again",BL24,5,BL24,,BL,1," 2/27/13"
"Average White Band","Work To Do",SC8151,13,SC8151,,SC,1," 2/27/13"
AverySunshine,"Ugly Part Of Me",PHMU1212,7,PHMU1212,,PH,1," 2/27/13"
Avisame,"Canales, Laura",SC7106,12,SC7106,,SC,1," 2/27/13"
"Avril Lavigne",Alice,PHMP1006,1,PHMP1006,,PH,1," 2/27/13"
"Avril Lavigne",Hot,PHMP0801,4,PHMP0801,,PH,1," 2/27/13"
"Avril Lavigne",Smile,PHMP1108,1,PHMP1108,,PH,1," 2/27/13"
"Avril Lavigne","What The Hell",PHMP1104,1,PHMP1104,,PH,1," 2/27/13"
"Avril Lavigne","Wish You Were Here",PHMP1112,2,PHMP1112,,PH,1," 2/27/13"
"Away From Me","Puddle Of Mudd",PHR0401,7,PHR0401,,PH,1," 2/27/13"
AWOLNATION,"Not Your Fault",PHMP1112,3,PHMP1112,,PH,1," 2/27/13"
Awolnation,Sail,PHMP1109,4,PHMP1109,,PH,1," 2/27/13"
"Az Yet","Hard To Say I'm Sorry",PHM9706,2,PHM9706,,PH,1," 2/27/13"
"Az Yet & Peter Cetera","Hard To Say I'm Sorry",MMGCP9809,15,MMGCP9809,,MM,1," 2/27/13"
"Az Yet & Peter Cetera","Last Night",SC8320,13,SC8320,,SC,1," 2/27/13"
"Azar, Steve","Damn The Money",CB60248,10,CB60248,,CB,1," 2/27/13"
"Azar, Steve","I Don't Have To Be Me",SC8798,15,SC8798,,SC,1," 2/27/13"
"Azar, Steve","I Don't Have To Be Me 'til Monday",SD090,13,SD090,,SD,1," 2/27/13"
"Azar, Steve","I Never Stopped Lovin' You",SC8298,8,SC8298,,SC,1," 2/27/13"
"Azar, Steve","My Heart Wants To Run",SD097,6,SD097,,SD,1," 2/27/13"
"Azar, Steve","Nights Like This",SC8336,12,SC8336,,SC,1," 2/27/13"
"Azar, Steve","One Good Reason Why",CB20553,11,CB20553,,CB,1," 2/27/13"
"Azar, Steve",Someday,MM6143,15,MM6143,,MM,1," 2/27/13"
"Azar, Steve","Waitin' On Joe",CBE4-26,12,CBE4-26,,CB,1," 2/27/13"
"Azar, Steve","Waitin' On You",PHN0403,8,PHN0403,,PH,1," 2/27/13"
"Azar, Steve","Waiting On Joe",CB60238,7,CB60238,,CB,1," 2/27/13"
