"H & Claire","All Out Of Love",SF199,3,SF199,,SF,1," 2/27/13"
Haddaway,"I Miss You",SF006,8,SF006,,SF,1," 2/27/13"
Haddaway,"Rock My Heart",SF026,3,SF026,,SF,1," 2/27/13"
Haddaway,"What Is Love",SF005,5,SF005,,SF,1," 2/27/13"
"Hafdis Huld","Action Man",PHMP1109,9,PHMP1109,,PH,1," 2/27/13"
"Hagar, Sammy","Heavy Metal",SC8782,3,SC8782,,SC,1," 2/27/13"
"Hagar, Sammy","I Can't Drive 55",SC8202,9,SC8202,,SC,1," 2/27/13"
"Hagar, Sammy","Little White Lie",SC8448,9,SC8448,,SC,1," 2/27/13"
"Hagar, Sammy","Mas Tequila",SC8531,12,SC8531,,SC,1," 2/27/13"
"Hagar, Sammy","Serious Juju",SC8673,12,SC8673,,SC,1," 2/27/13"
"Hagar, Sammy",Shag,SC8548,5,SC8548,,SC,1," 2/27/13"
"Hagar, Sammy","There's Only One Way To Rock",SC8843,1,SC8843,,SC,1," 2/27/13"
"Hagar, Sammy","Your Love Is Driving Me Crazy",SC8427,8,SC8427,,SC,1," 2/27/13"
"Haggard & Williams","Bull And The Beaver, The",SC8511,10,SC8511,,SC,1," 2/27/13"
"Haggard, Marty",Amnesia,SC8250,4,SC8250,,SC,1," 2/27/13"
"Haggard, Marty","Hello God",SC8341,12,SC8341,,SC,1," 2/27/13"
"Haggard, Marty","In The Afterlife",SC8315,3,SC8315,,SC,1," 2/27/13"
"Haggard, Merle","Always Wanting You",CB90119,11,CB90119,,CB,1," 2/27/13"
"Haggard, Merle","Are The Good Times Really Over",DK079,18,DK079,,DK,1," 2/27/13"
"Haggard, Merle","Back To The Barrooms",DK071,17,DK071,,DK,1," 2/27/13"
"Haggard, Merle","Bar Room Buddies",CB90119,7,CB90119,,CB,1," 2/27/13"
"Haggard, Merle","Better Love Next Time, A",CB90154,15,CB90154,,CB,1," 2/27/13"
"Haggard, Merle","Big City",DK035,10,DK035,,DK,1," 2/27/13"
"Haggard, Merle","Bottle Let Me Down, The",CB80097,4,CB80097,,CB,1," 2/27/13"
"Haggard, Merle","Branded Man",CB90025,7,CB90025,,CB,1," 2/27/13"
"Haggard, Merle",Carolyn,DK072,15,DK072,,DK,1," 2/27/13"
"Haggard, Merle","Cherokee Maiden",CB90025,11,CB90025,,CB,1," 2/27/13"
"Haggard, Merle","Chill Factor",DK062,18,DK062,,DK,1," 2/27/13"
"Haggard, Merle","Daddy Frank",SC8728,15,SC8728,,SC,1," 2/27/13"
"Haggard, Merle","Daddy Frank The Guitar Man",MM6122,15,MM6122,,MM,1," 2/27/13"
"Haggard, Merle","Emptiest Arms In The World",DK075,16,DK075,,DK,1," 2/27/13"
"Haggard, Merle","Everybody's Had The Blues",CB90154,11,CB90154,,CB,1," 2/27/13"
"Haggard, Merle","Farmer's Daughter",CB90154,3,CB90154,,CB,1," 2/27/13"
"Haggard, Merle","Fightin' Side Of Me, The",CBEP452-1,14,CBEP452-1,,CB,1," 2/27/13"
"Haggard, Merle","Fugitive, The",SC2158,5,SC2158,,SC,1," 2/27/13"
"Haggard, Merle","Going Where The Lonely Go",CB90119,14,CB90119,,CB,1," 2/27/13"
"Haggard, Merle","Grandma Harp",CB60137,14,CB60137,,CB,1," 2/27/13"
"Haggard, Merle","Hungry Eyes",CB90025,14,CB90025,,CB,1," 2/27/13"
"Haggard, Merle","I Am An Island",SC8245,12,SC8245,,SC,1," 2/27/13"
"Haggard, Merle","I Take A Lot Of Pride In What I Am",SC2158,2,SC2158,,SC,1," 2/27/13"
"Haggard, Merle","I Think I'll Just Stay Here And Drink",DK026,10,DK026,,DK,1," 2/27/13"
"Haggard, Merle","If We Make It Through December",SC7590,7,SC7590,,SC,1," 2/27/13"
"Haggard, Merle","If We're Not Back In Love By Monday",CB90154,14,CB90154,,CB,1," 2/27/13"
"Haggard, Merle","It's All In The Movies",CB90154,8,CB90154,,CB,1," 2/27/13"
"Haggard, Merle","It's Been A Great Afternoon",DK069,18,DK069,,DK,1," 2/27/13"
"Haggard, Merle","It's Not Love But It's Not Bad",CB90154,10,CB90154,,CB,1," 2/27/13"
"Haggard, Merle","Kentucky Gambler",CB90025,12,CB90025,,CB,1," 2/27/13"
"Haggard, Merle","Legend Of Bonnie & Clyde, The",SC8419,2,SC8419,,SC,1," 2/27/13"
"Haggard, Merle","Let's Chase Each Other Around The Room",SC8345,15,SC8345,,SC,1," 2/27/13"
"Haggard, Merle","Mama Tried",DK009,14,DK009,,DK,1," 2/27/13"
"Haggard, Merle","Misery And Gin",CBE3-04,15,CBE3-04,,CB,1," 2/27/13"
"Haggard, Merle","Motorcycle Cowboy",CB60200,12,CB60200,,CB,1," 2/27/13"
"Haggard, Merle","Movin' On",CB90119,12,CB90119,,CB,1," 2/27/13"
"Haggard, Merle","My Favorite Memory",DK076,17,DK076,,DK,1," 2/27/13"
"Haggard, Merle","My Friends Are All Gonna Be Strangers",CB80096,14,CB80096,,CB,1," 2/27/13"
"Haggard, Merle","Natural High",CB60167,2,CB60167,,CB,1," 2/27/13"
"Haggard, Merle","Okie From Muskogee",DK061,18,DK061,,DK,1," 2/27/13"
"Haggard, Merle","Old Man From The Mountain",CB90119,3,CB90119,,CB,1," 2/27/13"
"Haggard, Merle","Rainbow Stew",SC8400,11,SC8400,,SC,1," 2/27/13"
"Haggard, Merle","Ramblin' Fever",DK078,17,DK078,,DK,1," 2/27/13"
"Haggard, Merle","Reasons To Quit",DK035,14,DK035,,DK,1," 2/27/13"
"Haggard, Merle","Santa Claus And Popcorn",CB60187,13,CB60187,,CB,1," 2/27/13"
"Haggard, Merle","Silver Wings",CBE2-03,11,CBE2-03,,CB,1," 2/27/13"
"Haggard, Merle","Sing Me Back Home",CB90154,12,CB90154,,CB,1," 2/27/13"
"Haggard, Merle","Someday When Things Are Good",CB90025,13,CB90025,,CB,1," 2/27/13"
"Haggard, Merle","Swinging Doors",CBEP451-6,16,CBEP451-6,,CB,1," 2/27/13"
"Haggard, Merle","That's The Way Love Goes",SC8461,14,SC8461,,SC,1," 2/27/13"
"Haggard, Merle","Things Aren't Funny Anymore",CB80107,12,CB80107,,CB,1," 2/27/13"
"Haggard, Merle","Think About A Lullaby",CB60225,15,CB60225,,CB,1," 2/27/13"
"Haggard, Merle","Today I Started Loving You Again",CB90025,15,CB90025,,CB,1," 2/27/13"
"Haggard, Merle","Truck Driver's Blues",SC8289,14,SC8289,,SC,1," 2/27/13"
"Haggard, Merle","Twinkle, Twinkle, Little Star",DK060,18,DK060,,DK,1," 2/27/13"
"Haggard, Merle","We Never Touch At All",CB60128,13,CB60128,,CB,1," 2/27/13"
"Haggard, Merle","When It Rains It Pours",CB60147,9,CB60147,,CB,1," 2/27/13"
"Haggard, Merle","Workin' Man's Blues",MM6094,11,MM6094,,MM,1," 2/27/13"
"Haggard, Merle","Working Man Blues",CBEP451-6,3,CBEP451-6,,CB,1," 2/27/13"
"Haggard, Merle","Working Man Can't Get Nowhere Today, A",CB90025,10,CB90025,,CB,1," 2/27/13"
"Haggard, Merle","You Take Me For Granted",CB90119,13,CB90119,,CB,1," 2/27/13"
"Haggard, Merle & Clint Eastwood","Misery And Gin",CB90119,6,CB90119,,CB,1," 2/27/13"
"Haggard, Merle & George Jones","C C Waterback",CB90119,5,CB90119,,CB,1," 2/27/13"
"Haggard, Merle & George Jones","Yesterday's Wine",CB90119,15,CB90119,,CB,1," 2/27/13"
"Haggard, Merle & Jewel","That's The Way Love Goes",SD067,12,SD067,,SD,1," 2/27/13"
"Haggard, Merle & Willie Nelson","Pancho And Lefty",CB90119,9,CB90119,,CB,1," 2/27/13"
"Hail Hail","Pearl Jam",RSZ601,11,RSZ601,,RS,1," 2/27/13"
Hair,"Ain't Got No",SC8663,3,SC8663,,SC,1," 2/27/13"
Hair,"Ain't Got No (Reprise)",SC8663,2,SC8663,,SC,1," 2/27/13"
Hair,Air,SC8663,16,SC8663,,SC,1," 2/27/13"
Hair,Aquarius,SC8663,4,SC8663,,SC,1," 2/27/13"
Hair,"Black Boys",SC8663,14,SC8663,,SC,1," 2/27/13"
Hair,Donna,SC8663,6,SC8663,,SC,1," 2/27/13"
Hair,"Easy To Be Hard",SC8663,9,SC8663,,SC,1," 2/27/13"
Hair,"Flesh Failures (Let The Sunshine In)",SC8663,11,SC8663,,SC,1," 2/27/13"
Hair,"Frank Mills",SC8663,13,SC8663,,SC,1," 2/27/13"
Hair,"Going Down",SC8663,18,SC8663,,SC,1," 2/27/13"
Hair,"Good Morning Starshine",SC8663,20,SC8663,,SC,1," 2/27/13"
Hair,Hair,KC009,11,KC009,,KC,1," 2/27/13"
Hair,"I Believe In Love",SC8663,19,SC8663,,SC,1," 2/27/13"
Hair,"I Got Life",SC8663,7,SC8663,,SC,1," 2/27/13"
Hair,"Manchester England",SC8663,10,SC8663,,SC,1," 2/27/13"
Hair,"Manchester England (Reprise)",SC8663,21,SC8663,,SC,1," 2/27/13"
Hair,"My Conviction",SC8663,12,SC8663,,SC,1," 2/27/13"
Hair,Sodomy,SC8663,15,SC8663,,SC,1," 2/27/13"
Hair,"What A Piece Of Work Is Man",SC8663,1,SC8663,,SC,1," 2/27/13"
Hair,"Where Do I Go",SC8663,8,SC8663,,SC,1," 2/27/13"
Hair,"White Boys",SC8663,17,SC8663,,SC,1," 2/27/13"
"Hair Of The Dog",Nazareth,DG02,9,DG02,,DG,1," 2/27/13"
"Haircut One Hundred","Love Plus One",SF075,9,SF075,,SF,1," 2/27/13"
"Hal Linton","Mind Control",PHMU1009,7,PHMU1009,,PH,1," 2/27/13"
"Hale, Kristin",Useless,CB60244,6,CB60244,,CB,1," 2/27/13"
"Haley, Bill & His Comets","Rock Around The Clock",BL10,15,BL10,,BL,1," 2/27/13"
"Haley, Bill & His Comets","See Ya Later, Alligator",CBE3-16,2,CBE3-16,,CB,1," 2/27/13"
"Haley, Bill & His Comets","Shake, Rattle & Roll",DK054,11,DK054,,DK,1," 2/27/13"
"Haley, Bill & The Comets","Rock Around The Clock",MMGCP9810,12,MMGCP9810,,MM,1," 2/27/13"
"Haley, Bill & The Comets","Shake, Rattle & Roll",DKM2016,11,DKM2016,,DK,1," 2/27/13"
"Half A Heart Tattoo","Hanson, Jennifer",PHN0311,8,PHN0311,,PH,1," 2/27/13"
"Half A Man","Smith, Anthony",PHN0305,1,PHN0305,,PH,1," 2/27/13"
"Half Breed",Cher,RSZ606,12,RSZ606,,RS,1," 2/27/13"
Halfcrazy,Musiq,PHM0208,8,PHM0208,,PH,1," 2/27/13"
Halfcrazy,"Musiq Shoulchild",THH0205,15,THH0205,,TH,1," 2/27/13"
"Hali Hicks","I Can Still Breathe",PHMC1208,7,PHMC1208,,PH,1," 2/27/13"
"Hall & Oates","I Can't Go For That",SC8197,8,SC8197,,SC,1," 2/27/13"
"Hall & Oates","I Can't Go For That (No Can Do)",SC2449,1,SC2449,,SC,1," 2/27/13"
"Hall & Oates","Kiss On My List",SC8427,6,SC8427,,SC,1," 2/27/13"
"Hall & Oates",Maneater,SC8283,12,SC8283,,SC,1," 2/27/13"
"Hall & Oates","Out Of Touch",CBEP467-4,14,CBEP467-4,,CB,1," 2/27/13"
"Hall & Oates","Private Eyes",SC8231,12,SC8231,,SC,1," 2/27/13"
"Hall & Oates","Promise Ain't Enough",SC8395,15,SC8395,,SC,1," 2/27/13"
"Hall & Oates","Rich Girl",SC8391,11,SC8391,,SC,1," 2/27/13"
"Hall & Oates","Sara Smile",SC7587,13,SC7587,,SC,1," 2/27/13"
"Hall & Oates","Sara Smiles",SGB05,11,SGB05,,SG,1," 2/27/13"
"Hall & Oates","Say It Isn't So",SC8378,6,SC8378,,SC,1," 2/27/13"
"Hall & Oates","She's Gone",SC7561,5,SC7561,,SC,1," 2/27/13"
"Hall & Oates","Throw The Roses Away",SC8481,7,SC8481,,SC,1," 2/27/13"
"Hall & Oates","You Make My Dreams",CBEP468-4,16,CBEP468-4,,CB,1," 2/27/13"
"Hall & Oats","Do It For Love",MM6366,8,MM6366,,MM,1," 2/27/13"
"Hall, Aaron","All The Places I Will Kiss You",SC8515,8,SC8515,,SC,1," 2/27/13"
"Hall, Darryl & John Oates","You Make My Dreams",SC8725,6,SC8725,,SC,1," 2/27/13"
"Hall, Daryl","I'm In A Philly Mood",SC8237,13,SC8237,,SC,1," 2/27/13"
"Hall, Daryl & John Oates","Adult Education",SC8641,3,SC8641,,SC,1," 2/27/13"
"Hall, Daryl & John Oates","Do It For Love",SC3332,3,SC3332,,SC,1," 2/27/13"
"Hall, Daryl & John Oates","Method Of Modern Love",SC8687,15,SC8687,,SC,1," 2/27/13"
"Hall, Daryl & John Oates","One On One",SC8588,4,SC8588,,SC,1," 2/27/13"
"Hall, Daryl & John Oates","You Make My Dreams",SC7564,2,SC7564,,SC,1," 2/27/13"
"Hall, Daryl & John Oates wvocal","Do It For Love",SC3332,11,SC3332,,SC,1," 2/27/13"
"Hall, Tom T.","A Week In County Jail",CB90107,9,CB90107,,CB,1," 2/27/13"
"Hall, Tom T.","Ballad Of Forty Dollars",CB90107,13,CB90107,,CB,1," 2/27/13"
"Hall, Tom T.","Country Is",SC8506,11,SC8506,,SC,1," 2/27/13"
"Hall, Tom T.",Deal,CB90107,15,CB90107,,CB,1," 2/27/13"
"Hall, Tom T.","Faster Horses (the Cowboy And The Poet)",CB90107,1,CB90107,,CB,1," 2/27/13"
"Hall, Tom T.","Faster Horses (The Cowboy And The Poet)",CB20255,11,CB20255,,CB,1," 2/27/13"
"Hall, Tom T.","Fox On The Run",CB60136,8,CB60136,,CB,1," 2/27/13"
"Hall, Tom T.","I Care",SC8558,12,SC8558,,SC,1," 2/27/13"
"Hall, Tom T.","I Like Beer",SC8208,12,SC8208,,SC,1," 2/27/13"
"Hall, Tom T.","I Love",CBE4-15,13,CBE4-15,,CB,1," 2/27/13"
"Hall, Tom T.","Negatory Romance",CB90107,4,CB90107,,CB,1," 2/27/13"
"Hall, Tom T.","O' Christmas Tree",CBEP462-2,7,CBEP462-2,,CB,1," 2/27/13"
"Hall, Tom T.","Old Dogs Children & Watermelon Wine",SC7537,1,SC7537,,SC,1," 2/27/13"
"Hall, Tom T.","Old Dogs, Children And Watermelon Wine",CB80104,10,CB80104,,CB,1," 2/27/13"
"Hall, Tom T.","Ravishing Ruby",SC8576,11,SC8576,,SC,1," 2/27/13"
"Hall, Tom T.","That Song Is Driving Me Crazy",CB90107,12,CB90107,,CB,1," 2/27/13"
"Hall, Tom T.","Week In A Country Jail, A",SC8428,9,SC8428,,SC,1," 2/27/13"
"Hall, Tom T.","Year That Clayton Delaney Died, The",CB80102,10,CB80102,,CB,1," 2/27/13"
"Hall, Tom T.","Your Man Loves You, Honey",CB90107,14,CB90107,,CB,1," 2/27/13"
"Halliwell, Geri","Look At Me",SC8545,11,SC8545,,SC,1," 2/27/13"
"Halliwell, Geri","Mi Chico Latino",SF144,14,SF144,,SF,1," 2/27/13"
"Halliwell, Geri","Scream If You Wanna Go",SF180,2,SF180,,SF,1," 2/27/13"
Halloween,"Spooky Sounds",SC8550,16,SC8550,,SC,1," 2/27/13"
"Hamilton Park","Thing Called Us",PHMU1109,1,PHMU1109,,PH,1," 2/27/13"
"Hamilton, Anthony",Charlene,PHU0411,9,PHU0411,,PH,1," 2/27/13"
"Hamilton, Anthony","Comin' From Where I'm From",THH0312,17,THH0312,,TH,1," 2/27/13"
"Hamilton, Anthony wvocal",Charlene,PHU0411,18,PHU0411,,PH,1," 2/27/13"
"Hamilton, George Iv",Abilene,SC7589,5,SC7589,,SC,1," 2/27/13"
"Hamilton, George IV",Abilene,CBEP451-4,13,CBEP451-4,,CB,1," 2/27/13"
"Hamilton, George Iv",Abilene,CB60132,14,CB60132,,CB,1," 2/27/13"
"Hamilton, Joe Frank & Reynolds","Don't Pull Your Love",DK053,5,DK053,,DK,1," 2/27/13"
"Hamilton, Joe Frank & Reynolds","Fallin' In Love",CBEP474-1,8,CBEP474-1,,CB,1," 2/27/13"
"Hamilton, Roy","Ebb Tide",SAVP30,6,SAVP30,,SA,1," 2/27/13"
Hammer,"Too Legit To Quit",MM6380B,15,MM6380B,,MM,1," 2/27/13"
Hammer,"U Can't Touch This",AH8021,15,AH8021,,AH,1," 2/27/13"
"Hammer To Fall",Queen,BS8017,17,BS8017,,BS,1," 2/27/13"
"Hammer, M.C.","Addams Groove",SF050,5,SF050,,SF,1," 2/27/13"
"Hammer, M.c.","Addams Groove",SC8550,6,SC8550,,SC,1," 2/27/13"
"Hammer, M.C.","Addams Groove",SC7212,7,SC7212,,SC,1," 2/27/13"
"Hammer, M.c.","Praise The Lord Together",MM6170,3,MM6170,,MM,1," 2/27/13"
"Hammer, M.c.","Too Legit To Quit",DK082,18,DK082,,DK,1," 2/27/13"
"Hammer, M.c.","U Can't Touch This",SC8310,3,SC8310,,SC,1," 2/27/13"
"Hammer, M.C.","U Can't Touch This",AH8007,7,AH8007,,AH,1," 2/27/13"
"Hammond, Albert","It Never Rains In Southern California",DK005,11,DK005,,DK,1," 2/27/13"
"Hand In My Pocket","Morissette, Alanis",HV03,2,HV03,,HV,1," 2/27/13"
"Handle With Care","Traveling Wilbury's, The",AMS1510,9,AMS1510,,AM,1," 2/27/13"
"Handprints On The Wall","Rogers, Kenny",PHN0401,6,PHN0401,,PH,1," 2/27/13"
Hands,Jewel,PHT9812,1,PHT9812,,PH,1," 2/27/13"
"Hands Clean","Morissette, Alanis",THP0204,16,THP0204,,TH,1," 2/27/13"
"Hands Off The Wheel",Oleander,PHR0305,5,PHR0305,,PH,1," 2/27/13"
"Hang On To Your Love",Sade,DG06,14,DG06,,DG,1," 2/27/13"
"Hanging By A Moment",Lifehouse,PHM0105,3,PHM0105,,PH,1," 2/27/13"
"Hank Iii","Cecil Brown",CB60239,10,CB60239,,CB,1," 2/27/13"
"Hank Williams","Why Don't You Love Me",SC8392,14,SC8392,,SC,1," 2/27/13"
"Hank Williams Jr",Thirsty,PHMC1103,7,PHMC1103,,PH,1," 2/27/13"
"Hank Williams Jr.","All My Rowdy Friends Have Settled Down",SC8114,1,SC8114,,SC,1," 2/27/13"
"Hank Williams Jr.","All The Roads",PHMC1003,7,PHMC1003,,PH,1," 2/27/13"
"Hank Williams Jr.","Eleven Roses",SC8385,4,SC8385,,SC,1," 2/27/13"
"Hank Williams Jr.","Family Tradition",SC8114,2,SC8114,,SC,1," 2/27/13"
"Hank Williams Jr.","Hog Wild",SC8163,4,SC8163,,SC,1," 2/27/13"
"Hank Williams Jr.","Honky Tonkin'",SC8136,13,SC8136,,SC,1," 2/27/13"
"Hank Williams Jr.","Keep The Change",PHMC1201,4,PHMC1201,,PH,1," 2/27/13"
"Hank Williams Jr.","Red White & Pink-Slip Blues",PHMC0907,9,PHMC0907,,PH,1," 2/27/13"
"Hank Williams Jr. & Hank Sr.","There's A Tear In My Beer",SC8105,15,SC8105,,SC,1," 2/27/13"
Hanson,"I Will Come To You",SF116,9,SF116,,SF,1," 2/27/13"
Hanson,"If Only",MM6310,14,MM6310,,MM,1," 2/27/13"
Hanson,"Mmm Bop",MMGCP9809,12,MMGCP9809,,MM,1," 2/27/13"
Hanson,Mmmbop,CBEP457-1,8,CBEP457-1,,CB,1," 2/27/13"
Hanson,"This Time Around",SGB038,16,SGB038,,SG,1," 2/27/13"
Hanson,Weird,MM6237,13,MM6237,,MM,1," 2/27/13"
Hanson,"Where's The Love",SC8389,2,SC8389,,SC,1," 2/27/13"
"Hanson Brothers, The","I Will Come To You",PHGH1900-4,8,PHGH1900-4,,PH,1," 2/27/13"
"Hanson, Jennifer","Beautiful Goodbye",CB60238,15,CB60238,,CB,1," 2/27/13"
"Hanson, Jennifer","Half A Heart Tatto",MM6395,3,MM6395,,MM,1," 2/27/13"
"Hanson, Jennifer","Half A Heart Tattoo",SC8842,14,SC8842,,SC,1," 2/27/13"
"Hanson, Jennifer","This Far Gone",CB60309,15,CB60309,,CB,1," 2/27/13"
"Hanson, Jennifer wvocal","Half A Heart Tattoo",SC3378,14,SC3378,,SC,1," 2/27/13"
"Happenings, The","I Got Rhythm",DKM2004,13,DKM2004,,DK,1," 2/27/13"
"Happenings, The","See You In September",MMOLD02,13,MMOLD02,,MM,1," 2/27/13"
"Happiness Is A Warm Gun","Beatles, The",DG06,2,DG06,,DG,1," 2/27/13"
"Happy Birthday Darlin'","Twitty, Conway",TU193,4,TU193,,TU,1," 2/27/13"
"Happy Birthday To You",Traditional,KJT05,17,KJT05,,KJ,1," 2/27/13"
"Happy Goodmans, The","Jesus Is Coming Soon",CBEP478-5,10,CBEP478-5,,CB,1," 2/27/13"
"Happy Goodmans, The","When God's Chariot Comes",CBEP466-5,14,CBEP466-5,,CB,1," 2/27/13"
"Happy X-mas~war Is Over","Lennon, John",RSZ607,18,RSZ607,,RS,1," 2/27/13"
"Harbor Lights","Platters, The",JV0005,5,JV0005,,JV,1," 2/27/13"
"Harbor Lights","Scaggs, Boz",AMS1507,1,AMS1507,,AM,1," 2/27/13"
"Hard To Say","Sawyer Brown",BS5117,12,BS5117,,BS,1," 2/27/13"
"Harder Cards","Rogers, Kenny",PHN0207,8,PHN0207,,PH,1," 2/27/13"
"Hardiman, Gloria","Meet Me With Your Black Drawers On",SC8339,8,SC8339,,SC,1," 2/27/13"
"Harlem Shuffle, The","Rolling Stones, The",BS9217,3,BS9217,,BS,1," 2/27/13"
"Harling, Keith","Bring It On",CB60191,5,CB60191,,CB,1," 2/27/13"
"Harling, Keith","Coming Back For You",SC8480,7,SC8480,,SC,1," 2/27/13"
"Harling, Keith","Easy Makin' Love",CB60200,8,CB60200,,CB,1," 2/27/13"
"Harling, Keith","Papa Bear",SD052,13,SD052,,SD,1," 2/27/13"
"Harling, Keith","Santa's Got A Semi",CB60210,2,CB60210,,CB,1," 2/27/13"
"Harling, Keith","There Goes The Neighborhood",SC8520,14,SC8520,,SC,1," 2/27/13"
"Harling, Keith","Write It In Stone",MM6262,13,MM6262,,MM,1," 2/27/13"
Harmony,"John, Elton",AH8005,10,AH8005,,AH,1," 2/27/13"
"Harms, Joni","Two Steppin' Texas Blue",CB60160,14,CB60160,,CB,1," 2/27/13"
"Harper, Ben","Steal My Kisses",MM6313,10,MM6313,,MM,1," 2/27/13"
"Harper, Ben & Innocent Criminals","Steal My Kisses",SC8616,1,SC8616,,SC,1," 2/27/13"
Harptones,"Life Is But A Dream (Slow Version)",MM6385,9,MM6385,,MM,1," 2/27/13"
"Harptones, The","Sunday Kind Of Love (Slow Version)",MM6361,15,MM6361,,MM,1," 2/27/13"
Harrigan,Irish,AH8019,2,AH8019,,AH,1," 2/27/13"
"Harris, Emmylou","Beneath Still Waters",CB90016,1,CB90016,,CB,1," 2/27/13"
"Harris, Emmylou","Blue Kentucky Girl",DK057,15,DK057,,DK,1," 2/27/13"
"Harris, Emmylou","Born To Run",SC7570,12,SC7570,,SC,1," 2/27/13"
"Harris, Emmylou","Heartbreak Hill",CB60127,12,CB60127,,CB,1," 2/27/13"
"Harris, Emmylou","Heaven Only Knows",CB60135,14,CB60135,,CB,1," 2/27/13"
"Harris, Emmylou","High Powered Love",SC8321,7,SC8321,,SC,1," 2/27/13"
"Harris, Emmylou","If I Could Only Win Your Love",SC8426,8,SC8426,,SC,1," 2/27/13"
"Harris, Emmylou","Lost His Love On Our First Date",CB60056,11,CB60056,,CB,1," 2/27/13"
"Harris, Emmylou","Lost His Love On Our Last Date",SC8412,7,SC8412,,SC,1," 2/27/13"
"Harris, Emmylou","Making Believe",CBE3-02,13,CBE3-02,,CB,1," 2/27/13"
"Harris, Emmylou","Mr. Sandman",MMGCP9804,14,MMGCP9804,,MM,1," 2/27/13"
"Harris, Emmylou","Once More",CB90016,10,CB90016,,CB,1," 2/27/13"
"Harris, Emmylou","One Of These Days",CB90016,11,CB90016,,CB,1," 2/27/13"
"Harris, Emmylou","Rollin' And Ramblin'",CB90016,12,CB90016,,CB,1," 2/27/13"
"Harris, Emmylou","Save The Last Dance For Me",CB90016,13,CB90016,,CB,1," 2/27/13"
"Harris, Emmylou","Thanks To You",MM6048,10,MM6048,,MM,1," 2/27/13"
"Harris, Emmylou","Together Again",SC8414,10,SC8414,,SC,1," 2/27/13"
"Harris, Emmylou","Two More Bottles Of Wine",CB90016,14,CB90016,,CB,1," 2/27/13"
"Harris, Emmylou","Wayfaring Stranger",CB90016,15,CB90016,,CB,1," 2/27/13"
"Harris, Emmylou","You Never Can Tell C'est La Vie",SC8647,1,SC8647,,SC,1," 2/27/13"
"Harris, Emmylou & Ricky Skaggs","Darkest Hour Is Just Before Dawn",CBEP476-1,15,CBEP476-1,,CB,1," 2/27/13"
"Harris, Emmylou & The Nash Ramblers","Get Up John",CBEP476-6,15,CBEP476-6,,CB,1," 2/27/13"
"Harris, Larnelle","How Excellent Is Thy Name",SC2045,8,SC2045,,SC,1," 2/27/13"
"Harris, Major","Love Won't Let Me Wait",SAVP38,11,SAVP38,,SA,1," 2/27/13"
"Harris, Peppermint","I Got Loaded",SC8136,5,SC8136,,SC,1," 2/27/13"
"Harris, Rolf","Tie Me Kangaroo Down",SAVP36,18,SAVP36,,SA,1," 2/27/13"
"Harris, Sam","Bridge Over Troubled Water",MM6410,13,MM6410,,MM,1," 2/27/13"
"Harris, Sam","Over The Rainbow",MM6198,13,MM6198,,MM,1," 2/27/13"
"Harris, Thurston","Little Bitty Pretty One",CBEP454-5,8,CBEP454-5,,CB,1," 2/27/13"
"Harrison, George","All Those Years Ago",SC8305,7,SC8305,,SC,1," 2/27/13"
"Harrison, George","Give Me Love",SC8204,1,SC8204,,SC,1," 2/27/13"
"Harrison, George","Got My Mind Set On You",SAVP09,10,SAVP09,,SA,1," 2/27/13"
"Harrison, George","My Sweet Lord",CBE3-18,14,CBE3-18,,CB,1," 2/27/13"
"Harrison, George","What Is Life",SC8552,11,SC8552,,SC,1," 2/27/13"
"Harrison, Wilbert","Kansas City",MMGCP9810,18,MMGCP9810,,MM,1," 2/27/13"
"Harry Belafont","Day-O (Bannana Boat Song)",SF166,6,SF166,,SF,1," 2/27/13"
"Harry, Debbie","French Kissin' In The Usa",SF075,14,SF075,,SF,1," 2/27/13"
"Harry, Debbie","I Want That Man",SF143,3,SF143,,SF,1," 2/27/13"
"Harry, Debby & Iggy Pop","Well Did You Evah!",SF145,8,SF145,,SF,1," 2/27/13"
"Hart, Beth","Delicious Surprise (I Believe)",SC8622,15,SC8622,,SC,1," 2/27/13"
"Hart, Beth","L.A. Song",MM6290,5,MM6290,,MM,1," 2/27/13"
"Hart, Beth",L.a.song,SC8572,13,SC8572,,SC,1," 2/27/13"
"Hart, Beth","La Song",PHT9914,5,PHT9914,,PH,1," 2/27/13"
"Hart, Corey","Never Surrender",SC8393,9,SC8393,,SC,1," 2/27/13"
"Hart, Corey","Sunglasses At Night",AH8002,12,AH8002,,AH,1," 2/27/13"
"Hart, Freddie","Easy Loving",DK079,17,DK079,,DK,1," 2/27/13"
"Hart, Freddie","Got The All Overs For You (All Over Me)",SC8792,15,SC8792,,SC,1," 2/27/13"
"Hart, Freddie","My Hang-Up Is You",DK076,15,DK076,,DK,1," 2/27/13"
"Hart, Freddie","Super Kind Of Woman",SC8767,3,SC8767,,SC,1," 2/27/13"
"Hart, Tara Lyn","Don't Ever Let Me Go",SC8614,3,SC8614,,SC,1," 2/27/13"
"Hart, Tara Lyn","Mine All Mine",CB60194,8,CB60194,,CB,1," 2/27/13"
"Hart, Tara Lyn","Stuff That Matters",CB60191,6,CB60191,,CB,1," 2/27/13"
"Hart, Tara Lyn","That's When You Came Along",SC8623,15,SC8623,,SC,1," 2/27/13"
"Harter, J. Michael","Hard Call To Make",CB60234,14,CB60234,,CB,1," 2/27/13"
"Hartford, John","Big Rock Candy Mountain",CBEP476-3,12,CBEP476-3,,CB,1," 2/27/13"
"Harting, Keith","Papa Bear",MM6235,4,MM6235,,MM,1," 2/27/13"
"Hartman, Dan","I Can Dream About You",SC8259,14,SC8259,,SC,1," 2/27/13"
"Hartman, Dan","I Can't Dream About You",SAVP24,11,SAVP24,,SA,1," 2/27/13"
"Hartman, Dan","Instant Replay",SC8840,11,SC8840,,SC,1," 2/27/13"
"Harvest Moon","Young, Neil",DG07,6,DG07,,DG,1," 2/27/13"
"Harvey, Pj","Downby The Water",SC8600,3,SC8600,,SC,1," 2/27/13"
"Harvey, PJ","Good Fortune",SC3244,6,SC3244,,SC,1," 2/27/13"
"Harvey, Pj","Good Fortune",SC8680,10,SC8680,,SC,1," 2/27/13"
"Harvey, Pj","One Line",SC8800,12,SC8800,,SC,1," 2/27/13"
"Hash Pipe",Weezer,PHR0108,1,PHR0108,,PH,1," 2/27/13"
"HASN'T HIT ME YET","BLUE RODEO",KAR004,8,KAR004,,KA,1," 2/27/13"
"Hat's Off To Larry","Shannon, Del",SF084,2,SF084,,SF,1," 2/27/13"
"Hatch, Coney","Monkey Bars",SC8713,9,SC8713,,SC,1," 2/27/13"
"Hatchet, Molly",Dreams,SGB16,13,SGB16,,SG,1," 2/27/13"
"Hate To Say I Told You So","Hives, The",PHR0209,5,PHR0209,,PH,1," 2/27/13"
"Hate To Say I Told You Soÿ","Hives, The",THR0209,13,THR0209,,TH,1," 2/27/13"
"Hathaway, Donny","This Christmas",SC8781,12,SC8781,,SC,1," 2/27/13"
"Hathaway, Lalah","Forever, For Always, For Love",PHU0503,5,PHU0503,,PH,1," 2/27/13"
"Hating (everything That I Could Find)",Korn,TU142,5,TU142,,TU,1," 2/27/13"
Haunted,Evanescence,TU217,4,TU217,,TU,1," 2/27/13"
"Havana Brown feat. Pitbull","We Run The Night",PHMP1205,3,PHMP1205,,PH,1," 2/27/13"
"Have I Told You Lately","Morrison, Van",BS7417,5,BS7417,,BS,1," 2/27/13"
"Have You Ever Seen The Rain","Creedence Clearwater Revival",KJT07,21,KJT07,,KJ,1," 2/27/13"
"Have You Seen Her","Chi-Lites, The",SF072,12,SF072,,SF,1," 2/27/13"
"Havens, Richie","Here Comes The Sun",SC8210,14,SC8210,,SC,1," 2/27/13"
"Havin' A Party","Southside Johnny",AH2009,13,AH2009,,AH,1," 2/27/13"
"Hawaiian-Ames Brothers, The","Hawaiian War Chant (Ta-Hu-Wa-Hu-Wai)",SAVP30,17,SAVP30,,SA,1," 2/27/13"
"Hawaiian-Ho, Don","Hawaiian Wedding Song",MM6016,9,MM6016,,MM,1," 2/27/13"
"Hawkes, Chesney","One And Only, The",SF112,15,SF112,,SF,1," 2/27/13"
"Hawkins, Brad","We Lose",SC3068,5,SC3068,,SC,1," 2/27/13"
"Hawkins, Edwin Singers","Lay Down Melanie",SC8808,9,SC8808,,SC,1," 2/27/13"
"Hawkins, Hawkshaw","Lonesome 7-7203",CBEP451-4,10,CBEP451-4,,CB,1," 2/27/13"
"Hawkins, Ronnie","Mary Lou",SC8521,12,SC8521,,SC,1," 2/27/13"
"Hawkins, Sophie B","As I Lay Me Down",MM6119,1,MM6119,,MM,1," 2/27/13"
"Hawkins, Sophie B.","As I Lay Me Down",MMBK09,15,MMBK09,,MM,1," 2/27/13"
"Hawkins, Sophie B.","Damn I Wish I Was Your Lover",MM6057,11,MM6057,,MM,1," 2/27/13"
"Hawkins, Sophie B.","Lose Your Way",SC8545,10,SC8545,,SC,1," 2/27/13"
"Hawkins, Sophie B.","Only Love",SD026,9,SD026,,SD,1," 2/27/13"
"Hawkins, Sophie B.","Right Beside You",SF025,15,SF025,,SF,1," 2/27/13"
"Hawkins, Sophie B.","Walking In My Blue Jeans",MM6340,14,MM6340,,MM,1," 2/27/13"
Hawkwind,"Silver Machine",SF040,5,SF040,,SF,1," 2/27/13"
"Hayes, Darren",Insatiable,CBEP473-6,15,CBEP473-6,,CB,1," 2/27/13"
"Hayes, Isaac","Bonus Track Theme From Shaft",SC8760,16,SC8760,,SC,1," 2/27/13"
"Hayes, Wade","Day She Left Tulsa In A Chevy, The",MMCOU203,20,MMCOU203,,MM,1," 2/27/13"
"Hayes, Wade","Day That She Left Tulsa, The",CHM9805,17,CHM9805,,CH,1," 2/27/13"
"Hayes, Wade","Don't Stop",CB60145,14,CB60145,,CB,1," 2/27/13"
"Hayes, Wade","Goodbye Is The Wrong Way To Go",CB60200,9,CB60200,,CB,1," 2/27/13"
"Hayes, Wade","How Do You Sleep At Night",SD056,12,SD056,,SD,1," 2/27/13"
"Hayes, Wade","I'm Still Dancin' With You",SC8163,14,SC8163,,SC,1," 2/27/13"
"Hayes, Wade","It's Over My Head",CB60007,14,CB60007,,CB,1," 2/27/13"
"Hayes, Wade","Old Enough To Know Better",CB60145,12,CB60145,,CB,1," 2/27/13"
"Hayes, Wade","On A Good Night",SC8289,10,SC8289,,SC,1," 2/27/13"
"Hayes, Wade","Tore Up From The Floor Up",SC8512,15,SC8512,,SC,1," 2/27/13"
"Hayes, Wade","Up North",SD071,12,SD071,,SD,1," 2/27/13"
"Hayes, Wade","Up North (Down South Back East Out West)",MM6301,6,MM6301,,MM,1," 2/27/13"
"Hayes, Wade","Up North (Down South, Back East, Out Wes",SC8602,1,SC8602,,SC,1," 2/27/13"
"Hayes, Wade","Up North Down South, Back East, Out West",CB60196,9,CB60196,,CB,1," 2/27/13"
"Hayes, Wade","What I Meant To Say",CB60145,15,CB60145,,CB,1," 2/27/13"
"Hayes, Wade","When The Wrong One Loves You Right",SD050,8,SD050,,SD,1," 2/27/13"
"Hayes, Wade","Where Do I Go To Start All Over",SD031,14,SD031,,SD,1," 2/27/13"
"Hayes, Wade","Wichita Lineman",SD042,13,SD042,,SD,1," 2/27/13"
"Haymes, Dick","It Might As Well Be Spring",SC8249,1,SC8249,,SC,1," 2/27/13"
"Hayward, Justin","Forever Autumn",BL27,8,BL27,,BL,1," 2/27/13"
"He Can Only Hold Her","Winehouse, Amy",XXX001,3,XXX001,,XX,1," 2/27/13"
"He Didn't Have To Be","Paisley, Brad",TUFP07,12,TUFP07,,TU,1," 2/27/13"
"He Drinks Tequila","Kershaw & Morgan",TUFP07,13,TUFP07,,TU,1," 2/27/13"
"He Isÿ","Headley, Heather",THH0212,13,THH0212,,TH,1," 2/27/13"
"Head East","Never Been Any Reason",SC8594,15,SC8594,,SC,1," 2/27/13"
"Head Full Of Ghosts",Bush,TU105,6,TU105,,TU,1," 2/27/13"
"Head Games",Foreigner,BS7517,7,BS7517,,BS,1," 2/27/13"
"Head Over Feet","Morissette, Alanis",THM9609,1,THM9609,,TH,1," 2/27/13"
"HEAD OVER HEELS","BLUE RODEO",KAR004,7,KAR004,,KA,1," 2/27/13"
"Head, Murray","One Night In Bangkok",SC8397,9,SC8397,,SC,1," 2/27/13"
"Head, Murray","One Night In Bankok",MM6192,15,MM6192,,MM,1," 2/27/13"
"Head, Roy","Treat Her Right",SC8563,6,SC8563,,SC,1," 2/27/13"
"Headful Of Ghosts",Bush,THR0203,12,THR0203,,TH,1," 2/27/13"
"Headley, Heather","He Is",PHU0303,8,PHU0303,,PH,1," 2/27/13"
"Headley, Heather","I Wish I Wasn't",PHU0306,7,PHU0306,,PH,1," 2/27/13"
"Headley, Heather","I Wish I Wasn't (radio version)",SC3369,1,SC3369,,SC,1," 2/27/13"
"Headley, Heather wvocal","I Wish I Wasn't",PHU0306,16,PHU0306,,PH,1," 2/27/13"
"Heads Carolina, Tails California","Messina, Jo Dee",AH8016,12,AH8016,,AH,1," 2/27/13"
Headstrong,Trapt,PHR0305,7,PHR0305,,PH,1," 2/27/13"
"Healey, Jeff, Band","Angel Eyes",CBE4-07,8,CBE4-07,,CB,1," 2/27/13"
"Healey, Jeff, Band","Blue Jean Blues",SGB027,9,SGB027,,SG,1," 2/27/13"
"Healey, Jeff, Band","Confidence Man",SGB027,7,SGB027,,SG,1," 2/27/13"
"Healey, Jeff, Band","While My Guitar Gently Weeps",SGB066,2,SGB066,,SG,1," 2/27/13"
Hear'Say,Everybody,SF185,1,SF185,,SF,1," 2/27/13"
Heart,"All I Wanna Do",SC7577,8,SC7577,,SC,1," 2/27/13"
Heart,Alone,SC8658,11,SC8658,,SC,1," 2/27/13"
Heart,Barracuda,SC8322,5,SC8322,,SC,1," 2/27/13"
Heart,"Crazy For You",SC2175,1,SC2175,,SC,1," 2/27/13"
Heart,"Crazy On You",SGB031,6,SGB031,,SG,1," 2/27/13"
Heart,"Dog & Butterfly",SC8346,5,SC8346,,SC,1," 2/27/13"
Heart,"Dreamboat Annie",SC8338,13,SC8338,,SC,1," 2/27/13"
Heart,"Even It Up",SC8331,5,SC8331,,SC,1," 2/27/13"
Heart,Fanatic,PHMP1212,9,PHMP1212,,PH,1," 2/27/13"
Heart,Heartless,SC8658,3,SC8658,,SC,1," 2/27/13"
Heart,"If Looks Could Kill",SC8600,6,SC8600,,SC,1," 2/27/13"
Heart,"Magic Man",SC8115,11,SC8115,,SC,1," 2/27/13"
Heart,Never,SC7559,12,SC7559,,SC,1," 2/27/13"
Heart,"Nothin' At All",SC2175,7,SC2175,,SC,1," 2/27/13"
Heart,"Straight On",SC8329,4,SC8329,,SC,1," 2/27/13"
Heart,Stranded,SC8466,13,SC8466,,SC,1," 2/27/13"
Heart,"Tell It Like It Is",SC8800,10,SC8800,,SC,1," 2/27/13"
Heart,"These Dreams",SC2175,6,SC2175,,SC,1," 2/27/13"
Heart,"What About Love",SC8641,10,SC8641,,SC,1," 2/27/13"
Heart,"Will You Be There In The Morning",SF026,11,SF026,,SF,1," 2/27/13"
Heart,"Woman In Me, The",SC8121,10,SC8121,,SC,1," 2/27/13"
"Heart Is A Lonely Hunter","McEntire, Reba",THMP033,15,THMP033,,TH,1," 2/27/13"
"Heart Of The Matter","Henley, Don",AH8015,11,AH8015,,AH,1," 2/27/13"
"Heart with Sarah McLachlan","Walkin' Good",PHMP1211,9,PHMP1211,,PH,1," 2/27/13"
"Heartache Tonight","Eagles, The",BS9017,3,BS9017,,BS,1," 2/27/13"
Heartaches,"Marcels, The",JV0009,9,JV0009,,JV,1," 2/27/13"
"Heartbreak Town","Dixie Chicks, The",RSZ603,5,RSZ603,,RS,1," 2/27/13"
Heartbreaker,"Grand Funk Railroad, The",AMS1506,5,AMS1506,,AM,1," 2/27/13"
Heartbreaker,"Led Zeppelin",PI009,6,PI009,,PI,1," 2/27/13"
Heartland,"The Sound A Dreams Makes",PHMC1301,5,PHMC1301,,PH,1," 2/27/13"
"Heather Headley","I Wish I Wasn't",SC8831,15,SC8831,,SC,1," 2/27/13"
"Heather Youmans","Girl To Change Your World",PHMP1005,8,PHMP1005,,PH,1," 2/27/13"
"Heatherly, Eric","Flowers On The Wall",SC8602,10,SC8602,,SC,1," 2/27/13"
"Heatherly, Eric","Last Man Comitted",CB60236,5,CB60236,,CB,1," 2/27/13"
"Heatherly, Eric","Last Man Committed",MM6369,13,MM6369,,MM,1," 2/27/13"
"Heatherly, Eric","Last Man Committed, The",SD097,11,SD097,,SD,1," 2/27/13"
"Heatherly, Eric","Sometimes It's Just Your Time",SD102,11,SD102,,SD,1," 2/27/13"
"Heatherly, Eric","Swimming In Champagne",CB60206,13,CB60206,,CB,1," 2/27/13"
"Heatherly, Eric","When A Heart Begins To Drift",CB60310,14,CB60310,,CB,1," 2/27/13"
"Heatherly, Eric","Wrong Five O' Clock",SD079,11,SD079,,SD,1," 2/27/13"
"Heatherly, Eric","Wrong Five O'clock",SC8655,1,SC8655,,SC,1," 2/27/13"
"Heatherly, Eric","Wrong Five O'Clock",PHN0104,8,PHN0104,,PH,1," 2/27/13"
Heatwave,"Always & Forever",SC8126,6,SC8126,,SC,1," 2/27/13"
Heatwave,"Always And Forever",SC7600,7,SC7600,,SC,1," 2/27/13"
Heatwave,"Boogie Nights",MM6192,14,MM6192,,MM,1," 2/27/13"
Heatwave,"Groove Line, The",CBEP468-3,8,CBEP468-3,,CB,1," 2/27/13"
Heaven,"Adams, Bryan",BS8917,5,BS8917,,BS,1," 2/27/13"
Heaven,Live,PHR0307,8,PHR0307,,PH,1," 2/27/13"
"Heaven 17",Temptation,SF111,10,SF111,,SF,1," 2/27/13"
"Hebb, Bobby",Sunny,SAVP02,15,SAVP02,,SA,1," 2/27/13"
"Hed Planet Earth",Bartender,SC8662,9,SC8662,,SC,1," 2/27/13"
"Hed planet Earth","Other Side",THMR0311,3,THMR0311,,TH,1," 2/27/13"
"Hedge Hoppers Anonymous","It's Good News Week",SF086,7,SF086,,SF,1," 2/27/13"
"Heidi Newfield","Johnny & June",PHMC0810,6,PHMC0810,,PH,1," 2/27/13"
Heights,"How Do You Talk To An Angel",MM6091,3,MM6091,,MM,1," 2/27/13"
Heinz,"Just Like Eddie",SF069,11,SF069,,SF,1," 2/27/13"
"Helen Reddy","I Am Woman",SC8138,5,SC8138,,SC,1," 2/27/13"
Hell,"Squirrel Nut Zippers",AMS1509,3,AMS1509,,AM,1," 2/27/13"
"Hell Is For Children","Benatar, Pat",AH2001,12,AH2001,,AH,1," 2/27/13"
"Hell Song, The","Sum 41",PHR0306,8,PHR0306,,PH,1," 2/27/13"
Hellagood,"No Doubt",PHM0206,2,PHM0206,,PH,1," 2/27/13"
Hello,Evanescence,TU217,5,TU217,,TU,1," 2/27/13"
"Hello Again","Diamond, Neil",AH7051,6,AH7051,,AH,1," 2/27/13"
"Hello Dolly","Hello Dolly",SF008,14,SF008,,SF,1," 2/27/13"
"Hello God","Parton, Dolly",THC0302,19,THC0302,,TH,1," 2/27/13"
"Hello Hello, I'm Back Again","Glitter, Gary",PX14,12,PX14,,PX,1," 2/27/13"
"Hello I Love You","Doors, The",BS7617,3,BS7617,,BS,1," 2/27/13"
"Hello Mr. Heartache","Dixie Chicks, The",RSZ603,6,RSZ603,,RS,1," 2/27/13"
"Hello Stranger","Lewis, Barbara",DG09,14,DG09,,DG,1," 2/27/13"
"Hello, I Love You","Doors, The",UK3102,3,UK3102,,UK,1," 2/27/13"
"Helms, Bobby",Fraulein,SC8538,12,SC8538,,SC,1," 2/27/13"
"Helms, Bobby","Jingle Bell Rock",CBEP462-3,15,CBEP462-3,,CB,1," 2/27/13"
"Helms, Bobby","My Special Angel",MM6018,15,MM6018,,MM,1," 2/27/13"
"Help Me","Mitchell, Joni",AH8010,14,AH8010,,AH,1," 2/27/13"
"Help Me Rhonda","Beach Boys, The",BS8517,7,BS8517,,BS,1," 2/27/13"
"Hendrix, Amanda E.","Joy And Pain",THMH0310,7,THMH0310,,TH,1," 2/27/13"
"Hendrix, Jimi","All Along The Watchtower",SGB028,4,SGB028,,SG,1," 2/27/13"
"Hendrix, Jimi","Are You Experienced",DK1114,5,DK1114,,DK,1," 2/27/13"
"Hendrix, Jimi","Cross Town Traffic",SC8724,8,SC8724,,SC,1," 2/27/13"
"Hendrix, Jimi",Fire,SC8404,5,SC8404,,SC,1," 2/27/13"
"Hendrix, Jimi","Foxy Lady",SC1030,4,SC1030,,SC,1," 2/27/13"
"Hendrix, Jimi","Hey Joe",DK054,10,DK054,,DK,1," 2/27/13"
"Hendrix, Jimi","Little Wing",SC7578,3,SC7578,,SC,1," 2/27/13"
"Hendrix, Jimi","Purple Haze",SC7572,11,SC7572,,SC,1," 2/27/13"
"Hendrix, Jimi","Red House",SC8327,11,SC8327,,SC,1," 2/27/13"
"Hendrix, Jimi","Stone Free",SGB025,2,SGB025,,SG,1," 2/27/13"
"Henley, Don","All She Wants To Do Is Dance",PI003,17,PI003,,PI,1," 2/27/13"
"Henley, Don","Boys Of Summer",SF123,16,SF123,,SF,1," 2/27/13"
"Henley, Don","For My Wedding",CB60213,13,CB60213,,CB,1," 2/27/13"
"Henley, Don","Not Enough Love In The World",AH8004,4,AH8004,,AH,1," 2/27/13"
"Henley, Don","Sit Down, You're Rockin' The Boat",MM6038,11,MM6038,,MM,1," 2/27/13"
"Hennessy, Carly","I'm Gonna Blow Your Mind",MM6340,12,MM6340,,MM,1," 2/27/13"
"Hennessy, Carly","I'm Gonna Blow Your Mind.",CB30013,8,CB30013,,CB,1," 2/27/13"
"Henry, Clarence ''frogman''","Ain't Got No Home",SC8544,14,SC8544,,SC,1," 2/27/13"
"Henry, Clarence ''frogman''","But I Do",MMGOLD02,17,MMGOLD02,,MM,1," 2/27/13"
"Henry, Clarence Frogman","You Always Hurt The One You Love",SF074,11,SF074,,SF,1," 2/27/13"
"Henry, Pauline","Feel Like Makin' Love",SF025,7,SF025,,SF,1," 2/27/13"
Hepburn,Bugs,SF146,12,SF146,,SF,1," 2/27/13"
Hepburn,"I Quit",SF140,13,SF140,,SF,1," 2/27/13"
"Her Strut","Seger, Bob",HV05,15,HV05,,HV,1," 2/27/13"
"Herd, The","From The Underworld",SF069,6,SF069,,SF,1," 2/27/13"
"Here And Now","Vandross, Luther",BS5017,4,BS5017,,BS,1," 2/27/13"
"Here Comes That Rainy Day Feeling","Fortunes, The",PLC09,5,PLC09,,PL,1," 2/27/13"
"Here Comes The Night","Morrison, Van",BS7417,11,BS7417,,BS,1," 2/27/13"
"Here Comes The Rain","Mavericks, The",AH8016,7,AH8016,,AH,1," 2/27/13"
"Here I Am","Adams, Bryan",THP0210,13,THP0210,,TH,1," 2/27/13"
"Here I Go Again",Whitesnake,PI022,18,PI022,,PI,1," 2/27/13"
"Here Is Gone","Googoo Dolls",THP0206,12,THP0206,,TH,1," 2/27/13"
"Here To Stay",Korn,PHR0206,8,PHR0206,,PH,1," 2/27/13"
"Here We Are",Alabama,BS8317,8,BS8317,,BS,1," 2/27/13"
"Here We Are","Estefan, Gloria",BS8417,7,BS8417,,BS,1," 2/27/13"
"Here's A Quarter","Tritt, Travis",DG08,15,DG08,,DG,1," 2/27/13"
"Here's Your Sign","Engvall, Doug & Travis Tritt",HV09,15,HV09,,HV,1," 2/27/13"
"Herman's Hermits","Can't You Hear My Heartbeat",DK089,14,DK089,,DK,1," 2/27/13"
"Herman's Hermits",Dandy,SC8255,12,SC8255,,SC,1," 2/27/13"
"Herman's Hermits","I'm Henry The Viii, I Am",MM6107,7,MM6107,,MM,1," 2/27/13"
"Herman's Hermits","I'm Henry The VIII, I Am",DK043,9,DK043,,DK,1," 2/27/13"
"Herman's Hermits","I'm Henry The Viii, I Am",SC7541,9,SC7541,,SC,1," 2/27/13"
"Herman's Hermits","I'm Henry Viii, I Am",SAVP28,18,SAVP28,,SA,1," 2/27/13"
"Herman's Hermits","I'm Into Something Good",CBEP459-6,12,CBEP459-6,,CB,1," 2/27/13"
"Herman's Hermits","Just A Little Bit Better",SC8770,9,SC8770,,SC,1," 2/27/13"
"Herman's Hermits","Listen People",SC8615,4,SC8615,,SC,1," 2/27/13"
"Herman's Hermits","Mrs. Brown You've Got A Lovely Daughter",DK009,16,DK009,,DK,1," 2/27/13"
"Herman's Hermits","My Sentimental Friend",SF065,5,SF065,,SF,1," 2/27/13"
"Herman's Hermits",Silhouettes,SC8396,5,SC8396,,SC,1," 2/27/13"
"Herman's Hermits","Something's Happening",SF100,12,SF100,,SF,1," 2/27/13"
"Herman's Hermits","There's A Kind Of Hush",SC8513,15,SC8513,,SC,1," 2/27/13"
"Hernandez, Patrick","Born To Be Alive",CBEP468-3,16,CBEP468-3,,CB,1," 2/27/13"
"Herndon, Ty","Few Short Years, A",SD097,14,SD097,,SD,1," 2/27/13"
"Herndon, Ty","Hands Of A Working Man",CB60150,14,CB60150,,CB,1," 2/27/13"
"Herndon, Ty","Hands Of A Working Man, The",CBEP461-2,8,CBEP461-2,,CB,1," 2/27/13"
"Herndon, Ty","Heather's Wall",SD091,12,SD091,,SD,1," 2/27/13"
"Herndon, Ty","I Have To Surrender",MMCOU203,16,MMCOU203,,MM,1," 2/27/13"
"Herndon, Ty","I Want My Goodbye Back",CB60151,14,CB60151,,CB,1," 2/27/13"
"Herndon, Ty","In Your Face",CB60151,15,CB60151,,CB,1," 2/27/13"
"Herndon, Ty","It Must Be Love",CB60110,14,CB60110,,CB,1," 2/27/13"
"Herndon, Ty","Living In A Moment",SC8294,13,SC8294,,SC,1," 2/27/13"
"Herndon, Ty","Love Like That, A",CB20191,11,CB20191,,CB,1," 2/27/13"
"Herndon, Ty","Loved Too Much",CHM9706,16,CHM9706,,CH,1," 2/27/13"
"Herndon, Ty","Man Holdin' On, A",CHM9807,20,CHM9807,,CH,1," 2/27/13"
"Herndon, Ty","No Mercy",SC8596,11,SC8596,,SC,1," 2/27/13"
"Herndon, Ty","She Wants To Be Wanted Again",SC8344,15,SC8344,,SC,1," 2/27/13"
"Herndon, Ty",Steam,SC8560,12,SC8560,,SC,1," 2/27/13"
"Herndon, Ty","What Mattered Most",SD014,3,SD014,,SD,1," 2/27/13"
"Herndon, Ty","You Can Leave Your Hat On",CBE4-23,14,CBE4-23,,CB,1," 2/27/13"
"Herndon, Ty & S. Bentley","Heart Half Empty",MM6125,11,MM6125,,MM,1," 2/27/13"
Hero,"Carey, Mariah",BS5017,1,BS5017,,BS,1," 2/27/13"
HERO,"CHAD KROEGER",TTM030,8,TTM030,,TT,1," 2/27/13"
Hero,"Iglesias, Enrique",THP0112,14,THP0112,,TH,1," 2/27/13"
"Hero (theme From Spiderman)","Kroeger, Chad & Josey Scott",PHR0207,1,PHR0207,,PH,1," 2/27/13"
Heroes,"Wallflowers, The",PHM9806,9,PHM9806,,PH,1," 2/27/13"
"Hewitt, Jennifer Love","Bare Naked",MM6370,7,MM6370,,MM,1," 2/27/13"
"Hewitt, Jennifer Love",Barenaked,CB30029,12,CB30029,,CB,1," 2/27/13"
"Hewitt, Jennifer Love","How Do I Deal",SC8503,10,SC8503,,SC,1," 2/27/13"
"Hey 19","Steely Dan",RSZ608,3,RSZ608,,RS,1," 2/27/13"
"Hey Baby","Chanel, Bruce",SF084,15,SF084,,SF,1," 2/27/13"
"Hey Baby","No Doubt",PHM0202,2,PHM0202,,PH,1," 2/27/13"
"Hey Baby","No Doubt & Bounty Killer",THP0203,10,THP0203,,TH,1," 2/27/13"
"Hey Baby","Nugent, Ted",DG02,8,DG02,,DG,1," 2/27/13"
"Hey Good Lookin'","Williams, Hank",KJT06,16,KJT06,,KJ,1," 2/27/13"
"Hey Little Girl","Syndicate Of Sound",DG06,3,DG06,,DG,1," 2/27/13"
"Hey Monday","How You Love Me Now",PHMP0911,8,PHMP0911,,PH,1," 2/27/13"
"Hey Mr. DJ","Backstreet Boys, The",PS1532,13,PS1532,,PS,1," 2/27/13"
"Hey Pretty",Poe,PHR0108,5,PHR0108,,PH,1," 2/27/13"
"Hey Romeo","Maybe You Remember Me Now",PHMC1301,6,PHMC1301,,PH,1," 2/27/13"
"Hey Sexy Ladyÿ","Shaggy & Brian & Tony Gold",THH0212,17,THH0212,,TH,1," 2/27/13"
"Hey Sexy Ladyÿ","Shaggy & Brian & Tony Gold w~vocal",THH0212,8,THH0212,,TH,1," 2/27/13"
"Hey Ya",Outkast,PHM0312,9,PHM0312,,PH,1," 2/27/13"
Hi-Five,"Never Should've Let You Go",SC8270,1,SC8270,,SC,1," 2/27/13"
"Hidden Agenda","David, Craig",SC3356,2,SC3356,,SC,1," 2/27/13"
"Hidden Agenda","David, Craig wvocal",SC3356,10,SC3356,,SC,1," 2/27/13"
Hide,Creed,TU105,7,TU105,,TU,1," 2/27/13"
Hide,"Creed w~vocal",PS1562,4,PS1562,,PS,1," 2/27/13"
"Higgins, Bertie",Casablanca,SAVP02,19,SAVP02,,SA,1," 2/27/13"
"Higgins, Bertie","Key Largo",MMGCP9806,17,MMGCP9806,,MM,1," 2/27/13"
"High Hopes","Sinatra, Frank",JV0019,3,JV0019,,JV,1," 2/27/13"
"High School Confidential","Rough Trade",GM1000,1,GM1000,,GM,1," 2/27/13"
Higher,"Creed w~vocal",PS1562,8,PS1562,,PS,1," 2/27/13"
"Highway 101","Baby, I'm Missing You",CB60107,12,CB60107,,CB,1," 2/27/13"
"Highway 101","Bed You Made For Me, The",SC8398,2,SC8398,,SC,1," 2/27/13"
"Highway 101","Bing Bang Boom",CB60098,6,CB60098,,CB,1," 2/27/13"
"Highway 101","Blame, The",CB60102,15,CB60102,,CB,1," 2/27/13"
"Highway 101","Cry, Cry, Cry",CBE4-19,10,CBE4-19,,CB,1," 2/27/13"
"Highway 101","Do You Love Me Just Say Yes",SC8564,2,SC8564,,SC,1," 2/27/13"
"Highway 101","Honky Tonk Baby",MM6010,13,MM6010,,MM,1," 2/27/13"
"Highway 101","Honky Tonk Heart",SC7555,10,SC7555,,SC,1," 2/27/13"
"Highway 101","It Must Be Love",SC8285,10,SC8285,,SC,1," 2/27/13"
"Highway 101","Setting Me Up",CB60111,8,CB60111,,CB,1," 2/27/13"
"Highway 101","Somewhere Tonight",SC8424,6,SC8424,,SC,1," 2/27/13"
"Highway 101","Walkin Talkin' Cryin' Barely Beatin' Bro",SC8144,8,SC8144,,SC,1," 2/27/13"
"Highway 101","Walkin' Talkin' Cryin' Barely Beatin'",MM6079,10,MM6079,,MM,1," 2/27/13"
"Highway 101","Where'd You Get Your Cheatin' From",MM6143,14,MM6143,,MM,1," 2/27/13"
"Highway 101","Whiskey If You Were A Woman",CBEP452-6,4,CBEP452-6,,CB,1," 2/27/13"
"Highway 101","Whiskey, If You Were A Woman",SC7551,15,SC7551,,SC,1," 2/27/13"
"Highway 101","Who's Gonna Love You",SC8324,15,SC8324,,SC,1," 2/27/13"
"Highway 101","Who's Lonely Now",MM6080,9,MM6080,,MM,1," 2/27/13"
"Highway Man","Nelson, Willie",TU208,9,TU208,,TU,1," 2/27/13"
"Highwaymen, The","Cotton Fields",CBEP469-4,13,CBEP469-4,,CB,1," 2/27/13"
"Highwaymen, The",Cottonfields,CB60129,4,CB60129,,CB,1," 2/27/13"
"Highwaymen, The",Highwayman,DK057,18,DK057,,DK,1," 2/27/13"
"Highwaymen, The","It Is What It Is",SC8171,11,SC8171,,SC,1," 2/27/13"
"Highwaymen, The",Michael,CBEP455-5,9,CBEP455-5,,CB,1," 2/27/13"
"Highwaymen, The","Michael Row The Boat Ashore",DK005,18,DK005,,DK,1," 2/27/13"
"Hill, Dan","Sometimes When We Touch",BL15,15,BL15,,BL,1," 2/27/13"
"Hill, Dan & Vonda Shepard","Can't We Try",SC8119,4,SC8119,,SC,1," 2/27/13"
"Hill, Drew","These Are Times",SGB06,3,SGB06,,SG,1," 2/27/13"
"Hill, Dru","I Should Be",PHU0301,7,PHU0301,,PH,1," 2/27/13"
"Hill, Dru","I Should Be...",THH0302,18,THH0302,,TH,1," 2/27/13"
"Hill, Dru","In My Bed",SC8476,11,SC8476,,SC,1," 2/27/13"
"Hill, Dru","Never Make A Promise",SC8395,7,SC8395,,SC,1," 2/27/13"
"Hill, Dru","Tell Me",SC8337,4,SC8337,,SC,1," 2/27/13"
"Hill, Dru","These Are The Times",SC8515,13,SC8515,,SC,1," 2/27/13"
"Hill, Dru","You Are Everything",DK1115,16,DK1115,,DK,1," 2/27/13"
"Hill, Dru wvocal","I Should Be",PHU0301,16,PHU0301,,PH,1," 2/27/13"
"Hill, Faith",Breathe,SGB42,13,SGB42,,SG,1," 2/27/13"
"Hill, Faith","Bringing Out The Elvis",CB20167,12,CB20167,,CB,1," 2/27/13"
"Hill, Faith","But I Will",CB60153,13,CB60153,,CB,1," 2/27/13"
"Hill, Faith",Cry,MM6373,15,MM6373,,MM,1," 2/27/13"
"Hill, Faith",Free,CB30033,8,CB30033,,CB,1," 2/27/13"
"Hill, Faith","Hard Way, The",CB60174,9,CB60174,,CB,1," 2/27/13"
"Hill, Faith","I Can't Do That Anymore",CBEP460-1,12,CBEP460-1,,CB,1," 2/27/13"
"Hill, Faith","I Got My Baby",SC8665,13,SC8665,,SC,1," 2/27/13"
"Hill, Faith","If I Should Fall Behind",CB90080,12,CB90080,,CB,1," 2/27/13"
"Hill, Faith","If I'm Not In Love",CB20167,11,CB20167,,CB,1," 2/27/13"
"Hill, Faith","If My Heart Had Wings",CB90080,9,CB90080,,CB,1," 2/27/13"
"Hill, Faith","It Matters To Me",SGB036,16,SGB036,,SG,1," 2/27/13"
"Hill, Faith","It Will Be Me",CB20167,9,CB20167,,CB,1," 2/27/13"
"Hill, Faith","Just About Now",SC8324,6,SC8324,,SC,1," 2/27/13"
"Hill, Faith","Just To Hear You Say You Love Me",SC2208,1,SC2208,,SC,1," 2/27/13"
"Hill, Faith","Let Me Let Go",SC8868,13,SC8868,,SC,1," 2/27/13"
"Hill, Faith","Let's Go To Vegas",SC8189,13,SC8189,,SC,1," 2/27/13"
"Hill, Faith","Let's Make Love",SC8868,11,SC8868,,SC,1," 2/27/13"
"Hill, Faith","Love Ain't Like That",SC8512,10,SC8512,,SC,1," 2/27/13"
"Hill, Faith","Love Is A Sweet Thing",CB90080,10,CB90080,,CB,1," 2/27/13"
"Hill, Faith","Man's Home Is His Castle, A",SC2040,8,SC2040,,SC,1," 2/27/13"
"Hill, Faith",Me,CB60174,11,CB60174,,CB,1," 2/27/13"
"Hill, Faith",One,THMP0307,11,THMP0307,,TH,1," 2/27/13"
"Hill, Faith","Piece Of My Heart",CBE4-21,11,CBE4-21,,CB,1," 2/27/13"
"Hill, Faith","Secret Of Life, The",SC8868,9,SC8868,,SC,1," 2/27/13"
"Hill, Faith","Somebody Stand By Me",CB90046,9,CB90046,,CB,1," 2/27/13"
"Hill, Faith","Someone Else's Dream",CB90046,10,CB90046,,CB,1," 2/27/13"
"Hill, Faith",Stronger,SC8809,4,SC8809,,SC,1," 2/27/13"
"Hill, Faith","Take Me As I Am",CB90046,15,CB90046,,CB,1," 2/27/13"
"Hill, Faith","That's How Love Moves",SC8602,14,SC8602,,SC,1," 2/27/13"
"Hill, Faith","There Will Come A Day",SC8868,15,SC8868,,SC,1," 2/27/13"
"Hill, Faith","There You'll Be",MM6343,16,MM6343,,MM,1," 2/27/13"
"Hill, Faith","This Kiss",MMCP2K05,16,MMCP2K05,,MM,1," 2/27/13"
"Hill, Faith","Way You Love Me, The",CBEP463-5,16,CBEP463-5,,CB,1," 2/27/13"
"Hill, Faith","What's In It For Me",CB90080,14,CB90080,,CB,1," 2/27/13"
"Hill, Faith","When The Lights Go Down",SC8806,14,SC8806,,SC,1," 2/27/13"
"Hill, Faith","When You Cry",CB60179,11,CB60179,,CB,1," 2/27/13"
"Hill, Faith","Where Are You Christmas",SC8781,7,SC8781,,SC,1," 2/27/13"
"Hill, Faith","Wild One",MMGCOU04,16,MMGCOU04,,MM,1," 2/27/13"
"Hill, Faith","You Can't Lose Me",CB90046,13,CB90046,,CB,1," 2/27/13"
"Hill, Faith","You Give Me Love",CB90046,14,CB90046,,CB,1," 2/27/13"
"Hill, Faith","You're Still Here",SC8826,13,SC8826,,SC,1," 2/27/13"
"Hill, Faith & Mcgraw, Tim","Just To Hear You Say That You Love Me",CBE2-10,12,CBE2-10,,CB,1," 2/27/13"
"Hill, Faith & Tim Mcgraw","It's Your Love",SC2180,4,SC2180,,SC,1," 2/27/13"
"Hill, Faith & Tim Mcgraw","Just To Hear You Say That You Love Me",CBEP461-2,13,CBEP461-2,,CB,1," 2/27/13"
"Hill, Faith & Tim McGraw","Just To Hear You Say You Love Me",SD052,1,SD052,,SD,1," 2/27/13"
"Hill, Faith & Tim Mcgraw","Just To Hear You Say You Love Me",CHM9808,14,CHM9808,,CH,1," 2/27/13"
"Hill, Faith & Tim McGraw","Let's Make Love",SD069,4,SD069,,SD,1," 2/27/13"
"Hill, Faith & Tim Mcgraw","Let's Make Love",CBEP471-6,16,CBEP471-6,,CB,1," 2/27/13"
"Hill, Faith & Tim McGraw","Let's Make Love",CHM0002,20,CHM0002,,CH,1," 2/27/13"
"Hill, Faith & Tim Mcgraw","Let's Make Love",CB30005,8,CB30005,,CB,1," 2/27/13"
"Hill, Faith wvocal",One,PHM0309,18,PHM0309,,PH,1," 2/27/13"
"Hill, Faith wvocal","There Will Come A Day",SC2336B,14,SC2336B,,SC,1," 2/27/13"
"Hill, Faith wvocal","There You'll Be",SC2336A,10,SC2336A,,SC,1," 2/27/13"
"Hill, Faith wvocal","You're Still Here",SC3367,14,SC3367,,SC,1," 2/27/13"
"Hill, Goldie","I Let The Stars Get In My Eyes",CBEP451-2,7,CBEP451-2,,CB,1," 2/27/13"
"Hill, Jessie","Ooh Poo Pah Doo",DK037,10,DK037,,DK,1," 2/27/13"
"Hill, Jordan","For The Love Of You",PHM9607,9,PHM9607,,PH,1," 2/27/13"
"Hill, Jordan","Remember Me This Way",SC8187,3,SC8187,,SC,1," 2/27/13"
"Hill, Kim","Janie's Gone Fishing",MM6056,14,MM6056,,MM,1," 2/27/13"
"Hill, Lauren","Can't Take My Eyes Off Of You",SGB06,1,SGB06,,SG,1," 2/27/13"
"Hill, Lauren","Doo Wop",SGB06,8,SGB06,,SG,1," 2/27/13"
"Hill, Lauren",Ex-Factor,SGB06,4,SGB06,,SG,1," 2/27/13"
"Hill, Lauren","Nothing Even Matters",SGB11,9,SGB11,,SG,1," 2/27/13"
"Hill, Lauryn","Can't Take My Eyes Off Of You",CBEP458-5,11,CBEP458-5,,CB,1," 2/27/13"
"Hill, Lauryn","Doo Wap (That Thing)",DK1115,10,DK1115,,DK,1," 2/27/13"
"Hill, Lauryn","Doo Wop",CBE3-25,8,CBE3-25,,CB,1," 2/27/13"
"Hill, Lauryn","Doo Wop (That Thing)",MM6394,2,MM6394,,MM,1," 2/27/13"
"Hill, Lauryn","Doo Wop That Thing",PHT9903,3,PHT9903,,PH,1," 2/27/13"
"Hill, Lauryn",Everything,MM6394,15,MM6394,,MM,1," 2/27/13"
"Hill, Lauryn","Everything Is Everything",SGB030,12,SGB030,,SG,1," 2/27/13"
"Hill, Lauryn",Ex-Factor,SC8523,13,SC8523,,SC,1," 2/27/13"
"Hill, Lauryn","To Zion",CBEP458-6,5,CBEP458-6,,CB,1," 2/27/13"
"Hillside Singers","I'd Like To Teach The World To Sing",SC8207,7,SC8207,,SC,1," 2/27/13"
"Hilltoppers, The",Marianne,SAVP39,12,SAVP39,,SA,1," 2/27/13"
"Hilton, Ronnie","Around The World",SF063,6,SF063,,SF,1," 2/27/13"
"Hilton, Tyler","When It Comes",PHM0502,6,PHM0502,,PH,1," 2/27/13"
Hinder,"The Best Is Yet To Come",PHMP0907,8,PHMP0907,,PH,1," 2/27/13"
Hinder,"The Life",PHMP1103,8,PHMP1103,,PH,1," 2/27/13"
Hinder,"Up All Night",PHMP0904,6,PHMP0904,,PH,1," 2/27/13"
Hinder,"Without You",PHMP0901,7,PHMP0901,,PH,1," 2/27/13"
"Hinsons, The","I'm Living In Canaan Now",CBEP466-2,8,CBEP466-2,,CB,1," 2/27/13"
"Hinsons, The","Jesus Found Me",CBEP466-2,9,CBEP466-2,,CB,1," 2/27/13"
"Hinsons, The","Lighthouse, The",CBEP466-2,16,CBEP466-2,,CB,1," 2/27/13"
"Hinsons, The","That I Could Still Go Free",CBEP466-2,17,CBEP466-2,,CB,1," 2/27/13"
"His Latest Flame","Presley, Elvis",ZMP002,1,ZMP002,,ZM,1," 2/27/13"
"Hit Me With Your Best Shot","Benatar, Pat",PI038,12,PI038,,PI,1," 2/27/13"
"Hit That",Offspring,PHR0402,2,PHR0402,,PH,1," 2/27/13"
"Hit The Road Jack","Charles, Ray",HV04,2,HV04,,HV,1," 2/27/13"
"Hitman Sammy Sam","Step Daddy",SC8834,6,SC8834,,SC,1," 2/27/13"
"Hitman Sammy Sam wvocal","Step Daddy",SC3371,14,SC3371,,SC,1," 2/27/13"
Hives,"Hate To Say I Told You So",SC8775,1,SC8775,,SC,1," 2/27/13"
"Hives, The","Hate To Say I Told You So",CB30027,14,CB30027,,CB,1," 2/27/13"
"Hives, The","Walk Idiot Walk",SC8883,15,SC8883,,SC,1," 2/27/13"
"Ho, Don","Tiny Bubbles",SC7540,5,SC7540,,SC,1," 2/27/13"
"Hobbs, Becky","Country Girls",CB60105,6,CB60105,,CB,1," 2/27/13"
"Hobbs, Becky","I Can't Fight This Feeling",SC8236,9,SC8236,,SC,1," 2/27/13"
"Hobbs, Becky","Jones On The Jukebox",MM6050,8,MM6050,,MM,1," 2/27/13"
"Hoffman, Billy","All I Wanted Was You",SC8729,10,SC8729,,SC,1," 2/27/13"
"Hoffman, Billy","You're The Ticket",SC8677,6,SC8677,,SC,1," 2/27/13"
"Hoffs, Susanna","All I Want",SC8337,11,SC8337,,SC,1," 2/27/13"
Hoku,"Another Dumb Blonde",SC8607,10,SC8607,,SC,1," 2/27/13"
Hoku,"Perfect Day",MM6404,10,MM6404,,MM,1," 2/27/13"
"Hold Me Close","Essex, David",SF071,14,SF071,,SF,1," 2/27/13"
"Hold Me Down","Lee, Tommy",PHR0206,6,PHR0206,,PH,1," 2/27/13"
"Hold On","Secret Garden",KC008,5,KC008,,KC,1," 2/27/13"
"Hold On Loosely","38 Special",AH8015,16,AH8015,,AH,1," 2/27/13"
"Holding Back The Years","Simply Red",BS3817,2,BS3817,,BS,1," 2/27/13"
Hole,Awful,SC8534,4,SC8534,,SC,1," 2/27/13"
Hole,"Celebrity Skin",SC8490,6,SC8490,,SC,1," 2/27/13"
Hole,"Doll Parts",SC8749,12,SC8749,,SC,1," 2/27/13"
Hole,"Gold Dust Woman",SC8316,2,SC8316,,SC,1," 2/27/13"
Hole,Malibu,PHT9905,6,PHT9905,,PH,1," 2/27/13"
"Hole In My Head","Dixie Chicks, The",RSZ603,7,RSZ603,,RS,1," 2/27/13"
Holiday,Madonna,PI022,6,PI022,,PI,1," 2/27/13"
"Holiday, Billie","Ain't Nobody's Business",MMRB01,9,MMRB01,,MM,1," 2/27/13"
"Holiday, Billie","All Of Me",MMSTA2-4,14,MMSTA2-4,,MM,1," 2/27/13"
"Holiday, Billie","Crazy He Calls Me",MM6142,13,MM6142,,MM,1," 2/27/13"
"Holiday, Billie","God Bless The Child",MM6055,14,MM6055,,MM,1," 2/27/13"
"Holiday, Billie","Good Morning Heartache",MMSTA2-3,6,MMSTA2-3,,MM,1," 2/27/13"
"Holiday, Billie","He's Funny That Way",MM6142,15,MM6142,,MM,1," 2/27/13"
"Holiday, Jennifer","And I Am Telling You I'm Not Going",SC8776,15,SC8776,,SC,1," 2/27/13"
"Holland, Greg","When I Come Back",CB60166,11,CB60166,,CB,1," 2/27/13"
"Holland, Greg","When I Come Back (I Wanna Be My Dog)",SC8152,15,SC8152,,SC,1," 2/27/13"
"Holliday, Michael","Story Of My Life, The",SF063,5,SF063,,SF,1," 2/27/13"
"Hollies, The","Air That I Breathe, The",SD015,10,SD015,,SD,1," 2/27/13"
"Hollies, The","Bus Stop",DK074,11,DK074,,DK,1," 2/27/13"
"Hollies, The","Carrie Ann",SC8221,5,SC8221,,SC,1," 2/27/13"
"Hollies, The",Carrie-Anne,SC8683,12,SC8683,,SC,1," 2/27/13"
"Hollies, The","He Ain't Heavy, He's My Brother",SF040,10,SF040,,SF,1," 2/27/13"
"Hollies, The","Here I Go Again",SF069,7,SF069,,SF,1," 2/27/13"
"Hollies, The","I'm Alive",SF045,6,SF045,,SF,1," 2/27/13"
"Hollies, The","Just One Look",SF045,4,SF045,,SF,1," 2/27/13"
"Hollies, The","Long Cool Woman (In A Black Dress)",AH8001,6,AH8001,,AH,1," 2/27/13"
"Hollies, The","Long Cool Woman In A Black Dress",SGB034,11,SGB034,,SG,1," 2/27/13"
"Hollies, The","Look Through Any Window",SC8874,8,SC8874,,SC,1," 2/27/13"
"Hollies, The","On A Caroousel",SC8575,9,SC8575,,SC,1," 2/27/13"
"Hollies, The","Stop Stop Stop",SC8225,13,SC8225,,SC,1," 2/27/13"
"Hollister, Dave","One Woman Man",CBEP473-1,12,CBEP473-1,,CB,1," 2/27/13"
"Hollister, Dave","Tell Me Why",CB30037,15,CB30037,,CB,1," 2/27/13"
"Holly Holy","Diamond, Neil",AH7051,7,AH7051,,AH,1," 2/27/13"
"Holly Valance","Naughty Girl",SF200,15,SF200,,SF,1," 2/27/13"
"Holly Williams",Alone,PHMC0911,8,PHMC0911,,PH,1," 2/27/13"
"Holly Williams","Keep The Change",PHMC0906,9,PHMC0906,,PH,1," 2/27/13"
"Holly Williams",Mama,PHMC0909,9,PHMC0909,,PH,1," 2/27/13"
"Holly, Buddy","Be Bop A Lula",CBEP454-3,13,CBEP454-3,,CB,1," 2/27/13"
"Holly, Buddy",Everyday,DK088,13,DK088,,DK,1," 2/27/13"
"Holly, Buddy",Hartbeat,SF143,9,SF143,,SF,1," 2/27/13"
"Holly, Buddy","It Doesn't Matter Anymore",DK074,14,DK074,,DK,1," 2/27/13"
"Holly, Buddy","It's So Easy",CBEP454-4,6,CBEP454-4,,CB,1," 2/27/13"
"Holly, Buddy","Maybe Baby",CBEP454-6,8,CBEP454-6,,CB,1," 2/27/13"
"Holly, Buddy","Oh Boy",MM6074,14,MM6074,,MM,1," 2/27/13"
"Holly, Buddy","Peggy Sue",SF017,12,SF017,,SF,1," 2/27/13"
"Holly, Buddy","That'll Be The Day",SF017,15,SF017,,SF,1," 2/27/13"
"Holly, Buddy","True Love Ways",CBEP454-6,15,CBEP454-6,,CB,1," 2/27/13"
"Holly, Buddy & The Crickets","Oh Boy",MMOLD02,7,MMOLD02,,MM,1," 2/27/13"
"Holly, Buddy & The Crickets","Peggy Sue",SC1004,4,SC1004,,SC,1," 2/27/13"
"Holly, Steve","Don't Make Me Beg",CB60190,5,CB60190,,CB,1," 2/27/13"
"Hollywood Argyles, The","Alley Oop",CBEP455-1,8,CBEP455-1,,CB,1," 2/27/13"
"Hollywood Beyond","What's The Colour Of Money",SAVP35,11,SAVP35,,SA,1," 2/27/13"
"Hollywood Bitch","Stone Temple Pilots",PHR0112,6,PHR0112,,PH,1," 2/27/13"
"Holman, Eddie","Hey There Lonely Girl",SC8284,14,SC8284,,SC,1," 2/27/13"
"Holmes , Dallas","Rise Again",CBEP466-2,11,CBEP466-2,,CB,1," 2/27/13"
"Holmes, Monty",Alone,SC8485,11,SC8485,,SC,1," 2/27/13"
"Holmes, Monty","Leave My Mama Out Of This",CB60150,10,CB60150,,CB,1," 2/27/13"
"Holmes, Rupert","Escape (The Pina Colada Song)",SAVP21,14,SAVP21,,SA,1," 2/27/13"
"Holmes, Rupert",Him,SC8577,12,SC8577,,SC,1," 2/27/13"
"Holmes, Rupert","Sad Eyes",CBEP474-4,13,CBEP474-4,,CB,1," 2/27/13"
"Holy, Steve","Blue Moon",MM6309,14,MM6309,,MM,1," 2/27/13"
"Holy, Steve","Don't Make Me Beg",SC8570,14,SC8570,,SC,1," 2/27/13"
"Holy, Steve","Good Morning Beautiful",SD087,12,SD087,,SD,1," 2/27/13"
"Holy, Steve","Hunger, The",CB60211,14,CB60211,,CB,1," 2/27/13"
"Holy, Steve","I'm Not Breakin'",THC0212,15,THC0212,,TH,1," 2/27/13"
"Holy, Steve","I'm Not Breaking",MM6373,7,MM6373,,MM,1," 2/27/13"
"Holy, Steve","I'm Not Breakin'",CB60239,14,CB60239,,CB,1," 2/27/13"
"Holy, Steve","Put Your Best Dress On",MM6418,14,MM6418,,MM,1," 2/27/13"
"Holy, Steve","Rock A Bye Heart",SC8816,10,SC8816,,SC,1," 2/27/13"
"Holy, Steve","Rock-A-Bye Heart",MM6383,13,MM6383,,MM,1," 2/27/13"
"Holy, Steve","Rock-a-bye Heart",THC0305,16,THC0305,,TH,1," 2/27/13"
"Holy, Steve wvocal","Rock A Bye Heart",SC3358,15,SC3358,,SC,1," 2/27/13"
"Hombres, The","Let It Out",SC8218,15,SC8218,,SC,1," 2/27/13"
"Home Sweet Home","Motley Crue",DG10,14,DG10,,DG,1," 2/27/13"
"Homer & Jethro","Battle Of Kookamonga, The",MM6330,11,MM6330,,MM,1," 2/27/13"
"Hometown Boy","Restless Heart",BS5117,4,BS5117,,BS,1," 2/27/13"
"Hometown News",Minivan,SD095,9,SD095,,SD,1," 2/27/13"
"Hometown News",Wheels,SD100,11,SD100,,SD,1," 2/27/13"
"Hometown Newsÿ","First, Second Chance",CB60310,12,CB60310,,CB,1," 2/27/13"
"Hondells, The","Little Honda",SC8202,3,SC8202,,SC,1," 2/27/13"
Honestly,Stryper,AMS1501,1,AMS1501,,AM,1," 2/27/13"
Honestly,Zwan,TU186,3,TU186,,TU,1," 2/27/13"
Honesty,"Joel, Billy",BS9117,13,BS9117,,BS,1," 2/27/13"
"Honesty (Write Me A List)","Atkins, Rodney w~vocal",THC0310,4,THC0310,,TH,1," 2/27/13"
"Honey Cone","Want Ads",CBEP464-2,15,CBEP464-2,,CB,1," 2/27/13"
"Honey I'm Home","Twain, Shania",RSZ605,14,RSZ605,,RS,1," 2/27/13"
Honeybus,"I Can't Let Maggie Go",SF070,7,SF070,,SF,1," 2/27/13"
"Honeycombs, The","Have I The Right",SF046,5,SF046,,SF,1," 2/27/13"
"Honeydrippers, The","Sea Of Love",MMOLD03,20,MMOLD03,,MM,1," 2/27/13"
"Honeymoon Suite","New Girl Now",SC8514,3,SC8514,,SC,1," 2/27/13"
Honeys,"End Of The Line",SF128,5,SF128,,SF,1," 2/27/13"
Honeys,"Finally Found",SF126,2,SF126,,SF,1," 2/27/13"
"Honky Tonk Woman","Rolling Stones, The",BS9217,10,BS9217,,BS,1," 2/27/13"
Hoobastank,"Crawling In The Dark",SC8732,14,SC8732,,SC,1," 2/27/13"
Hoobastank,Disappear,PHM0501,2,PHM0501,,PH,1," 2/27/13"
Hoobastank,"Out Of Control",PHR0401,3,PHR0401,,PH,1," 2/27/13"
Hoobastank,"Reason, The",SC3407,7,SC3407,,SC,1," 2/27/13"
Hoobastank,"Remember Me",THR0301,16,THR0301,,TH,1," 2/27/13"
Hoobastank,"Running Away",SC8803,13,SC8803,,SC,1," 2/27/13"
Hoobastank,"This Is Gonna Hurt",PHMP1301,2,PHMP1301,,PH,1," 2/27/13"
"Hooker, John Lee","Boom Boom Boom",MMRB01,20,MMRB01,,MM,1," 2/27/13"
"Hooker, John Lee","I'm In The Mood",MMRB04,10,MMRB04,,MM,1," 2/27/13"
"Hooker, John Lee","Mr. Lucky",MM6155,9,MM6155,,MM,1," 2/27/13"
"Hooray For Hollywood","Hooray For Hollywood",MM6100A,1,MM6100A,,MM,1," 2/27/13"
"Hooters, The","And We Danced",SC8568,9,SC8568,,SC,1," 2/27/13"
"Hootie & Blowfish, The","Hold My Hand",DK090,3,DK090,,DK,1," 2/27/13"
"Hootie & Blowfish, The","Let Her Cry",SC7584,13,SC7584,,SC,1," 2/27/13"
"Hootie & Blowfish, The","Only Wanna Be With You",DK098,3,DK098,,DK,1," 2/27/13"
"Hootie & The Blowfish",Drowning,SC8212,4,SC8212,,SC,1," 2/27/13"
"Hootie & The Blowfish","Hannah Jane",SC8349,14,SC8349,,SC,1," 2/27/13"
"Hootie & The Blowfish","Hold My Hand",SC8140,14,SC8140,,SC,1," 2/27/13"
"Hootie & The Blowfish","I Go Blind",MMGCP9809,16,MMGCP9809,,MM,1," 2/27/13"
"Hootie & The Blowfish","I Only Wanna Be With You",CBEP457-1,12,CBEP457-1,,CB,1," 2/27/13"
"Hootie & The Blowfish","I Will Wait",SC8487,4,SC8487,,SC,1," 2/27/13"
"Hootie & The Blowfish","Let Her Cry",SD013,7,SD013,,SD,1," 2/27/13"
"Hootie & The Blowfish","Old Man & Me",MM6150,15,MM6150,,MM,1," 2/27/13"
"Hootie & The Blowfish","Only Lonely",SC8501,13,SC8501,,SC,1," 2/27/13"
"Hootie & The Blowfish","Only Wanna Be With You",MMBK09,14,MMBK09,,MM,1," 2/27/13"
"Hootie & The Blowfish","Sad Caper",SC8325,13,SC8325,,SC,1," 2/27/13"
"Hootie & The Blowfish",Time,CBEP458-2,14,CBEP458-2,,CB,1," 2/27/13"
"Hootie & The Blowfish","Tucker's Town",SC8299,12,SC8299,,SC,1," 2/27/13"
"Hootie & The Blowfish",Wishing,SC8553,11,SC8553,,SC,1," 2/27/13"
"Hope Has A Place",Enya,TU173,8,TU173,,TU,1," 2/27/13"
"Hope, Bob","Thanks For The Memory",DK036,17,DK036,,DK,1," 2/27/13"
"Hopkin, Mary","Those Were The Days",DK089,13,DK089,,DK,1," 2/27/13"
"Hoppers, The","Anchor To The Power Of The Cross",CBEP466-4,1,CBEP466-4,,CB,1," 2/27/13"
"Hoppers, The","Go Ask",CBEP466-6,5,CBEP466-6,,CB,1," 2/27/13"
"Hoppers, The","Marriage Supper Of The Lamb",CBEP478-4,16,CBEP478-4,,CB,1," 2/27/13"
"Hoppers, The","Mention My Name",CBEP466-1,12,CBEP466-1,,CB,1," 2/27/13"
"Hoppers, The","Yes, I Am",CBEP478-1,13,CBEP478-1,,CB,1," 2/27/13"
"Horn, James","Texas Diary",MM6225,8,MM6225,,MM,1," 2/27/13"
"Horn, Shirly","Hit The Road Jack",MMRB2-2,17,MMRB2-2,,MM,1," 2/27/13"
"Horne, Lena","I Got A Right To Sing The Blues",MMRB03,10,MMRB03,,MM,1," 2/27/13"
"Horne, Lena","I Gotta Right To Sing The Blues",MM6142,4,MM6142,,MM,1," 2/27/13"
"Horne, Lena","Stormy Weather",MMSTA04,19,MMSTA04,,MM,1," 2/27/13"
"Hornsby, Bruce","Gonna Be Some Changes Made",PHR0410,5,PHR0410,,PH,1," 2/27/13"
"Hornsby, Bruce","Rainbows Cadillac",SC8235,10,SC8235,,SC,1," 2/27/13"
"Hornsby, Bruce","Valley Road, The",DK088,14,DK088,,DK,1," 2/27/13"
"Hornsby, Bruce","Walk In The Sun",SC8195,9,SC8195,,SC,1," 2/27/13"
"Hornsby, Bruce & The Range","Mandolin Rain",SC8580,6,SC8580,,SC,1," 2/27/13"
"Hornsby, Bruce & The Range","Way It Is, The",SC8514,13,SC8514,,SC,1," 2/27/13"
"Horton, Johnny","Battle Of New Orleans, The",DK062,16,DK062,,DK,1," 2/27/13"
"Horton, Johnny","Honky-Tonk Man",DK026,11,DK026,,DK,1," 2/27/13"
"Horton, Johnny","Johnny Reb",SC7558,4,SC7558,,SC,1," 2/27/13"
"Horton, Johnny","Mansion You Stole, The",SC8276,7,SC8276,,SC,1," 2/27/13"
"Horton, Johnny","North To Alaska",DK069,16,DK069,,DK,1," 2/27/13"
"Horton, Johnny","Sink The Bismarck",SC8243,10,SC8243,,SC,1," 2/27/13"
"Horton, Johnny","When It's Springtime In Alaska",SC8509,15,SC8509,,SC,1," 2/27/13"
"Hoskins Family","Joyful Morning",CBEP478-6,15,CBEP478-6,,CB,1," 2/27/13"
Hot,"Angel In Your Arms",SC8588,7,SC8588,,SC,1," 2/27/13"
"Hot 'N Juicy","I'm Horney",SGB12,9,SGB12,,SG,1," 2/27/13"
"Hot And Wet","112 & Ludacris",PHU0401,2,PHU0401,,PH,1," 2/27/13"
"Hot Blooded",Foreigner,PI038,13,PI038,,PI,1," 2/27/13"
"Hot Chelle Rae",Bleed,PHMP1006,5,PHMP1006,,PH,1," 2/27/13"
"Hot Chelle Rae","I Like To Dance",PHMP1001,9,PHMP1001,,PH,1," 2/27/13"
"Hot Chocolate","Brother Louie",SF055,6,SF055,,SF,1," 2/27/13"
"Hot Chocolate","Every One Is A Winner",SF023,10,SF023,,SF,1," 2/27/13"
"Hot Chocolate","Every One's A Winner",DK044,17,DK044,,DK,1," 2/27/13"
"Hot Chocolate","Everyone's A Winner",SC8284,13,SC8284,,SC,1," 2/27/13"
"Hot Chocolate","You Sexy Thing",DK031,13,DK031,,DK,1," 2/27/13"
"Hot Hot Heat",Bandages,THMR0308,6,THMR0308,,TH,1," 2/27/13"
"Hot Hot Heat","Talk To Me, Dance With Me",PHR0401,5,PHR0401,,PH,1," 2/27/13"
"Hot In Here",Nelly,PHM0208,6,PHM0208,,PH,1," 2/27/13"
"Hot Legs","Stewart, Rod",BS6717,6,BS6717,,BS,1," 2/27/13"
"Hot Rize","Blue Night",CBEP476-6,13,CBEP476-6,,CB,1," 2/27/13"
"Hot Stylz","Lookin Boy",PHMU0808,7,PHMU0808,,PH,1," 2/27/13"
"House Of Heroes","Touch This Light",PHMP1302,6,PHMP1302,,PH,1," 2/27/13"
"House Of Pain","Jump Around",MM6380B,11,MM6380B,,MM,1," 2/27/13"
"House, James","Anything For Love",SD019,13,SD019,,SD,1," 2/27/13"
"House, James","Little By Little",SC8159,10,SC8159,,SC,1," 2/27/13"
"House, James","This Is Me Missing You",SD018,11,SD018,,SD,1," 2/27/13"
Houston,"Ain't Nothing Wrong",PHU0412,5,PHU0412,,PH,1," 2/27/13"
"Houston & Chingy & Nate Dogg","I Like That",PHU0409,2,PHU0409,,PH,1," 2/27/13"
"Houston & Chingy & Nate Dogg & I-20","I Like That",SC8888,12,SC8888,,SC,1," 2/27/13"
"Houston & Chingy & Nate Dogg wvocal","I Like That",PHU0409,11,PHU0409,,PH,1," 2/27/13"
"Houston & Mandrell","After Closing Time",MM6314,13,MM6314,,MM,1," 2/27/13"
"Houston & Pendergrass","Hold Me",SC8482,11,SC8482,,SC,1," 2/27/13"
"Houston County","I Can't Make It Rain",PHMC1001,7,PHMC1001,,PH,1," 2/27/13"
"Houston, D. & T. Wynette","My Elusive Dreams",SAVP04,13,SAVP04,,SA,1," 2/27/13"
"Houston, David","Almost Persuaded",CB80097,5,CB80097,,CB,1," 2/27/13"
"Houston, David","Already It's Heaven",CB90139,6,CB90139,,CB,1," 2/27/13"
"Houston, David","Baby, Baby (I Know You're A Lady)",CB90139,8,CB90139,,CB,1," 2/27/13"
"Houston, David","Good Things",CB90139,14,CB90139,,CB,1," 2/27/13"
"Houston, David","Have A Little Faith",SC8509,11,SC8509,,SC,1," 2/27/13"
"Houston, David","I Do My Swinging At Home",SC8610,14,SC8610,,SC,1," 2/27/13"
"Houston, David","I'm Down To My Last I Love You",CB90139,11,CB90139,,CB,1," 2/27/13"
"Houston, David","My Elusive Dreams",CB90139,3,CB90139,,CB,1," 2/27/13"
"Houston, David","My Woman's Good To Me",CB90139,15,CB90139,,CB,1," 2/27/13"
"Houston, David","Where Love Used To Live",CB90139,7,CB90139,,CB,1," 2/27/13"
"Houston, David","With One Exception",SC8712,7,SC8712,,SC,1," 2/27/13"
"Houston, David","Woman Always Knows, A",SC8455,14,SC8455,,SC,1," 2/27/13"
"Houston, David","You Mean The World To Me",SC8419,15,SC8419,,SC,1," 2/27/13"
"Houston, Evans & Kelly","Heartbreak Hotel",SC8523,2,SC8523,,SC,1," 2/27/13"
"Houston, Marques","Pop That Booty",PHU0403,3,PHU0403,,PH,1," 2/27/13"
"Houston, Marques","That Girl",PHU0305,8,PHU0305,,PH,1," 2/27/13"
"Houston, Marques","That Girlÿ",THH0305,14,THH0305,,TH,1," 2/27/13"
"Houston, Marques wvocal","That Girl",PHU0305,17,PHU0305,,PH,1," 2/27/13"
"Houston, Randy","Let There Be One Cowboy Left",SC8278,2,SC8278,,SC,1," 2/27/13"
"Houston, Thelma","Don't Leave Me This Way",SC7547,15,SC7547,,SC,1," 2/27/13"
"Houston, Walter","September Song",SAVP02,6,SAVP02,,SA,1," 2/27/13"
"Houston, Whitney","All At Once",SAVP20,2,SAVP20,,SA,1," 2/27/13"
"Houston, Whitney","All The Man That I Need",SC2007,6,SC2007,,SC,1," 2/27/13"
"Houston, Whitney","Didn't We Almost Have It All",MMRB2-2,1,MMRB2-2,,MM,1," 2/27/13"
"Houston, Whitney",Exhale,DK1104,8,DK1104,,DK,1," 2/27/13"
"Houston, Whitney","Exhale (Shoop Shoop)",MMRB2-1,13,MMRB2-1,,MM,1," 2/27/13"
"Houston, Whitney","Exhale Shoop Shoop",PHM9601,2,PHM9601,,PH,1," 2/27/13"
"Houston, Whitney","Greatest Love Of All",SC7206,13,SC7206,,SC,1," 2/27/13"
"Houston, Whitney","Greatest Love Of All, The",MMGCP9805,8,MMGCP9805,,MM,1," 2/27/13"
"Houston, Whitney","Heartbreak Hotel",DK1113,13,DK1113,,DK,1," 2/27/13"
"Houston, Whitney","Heartbreak Hotel (2)",MMCP2K09,12,MMCP2K09,,MM,1," 2/27/13"
"Houston, Whitney","How Will I Know",SF037,10,SF037,,SF,1," 2/27/13"
"Houston, Whitney","I Believe In You & Me",MMGCP9805,16,MMGCP9805,,MM,1," 2/27/13"
"Houston, Whitney","I Believe In You And Me",CBEP463-3,10,CBEP463-3,,CB,1," 2/27/13"
"Houston, Whitney","I Have Nothing",SF005,15,SF005,,SF,1," 2/27/13"
"Houston, Whitney","I Learned From The Best",SC8581,10,SC8581,,SC,1," 2/27/13"
"Houston, Whitney","I Wanna Dance With Somebody",CBE29,7,CBE29,,CB,1," 2/27/13"
"Houston, Whitney","I Wanna Dance With Somebody (Who Loves M",BL14,2,BL14,,BL,1," 2/27/13"
"Houston, Whitney","I Will Always Love You",CBE29,10,CBE29,,CB,1," 2/27/13"
"Houston, Whitney","I'm Every Woman",SF036,11,SF036,,SF,1," 2/27/13"
"Houston, Whitney","I'm Your Baby Tonight",CBE4-06,14,CBE4-06,,CB,1," 2/27/13"
"Houston, Whitney","It' Not Right But It's OK",PHM9906,5,PHM9906,,PH,1," 2/27/13"
"Houston, Whitney","It's Not Right",PHT9910,5,PHT9910,,PH,1," 2/27/13"
"Houston, Whitney","It's Not Right But It's Okay",CBE2-27,6,CBE2-27,,CB,1," 2/27/13"
"Houston, Whitney","Love Will Save The Day",MMRB05,9,MMRB05,,MM,1," 2/27/13"
"Houston, Whitney",Miracle,MMRB04,5,MMRB04,,MM,1," 2/27/13"
"Houston, Whitney","Miracle, The",MM6052,7,MM6052,,MM,1," 2/27/13"
"Houston, Whitney","My Heart Is Calling",SC8476,15,SC8476,,SC,1," 2/27/13"
"Houston, Whitney","My Love Is Your Love",CBE4-09,14,CBE4-09,,CB,1," 2/27/13"
"Houston, Whitney","Not Right But Okay",SGB06,6,SGB06,,SG,1," 2/27/13"
"Houston, Whitney","On My Own",SF203,10,SF203,,SF,1," 2/27/13"
"Houston, Whitney","One Moment In Time",SAVP21,16,SAVP21,,SA,1," 2/27/13"
"Houston, Whitney","One Of Those Days",THH0302,14,THH0302,,TH,1," 2/27/13"
"Houston, Whitney","Queen Of The Night",MM6038,12,MM6038,,MM,1," 2/27/13"
"Houston, Whitney","Run To You",MM6030,11,MM6030,,MM,1," 2/27/13"
"Houston, Whitney","Saving All My Love For You",MMGCP9806,16,MMGCP9806,,MM,1," 2/27/13"
"Houston, Whitney","So Emotional",DK027,4,DK027,,DK,1," 2/27/13"
"Houston, Whitney","Star Spangled Banner, The",MM6052,9,MM6052,,MM,1," 2/27/13"
"Houston, Whitney","Step By Step",SC8476,6,SC8476,,SC,1," 2/27/13"
"Houston, Whitney","Try It On My Own",THMH0307,17,THMH0307,,TH,1," 2/27/13"
"Houston, Whitney","Try It On My Own (radio version)",SC3369,8,SC3369,,SC,1," 2/27/13"
"Houston, Whitney","Try It On My Own (Radio Version)",SC8831,8,SC8831,,SC,1," 2/27/13"
"Houston, Whitney",Watchulookinat,THH0306,16,THH0306,,TH,1," 2/27/13"
"Houston, Whitney","Whatcha Lookin' At",CB30027,3,CB30027,,CB,1," 2/27/13"
"Houston, Whitney",Whatchulookinat,SC8778,11,SC8778,,SC,1," 2/27/13"
"Houston, Whitney","Where Do Broken Hearts Go",MMRB05,17,MMRB05,,MM,1," 2/27/13"
"Houston, Whitney","Why Does It Hurt So Bad",MM6173,11,MM6173,,MM,1," 2/27/13"
"Houston, Whitney","You Give Good Love",DK037,3,DK037,,DK,1," 2/27/13"
"Houston, Whitney & Cece Winans","Count On Me",PHM9605,4,PHM9605,,PH,1," 2/27/13"
"Houston, Whitney & CeCe Winans","Count On Me",SF049,7,SF049,,SF,1," 2/27/13"
"Houston, Whitney & Cece Winans","Count On Me",CBEP458-2,17,CBEP458-2,,CB,1," 2/27/13"
"Houston, Whitney & Deborah Cox","Same Script, Different Cast",CB30003,15,CB30003,,CB,1," 2/27/13"
"Houston, Whitney & Enrique Iglesias","Could I Have This Kiss Forever",CB30004,15,CB30004,,CB,1," 2/27/13"
"Houston, Whitney & Enrique Iglesias","Same Script, Different Cast",SC8622,8,SC8622,,SC,1," 2/27/13"
"Houston, Whitney & George Michael","If I Told You That",SGB045,11,SGB045,,SG,1," 2/27/13"
"Houston, Whitney & Mariah Carey","When You Believe",CBEP471-4,16,CBEP471-4,,CB,1," 2/27/13"
"Houston, Whitney & Mariah Carey","When You Believe(Voc)",PHT9901,10,PHT9901,,PH,1," 2/27/13"
"Houston, Whitney With Enrique Iglesias","Could I Have This Kiss Forever",CBEP471-4,9,CBEP471-4,,CB,1," 2/27/13"
"Houston, Whitney wvocal","It' Not Right But It's OK",PHM9906,14,PHM9906,,PH,1," 2/27/13"
"Houston, Whitney wvocal","My Love Is Your Love",PHM9911,10,PHM9911,,PH,1," 2/27/13"
"Houston, Whitney wvocal","One Of Those Days",PHU0302,14,PHU0302,,PH,1," 2/27/13"
"How About You",Staind,PHR0402,7,PHR0402,,PH,1," 2/27/13"
"How Bizarre",OMC,PHM9706,4,PHM9706,,PH,1," 2/27/13"
"How Can I Live","Ill Nino",PHR0311,6,PHR0311,,PH,1," 2/27/13"
"How Come You Don't Call Me","Keys, Alicia",PHM0207,3,PHM0207,,PH,1," 2/27/13"
"How Cool Is That","Griggs, Andy",TUFP25,13,TUFP25,,TU,1," 2/27/13"
"How Do I Live","Rimes, LeAnn",TUFP07,14,TUFP07,,TU,1," 2/27/13"
"How Do You Do It To Me","Gerry & The Pacemakers",PLC09,10,PLC09,,PL,1," 2/27/13"
"How Do You Know",Robyn,PHM9707,6,PHM9707,,PH,1," 2/27/13"
"How Do You Like Me Now","Keith, Toby",TUFP25,14,TUFP25,,TU,1," 2/27/13"
"How I Beat Shaq","Carter, Aaron",TUM001,4,TUM001,,TU,1," 2/27/13"
"How Many (Rivers To Cross)",Luba,GM1001,8,GM1001,,GM,1," 2/27/13"
"How You Ever Gonna Know","Brooks, Garth",RSZ610,8,RSZ610,,RS,1," 2/27/13"
"How You Remind Me",Nickelback,PHR0111,5,PHR0111,,PH,1," 2/27/13"
"How's It Going To Be","Third Eye Blind",PHM9712,6,PHM9712,,PH,1," 2/27/13"
"How's Your Whole Family","Peters, Red",AMS2001,16,AMS2001,,AM,1," 2/27/13"
"Howard, Adina","Freak Like Me",SC8656,10,SC8656,,SC,1," 2/27/13"
"Howard, Eddy","You'll Never Walk Alone",MMSTA03,17,MMSTA03,,MM,1," 2/27/13"
"Howard, Jan","Evil On Your Mind",CBEP451-6,12,CBEP451-6,,CB,1," 2/27/13"
"Howard, Jim","Evil On Your Mind",CB60133,6,CB60133,,CB,1," 2/27/13"
"Howard, Miki","Ain't Nobody Like You",SC8754,14,SC8754,,SC,1," 2/27/13"
"Howard, Rebecca Lynn",Forgive,CB60235,15,CB60235,,CB,1," 2/27/13"
"Howard, Rebecca Lynn","I Don't Paint Myself Into Corners",CB60204,10,CB60204,,CB,1," 2/27/13"
"Howard, Rebecca Lynn","I Need A Vacation",SC8857,11,SC8857,,SC,1," 2/27/13"
"Howard, Rebecca Lynn","Out Here In The Water",CB60195,15,CB60195,,CB,1," 2/27/13"
"Howard, Rebecca Lynn","This Love",SC8807,13,SC8807,,SC,1," 2/27/13"
"Howard, Rebecca Lynn","What A Shame",MM6395,9,MM6395,,MM,1," 2/27/13"
"Howard, Rebecca Lynn","When My Dream Comes True",CHT9910,6,CHT9910,,CH,1," 2/27/13"
"Howard, Rebecca Lynn","When My Dreams Come True",CB60179,15,CB60179,,CB,1," 2/27/13"
"Howard, Rebecca Lynn wvocal","What A Shame",SC3378,11,SC3378,,SC,1," 2/27/13"
"Howie Day",Collide,PHR0503,3,PHR0503,,PH,1," 2/27/13"
"Howie Day","Perfect Time Of Day",PHM-0402,6,PHM-0402,,PH,1," 2/27/13"
"Howlin' Wolf","Smokestack Lightning",SC8339,1,SC8339,,SC,1," 2/27/13"
"Hues Corporation, The","Rock The Boat",DK012,14,DK012,,DK,1," 2/27/13"
"Huey Lewis","Do You Believe In Love",SC8393,15,SC8393,,SC,1," 2/27/13"
"Huey Lewis","I Want A New Drug",SC8172,2,SC8172,,SC,1," 2/27/13"
"Huey Lewis","Power Of Love",SF056,8,SF056,,SF,1," 2/27/13"
"Huey Lewis & The News","Heart Of Rock & Roll, The",SC7203,10,SC7203,,SC,1," 2/27/13"
"Huey Lewis & The News","If This Is It",SC8621,5,SC8621,,SC,1," 2/27/13"
"Huey Lewis & The News","Stuck With You",SC8627,11,SC8627,,SC,1," 2/27/13"
Human,Standard,AMS1053,8,AMS1053,,AM,1," 2/27/13"
"Human Beinz, The","Nobody But Me",AH8011,5,AH8011,,AH,1," 2/27/13"
"Human League","Don't You Want Me",SC8696,3,SC8696,,SC,1," 2/27/13"
"Human League, The","Do You Want Me",SF032,3,SF032,,SF,1," 2/27/13"
"Human League, The","Don't You Want Me",SC8427,14,SC8427,,SC,1," 2/27/13"
"Human League, The",Human,SF143,10,SF143,,SF,1," 2/27/13"
"Human League, The","Keep Feeling Fascination",SC8314,15,SC8314,,SC,1," 2/27/13"
"Human League, The","Love Action",SF105,8,SF105,,SF,1," 2/27/13"
"Human League, The","Mirror Man",SF145,9,SF145,,SF,1," 2/27/13"
"Human League, The",Mirrorman,AH8007,11,AH8007,,AH,1," 2/27/13"
"Human League, The","Tell Me When",SF029,1,SF029,,SF,1," 2/27/13"
"Humble Pie","30 Days In The Hole",SC8539,5,SC8539,,SC,1," 2/27/13"
"Humble Pie","Hot And Nasty",SC8204,6,SC8204,,SC,1," 2/27/13"
"Humble Pie","Natural Born Boogie",SF070,15,SF070,,SF,1," 2/27/13"
"Hummon, Marcus","God's Country Usa",MM6143,7,MM6143,,MM,1," 2/27/13"
"Hummon, Marcus","Honky Tonk Mona Lisa",SC8298,7,SC8298,,SC,1," 2/27/13"
"Humperdinck, Engelbert","After The Lovin'",DK080,16,DK080,,DK,1," 2/27/13"
"Humperdinck, Engelbert","After The Loving",MMSTA2-5,2,MMSTA2-5,,MM,1," 2/27/13"
"Humperdinck, Engelbert","Last Waltz, The",SAVP08,18,SAVP08,,SA,1," 2/27/13"
"Humperdinck, Engelbert","Quando Quando Quando",CBE4-01,6,CBE4-01,,CB,1," 2/27/13"
"Humperdinck, Engelbert","Quando, Quando, Quando",MMSTA03,15,MMSTA03,,MM,1," 2/27/13"
"Humperdinck, Engelbert","Release Me",CB5014-03,15,CB5014-03,,CB,1," 2/27/13"
"Humperdinck, Engelbert","Spanish Eyes",AH8012,8,AH8012,,AH,1," 2/27/13"
"Humperdinck, Engelbert","This Moment In Time",MMSTA2-1,17,MMSTA2-1,,MM,1," 2/27/13"
"Humperdinck, Engerbert","Quando Quando Quando",MMSTA2-2,3,MMSTA2-2,,MM,1," 2/27/13"
"Humperdinck, Englebert","After The Lovin'",CBE3-20,14,CBE3-20,,CB,1," 2/27/13"
Hungry,"Navarro, Dave",PHR0112,8,PHR0112,,PH,1," 2/27/13"
"Hungry Heart","Springsteen, Bruce",UK3101,4,UK3101,,UK,1," 2/27/13"
"Hunley, Con","It Came Upon A Midnight Clear",CBEP462-1,15,CBEP462-1,,CB,1," 2/27/13"
"Hunley, Con","Jolly Old St. Nicholas",CBEP462-5,10,CBEP462-5,,CB,1," 2/27/13"
"Hunter Hayes","All You Ever",PHMC1301,1,PHMC1301,,PH,1," 2/27/13"
"Hunter Hayes","Cry With You",PHMC1302,2,PHMC1302,,PH,1," 2/27/13"
"Hunter Hayes","Somebody's Heartbreak",PHMC1203,5,PHMC1203,,PH,1," 2/27/13"
"Hunter Hayes","Storm Warning",PHMC1108,2,PHMC1108,,PH,1," 2/27/13"
"Hunter Hayes",Wanted,PHMC1205,2,PHMC1205,,PH,1," 2/27/13"
"Hunter Hayes","What You Gonna Do",PHMC1208,3,PHMC1208,,PH,1," 2/27/13"
"Hunter, Alfonzo","Weekend Thang",SC8460,9,SC8460,,SC,1," 2/27/13"
"Hunter, Ian","Cleveland Rocks",SC8624,10,SC8624,,SC,1," 2/27/13"
"Hunter, Ivory Joe","Since I Met You Baby",SC8196,7,SC8196,,SC,1," 2/27/13"
"Hunter, Jesse","By The Way She's Lookin'",SC8324,1,SC8324,,SC,1," 2/27/13"
"Hunter, Jesse","Long Legged Hannah",SC8152,8,SC8152,,SC,1," 2/27/13"
"Hunter, Tab","Young Love",SF048,3,SF048,,SF,1," 2/27/13"
"Hurricane Chris feat Superstarr","Shes Fine",PHMU0905,9,PHMU0905,,PH,1," 2/27/13"
Hurt,"Presley, Elvis",KC006,9,KC006,,KC,1," 2/27/13"
"Hurt Me","Rimes, LeAnn",AH8016,5,AH8016,,AH,1," 2/27/13"
"Husbands & Wives","Brooks & Dunn",SC3100,7,SC3100,,SC,1," 2/27/13"
"Husky, Ferlin","Country Music Is Here To Stay",SC8491,15,SC8491,,SC,1," 2/27/13"
"Husky, Ferlin","Cuzz Yore So Sweet",CB90138,9,CB90138,,CB,1," 2/27/13"
"Husky, Ferlin",Gone,CB60132,5,CB60132,,CB,1," 2/27/13"
"Husky, Ferlin","Heavenly Sunshine",CB90138,14,CB90138,,CB,1," 2/27/13"
"Husky, Ferlin","I Can't Stop Loving You",CB90138,12,CB90138,,CB,1," 2/27/13"
"Husky, Ferlin","I Feel Better All Over",CBE4-13,13,CBE4-13,,CB,1," 2/27/13"
"Husky, Ferlin","I Feel Better All Over (More Than Anywhe",CB90138,7,CB90138,,CB,1," 2/27/13"
"Husky, Ferlin","I Really Don't Want To Know",DK026,17,DK026,,DK,1," 2/27/13"
"Husky, Ferlin","Just For You",CB90138,5,CB90138,,CB,1," 2/27/13"
"Husky, Ferlin","Little Tom",CB90138,8,CB90138,,CB,1," 2/27/13"
"Husky, Ferlin","Money Greases The Wheels",CB90138,13,CB90138,,CB,1," 2/27/13"
"Husky, Ferlin","My Reason For Living",CB90138,11,CB90138,,CB,1," 2/27/13"
"Husky, Ferlin",Once,CB90138,4,CB90138,,CB,1," 2/27/13"
"Husky, Ferlin","Timber I'm Falling",CB90138,6,CB90138,,CB,1," 2/27/13"
"Husky, Ferlin","Wings Of A Dove",CBEP451-3,15,CBEP451-3,,CB,1," 2/27/13"
"Huston, Randy","Lookin The Wolf In The Eye",SC8291,9,SC8291,,SC,1," 2/27/13"
"Hyland, Brian","Baby Face",DK061,11,DK061,,DK,1," 2/27/13"
"Hyland, Brian","Gypsy Woman",MM6149,2,MM6149,,MM,1," 2/27/13"
"Hyland, Brian","Itsy Bitsy Teenie Weenie Yellow Polka Do",MM6107,12,MM6107,,MM,1," 2/27/13"
"Hyland, Brian","Itsy Bitsy Teeny Weenie Yellow Polka Dot",CBE2-15,2,CBE2-15,,CB,1," 2/27/13"
"Hyland, Brian","Sealed With A Kiss",SAVP21,18,SAVP21,,SA,1," 2/27/13"
"Hyman, Phyllis","Old Friend",SAVP38,12,SAVP38,,SA,1," 2/27/13"
