"G Unit & Joe","Wanna Get To Know You",PHU0405,6,PHU0405,,PH,1," 2/27/13"
G-Unit,"Stunt 101",PHU0401,1,PHU0401,,PH,1," 2/27/13"
"G., Gina","Gimme Some Love",SC8390,13,SC8390,,SC,1," 2/27/13"
"Gabe Dixon Band","Five More Hours",PHMP0901,9,PHMP0901,,PH,1," 2/27/13"
"Gabriel, Peter","Big Time",SC8568,11,SC8568,,SC,1," 2/27/13"
"Gabriel, Peter","In Your Eyes",SC8611,13,SC8611,,SC,1," 2/27/13"
"Gabriel, Peter",Lovetown,SC8237,6,SC8237,,SC,1," 2/27/13"
"Gabriel, Peter","Red Rain",SC8603,11,SC8603,,SC,1," 2/27/13"
"Gabriel, Peter","Shock The Monkey",SC8611,6,SC8611,,SC,1," 2/27/13"
"Gabriel, Peter",Sledgehammer,SC8611,9,SC8611,,SC,1," 2/27/13"
"Gabriel, Peter","Solsbury Hill (Live Version)",SC8840,15,SC8840,,SC,1," 2/27/13"
"Gabriel, Peter & Kate Bush","Don't Give Up",SC8583,3,SC8583,,SC,1," 2/27/13"
Gabrielle,Dreams,SF005,10,SF005,,SF,1," 2/27/13"
Gabrielle,"Should I Stay",SF170,5,SF170,,SF,1," 2/27/13"
Gabrielle,Sunshine,SF148,15,SF148,,SF,1," 2/27/13"
"Gaines, Chris Garth Brooks","Lost In You",PHT9911,8,PHT9911,,PH,1," 2/27/13"
"Gaines, Rosie",Surrender,SF116,14,SF116,,SF,1," 2/27/13"
"Gaither Vocal Band, The","When Jesus Say's It's Enough",CBEP466-4,10,CBEP466-4,,CB,1," 2/27/13"
"Gaither Vocal Band, The","Yes I Know",CBEP466-5,9,CBEP466-5,,CB,1," 2/27/13"
"Gaithers, The","Because He Lives",CBEP466-2,13,CBEP466-2,,CB,1," 2/27/13"
"Gaithers, The","Going Home",CBEP466-2,6,CBEP466-2,,CB,1," 2/27/13"
"Gaithers, The","Joy Comes In The Morning",CBEP466-3,12,CBEP466-3,,CB,1," 2/27/13"
Gala,"Let A Boy Cry",SF118,6,SF118,,SF,1," 2/27/13"
"Gallagher And Lyle","Heart On My Sleeve",SF168,12,SF168,,SF,1," 2/27/13"
Gallery,"Nice To Be With You",AH8011,11,AH8011,,AH,1," 2/27/13"
Galloways,"Somebody Say Amen",CBEP478-6,14,CBEP478-6,,CB,1," 2/27/13"
"Gambler, The","Rogers, Kenny",KC001,13,KC001,,KC,1," 2/27/13"
"Game Of Love, The","Branch, Michelle  & Santana",PHM0212,3,PHM0212,,PH,1," 2/27/13"
"Game Of Love, The","Santana & Michelle Branch",THP0301,11,THP0301,,TH,1," 2/27/13"
"Game, The & 50 Cent","How We Do",PHU0502,4,PHU0502,,PH,1," 2/27/13"
"Games People Play","Inner Circle, The",AH9821,5,AH9821,,AH,1," 2/27/13"
"Gangsta Lovin'","Eve & Alicia Keys",THH0211,17,THH0211,,TH,1," 2/27/13"
"Gap Band, The","Early In The Morning",SC8704,9,SC8704,,SC,1," 2/27/13"
"Gap Band, The","Oops Upside Your Head",SF028,14,SF028,,SF,1," 2/27/13"
"Gap Band, The","Party Train",SC8667,5,SC8667,,SC,1," 2/27/13"
"Gap Band, The","You Dropped A Bomb On Me",MM6135,14,MM6135,,MM,1," 2/27/13"
Garbage,"#1 Crush",SC8448,12,SC8448,,SC,1," 2/27/13"
Garbage,"Blood For Poppies",PHMP1206,3,PHMP1206,,PH,1," 2/27/13"
Garbage,"I Think I'm Paranoid",SF123,15,SF123,,SF,1," 2/27/13"
Garbage,Milk,SC8343,12,SC8343,,SC,1," 2/27/13"
Garbage,"Only Happy When It Rains",SC8348,8,SC8348,,SC,1," 2/27/13"
Garbage,"Push It",SC8462,5,SC8462,,SC,1," 2/27/13"
Garbage,Queer,SC8263,4,SC8263,,SC,1," 2/27/13"
Garbage,Special,SGB18,12,SGB18,,SG,1," 2/27/13"
Garbage,"Stupid Girl",SC8308,10,SC8308,,SC,1," 2/27/13"
Garbage,"When I Grow Up",SC8553,10,SC8553,,SC,1," 2/27/13"
Garbage,"You Look So Fine",SF142,9,SF142,,SF,1," 2/27/13"
"Garden Party","Nelson, Ricky",KJT07,6,KJT07,,KJ,1," 2/27/13"
"Gardiner, Boris","I Want To Wake Up With You",SF058,2,SF058,,SF,1," 2/27/13"
"Gareth Gates","What My Heart Wants To Say",SF200,16,SF200,,SF,1," 2/27/13"
"Garfunkel, Art","I Only Have Eyes For You",DK1107,6,DK1107,,DK,1," 2/27/13"
"Garland, Judy","Come Rain Come Shine",MMSTA2-1,3,MMSTA2-1,,MM,1," 2/27/13"
"Garland, Judy","Come Rain Or Come Shine",DK1107,14,DK1107,,DK,1," 2/27/13"
"Garland, Judy","Man That Got Away, The",SC7553,15,SC7553,,SC,1," 2/27/13"
"Garland, Judy","Meet Me In St. Louis",SAVP36,15,SAVP36,,SA,1," 2/27/13"
"Garland, Judy","Over The Rainbow",SAVP02,18,SAVP02,,SA,1," 2/27/13"
"Garland, Judy","Somewhere Over The Rainbow",DK008,18,DK008,,DK,1," 2/27/13"
"Garland, Judy",Swanee,MM6137,14,MM6137,,MM,1," 2/27/13"
"Garland, Judy","Trolley Song, The",SAVP36,14,SAVP36,,SA,1," 2/27/13"
"Garland, Judy","When You're Smiling",DK085,18,DK085,,DK,1," 2/27/13"
"Garland, Judy","When Your Smiling",SC8288,14,SC8288,,SC,1," 2/27/13"
"Garland, Judy","You Made Me Love You",CBE3-15,4,CBE3-15,,CB,1," 2/27/13"
"Garner, Kristin","Let's Burn It Down",CB60219,8,CB60219,,CB,1," 2/27/13"
"Garner, Kristin",Lightly,CB60217,15,CB60217,,CB,1," 2/27/13"
"Garner, Kristin","Singing To The Scarecrow",CB60228,9,CB60228,,CB,1," 2/27/13"
"Garnet Mimms & Enchanters","Cry Baby",SC8521,5,SC8521,,SC,1," 2/27/13"
"Garnett, Gale","We'll Sing In The Sunshine",CBEP469-3,12,CBEP469-3,,CB,1," 2/27/13"
Garou,Gitan,SC2388,5,SC2388,,SC,1," 2/27/13"
"Garou wvocal",Gitan,SC2388,13,SC2388,,SC,1," 2/27/13"
"Garrett & Jones & Debarge","I'm Yours",SC8542,4,SC8542,,SC,1," 2/27/13"
"Garth Brooks & Huey Lewis","Workin' For A Livin'",PHMC0805,5,PHMC0805,,PH,1," 2/27/13"
"Gary Allan","Kiss Me When I'm Down",PHMC1012,5,PHMC1012,,PH,1," 2/27/13"
"Gary Allan","She's So California",PHMC0901,5,PHMC0901,,PH,1," 2/27/13"
"Gary Allan",Today,PHMC0910,8,PHMC0910,,PH,1," 2/27/13"
"Gary Go",Wonderful,PHMP0909,7,PHMP0909,,PH,1," 2/27/13"
"Gary Puckett & The Union Gap","Lady Will Power",SF100,10,SF100,,SF,1," 2/27/13"
"Gary Puckett & The Union Gap","Young Girl",SF052,7,SF052,,SF,1," 2/27/13"
"Gately, Stephen","I Believe",SF171,6,SF171,,SF,1," 2/27/13"
"Gately, Steven","New Beginning",SF165,6,SF165,,SF,1," 2/27/13"
"Gates, David","Love Is Always Seventeen",SC8317,2,SC8317,,SC,1," 2/27/13"
"Gates, David","Save The Last Dance For Me",SC8171,7,SC8171,,SC,1," 2/27/13"
"Gates, Gareth","Say It Isnt So",SF212,4,SF212,,SF,1," 2/27/13"
"Gates, Gareth",Sunshine,SF208,15,SF208,,SF,1," 2/27/13"
"Gatlin, Larry","All The Gold In California",CBE3-03,13,CBE3-03,,CB,1," 2/27/13"
"Gatlin, Larry","Broken Lady",CBE4-15,11,CBE4-15,,CB,1," 2/27/13"
"Gatlin, Larry","Houston (Means I'm One Day Closer To You",CB60169,14,CB60169,,CB,1," 2/27/13"
"Gatlin, Larry","Houston Means I'm One Day Closer To You",CBEP452-4,12,CBEP452-4,,CB,1," 2/27/13"
"Gatlin, Larry","I Don't Wanna Cry",CB90105,8,CB90105,,CB,1," 2/27/13"
"Gatlin, Larry","I Heard The Bells On Christmas Day",CBEP462-5,12,CBEP462-5,,CB,1," 2/27/13"
"Gatlin, Larry","I Just Wish You Were Someone I Love",CB90105,10,CB90105,,CB,1," 2/27/13"
"Gatlin, Larry","I've Done Enough Dyin' Today",CBE3-04,6,CBE3-04,,CB,1," 2/27/13"
"Gatlin, Larry","Love Is Just A Game",CB90105,9,CB90105,,CB,1," 2/27/13"
"Gatlin, Larry","Love Of A Lifetime",CB90105,15,CB90105,,CB,1," 2/27/13"
"Gatlin, Larry","Night Time Magic",CB90105,2,CB90105,,CB,1," 2/27/13"
"Gatlin, Larry","O' Holy Night",CBEP462-2,11,CBEP462-2,,CB,1," 2/27/13"
"Gatlin, Larry","She Used To Be Somebody's Baby",CB90105,7,CB90105,,CB,1," 2/27/13"
"Gatlin, Larry","Statues Without Hearts",CB90105,5,CB90105,,CB,1," 2/27/13"
"Gatlin, Larry","Sure Feels Like Love",CB90105,13,CB90105,,CB,1," 2/27/13"
"Gatlin, Larry","Take Me To Your Lovin' Place",CB90105,11,CB90105,,CB,1," 2/27/13"
"Gatlin, Larry","Talkin' To The Moon",CB90105,14,CB90105,,CB,1," 2/27/13"
"Gatlin, Larry","What Are We Doin' Lonesome",CB90105,12,CB90105,,CB,1," 2/27/13"
"Gatlin, Larry & Gatlin Brothers, The","All The Gold In California",SC7590,14,SC7590,,SC,1," 2/27/13"
"Gatlin, Larry & The Gatlin Brothers","All The Gold In California",SC8424,7,SC8424,,SC,1," 2/27/13"
"Gatlin, Larry & The Gatlin Brothers",Houston,SC8431,1,SC8431,,SC,1," 2/27/13"
"Gatlin, Larry & The Gatlin Brothers","Take Me To Your Lovin' Place",SC8326,9,SC8326,,SC,1," 2/27/13"
"Gattis, Keith","Little Drops Of My Heart",MM6145,14,MM6145,,MM,1," 2/27/13"
"Gattis, Keith","Real Deal",SC8303,12,SC8303,,SC,1," 2/27/13"
"Gavin DeGraw","In Love With A Girl",PHMP0806,3,PHMP0806,,PH,1," 2/27/13"
"Gay Dad","To Earth With Love",SF130,12,SF130,,SF,1," 2/27/13"
"Gaye & Terrell","Ain't Nothing Like The Real Thing",MM6013,15,MM6013,,MM,1," 2/27/13"
"Gaye & Terrell","Your Precious Love",MM6067,12,MM6067,,MM,1," 2/27/13"
"Gaye & Terrill","You're Precious Love",CBEP459-1,17,CBEP459-1,,CB,1," 2/27/13"
"Gaye & Weston","It Takes Two",SF018,11,SF018,,SF,1," 2/27/13"
"Gaye, Marvin","Ain't That Peculiar",DK067,12,DK067,,DK,1," 2/27/13"
"Gaye, Marvin","Got To Give It Up",BL25,14,BL25,,BL,1," 2/27/13"
"Gaye, Marvin","Heard It Through The Grapevine",SF018,6,SF018,,SF,1," 2/27/13"
"Gaye, Marvin","How Sweet It Is",SC8226,10,SC8226,,SC,1," 2/27/13"
"Gaye, Marvin","How Sweet It Is (To Be Loved By You)",DK008,7,DK008,,DK,1," 2/27/13"
"Gaye, Marvin","I Heard It Through The Grapevine",SC7527,15,SC7527,,SC,1," 2/27/13"
"Gaye, Marvin","I'll Be Doggone",DK077,8,DK077,,DK,1," 2/27/13"
"Gaye, Marvin","Inner City Blues",DK063,9,DK063,,DK,1," 2/27/13"
"Gaye, Marvin","Let's Get It On",CBEP464-5,13,CBEP464-5,,CB,1," 2/27/13"
"Gaye, Marvin","Mercy Mercy Me",DK061,10,DK061,,DK,1," 2/27/13"
"Gaye, Marvin","Mercy Mercy Me (The Ecology)",MM6303,2,MM6303,,MM,1," 2/27/13"
"Gaye, Marvin","Pride & Joy",MM6067,1,MM6067,,MM,1," 2/27/13"
"Gaye, Marvin","Pride And Joy",MMRB2-5,3,MMRB2-5,,MM,1," 2/27/13"
"Gaye, Marvin","Sexual (Healing)",SF107,14,SF107,,SF,1," 2/27/13"
"Gaye, Marvin","Sexual Healing",SC7534,13,SC7534,,SC,1," 2/27/13"
"Gaye, Marvin","That's The Way Love Is",CBEP459-6,6,CBEP459-6,,CB,1," 2/27/13"
"Gaye, Marvin","Too Busy Thinking About My Baby",CBEP459-5,14,CBEP459-5,,CB,1," 2/27/13"
"Gaye, Marvin","What's Goin' On",CBE2-20,13,CBE2-20,,CB,1," 2/27/13"
"Gaye, Marvin & Kim Weston","It Takes Two",BL34,15,BL34,,BL,1," 2/27/13"
"Gaye, Marvin & Tammi Terrell","Ain't No Mountain High Enough",CBEP471-1,4,CBEP471-1,,CB,1," 2/27/13"
"Gaye, Marvin & Tammi Terrell","Ain't Nothing Like The Real Thing",CBEP459-2,4,CBEP459-2,,CB,1," 2/27/13"
"Gaye, Marvin & Tammi Terrell","You're All I Need To Get By",CBEP459-4,10,CBEP459-4,,CB,1," 2/27/13"
"Gaye, Marvin & Tammi Terrell","Your Precious Love",CBEP471-1,12,CBEP471-1,,CB,1," 2/27/13"
"Gayle, Crystal","Baby What About You",CB60169,12,CB60169,,CB,1," 2/27/13"
"Gayle, Crystal","Blue Side, The",CB90070,14,CB90070,,CB,1," 2/27/13"
"Gayle, Crystal",Cry,CB60126,9,CB60126,,CB,1," 2/27/13"
"Gayle, Crystal","Don't It Make My Brown Eyes Blue",SC7507,15,SC7507,,SC,1," 2/27/13"
"Gayle, Crystal","Don't It Make My Brown Eyes..",MMBK04,13,MMBK04,,MM,1," 2/27/13"
"Gayle, Crystal","Half The Way",SC8642,11,SC8642,,SC,1," 2/27/13"
"Gayle, Crystal",Hallelujah,CB60187,14,CB60187,,CB,1," 2/27/13"
"Gayle, Crystal","Have Yourself A Merry Little Christmas",CBEP462-1,13,CBEP462-1,,CB,1," 2/27/13"
"Gayle, Crystal","I'll Do It All Over Again",CB90070,11,CB90070,,CB,1," 2/27/13"
"Gayle, Crystal","I'll Get Over You",CBEP452-2,16,CBEP452-2,,CB,1," 2/27/13"
"Gayle, Crystal","I've Cried",SC8401,15,SC8401,,SC,1," 2/27/13"
"Gayle, Crystal","If You Ever Change Your Mind",CB90070,5,CB90070,,CB,1," 2/27/13"
"Gayle, Crystal","It's Like We Never Said Goodbye",CB90070,13,CB90070,,CB,1," 2/27/13"
"Gayle, Crystal","Makin' Up For Lost Time",CBE4-18,10,CBE4-18,,CB,1," 2/27/13"
"Gayle, Crystal","Our Love Is On The Faultline",SC8461,1,SC8461,,SC,1," 2/27/13"
"Gayle, Crystal","Ready For The Times To Get Better",CB60168,9,CB60168,,CB,1," 2/27/13"
"Gayle, Crystal","Somebody Loves You",CB90070,8,CB90070,,CB,1," 2/27/13"
"Gayle, Crystal","Talking In Your Sleep",SC7537,13,SC7537,,SC,1," 2/27/13"
"Gayle, Crystal","Three Good Reasons",SC8317,10,SC8317,,SC,1," 2/27/13"
"Gayle, Crystal","Too Many Lovers",CB90070,15,CB90070,,CB,1," 2/27/13"
"Gayle, Crystal","Turning Away",CB60167,6,CB60167,,CB,1," 2/27/13"
"Gayle, Crystal","What Child Is This",CBEP462-6,10,CBEP462-6,,CB,1," 2/27/13"
"Gayle, Crystal","When I Dream",SC8375,11,SC8375,,SC,1," 2/27/13"
"Gayle, Crystal","Why Have You Left The One You Left Me Fo",CB60039,12,CB60039,,CB,1," 2/27/13"
"Gayle, Crystal","Wrong Road Again",SC8414,9,SC8414,,SC,1," 2/27/13"
"Gayle, Crystal","You Never Miss A Real Good Thing",CB90070,3,CB90070,,CB,1," 2/27/13"
"Gayle, Crystal","You'll Never Miss A Real Good Thing",SC8401,8,SC8401,,SC,1," 2/27/13"
"Gayle, Crystal & E. Rabbitt","You And I",MMGCP9807,11,MMGCP9807,,MM,1," 2/27/13"
"Gayle, Crystal wvocal","Don't It Make My Brown Eyes Blue",SC2432,9,SC2432,,SC,1," 2/27/13"
"Gayle, Michell",Freedom,SF027,5,SF027,,SF,1," 2/27/13"
"Gaynor, Gloria",Honeybee,CBEP468-1,7,CBEP468-1,,CB,1," 2/27/13"
"Gaynor, Gloria","I Will Survive",SGB21,15,SGB21,,SG,1," 2/27/13"
"Gaynor, Gloria","Never Can Say Goodbye",CBEP468-1,12,CBEP468-1,,CB,1," 2/27/13"
"Gazza & Lindisfarne","Fog On The Tyne (Revisited)",SF112,8,SF112,,SF,1," 2/27/13"
"Gearing, Ashley","Can You Hear Me",MM6391,15,MM6391,,MM,1," 2/27/13"
"Gearing, Ashley","Can You Hear Me When I Talk To You",SC8837,9,SC8837,,SC,1," 2/27/13"
"Geggy Tah","Whoever You Are",SC8325,10,SC8325,,SC,1," 2/27/13"
"Geils, J., Band",Centerfold,SC8354,13,SC8354,,SC,1," 2/27/13"
"Geils, J., Band","Detroit Breakdown",SC8397,13,SC8397,,SC,1," 2/27/13"
"Geils, J., Band","Freeze Frame",SC8197,5,SC8197,,SC,1," 2/27/13"
"Geils, J., Band","Love Stinks",SGB026,11,SGB026,,SG,1," 2/27/13"
"Gene Chandler","Duke Of Earl",SC8108,11,SC8108,,SC,1," 2/27/13"
"Gene Loves Jezebel",Jealous,SC8466,5,SC8466,,SC,1," 2/27/13"
"General Public","I'll Take You There",AH9821,9,AH9821,,AH,1," 2/27/13"
"General Public",Tenderness,SC8510,3,SC8510,,SC,1," 2/27/13"
"Generation X","King Rocker",SF109,7,SF109,,SF,1," 2/27/13"
Genesis,"Follow You Follow Me",SC8611,1,SC8611,,SC,1," 2/27/13"
Genesis,"Hold On My Heart",SC8366,6,SC8366,,SC,1," 2/27/13"
Genesis,"Hold On To My Heart",MM6049,13,MM6049,,MM,1," 2/27/13"
Genesis,"I Can't Dance",AH8007,12,AH8007,,AH,1," 2/27/13"
Genesis,"Land Of Confusion",SC8687,9,SC8687,,SC,1," 2/27/13"
Genesis,"Man On The Corner",SC8624,13,SC8624,,SC,1," 2/27/13"
Genesis,Misunderstanding,SC8611,2,SC8611,,SC,1," 2/27/13"
Genesis,"No Reply At All",SC8611,3,SC8611,,SC,1," 2/27/13"
Genesis,"That's All",SC8535,4,SC8535,,SC,1," 2/27/13"
Genies,"Who's That Knockin'",MM6400,12,MM6400,,MM,1," 2/27/13"
"Gentry, Bobbie","Ode To Billie Joe",SGB41,12,SGB41,,SG,1," 2/27/13"
"Gentry, Bobbie","Ode To Billy Joe",DK033,15,DK033,,DK,1," 2/27/13"
"Gentry, Montgomery","Didn't I",SC8759,12,SC8759,,SC,1," 2/27/13"
"Gentry, Montgomery","Hell Yeah",SC8842,4,SC8842,,SC,1," 2/27/13"
"Gentry, Montgomery","My Town",SC8769,12,SC8769,,SC,1," 2/27/13"
"Gentry, Montgomery","Self Made Man",SC8617,5,SC8617,,SC,1," 2/27/13"
"Gentry. Montgomery","Hell Yeah",THMC-0311,5,THMC-0311,,TH,1," 2/27/13"
"Gentrys, The","Keep On Dancing",DK030,10,DK030,,DK,1," 2/27/13"
"George Jones","Ain't Love A Lot Like That",CB20154,9,CB20154,,CB,1," 2/27/13"
"George Jones","Real Deal",CB20154,10,CB20154,,CB,1," 2/27/13"
"George Jones","Sinner And Saints",CB20154,7,CB20154,,CB,1," 2/27/13"
"George Jones","The Cold Hard Truth",CB20154,8,CB20154,,CB,1," 2/27/13"
"George Jones","When The Last Curtain Falls",CB20154,12,CB20154,,CB,1," 2/27/13"
"George Jones","You Never Know Just How Good You",CB20154,11,CB20154,,CB,1," 2/27/13"
"George Mc Crae","Rock Your Baby",SF168,7,SF168,,SF,1," 2/27/13"
"George Michael","A Different Corner",SF075,4,SF075,,SF,1," 2/27/13"
"George Michael","I'm Your Man",SF058,4,SF058,,SF,1," 2/27/13"
"George Michael","Jesus To A Child",SF060,3,SF060,,SF,1," 2/27/13"
"George Michael","Praying For Time",SF053,5,SF053,,SF,1," 2/27/13"
"George Strait",Adalida,SC8163,11,SC8163,,SC,1," 2/27/13"
"George Strait","All My Ex's Live In Texas",SC8183,6,SC8183,,SC,1," 2/27/13"
"George Strait","Am I Blue",SC8380,13,SC8380,,SC,1," 2/27/13"
"George Strait","Baby Blue",SC8144,4,SC8144,,SC,1," 2/27/13"
"George Strait","Big One, The",SC8141,11,SC8141,,SC,1," 2/27/13"
"George Strait","Chair, The",SC8105,12,SC8105,,SC,1," 2/27/13"
"George Strait","Check Yes Or No",SC8194,11,SC8194,,SC,1," 2/27/13"
"George Strait","Drinkin' Champagne",SC8136,10,SC8136,,SC,1," 2/27/13"
"George Strait","Easy Come, Easy Go",SC8144,2,SC8144,,SC,1," 2/27/13"
"George Strait","Fool Hearted Memory",SC8385,9,SC8385,,SC,1," 2/27/13"
"George Strait",Heartland,SC8175,12,SC8175,,SC,1," 2/27/13"
"George Strait","Here for a Good Time",PHMC1111,1,PHMC1111,,PH,1," 2/27/13"
"George Strait","I Cross My Heart",SC8103,12,SC8103,,SC,1," 2/27/13"
"George Strait","I Gotta Get To You",PHMC1005,4,PHMC1005,,PH,1," 2/27/13"
"George Strait","I Saw God Today",PHMC0805,1,PHMC0805,,PH,1," 2/27/13"
"George Strait","I'd Like To Have That One Back",SC8177,2,SC8177,,SC,1," 2/27/13"
"George Strait","Lead On",SC8186,5,SC8186,,SC,1," 2/27/13"
"George Strait","Let's Fall To Pieces Together",SC8133,7,SC8133,,SC,1," 2/27/13"
"George Strait","Love Bug",SC8180,12,SC8180,,SC,1," 2/27/13"
"George Strait","Love's Gonna Make It Alright",PHMC1202,1,PHMC1202,,PH,1," 2/27/13"
"George Strait","Man In Love With You, The",SC8139,3,SC8139,,SC,1," 2/27/13"
"George Strait","Marina Del Ray",SC8133,11,SC8133,,SC,1," 2/27/13"
"George Strait","Ocean Front Property",SC8104,3,SC8104,,SC,1," 2/27/13"
"George Strait","One Night At A Time",SC8370,10,SC8370,,SC,1," 2/27/13"
"George Strait","Overnight Male",SC8177,6,SC8177,,SC,1," 2/27/13"
"George Strait",Twang,PHMC0911,1,PHMC0911,,PH,1," 2/27/13"
"George Strait","You Know Me Better Than That",SC8165,1,SC8165,,SC,1," 2/27/13"
"George, Barbara","I Know",MM6006,15,MM6006,,MM,1," 2/27/13"
"George, Barbara","I Know You Don't Love Me No More",CBEP455-6,13,CBEP455-6,,CB,1," 2/27/13"
"Georgia On My Mind","Charles, Ray",JV0025,1,JV0025,,JV,1," 2/27/13"
"Georgia On My Mind","Nelson, Willie",TU208,8,TU208,,TU,1," 2/27/13"
"Georgia Satellites","Hippy Hippy Shake",CBE4-08,12,CBE4-08,,CB,1," 2/27/13"
"Georgia Satellites, The","Hippy Hippy Shake",MM6135,1,MM6135,,MM,1," 2/27/13"
"Georgia Satellites, The","Keep Your Hands To Yourself",SC7509,15,SC7509,,SC,1," 2/27/13"
Gerardo,"Rico Suave",SC8656,11,SC8656,,SC,1," 2/27/13"
"Gerblansky, Ned","Feel Like Making Love",SGB12,8,SGB12,,SG,1," 2/27/13"
"Gerry & Pacemakers, The","Don't Let The Sun Catch You Crying",SC7573,15,SC7573,,SC,1," 2/27/13"
"Gerry & Pacemakers, The","Ferry Cross The Mersey",DK023,9,DK023,,DK,1," 2/27/13"
"Gerry & The Pacemakers","Don't Let The Sun Catch You Crying",SC8651,15,SC8651,,SC,1," 2/27/13"
"Gerry & The Pacemakers","Ferry Cross The Mersey",SC8563,14,SC8563,,SC,1," 2/27/13"
"Gerry & The Pacemakers","How Do You Do It To Me",SC8221,11,SC8221,,SC,1," 2/27/13"
"Gerry & The Pacemakers","I Like It",SF038,13,SF038,,SF,1," 2/27/13"
"Gerry & The Pacemakers","You'll Never Walk Alone",SF028,12,SF028,,SF,1," 2/27/13"
Gertcha,"Chas & Dave",PX14,7,PX14,,PX,1," 2/27/13"
"Get Awayÿ",Earshot,THR0207,16,THR0207,,TH,1," 2/27/13"
"Get Free",Vines,PHR0210,7,PHR0210,,PH,1," 2/27/13"
"Get Freeÿ","Vines, The",THR0209,15,THR0209,,TH,1," 2/27/13"
"Get Here","Adams, Oleta",KJT08,5,KJT08,,KJ,1," 2/27/13"
"Get In Line (Duet Version)","Barenaked Ladies",RSZ604,10,RSZ604,,RS,1," 2/27/13"
"Get In Line (Solo Version)","Barenaked Ladies",RSZ604,18,RSZ604,,RS,1," 2/27/13"
"Get Me Through","Osbourne, Ozzy",PHR0201,8,PHR0201,,PH,1," 2/27/13"
"Get Off Of My Cloud","Rolling Stones, The",UK3103,11,UK3103,,UK,1," 2/27/13"
"Get Over It","Eagles, The",BS9017,2,BS9017,,BS,1," 2/27/13"
"Get Over Yourself",Shedaisy,PHN0206,2,PHN0206,,PH,1," 2/27/13"
"Get The Party Started",Pink,THP0201,14,THP0201,,TH,1," 2/27/13"
"Getcha Some","Keith, Toby",SC3100,3,SC3100,,SC,1," 2/27/13"
"Gettin' In Tune","Who, The",AH8005,11,AH8005,,AH,1," 2/27/13"
"Gettin' Jiggy Wit It","Smith, Will",PHM9804,3,PHM9804,,PH,1," 2/27/13"
"Getz, Stan & Astrid Gilberto","Girl From Ipanema, The",SAVP07,3,SAVP07,,SA,1," 2/27/13"
"Ghost Riders In The Sky","Blues Brothers, The",TU102,6,TU102,,TU,1," 2/27/13"
"Ghostface & Missy Elliott",Tush,PHU0407,9,PHU0407,,PH,1," 2/27/13"
"Gibb, Andy","I Just Want To Be Your Everything",CBEP468-3,2,CBEP468-3,,CB,1," 2/27/13"
"Gibb, Andy","Love Is Thicker Than Water",CBEP474-3,11,CBEP474-3,,CB,1," 2/27/13"
"Gibb, Andy","Shadow Dancing",SC8514,9,SC8514,,SC,1," 2/27/13"
"Gibb, Barry & Streisand, Barbra",Guilty,SC2130,4,SC2130,,SC,1," 2/27/13"
"Gibb, Robin","Saved By The Bell",SF065,6,SF065,,SF,1," 2/27/13"
"Gibbs, Georgia","Dance With Me Henry",CBE3-16,10,CBE3-16,,CB,1," 2/27/13"
"Gibbs, Georgia","Kiss Of Fire",DK036,18,DK036,,DK,1," 2/27/13"
"Gibbs, Terri","Somebody's Knockin'",SC7544,14,SC7544,,SC,1," 2/27/13"
"Gibson Miller Band, The","Johnny Get Your Gun",SC8324,7,SC8324,,SC,1," 2/27/13"
"Gibson Miller Band, The","Red, White And Blue Collar",SC8228,14,SC8228,,SC,1," 2/27/13"
"Gibson Miller Band, The","Texas Tattoo",MM6029,8,MM6029,,MM,1," 2/27/13"
"Gibson, Debbie","Lost In Your Eyes",SC8585,6,SC8585,,SC,1," 2/27/13"
"Gibson, Don","Blue Blue Day",SC8208,4,SC8208,,SC,1," 2/27/13"
"Gibson, Don","Country Green",SC8434,5,SC8434,,SC,1," 2/27/13"
"Gibson, Don","Just One Time",SC8509,3,SC8509,,SC,1," 2/27/13"
"Gibson, Don","Lonesome Number One",SC8555,6,SC8555,,SC,1," 2/27/13"
"Gibson, Don","Oh Lonesome Me",CB60134,10,CB60134,,CB,1," 2/27/13"
"Gibson, Don","Oh, Lonesome Me",CBEP451-2,13,CBEP451-2,,CB,1," 2/27/13"
"Gibson, Don","Sea Of Heartbreak",CBE4-14,5,CBE4-14,,CB,1," 2/27/13"
"Gibson, Don","Too Soon To Know",CB60135,8,CB60135,,CB,1," 2/27/13"
"Gibson, Don","Touch The Morning",SC8421,10,SC8421,,SC,1," 2/27/13"
"Gibson, Don","Who Cares",SC8579,13,SC8579,,SC,1," 2/27/13"
"Gibson, Don","Woman Sensuous Woman",SC8494,2,SC8494,,SC,1," 2/27/13"
Gigi,"Thank Heaven For Little Girls",SGB50,1,SGB50,,SG,1," 2/27/13"
"Gilberto, Astrud","Shadow Of Your Smile, The",SAVP07,4,SAVP07,,SA,1," 2/27/13"
"Gilder, Nick","Hot Child In The City",DK034,13,DK034,,DK,1," 2/27/13"
"Gilham, Tommy","Red White And Blue",CB60237,15,CB60237,,CB,1," 2/27/13"
"Gill & Loveless","My Kind Of Woman My Kind Of Man",CB60177,13,CB60177,,CB,1," 2/27/13"
"Gill, Johnny","Let's Get The Mood Right",SC8320,9,SC8320,,SC,1," 2/27/13"
"Gill, Johnny","My My My",SC8405,5,SC8405,,SC,1," 2/27/13"
"Gill, Johnny","My, My, My",CBE4-07,4,CBE4-07,,CB,1," 2/27/13"
"Gill, Johnny","Rub You The Right Way",DK049,2,DK049,,DK,1," 2/27/13"
"Gill, Johnny & Troutman, Roger","It's Your Body",SC8476,13,SC8476,,SC,1," 2/27/13"
"Gill, Vince",Cinderella,SC8332,11,SC8332,,SC,1," 2/27/13"
"Gill, Vince","Don't Come Crying To Me",CB60160,11,CB60160,,CB,1," 2/27/13"
"Gill, Vince","Don't Let Our Love Start Slippin' Away",SC7588,15,SC7588,,SC,1," 2/27/13"
"Gill, Vince","Feels Like Love",CB60201,15,CB60201,,CB,1," 2/27/13"
"Gill, Vince","Feels Like This",SD074,11,SD074,,SD,1," 2/27/13"
"Gill, Vince","Go Rest High On That Mountain",CBEP460-1,17,CBEP460-1,,CB,1," 2/27/13"
"Gill, Vince","High Lonesome Sound",SC8693,15,SC8693,,SC,1," 2/27/13"
"Gill, Vince","I Can't Tell You Why",CB60116,8,CB60116,,CB,1," 2/27/13"
"Gill, Vince","I Never Knew Lonely",CB60057,13,CB60057,,CB,1," 2/27/13"
"Gill, Vince","I Still Believe In You",CBE3-07,15,CBE3-07,,CB,1," 2/27/13"
"Gill, Vince","If You Ever Have Forever In Mind",CB90040,12,CB90040,,CB,1," 2/27/13"
"Gill, Vince","If You Have Forever In Mind",CHM9808,15,CHM9808,,CH,1," 2/27/13"
"Gill, Vince","Key To Life, The",SC8751,3,SC8751,,SC,1," 2/27/13"
"Gill, Vince","Kindly Keep It Country",CB60125,10,CB60125,,CB,1," 2/27/13"
"Gill, Vince","Let Her In",CHT9911,3,CHT9911,,CH,1," 2/27/13"
"Gill, Vince","Let There Be Peace On Earth",SC8781,9,SC8781,,SC,1," 2/27/13"
"Gill, Vince","Let's Make Sure We Kiss Goodbye",CHM0004,16,CHM0004,,CH,1," 2/27/13"
"Gill, Vince","Little More Love, A",MMCOU204,15,MMCOU204,,MM,1," 2/27/13"
"Gill, Vince","Liza Jane",MM6077,14,MM6077,,MM,1," 2/27/13"
"Gill, Vince","Look At Us",MM6093,10,MM6093,,MM,1," 2/27/13"
"Gill, Vince","Love Never Broke Anyone's Heart",SC8282,1,SC8282,,SC,1," 2/27/13"
"Gill, Vince","Loving You Makes Me A Better Man",SC8570,9,SC8570,,SC,1," 2/27/13"
"Gill, Vince","Make Sure We Kiss Goodbye",CB60194,11,CB60194,,CB,1," 2/27/13"
"Gill, Vince","Never Knew Lonely",CBEP453-1,11,CBEP453-1,,CB,1," 2/27/13"
"Gill, Vince","Next Big Thing",MM6379,13,MM6379,,MM,1," 2/27/13"
"Gill, Vince","No Future In The Past",SC8260,13,SC8260,,SC,1," 2/27/13"
"Gill, Vince","Oklahoma Borderline",SC7570,13,SC7570,,SC,1," 2/27/13"
"Gill, Vince","One Bright Star",CBEP462-6,4,CBEP462-6,,CB,1," 2/27/13"
"Gill, Vince","One More Last Chance",DKM2021,13,DKM2021,,DK,1," 2/27/13"
"Gill, Vince","Pocket Full Of Gold",MM6011,12,MM6011,,MM,1," 2/27/13"
"Gill, Vince","Pretty Little Adriana",CHM9701,16,CHM9701,,CH,1," 2/27/13"
"Gill, Vince","Pretty Words",CB60162,7,CB60162,,CB,1," 2/27/13"
"Gill, Vince","Shoot Straight From The Heart",SD081,3,SD081,,SD,1," 2/27/13"
"Gill, Vince","Shoot Straight From Your Heart",SC8681,7,SC8681,,SC,1," 2/27/13"
"Gill, Vince",Someday,MM6386,15,MM6386,,MM,1," 2/27/13"
"Gill, Vince","Take Your Memory With You",DK078,7,DK078,,DK,1," 2/27/13"
"Gill, Vince","Tryin' To Get Over You",CB90040,15,CB90040,,CB,1," 2/27/13"
"Gill, Vince","What The Cowgirls Do",CBE13,9,CBE13,,CB,1," 2/27/13"
"Gill, Vince","When I Call Your Name",CB60040,13,CB60040,,CB,1," 2/27/13"
"Gill, Vince","When Love Finds You",CB90040,14,CB90040,,CB,1," 2/27/13"
"Gill, Vince","Whenever You Come Around",CBE3-08,15,CBE3-08,,CB,1," 2/27/13"
"Gill, Vince","Which Bridge To Cross",SC8230,14,SC8230,,SC,1," 2/27/13"
"Gill, Vince","World's Apart",SD029,1,SD029,,SD,1," 2/27/13"
"Gill, Vince","Worlds Apart",MM6185,15,MM6185,,MM,1," 2/27/13"
"Gill, Vince","You And You Alone",CHM9709,15,CHM9709,,CH,1," 2/27/13"
"Gill, Vince","You Better Think Twice",MM6185,12,MM6185,,MM,1," 2/27/13"
"Gill, Vince","Young Man's Town",THC0401,16,THC0401,,TH,1," 2/27/13"
"Gill, Vince & Amy Grant","When I Look Into Your Heart",SD083,12,SD083,,SD,1," 2/27/13"
"Gill, Vince & Barbra Streisand","If You Ever Leave Me (male)",SD068,15,SD068,,SD,1," 2/27/13"
"Gill, Vince & Mcentire, Reba","Heart Won't Lie, The",SC7588,6,SC7588,,SC,1," 2/27/13"
"Gill, Vince & Patti Loveless","My Kind Of Woman",SGB17,2,SGB17,,SG,1," 2/27/13"
"Gill, Vince & Patty Loveless","My Kind Of Woman My Kind Of Man",CBEP471-6,13,CBEP471-6,,CB,1," 2/27/13"
"Gill, Vince & Patty Loveless","My Kind Of Woman, My Kind Of Man",MMCP2K07,10,MMCP2K07,,MM,1," 2/27/13"
"Gill, Vince wvocal",Someday,PHN0308,10,PHN0308,,PH,1," 2/27/13"
"Gill, Vince wvocal","Young Man's Town",SC3387,13,SC3387,,SC,1," 2/27/13"
"Gilley, Mickey","Blue Christmas",CBE3-14,9,CBE3-14,,CB,1," 2/27/13"
"Gilley, Mickey","City Lights",CB90077,13,CB90077,,CB,1," 2/27/13"
"Gilley, Mickey","Don't The Girls All Get Prettier At Clos",CBEP452-2,17,CBEP452-2,,CB,1," 2/27/13"
"Gilley, Mickey","Fool For Your Love",CB60167,11,CB60167,,CB,1," 2/27/13"
"Gilley, Mickey","God Rest Ye Merry Gentlemen",CB60187,9,CB60187,,CB,1," 2/27/13"
"Gilley, Mickey","Headache Tomorrow (Or A Heartache Tonigh",CBEP452-4,4,CBEP452-4,,CB,1," 2/27/13"
"Gilley, Mickey","Headache Tomorrow Or A Heartache Tonight",CB60122,10,CB60122,,CB,1," 2/27/13"
"Gilley, Mickey","Here Comes The Hurt Again",SC8582,15,SC8582,,SC,1," 2/27/13"
"Gilley, Mickey","Honky Tonk Wine",SC8400,14,SC8400,,SC,1," 2/27/13"
"Gilley, Mickey","I Overlooked An Orchid",CB90077,9,CB90077,,CB,1," 2/27/13"
"Gilley, Mickey","Joy To The World",CBEP462-2,2,CBEP462-2,,CB,1," 2/27/13"
"Gilley, Mickey","Lonely Nights",CB90077,14,CB90077,,CB,1," 2/27/13"
"Gilley, Mickey","O' Little Town Of Bethlehem",CBEP462-2,13,CBEP462-2,,CB,1," 2/27/13"
"Gilley, Mickey","Put Your Dreams Away",CB90077,15,CB90077,,CB,1," 2/27/13"
"Gilley, Mickey","Rockin' Around The Christmas Tree",CB60187,5,CB60187,,CB,1," 2/27/13"
"Gilley, Mickey","Room Full Of Roses, A",CB90077,2,CB90077,,CB,1," 2/27/13"
"Gilley, Mickey","She's Pulling Me Back Again",SC8412,10,SC8412,,SC,1," 2/27/13"
"Gilley, Mickey","Stand By Me",CB60025,2,CB60025,,CB,1," 2/27/13"
"Gilley, Mickey","Talk To Me",CB90077,6,CB90077,,CB,1," 2/27/13"
"Gilley, Mickey","Tears For The Lonely",CB60123,4,CB60123,,CB,1," 2/27/13"
"Gilley, Mickey","Tears Of The Lonely",CB90077,11,CB90077,,CB,1," 2/27/13"
"Gilley, Mickey","That's All That Matters To Me",CB60136,11,CB60136,,CB,1," 2/27/13"
"Gilley, Mickey","True Love Ways",SC8421,12,SC8421,,SC,1," 2/27/13"
"Gilley, Mickey","Window Up Above, The",SC8403,14,SC8403,,SC,1," 2/27/13"
"Gilley, Mickey","You Don't Know Me",CB60139,13,CB60139,,CB,1," 2/27/13"
"Gilley, Mickey","You've Really Got A Hold On Me",CB90077,5,CB90077,,CB,1," 2/27/13"
"Gillman, Billy","One Voice",CBE2-11,11,CBE2-11,,CB,1," 2/27/13"
"Gillman, Billy","She's My Girl",CB60220,8,CB60220,,CB,1," 2/27/13"
"Gilman, Billy",Elizabeth,SD089,13,SD089,,SD,1," 2/27/13"
"Gilman, Billy",Oklahoma,SD078,13,SD078,,SD,1," 2/27/13"
"Gilman, Billy","One Voice",SC8619,11,SC8619,,SC,1," 2/27/13"
"Gilman, Billy","She's My Girl",SC8705,10,SC8705,,SC,1," 2/27/13"
"Gilman, Billy","Snake Song, The",SC8711,13,SC8711,,SC,1," 2/27/13"
"Gilman, Billy","There's A Hero",CB60218,3,CB60218,,CB,1," 2/27/13"
"Gilmer, Jimmy & Fireballs, The","Sugar Shack",SC7554,14,SC7554,,SC,1," 2/27/13"
"Gilmer, Jimmy & The Fireballs","Sugar Shack",CBEP455-3,16,CBEP455-3,,CB,1," 2/27/13"
"Gimme Some Love","Gina G.",PHM9707,9,PHM9707,,PH,1," 2/27/13"
"Gimme Some Lovin'","Blues Brothers, The",TU102,7,TU102,,TU,1," 2/27/13"
"Gin Blossoms","Allison Road",SC8145,12,SC8145,,SC,1," 2/27/13"
"Gin Blossoms","Day Job",SC8350,9,SC8350,,SC,1," 2/27/13"
"Gin Blossoms","Follow You Down",CBE3-24,15,CBE3-24,,CB,1," 2/27/13"
"Gin Blossoms","Found Out About You",SC8122,1,SC8122,,SC,1," 2/27/13"
"Gin Blossoms","Hey Jealousy",CBE4-04,13,CBE4-04,,CB,1," 2/27/13"
"Gin Blossoms","Til I Hear It From You",SC8199,15,SC8199,,SC,1," 2/27/13"
"Gin Blossoms","Until I Fall Away",SC8148,9,SC8148,,SC,1," 2/27/13"
"Gin Blossoms, The","Allison Road",SD007,9,SD007,,SD,1," 2/27/13"
"Gin Blossoms, The","As Long As It Matters",SC8348,10,SC8348,,SC,1," 2/27/13"
"Gin Blossoms, The","Day Job",SC8290,12,SC8290,,SC,1," 2/27/13"
"Gin Blossoms, The","Follow You Down",SD026,8,SD026,,SD,1," 2/27/13"
"Gin Blossoms, The","Found Out About You",MM6057,13,MM6057,,MM,1," 2/27/13"
"Gin Blossoms, The","Til I Hear It From You",MM6133,5,MM6133,,MM,1," 2/27/13"
"Gin Blossoms, The","Until I Fall Away",MM6069,14,MM6069,,MM,1," 2/27/13"
"Gina G.","Ooh Aah...just A Little Bit",PHM9701,3,PHM9701,,PH,1," 2/27/13"
Ginuwine,Differences,CBEP473-1,14,CBEP473-1,,CB,1," 2/27/13"
Ginuwine,"In Those Jeans",PHU0309,7,PHU0309,,PH,1," 2/27/13"
Ginuwine,"In Those Jeans (Radio Version)",SC8844,1,SC8844,,SC,1," 2/27/13"
Ginuwine,"Love You More",SC8858,13,SC8858,,SC,1," 2/27/13"
Ginuwine,"Love You More (Radio Version)",SC3390,2,SC3390,,SC,1," 2/27/13"
Ginuwine,Pony,SC8476,12,SC8476,,SC,1," 2/27/13"
Ginuwine,"So Anxious",SC8559,6,SC8559,,SC,1," 2/27/13"
Ginuwine,Stingy,SC8805,10,SC8805,,SC,1," 2/27/13"
Ginuwine,"There It Is",SC8695,14,SC8695,,SC,1," 2/27/13"
Ginuwine,"Tribute To A Woman",SC8752,1,SC8752,,SC,1," 2/27/13"
Ginuwine,"What Could Have Been",PHMU1105,5,PHMU1105,,PH,1," 2/27/13"
"Ginuwine & Baby","Hell Yeahÿ",THH0305,13,THH0305,,TH,1," 2/27/13"
"Ginuwine wvocal","In Those Jeans",PHU0309,16,PHU0309,,PH,1," 2/27/13"
"Ginuwine wvocal","Love You More (Radio Version)",SC3390,10,SC3390,,SC,1," 2/27/13"
"Ginuwine wvocal",Stingy,PHU0211,10,PHU0211,,PH,1," 2/27/13"
"Girl All The Bad Guys Want, The","Bowling For Soup",TU186,15,TU186,,TU,1," 2/27/13"
"Girl All The Bad Guys Wantÿ","Bowling For Soup",THR0212,16,THR0212,,TH,1," 2/27/13"
"Girl Blondie, The","Nothing Is Real But",SF140,12,SF140,,SF,1," 2/27/13"
"Girl From The Greenbriar Shore","Stanley, Ralph",TU172,4,TU172,,TU,1," 2/27/13"
"Girl On TV",LFO,PHT9914,3,PHT9914,,PH,1," 2/27/13"
"Girl You'll Be A Woman Soon","Urge Overkill",BS5417,10,BS5417,,BS,1," 2/27/13"
"Girl, You'll Be A Woman Soon","Diamond, Neil",AH7051,5,AH7051,,AH,1," 2/27/13"
"Girld Aloud","Jump (For My Love)",SF211,4,SF211,,SF,1," 2/27/13"
Girlfriend,"N Sync",THP0205,10,THP0205,,TH,1," 2/27/13"
"Girls Allowed","No Good Advice",SF204,2,SF204,,SF,1," 2/27/13"
"Girls Aloud","Life Got Cold",SF208,8,SF208,,SF,1," 2/27/13"
"Girls Aloud","Some Kind Of Miracle",SF207,9,SF207,,SF,1," 2/27/13"
"Girls Aloud","Sound Of The Underground",SF201,1,SF201,,SF,1," 2/27/13"
"Girls Aloud","Stay Another Day",SF201,15,SF201,,SF,1," 2/27/13"
"Girls, Girls, Girls","Motley Crue",PSJT147,2,PSJT147,,PS,1," 2/27/13"
Gisselle,Atada,SC2219,4,SC2219,,SC,1," 2/27/13"
Give,Dishwalla,HV09,14,HV09,,HV,1," 2/27/13"
"Give It To Me","J. Geils Band, The",DG02,12,DG02,,DG,1," 2/27/13"
"Give It To You","Knight, Jordan",PHT9906,8,PHT9906,,PH,1," 2/27/13"
"Give It Up","K.C. & The Sunshine Band",AH8421,3,AH8421,,AH,1," 2/27/13"
"Give It Up Or Let Me Go","Dixie Chicks, The",RSZ602,11,RSZ602,,RS,1," 2/27/13"
"Give Me Forever To Do","Tesh, John & James Ingram",PHM9803,8,PHM9803,,PH,1," 2/27/13"
"Give Me One Reason","Chapman, Tracy",AMS1503,8,AMS1503,,AM,1," 2/27/13"
"Give Peace A Chance","Lennon, John",RSZ607,6,RSZ607,,RS,1," 2/27/13"
"Given To Fly","Pearl Jam",PHM9803,4,PHM9803,,PH,1," 2/27/13"
"Givson Brothers","Qui Sara Mi Vida",SF028,3,SF028,,SF,1," 2/27/13"
"Glad All Over","Dave Clark Five, The",SF084,13,SF084,,SF,1," 2/27/13"
"Gladys Knight","Best Thing That Ever Happened To Me, The",SC8138,15,SC8138,,SC,1," 2/27/13"
"Gladys Knight","Midnight Train To Georgia",SC8138,7,SC8138,,SC,1," 2/27/13"
"Glamma Kid & Shola Ama",Taboo,SF140,11,SF140,,SF,1," 2/27/13"
"Glaser, Tom","It's A Mad Mad Mad Mad World",SAVP36,3,SAVP36,,SA,1," 2/27/13"
"Glass Tiger","Don't Forget Me When I'm Gone",SC8583,8,SC8583,,SC,1," 2/27/13"
"Glass Tiger",Someday,SC8314,5,SC8314,,SC,1," 2/27/13"
"Gleaming Spires","Are You Ready For The Sex Girls",SC8333,7,SC8333,,SC,1," 2/27/13"
"Glen Campbell","Gentle On My Mind",SC8355,11,SC8355,,SC,1," 2/27/13"
"Glen Hansard & Marketa Irglova","Falling Slowly",PHMP0806,9,PHMP0806,,PH,1," 2/27/13"
"Glen Miller Orchestra, The","Chattanooga Choo-Choo",MMSTA02,7,MMSTA02,,MM,1," 2/27/13"
"Glimmer, Jimmy & Fireballs","Sugar Shack",CB80045,13,CB80045,,CB,1," 2/27/13"
"Glimmer, Jimmy & The Fireballs","Sugar Shack",CB5014-01,1,CB5014-01,,CB,1," 2/27/13"
"Glitter, Gary","Do You Want To Touch Me",SF035,1,SF035,,SF,1," 2/27/13"
"Glitter, Gary","I Love You Love Me Love",SF024,3,SF024,,SF,1," 2/27/13"
"Glitter, Gary","Leader Of The Gang",SF023,1,SF023,,SF,1," 2/27/13"
"Glitter, Gary","Rock And Roll Part 2",SC8687,7,SC8687,,SC,1," 2/27/13"
Gloria,"Morrison, Van",KJT07,17,KJT07,,KJ,1," 2/27/13"
"Gloria Gaynor","I Will Survive",DK001,9,DK001,,DK,1," 2/27/13"
"Gloria Gaynor","Never Can Say Goodbye",SF055,7,SF055,,SF,1," 2/27/13"
Gloriana,"(Kissed You) Good Night",PHMC1202,3,PHMC1202,,PH,1," 2/27/13"
Gloriana,"The World Is Ours Tonight",PHMC1006,5,PHMC1006,,PH,1," 2/27/13"
"Glorified G","Pearl Jam",RSZ601,12,RSZ601,,RS,1," 2/27/13"
Gloryland,"Hall, Daryl",BS5317,3,BS5317,,BS,1," 2/27/13"
"Glover, Dana",Rain,CB30037,4,CB30037,,CB,1," 2/27/13"
"Glover, Dana","Thinking Over",THP0301,16,THP0301,,TH,1," 2/27/13"
Go,"Pearl Jam",RSZ601,3,RSZ601,,RS,1," 2/27/13"
"Go Deep","Jackson, Janet",PHT9810,7,PHT9810,,PH,1," 2/27/13"
"Go Go's, The","Head Over Heels",SC7561,15,SC7561,,SC,1," 2/27/13"
"Go Go's, The","Our Lips Are Sealed",SC8331,14,SC8331,,SC,1," 2/27/13"
"Go Go's, The",Unforgiven,MM6340,9,MM6340,,MM,1," 2/27/13"
"Go Go's, The",Vacation,DK024,9,DK024,,DK,1," 2/27/13"
"Go Go's, The","We Got The Beat",SC7523,10,SC7523,,SC,1," 2/27/13"
"Go West","King Of Wishful Thinking",SC8518,15,SC8518,,SC,1," 2/27/13"
"Go West","We Close Our Eyes",SF033,3,SF033,,SF,1," 2/27/13"
"Go West","What You Won't Do For Love",SC8246,9,SC8246,,SC,1," 2/27/13"
"Go With The Flow","Queens Of The Stone Age",PHR0306,7,PHR0306,,PH,1," 2/27/13"
"Go Your Own Way","Fleetwood Mac",TU060,2,TU060,,TU,1," 2/27/13"
"God Bless The Child","Twain, Shania",RSZ605,18,RSZ605,,RS,1," 2/27/13"
"God Bless The U.S.A.","American Idol Finalists",TU210,5,TU210,,TU,1," 2/27/13"
"God Is A DJ",Pink,PHM0402,2,PHM0402,,PH,1," 2/27/13"
Godsmack,Awake,SC8659,11,SC8659,,SC,1," 2/27/13"
Godsmack,"Awake (Album Version)",SC8765,1,SC8765,,SC,1," 2/27/13"
Godsmack,"Cryin' Like A Bitch!",PHMP1006,2,PHMP1006,,PH,1," 2/27/13"
Godsmack,Greed,SC8694,12,SC8694,,SC,1," 2/27/13"
Godsmack,"I Stand Alone",SC8757,5,SC8757,,SC,1," 2/27/13"
Godsmack,Love-Hate-Sex-Pain,PHMP1101,6,PHMP1101,,PH,1," 2/27/13"
Godsmack,"Love-Hate-Sex-Pain (MPX)",PHMP1101,15,PHMP1101,,PH,1," 2/27/13"
Godsmack,Re-Align,PHR0402,9,PHR0402,,PH,1," 2/27/13"
Godsmack,"Running Blind",PHR0406,3,PHR0406,,PH,1," 2/27/13"
Godsmack,"Saints & Sinners",PHMP1107,7,PHMP1107,,PH,1," 2/27/13"
Godsmack,"Send Straight Out Of Line",PHR0304,6,PHR0304,,PH,1," 2/27/13"
Godsmack,Serenity,PHR0309,2,PHR0309,,PH,1," 2/27/13"
Godsmack,"Straight Out Of Line",SC8817,9,SC8817,,SC,1," 2/27/13"
Godsmack,Voodoo,SC8803,4,SC8803,,SC,1," 2/27/13"
Godsmack,Whatever,SC2221,3,SC2221,,SC,1," 2/27/13"
"Godsmack wvocal",Whatever,SC2221,11,SC2221,,SC,1," 2/27/13"
Godspell,"Day By Day",SC2233,5,SC2233,,SC,1," 2/27/13"
"Gogi Grant","Wayward Wind, The",CB5013-02,2,CB5013-02,,CB,1," 2/27/13"
"Goin' Up To The Country","Canned Heat",DG05,4,DG05,,DG,1," 2/27/13"
"Going Back To Miami","Blues Brothers, The",TU102,8,TU102,,TU,1," 2/27/13"
"Going Under",Evanescence,TU217,3,TU217,,TU,1," 2/27/13"
"Going Where The Lonely Go","Haggard, Merle",DG08,5,DG08,,DG,1," 2/27/13"
"Gold City","Are You Ready",CBEP478-3,15,CBEP478-3,,CB,1," 2/27/13"
"Gold City","Get Up, Get Ready",CBEP478-6,9,CBEP478-6,,CB,1," 2/27/13"
"Gold City","He's Still On The Throne",CBEP466-5,13,CBEP466-5,,CB,1," 2/27/13"
"Gold City","I Believe",CBEP478-1,14,CBEP478-1,,CB,1," 2/27/13"
"Gold City","It's Still The Cross",CBEP466-6,12,CBEP466-6,,CB,1," 2/27/13"
"Gold City","Nobody's There",CBEP466-1,13,CBEP466-1,,CB,1," 2/27/13"
"Gold City","Show Me The Cross",CBEP466-4,4,CBEP466-4,,CB,1," 2/27/13"
"Gold City","There Rose A Lamb",CBEP466-3,7,CBEP466-3,,CB,1," 2/27/13"
"Gold, Andrew","Lonely Boy",SC8314,11,SC8314,,SC,1," 2/27/13"
"Golden Earring","Radar Love",SGB64,13,SGB64,,SG,1," 2/27/13"
"Golden Earring","Twilight Zone",SC8456,3,SC8456,,SC,1," 2/27/13"
"Goldsboro, Bobby","Autumn Of My Life",SC8255,9,SC8255,,SC,1," 2/27/13"
"Goldsboro, Bobby",Honey,DK001,15,DK001,,DK,1," 2/27/13"
"Goldsboro, Bobby","Little Things",SC8615,5,SC8615,,SC,1," 2/27/13"
"Goldsboro, Bobby","Me And The Elephant",SAVP40,12,SAVP40,,SA,1," 2/27/13"
"Goldsboro, Bobby","Watching Scotty Grow",SC8342,9,SC8342,,SC,1," 2/27/13"
Gone,"N Sync",THP0201,12,THP0201,,TH,1," 2/27/13"
"Gone From Love Too Long","Wilkinson, Amanda",PHN0402,5,PHN0402,,PH,1," 2/27/13"
"Gonna Make You A Star","Essex, David",PX14,1,PX14,,PX,1," 2/27/13"
"Goo Goo Dolls","Big Machine",MM6370,15,MM6370,,MM,1," 2/27/13"
"Goo Goo Dolls","Black Balloon",CBE3-25,7,CBE3-25,,CB,1," 2/27/13"
"Goo Goo Dolls",Broadway,CBEP477-1,14,CBEP477-1,,CB,1," 2/27/13"
"Goo Goo Dolls",Dizzy,CBE4-04,14,CBE4-04,,CB,1," 2/27/13"
"Goo Goo Dolls","Give A Little Bit",PHM0503,7,PHM0503,,PH,1," 2/27/13"
"Goo Goo Dolls","Here Is Gone",CB30022,11,CB30022,,CB,1," 2/27/13"
"Goo Goo Dolls",Home,PHMP1011,5,PHMP1011,,PH,1," 2/27/13"
"Goo Goo Dolls",Iris,CHMP9806,6,CHMP9806,,CH,1," 2/27/13"
"Goo Goo Dolls",Real,PHMP0812,9,PHMP0812,,PH,1," 2/27/13"
"Goo Goo Dolls",Sympathy,CBEP477-1,8,CBEP477-1,,CB,1," 2/27/13"
"Goo Goo Dolls wvocal","Big Machine",SC3332,13,SC3332,,SC,1," 2/27/13"
"Goo Goo Dolls, The","Black Balloon",MM6277,6,MM6277,,MM,1," 2/27/13"
"Goo Goo Dolls, The",Broadway,SC8639,14,SC8639,,SC,1," 2/27/13"
"Goo Goo Dolls, The",Dizzy,SC8523,12,SC8523,,SC,1," 2/27/13"
"Goo Goo Dolls, The","Here Is Gone",SC8758,6,SC8758,,SC,1," 2/27/13"
"Goo Goo Dolls, The",Iris,CBEP457-2,15,CBEP457-2,,CB,1," 2/27/13"
"Goo Goo Dolls, The","Long Way Down",SC8348,11,SC8348,,SC,1," 2/27/13"
"Goo Goo Dolls, The",Naked,SC8248,12,SC8248,,SC,1," 2/27/13"
"Goo Goo Dolls, The",Name,CBEP458-1,17,CBEP458-1,,CB,1," 2/27/13"
"Goo Goo Dolls, The",Slide,SC8639,12,SC8639,,SC,1," 2/27/13"
"Goo Goo Dolls, The",Sympathy,THMR0306,13,THMR0306,,TH,1," 2/27/13"
"Goo Goo Dollsÿ",Sympathy,CB30035,8,CB30035,,CB,1," 2/27/13"
"Good Charlotte","Anthem, The",SC8831,6,SC8831,,SC,1," 2/27/13"
"Good Charlotte","Girls & Boys",SF205,12,SF205,,SF,1," 2/27/13"
"Good Charlotte","Girls And Boys",THMP-0311,7,THMP-0311,,TH,1," 2/27/13"
"Good Charlotte","Hold On",MM6405,8,MM6405,,MM,1," 2/27/13"
"Good Charlotte","I Just Wanna Live",PHM0502,4,PHM0502,,PH,1," 2/27/13"
"Good Charlotte","Last Night",PHMP1104,5,PHMP1104,,PH,1," 2/27/13"
"Good Charlotte","Lifestyles Of The Rich & Famous",THR0301,12,THR0301,,TH,1," 2/27/13"
"Good Charlotte","Like It's Her Birthday",PHMP1101,3,PHMP1101,,PH,1," 2/27/13"
"Good Charlotte","Like It's Her Birthday (MPX)",PHMP1101,12,PHMP1101,,PH,1," 2/27/13"
"Good Charlotte",Predictable,PHR0411,8,PHR0411,,PH,1," 2/27/13"
"Good Charlotte","The Anthem",THMR0304,13,THMR0304,,TH,1," 2/27/13"
"Good Charlotte","The Young And The Hopeless",THR0309,4,THR0309,,TH,1," 2/27/13"
"Good Charlotte","Young & The Hopeless, The",CBE4-12,10,CBE4-12,,CB,1," 2/27/13"
"Good Charlotte","Young And The Hopeless, The",PHR0308,5,PHR0308,,PH,1," 2/27/13"
"Good Charlotte wvocal","Girls & Boys",PHM0309,12,PHM0309,,PH,1," 2/27/13"
"Good Charlotte wvocal",Predictable,PHR0411,17,PHR0411,,PH,1," 2/27/13"
"Good Charlotte wvocal","Young & The Hopeless, The",PHR0308,14,PHR0308,,PH,1," 2/27/13"
"Good Charlotteÿ","Anthem, The",CB30036,5,CB30036,,CB,1," 2/27/13"
"Good Friend","Nine Days",THP0211,16,THP0211,,TH,1," 2/27/13"
"Good Intentions","Toad The Wet Sprocket",PHM9512,5,PHM9512,,PH,1," 2/27/13"
"Good Luck Charm","Presley, Elvis",ZMP002,4,ZMP002,,ZM,1," 2/27/13"
"Good Morning Vietnam","What A Wonderful World",MMBH1-3,4,MMBH1-3,,MM,1," 2/27/13"
"Good Souls",Starsailor,THR0204,15,THR0204,,TH,1," 2/27/13"
"Good Time","Andrews, Jessica",TU228,6,TU228,,TU,1," 2/27/13"
"Good Time Charlie","King, Albert",HV06B,5,HV06B,,HV,1," 2/27/13"
"Good Vibrations","Beach Boys, The",BS8517,6,BS8517,,BS,1," 2/27/13"
Goodbye,"Earle, Steve",TU172,5,TU172,,TU,1," 2/27/13"
Goodbye,"Pretenders, The",PHM9708,9,PHM9708,,PH,1," 2/27/13"
"Goodbye Earl","Dixie Chicks, The",TUFP07,10,TUFP07,,TU,1," 2/27/13"
"Goodbye On A Bad Day","Lawson, Shannon",THC0205,15,THC0205,,TH,1," 2/27/13"
"Goodbye Says It All",Blackhawk,MM6041,9,MM6041,,MM,1," 2/27/13"
"Goodbye Squirrel","Judd, Cledus",TUFP25,11,TUFP25,,TU,1," 2/27/13"
"Goodbye To You",Scandal,AH8003,9,AH8003,,AH,1," 2/27/13"
"Goodrem, Delta","Born To Try",SF204,12,SF204,,SF,1," 2/27/13"
"Goodrem, Delta","Innocent Eyes",SF210,16,SF210,,SF,1," 2/27/13"
"Goodrem, Delta","Lost Without You",SF207,15,SF207,,SF,1," 2/27/13"
"Gordon, Nina","Now I Can Die",CB30011,14,CB30011,,CB,1," 2/27/13"
"Gordon, Nina","Tonight And The Rest Of My Life",MM6313,12,MM6313,,MM,1," 2/27/13"
"Gore, Lesley","It's My Party",CB80045,7,CB80045,,CB,1," 2/27/13"
"Gore, Lesley","You Don't Own Me",SC1003,2,SC1003,,SC,1," 2/27/13"
"Gore, Leslie","It's My Party",MMGCP9810,24,MMGCP9810,,MM,1," 2/27/13"
"Gore, Leslie","She's A Fool",SC8429,3,SC8429,,SC,1," 2/27/13"
"Gore, Leslie","That's The Way Boys Are",SC8415,13,SC8415,,SC,1," 2/27/13"
"Gore, Leslie","You Don't Own Me",DK041,15,DK041,,DK,1," 2/27/13"
"Gore, Tony & Majesty","Blessed Be The Name Of The Lord",CBEP478-5,15,CBEP478-5,,CB,1," 2/27/13"
"Gore, Tony & Majesty","Meanwhile In The Garden",CBEP466-3,15,CBEP466-3,,CB,1," 2/27/13"
"Gore, Tony & Majesty","Watch And See",CBEP466-6,17,CBEP466-6,,CB,1," 2/27/13"
Gorillaz,19-2000,SC8735,4,SC8735,,SC,1," 2/27/13"
Gorillaz,"Clint Eastwood",PHM0110,8,PHM0110,,PH,1," 2/27/13"
"Gorillaz feat Mos Def & Bobby Womack",Stylo,PHMP1005,3,PHMP1005,,PH,1," 2/27/13"
"Gorme, Edie","I'll Take Romance",MM6367,15,MM6367,,MM,1," 2/27/13"
"Gorme, Eydie","Blame It On The Bossa Nova",DK019,15,DK019,,DK,1," 2/27/13"
"Gorme, Eydie","Eres Tu",MM6009,5,MM6009,,MM,1," 2/27/13"
"Gorme, Steve & Eydie","Bei Mir Bist Du Schoen",MMSTA01,12,MMSTA01,,MM,1," 2/27/13"
"Gosdin, Vern","Chiseled In Stone",SC8561,6,SC8561,,SC,1," 2/27/13"
"Gosdin, Vern","Do You Believe Me Now",CB90106,10,CB90106,,CB,1," 2/27/13"
"Gosdin, Vern","Dream Of Me",CB90106,15,CB90106,,CB,1," 2/27/13"
"Gosdin, Vern","Garden, The",CB60149,12,CB60149,,CB,1," 2/27/13"
"Gosdin, Vern","I Can Tell By The Way You Dance",SC8332,15,SC8332,,SC,1," 2/27/13"
"Gosdin, Vern","I'm Still Crazy",SC7556,13,SC7556,,SC,1," 2/27/13"
"Gosdin, Vern","If You're Gonna Do Me Wrong",CB90106,7,CB90106,,CB,1," 2/27/13"
"Gosdin, Vern","If You're Gonna Do Me Wrong (Do It Right",CB60122,14,CB60122,,CB,1," 2/27/13"
"Gosdin, Vern","Is It Raining At Your House",SC8728,14,SC8728,,SC,1," 2/27/13"
"Gosdin, Vern","Right In The Wrong Direction",CB90106,12,CB90106,,CB,1," 2/27/13"
"Gosdin, Vern","Set 'em Up Joe",CBEP452-6,5,CBEP452-6,,CB,1," 2/27/13"
"Gosdin, Vern","Slow Burning Memory",CB90106,13,CB90106,,CB,1," 2/27/13"
"Gosdin, Vern","That Just About Does It",SC8728,7,SC8728,,SC,1," 2/27/13"
"Gosdin, Vern","This Ain't My First Rodeo",SC8767,2,SC8767,,SC,1," 2/27/13"
"Gosdin, Vern","Til The End",SC8792,12,SC8792,,SC,1," 2/27/13"
"Gosdin, Vern","Way Down Deep",SC8434,11,SC8434,,SC,1," 2/27/13"
"Gosdin, Vern","What Would Your Memories Do",CB90106,14,CB90106,,CB,1," 2/27/13"
"Gosdin, Vern","Who You Gonna Blame It On This Time",SC8494,8,SC8494,,SC,1," 2/27/13"
Gospel,"Abide With Me",SC2021,6,SC2021,,SC,1," 2/27/13"
Gospel,"Alas! And Did My Savior Bleed",CBEP456-4,14,CBEP456-4,,CB,1," 2/27/13"
Gospel,"All Hail The Power",CBEP456-4,16,CBEP456-4,,CB,1," 2/27/13"
Gospel,"Amazing Grace",CBEP456-3,8,CBEP456-3,,CB,1," 2/27/13"
Gospel,"Are You Washed In The Blood",CB70004,15,CB70004,,CB,1," 2/27/13"
Gospel,"At The Cross",CBEP456-2,14,CBEP456-2,,CB,1," 2/27/13"
Gospel,"Banner Of The Cross, The",CBEP456-1,10,CBEP456-1,,CB,1," 2/27/13"
Gospel,"Beautiful Isle Of Somewhere",DK801,20,DK801,,DK,1," 2/27/13"
Gospel,"Blessed Assurance",CB70003,15,CB70003,,CB,1," 2/27/13"
Gospel,"Blessed Be The Name",CBEP456-5,8,CBEP456-5,,CB,1," 2/27/13"
Gospel,"Brethren, We Have Met To Worship",CBEP456-4,2,CBEP456-4,,CB,1," 2/27/13"
Gospel,"Bringing In The Sheaves",SC2021,8,SC2021,,SC,1," 2/27/13"
Gospel,"Christ Receiveth Sinful Men",CBEP456-2,15,CBEP456-2,,CB,1," 2/27/13"
Gospel,"Christ The Lord Is Risen Today",CBEP456-6,16,CBEP456-6,,CB,1," 2/27/13"
Gospel,"Close To Thee",CBEP456-4,6,CBEP456-4,,CB,1," 2/27/13"
Gospel,"Come Thou Fount",CBEP456-3,14,CBEP456-3,,CB,1," 2/27/13"
Gospel,"Count Your Blessings",CB70004,2,CB70004,,CB,1," 2/27/13"
Gospel,"Face To Face",CBEP456-2,10,CBEP456-2,,CB,1," 2/27/13"
Gospel,"Fairest Lord Jesus",CBEP456-4,5,CBEP456-4,,CB,1," 2/27/13"
Gospel,"Flow Gently Sweet Afton",DK801,15,DK801,,DK,1," 2/27/13"
Gospel,"Footsteps Of Jesus",CBEP456-4,7,CBEP456-4,,CB,1," 2/27/13"
Gospel,"Glory Road",CB70004,3,CB70004,,CB,1," 2/27/13"
Gospel,"Glory To His Name",CBEP456-3,13,CBEP456-3,,CB,1," 2/27/13"
Gospel,"Go Tell It On The Mountain",PI001,6,PI001,,PI,1," 2/27/13"
Gospel,"Have Faith In God",CBEP456-1,7,CBEP456-1,,CB,1," 2/27/13"
Gospel,"Have Thine Own Way",CBEP456-5,1,CBEP456-5,,CB,1," 2/27/13"
Gospel,"Haven Of Rest, The",CBEP456-2,2,CBEP456-2,,CB,1," 2/27/13"
Gospel,"He Keeps Me Singing",CBEP456-6,6,CBEP456-6,,CB,1," 2/27/13"
Gospel,"He Loves Me",CB70003,2,CB70003,,CB,1," 2/27/13"
Gospel,"Heavenly Sunlight",CBEP456-3,2,CBEP456-3,,CB,1," 2/27/13"
Gospel,"Here They Come",CBEP456-7,16,CBEP456-7,,CB,1," 2/27/13"
Gospel,"Higher Ground",CBEP456-5,5,CBEP456-5,,CB,1," 2/27/13"
Gospel,"His Way With Thee",CBEP456-3,4,CBEP456-3,,CB,1," 2/27/13"
Gospel,"Holy Bible Book Divine",CBEP456-4,11,CBEP456-4,,CB,1," 2/27/13"
Gospel,"Holy, Holy, Holy",CBEP456-1,1,CBEP456-1,,CB,1," 2/27/13"
Gospel,"How About Your Heart",CBEP456-7,2,CBEP456-7,,CB,1," 2/27/13"
Gospel,"How Firm A Foundation",CBEP456-4,3,CBEP456-4,,CB,1," 2/27/13"
Gospel,"How Great Thou Art",DK801,7,DK801,,DK,1," 2/27/13"
Gospel,"I Am Resolved",CBEP456-2,9,CBEP456-2,,CB,1," 2/27/13"
Gospel,"I Am Thine, O' Lord",CBEP456-1,8,CBEP456-1,,CB,1," 2/27/13"
Gospel,"I Love To Tell The Story",CBEP456-6,4,CBEP456-6,,CB,1," 2/27/13"
Gospel,"I Need Thee Every Hour",CBEP456-3,16,CBEP456-3,,CB,1," 2/27/13"
Gospel,"I Saw The Light",CB70003,3,CB70003,,CB,1," 2/27/13"
Gospel,"I Was Glad When They Said",CBEP456-6,13,CBEP456-6,,CB,1," 2/27/13"
Gospel,"I Will Sing The Wondrous Story",CBEP456-6,5,CBEP456-6,,CB,1," 2/27/13"
Gospel,"I'll Fly Away",DK801,19,DK801,,DK,1," 2/27/13"
Gospel,"I've Found A New Way",CBEP456-6,15,CBEP456-6,,CB,1," 2/27/13"
Gospel,"If Jesus Said It",CBEP456-7,9,CBEP456-7,,CB,1," 2/27/13"
Gospel,"In The Garden",DK801,9,DK801,,DK,1," 2/27/13"
Gospel,"In The Shelter Of His Arms",CBEP456-7,5,CBEP456-7,,CB,1," 2/27/13"
Gospel,"It Is No Secret",SC2020,3,SC2020,,SC,1," 2/27/13"
Gospel,"It Is Well With My Soul",CBEP456-2,1,CBEP456-2,,CB,1," 2/27/13"
Gospel,"Jesus Is Calling",CBEP456-1,9,CBEP456-1,,CB,1," 2/27/13"
Gospel,"Jesus Is Coming Soon",DK801,10,DK801,,DK,1," 2/27/13"
Gospel,"Jesus Loves Me",CBEP456-6,12,CBEP456-6,,CB,1," 2/27/13"
Gospel,"Jesus Loves The Little Children",CBEP456-6,14,CBEP456-6,,CB,1," 2/27/13"
Gospel,"Jesus Paid It All",CBEP456-5,2,CBEP456-5,,CB,1," 2/27/13"
Gospel,"Jesus Saves",CBEP456-1,4,CBEP456-1,,CB,1," 2/27/13"
Gospel,"Jesus! The Very Thought Of Thee",CBEP456-4,12,CBEP456-4,,CB,1," 2/27/13"
Gospel,"Just A Closer Walk With Thee",CB70003,5,CB70003,,CB,1," 2/27/13"
Gospel,"Just A Little Talk With Jesus",CB70003,6,CB70003,,CB,1," 2/27/13"
Gospel,"Just As I Am",CBEP456-3,9,CBEP456-3,,CB,1," 2/27/13"
Gospel,"Keep Walkin'",CBEP456-7,8,CBEP456-7,,CB,1," 2/27/13"
Gospel,"King Of Eternity",CB70003,11,CB70003,,CB,1," 2/27/13"
Gospel,"Last Mile Of The Way, The",CBEP456-7,13,CBEP456-7,,CB,1," 2/27/13"
Gospel,"Lead On, O King Eternal",CBEP456-4,10,CBEP456-4,,CB,1," 2/27/13"
Gospel,"Leaning On The Everlasting Arms",CBEP456-5,7,CBEP456-5,,CB,1," 2/27/13"
Gospel,"Let The Lower Lights Be Burning",CBEP456-5,3,CBEP456-5,,CB,1," 2/27/13"
Gospel,"Little Brown Church The Vale",DK801,12,DK801,,DK,1," 2/27/13"
Gospel,"Lord's Prayer, The",CB70004,7,CB70004,,CB,1," 2/27/13"
Gospel,"Love Lifted Me",CB70004,4,CB70004,,CB,1," 2/27/13"
Gospel,"Make Me A Channel Of Blessing",CBEP456-1,11,CBEP456-1,,CB,1," 2/27/13"
Gospel,"More About Jesus",CB70004,5,CB70004,,CB,1," 2/27/13"
Gospel,"My Jesus I Love Thee",CBEP456-3,5,CBEP456-3,,CB,1," 2/27/13"
Gospel,"Near The Cross",CBEP456-5,13,CBEP456-5,,CB,1," 2/27/13"
Gospel,"Near To The Heart Of God",CBEP456-5,6,CBEP456-5,,CB,1," 2/27/13"
Gospel,"Nearer My God To Thee",DK801,8,DK801,,DK,1," 2/27/13"
Gospel,"Nearer, My God To Thee",CBEP456-4,4,CBEP456-4,,CB,1," 2/27/13"
Gospel,"Nothing But The Blood",CBEP456-6,10,CBEP456-6,,CB,1," 2/27/13"
Gospel,"Nothing Can Compare",CBEP456-7,1,CBEP456-7,,CB,1," 2/27/13"
Gospel,"Oh Promise Me",SC2181,5,SC2181,,SC,1," 2/27/13"
Gospel,"Oh Say But I'm Glad",CBEP456-7,12,CBEP456-7,,CB,1," 2/27/13"
Gospel,"Old Rugged Cross, The",CBEP456-1,16,CBEP456-1,,CB,1," 2/27/13"
Gospel,"Old Time Way",CB70003,7,CB70003,,CB,1," 2/27/13"
Gospel,"On Jordan's Stormy Banks",CBEP456-4,15,CBEP456-4,,CB,1," 2/27/13"
Gospel,"One Day At A Time",CB70003,8,CB70003,,CB,1," 2/27/13"
Gospel,"Only Believe",CBEP456-5,14,CBEP456-5,,CB,1," 2/27/13"
Gospel,"Only Trust Him",CBEP456-4,1,CBEP456-4,,CB,1," 2/27/13"
Gospel,"Onward Christian Soldiers",DK801,2,DK801,,DK,1," 2/27/13"
Gospel,"Onward, Christian Soldiers",CBEP456-1,6,CBEP456-1,,CB,1," 2/27/13"
Gospel,"Other Side Of Jordan, The",CBEP456-7,3,CBEP456-7,,CB,1," 2/27/13"
Gospel,"Pass Me Not",CBEP456-4,8,CBEP456-4,,CB,1," 2/27/13"
Gospel,"Peace Of Prayer, The",CBEP456-7,15,CBEP456-7,,CB,1," 2/27/13"
Gospel,"Praise Him, All Ye Little Children",CBEP456-6,11,CBEP456-6,,CB,1," 2/27/13"
Gospel,"Praise Him, Praise Him",CBEP456-6,2,CBEP456-6,,CB,1," 2/27/13"
Gospel,"Precious Memories",DK801,17,DK801,,DK,1," 2/27/13"
Gospel,"Pressed Against The Thorn",CB70004,6,CB70004,,CB,1," 2/27/13"
Gospel,Redeemed,CBEP456-2,5,CBEP456-2,,CB,1," 2/27/13"
Gospel,"Rescue The Perishing",CBEP456-2,3,CBEP456-2,,CB,1," 2/27/13"
Gospel,"Revive Us Again",CBEP456-3,6,CBEP456-3,,CB,1," 2/27/13"
Gospel,"Rock Of Ages",CBEP456-3,11,CBEP456-3,,CB,1," 2/27/13"
Gospel,"Sailing Away",CB70003,9,CB70003,,CB,1," 2/27/13"
Gospel,"Saved, Saved",CBEP456-5,15,CBEP456-5,,CB,1," 2/27/13"
Gospel,"Savior, Like A Shepherd Lead Us",CBEP456-1,3,CBEP456-1,,CB,1," 2/27/13"
Gospel,"Send The Light",CBEP456-3,1,CBEP456-3,,CB,1," 2/27/13"
Gospel,"Shall We Gather At The River",CBEP456-6,9,CBEP456-6,,CB,1," 2/27/13"
Gospel,"Since I Have Been Redeemed",CBEP456-2,12,CBEP456-2,,CB,1," 2/27/13"
Gospel,"Softly And Tenderly",CBEP456-2,8,CBEP456-2,,CB,1," 2/27/13"
Gospel,"Solid Rock, The",CBEP456-2,6,CBEP456-2,,CB,1," 2/27/13"
Gospel,"Stand Up, Stand Up For Jesus",CBEP456-1,5,CBEP456-1,,CB,1," 2/27/13"
Gospel,"Standing On The Promises",CBEP456-2,16,CBEP456-2,,CB,1," 2/27/13"
Gospel,"Sweet By And By",CBEP456-5,16,CBEP456-5,,CB,1," 2/27/13"
Gospel,"Sweet Hour Of Prayer",DK801,14,DK801,,DK,1," 2/27/13"
Gospel,"Swing Low, Sweet Chariot",DK038,5,DK038,,DK,1," 2/27/13"
Gospel,"Take My Hand, Precious Lord",DK801,16,DK801,,DK,1," 2/27/13"
Gospel,"Take My Life, And Let It Be",CBEP456-3,12,CBEP456-3,,CB,1," 2/27/13"
Gospel,"Take The Name Of Jesus With You",CBEP456-6,8,CBEP456-6,,CB,1," 2/27/13"
Gospel,"Take Time To Be Holy",CBEP456-5,12,CBEP456-5,,CB,1," 2/27/13"
Gospel,"Tell It To Jesus",CBEP456-2,11,CBEP456-2,,CB,1," 2/27/13"
Gospel,"Thanks To Calvary",CBEP456-7,7,CBEP456-7,,CB,1," 2/27/13"
Gospel,"There Is A Name I Love To Hear",CBEP456-5,10,CBEP456-5,,CB,1," 2/27/13"
Gospel,"There Is Power In The Blood",CB70004,9,CB70004,,CB,1," 2/27/13"
Gospel,"There Shall Be Showers Of Blessing",CBEP456-2,7,CBEP456-2,,CB,1," 2/27/13"
Gospel,"There's A God Somewhere",CBEP456-7,14,CBEP456-7,,CB,1," 2/27/13"
Gospel,"Till The Storm Passes By",CBEP456-7,10,CBEP456-7,,CB,1," 2/27/13"
Gospel,"Tis So Sweet To Trust In Jesus",CBEP456-5,11,CBEP456-5,,CB,1," 2/27/13"
Gospel,"To The Work",CBEP456-1,13,CBEP456-1,,CB,1," 2/27/13"
Gospel,"Trust And Obey",CBEP456-6,7,CBEP456-6,,CB,1," 2/27/13"
Gospel,"Uncloudy Day, The",CBEP456-2,4,CBEP456-2,,CB,1," 2/27/13"
Gospel,"Victory In Jesus",CB70004,10,CB70004,,CB,1," 2/27/13"
Gospel,"Way That He Loves, The",CBEP456-7,4,CBEP456-7,,CB,1," 2/27/13"
Gospel,"We're Marching To Zion",CBEP456-1,2,CBEP456-1,,CB,1," 2/27/13"
Gospel,"What A Day That Will Be",CB70004,11,CB70004,,CB,1," 2/27/13"
Gospel,"What A Friend We Have In Jesus",CB70004,12,CB70004,,CB,1," 2/27/13"
Gospel,"When God Dips His Love In My Heart",CBEP456-7,11,CBEP456-7,,CB,1," 2/27/13"
Gospel,"When I See Jesus",CBEP456-7,6,CBEP456-7,,CB,1," 2/27/13"
Gospel,"When I Survey The Wondrous Cross",CBEP456-3,15,CBEP456-3,,CB,1," 2/27/13"
Gospel,"When The Roll Is Called Up Yonder",CB70004,14,CB70004,,CB,1," 2/27/13"
Gospel,"When We All Get To Heaven",CB70004,13,CB70004,,CB,1," 2/27/13"
Gospel,"Where He Leads Me",CBEP456-3,10,CBEP456-3,,CB,1," 2/27/13"
Gospel,"Where Would I Be",CB70003,13,CB70003,,CB,1," 2/27/13"
Gospel,"Whispering Hope",DK801,18,DK801,,DK,1," 2/27/13"
Gospel,"Who Is On The Lord's Side",CBEP456-1,12,CBEP456-1,,CB,1," 2/27/13"
Gospel,"Why Me Lord",CB70003,14,CB70003,,CB,1," 2/27/13"
Gospel,"Will Jesus Find Us Watching",CBEP456-1,14,CBEP456-1,,CB,1," 2/27/13"
Gospel,"Will The Circle Be Unbroken",DK038,2,DK038,,DK,1," 2/27/13"
Gospel,"Wings Of A Dove",DK801,4,DK801,,DK,1," 2/27/13"
Gospel,"Wonderful Words Of Life",CBEP456-4,9,CBEP456-4,,CB,1," 2/27/13"
Gospel,"Work, For The Night Is Coming",CBEP456-4,13,CBEP456-4,,CB,1," 2/27/13"
Gospel,"Ye Must Be Born Again",CBEP456-1,15,CBEP456-1,,CB,1," 2/27/13"
Gospel-Elvis,"Peace In The Valley",MM6146,9,MM6146,,MM,1," 2/27/13"
"Gospel-Maverick's Choir","Amazing Grace",MM6062,6,MM6062,,MM,1," 2/27/13"
"Gossip Folks","Elliott, Missy Misdemeanor & Ludacris",SC3356,1,SC3356,,SC,1," 2/27/13"
"Gossip Folks","Elliott, Missy Misdemeanor & Ludacris wv",SC3356,9,SC3356,,SC,1," 2/27/13"
"Got Id","Pearl Jam",RSZ601,18,RSZ601,,RS,1," 2/27/13"
"Got My Mind Set On You","Harrison, George",AH8002,6,AH8002,,AH,1," 2/27/13"
"Gotta Get Away","Offspring, The",AMS1505,4,AMS1505,,AM,1," 2/27/13"
"Gotta Get Thru This","Bedingfield, Daniel",THP0210,11,THP0210,,TH,1," 2/27/13"
"Gotta Tell You","Mumba, Samantha",TU002,3,TU002,,TU,1," 2/27/13"
"Gottie, Irv","Down 4 U",PHU0210,2,PHU0210,,PH,1," 2/27/13"
"Gottie, Irv wvocal","Down 4 U",PHU0210,11,PHU0210,,PH,1," 2/27/13"
"Goulet, Robert","If Ever I Would Leave You",DK1107,13,DK1107,,DK,1," 2/27/13"
"Goulet, Robert","What Kind Of Fool Am I",MM6184,7,MM6184,,MM,1," 2/27/13"
"Gourdin, Noel","The River",PHMU0807,8,PHMU0807,,PH,1," 2/27/13"
"Grace Potter & The Nocturnals",Stars,PHMP1212,2,PHMP1212,,PH,1," 2/27/13"
"Gracin, Josh","I Want To Live",SC8877,11,SC8877,,SC,1," 2/27/13"
"Gracin, Josh","Nothin' To Lose",SC8907,6,SC8907,,SC,1," 2/27/13"
Graduation,"Vitamin C",PHM0006,2,PHM0006,,PH,1," 2/27/13"
"Graham, Larry","One In A Million",MMRB2-3,18,MMRB2-3,,MM,1," 2/27/13"
"Graham, Larry","One In A Million You",SC8126,12,SC8126,,SC,1," 2/27/13"
"Graham, Tammy","Cool Water",CB60029,12,CB60029,,CB,1," 2/27/13"
"Graham, Tammy","Dozen Red Roses, A",CHM9705F,20,CHM9705F,,CH,1," 2/27/13"
"Graham, Tammy","Tell Me Again",SC8294,12,SC8294,,SC,1," 2/27/13"
"Gramm, Lou","Just Between You And Me",SC8721,7,SC8721,,SC,1," 2/27/13"
"Gramm, Lou","Midnight Blue",SC8721,4,SC8721,,SC,1," 2/27/13"
"Grand Funk","Bad Time",SC2439,4,SC2439,,SC,1," 2/27/13"
"Grand Funk","Loco-motion, The",SC2439,3,SC2439,,SC,1," 2/27/13"
"Grand Funk","Some Kind Of Wonderful",SC2439,7,SC2439,,SC,1," 2/27/13"
"Grand Funk","We're An American Band",SC2439,6,SC2439,,SC,1," 2/27/13"
"Grand Funk Railroad","Bad Time",SC8197,4,SC8197,,SC,1," 2/27/13"
"Grand Funk Railroad","Locomotion, The",SC8106,10,SC8106,,SC,1," 2/27/13"
"Grand Funk Railroad","We're An American Band",SC8368,3,SC8368,,SC,1," 2/27/13"
"Grand Funk Railroad, The","Footstompin' Music",SC7562,3,SC7562,,SC,1," 2/27/13"
"Grand Funk Railroad, The","Mean Mistreater",SC8539,9,SC8539,,SC,1," 2/27/13"
"Grand Funk Railroad, The","Some Kind Of Wonderful",SC7576,8,SC7576,,SC,1," 2/27/13"
"Grand Funk Railroad, The","We're An American Band",DK047,17,DK047,,DK,1," 2/27/13"
"Grand Funk wvocal","Bad Time",SC2439,12,SC2439,,SC,1," 2/27/13"
"Grand Funk wvocal","Loco-motion, The",SC2439,11,SC2439,,SC,1," 2/27/13"
"Grand Funk wvocal","Some Kind Of Wonderful",SC2439,15,SC2439,,SC,1," 2/27/13"
"Grand Funk wvocal","We're An American Band",SC2439,14,SC2439,,SC,1," 2/27/13"
"Grand Master Flash","Message, The",SC8612,5,SC8612,,SC,1," 2/27/13"
"Grand Master Flash","White Lines (Don't Don't Do It)",SC8656,7,SC8656,,SC,1," 2/27/13"
"Grand, Gil","I Already Fell",SC8546,4,SC8546,,SC,1," 2/27/13"
"Grand, Gil","Let's Start Livin'",SC8520,13,SC8520,,SC,1," 2/27/13"
"Grandad Roberts & His Son Elvis","Meat Pie, Sausage Roll",SF121,3,SF121,,SF,1," 2/27/13"
Grandpa,"Judds, The",KJT06,12,KJT06,,KJ,1," 2/27/13"
"Grandpa Jones","Falling Leaves",CBEP476-2,17,CBEP476-2,,CB,1," 2/27/13"
"Grandpa Jones","Mountain Dew",CB60060,10,CB60060,,CB,1," 2/27/13"
"Granger Smith","Letters To London",PHMC1205,7,PHMC1205,,PH,1," 2/27/13"
"Granger Smith","Red Dirt",PHMC1206,4,PHMC1206,,PH,1," 2/27/13"
"Granger Smith","We Do It In The Field",PHMC1301,7,PHMC1301,,PH,1," 2/27/13"
"Grant, Amy",Angels,SC2045,4,SC2045,,SC,1," 2/27/13"
"Grant, Amy","Baby Baby",SF002,15,SF002,,SF,1," 2/27/13"
"Grant, Amy","Big Yellow Taxi",SF027,14,SF027,,SF,1," 2/27/13"
"Grant, Amy","Every Heartbeat",MM6000,12,MM6000,,MM,1," 2/27/13"
"Grant, Amy","Everywhere I Go",SC2182,7,SC2182,,SC,1," 2/27/13"
"Grant, Amy","Good For Me",MM6096,6,MM6096,,MM,1," 2/27/13"
"Grant, Amy","House Of Love",DK1104,3,DK1104,,DK,1," 2/27/13"
"Grant, Amy","I Will Be Your Friend",SC8661,9,SC8661,,SC,1," 2/27/13"
"Grant, Amy","I Will Remember You",MM6049,14,MM6049,,MM,1," 2/27/13"
"Grant, Amy","Like I Love You",SC8453,2,SC8453,,SC,1," 2/27/13"
"Grant, Amy","Lucky One",SAVP18,11,SAVP18,,SA,1," 2/27/13"
"Grant, Amy","Say You'll Be Mine",SD010,13,SD010,,SD,1," 2/27/13"
"Grant, Amy","Takes A Little Time",SC8661,7,SC8661,,SC,1," 2/27/13"
"Grant, Amy","Tennessee Christmas",CBEP462-4,6,CBEP462-4,,CB,1," 2/27/13"
"Grant, Amy","That's What Love Is For",MM6021B,7,MM6021B,,MM,1," 2/27/13"
"Grant, Amy","Things We Do For Love, The",SC2182,8,SC2182,,SC,1," 2/27/13"
"Grant, Amy & Vince Gill","House Of Love",MM6076,15,MM6076,,MM,1," 2/27/13"
"Grant, Eddie","Electric Avenue",MM6083,5,MM6083,,MM,1," 2/27/13"
"Grant, Eddy","Electric Avenue",SGB049,12,SGB049,,SG,1," 2/27/13"
"Grant, Gogi","Wayward Wind, The",CBEP454-2,17,CBEP454-2,,CB,1," 2/27/13"
"Grass Roots, The","Heaven Knows",SC8575,6,SC8575,,SC,1," 2/27/13"
"Grass Roots, The","Let's Live For Today",DK007,13,DK007,,DK,1," 2/27/13"
"Grass Roots, The","Midnight Confession",MM6149,5,MM6149,,MM,1," 2/27/13"
"Grass Roots, The","Midnight Confessions",SC7543,15,SC7543,,SC,1," 2/27/13"
"Grass Roots, The","Sooner Or Later",DK042,15,DK042,,DK,1," 2/27/13"
"Grass Roots, The","Temptation Eyes",SC8227,10,SC8227,,SC,1," 2/27/13"
"Grass Roots, The","Two Divided By Love",SC8644,2,SC8644,,SC,1," 2/27/13"
"Grass Roots, The","Wait A Million Years",SC7562,9,SC7562,,SC,1," 2/27/13"
"Grateful Dead, The","Casey Jones",SGB062,15,SGB062,,SG,1," 2/27/13"
"Grateful Dead, The",Ripple,SC8510,4,SC8510,,SC,1," 2/27/13"
"Grateful Dead, The","Touch Of Grey",SC8197,6,SC8197,,SC,1," 2/27/13"
"Grateful Dead, The",Truckin',MM6058,6,MM6058,,MM,1," 2/27/13"
"Grateful Dead, The","Uncle John's Band",SC8724,5,SC8724,,SC,1," 2/27/13"
"Gray, Damon","Lookin' For Trouble",CB60197,4,CB60197,,CB,1," 2/27/13"
"Gray, David",Babylon,CBEP473-6,7,CBEP473-6,,CB,1," 2/27/13"
"Gray, David","Please Forgive Me",SF172,13,SF172,,SF,1," 2/27/13"
"Gray, Dobie","Drift Away",SC8138,9,SC8138,,SC,1," 2/27/13"
"Gray, Dobie","In Crowd, The",PI002,13,PI002,,PI,1," 2/27/13"
"Gray, Joel","Money Makes The World Go 'round",MM6047,14,MM6047,,MM,1," 2/27/13"
"Gray, Macy","Do Something",SC8559,3,SC8559,,SC,1," 2/27/13"
"Gray, Macy","I Try",CBE2-27,15,CBE2-27,,CB,1," 2/27/13"
"Gray, Macy","She Ain't Right For You",CB30039,9,CB30039,,CB,1," 2/27/13"
"Gray, Macy",Still,CB30007,13,CB30007,,CB,1," 2/27/13"
"Gray, Macy","Sweet Baby",MM6348,6,MM6348,,MM,1," 2/27/13"
"Gray, Macy","When I See You",SF205,15,SF205,,SF,1," 2/27/13"
"Gray, Macy","Why Didn't You Call Me",SGB045,9,SGB045,,SG,1," 2/27/13"
"Gray, Macy","Why Didn't You Call Meÿ",MM6313,7,MM6313,,MM,1," 2/27/13"
"Gray, Macy","Why Didn't You Call Me",CB30005,3,CB30005,,CB,1," 2/27/13"
"Gray, Macy & Santana","Amore (Sexo)",SC8809,13,SC8809,,SC,1," 2/27/13"
"Gray, Tamyra","Raindrops Will Fall",PHM0409,7,PHM0409,,PH,1," 2/27/13"
"Grayson, Hugh","Can't We Talk It Over",SAVP26,15,SAVP26,,SA,1," 2/27/13"
Grease,Grease,MMBH1-4,14,MMBH1-4,,MM,1," 2/27/13"
Grease,"Greased Lightning",MMBH1-2,11,MMBH1-2,,MM,1," 2/27/13"
Grease,"Look At Me I'm Sandra Dee",MMBH1-4,11,MMBH1-4,,MM,1," 2/27/13"
Grease,"Summer Nights",SC8119,3,SC8119,,SC,1," 2/27/13"
Grease,"We Go Together",MMBH1-3,9,MMBH1-3,,MM,1," 2/27/13"
Grease,"You're The One That I Want",MMBH1-2,19,MMBH1-2,,MM,1," 2/27/13"
"Grease Megamix","Travolta, John & Olivia Newton John",PHM9701,1,PHM9701,,PH,1," 2/27/13"
"Great Divide","Lost In The Night",CB60242,12,CB60242,,CB,1," 2/27/13"
"Great Divide, The","Break In The Storm",CB60150,4,CB60150,,CB,1," 2/27/13"
"Great Divide, The","Out Of Here Tonight",CB60216,8,CB60216,,CB,1," 2/27/13"
"Great Divide, The","Pour Me A Vacation",CB60115,5,CB60115,,CB,1," 2/27/13"
"Great Divide, The","San Isabella",SC8533,12,SC8533,,SC,1," 2/27/13"
"Great Plains","Dancin' With The Wind",MM6158,14,MM6158,,MM,1," 2/27/13"
"Great Plains","Healin' Hands",SC8315,12,SC8315,,SC,1," 2/27/13"
"Great Pretender, The","Platters, The",JV0005,2,JV0005,,JV,1," 2/27/13"
"Great White","Once Bitten Twice Shy",SGB031,12,SGB031,,SG,1," 2/27/13"
"Great White","Rock Me",SC8597,4,SC8597,,SC,1," 2/27/13"
"Great White","Rollin' Stoned",SC8843,14,SC8843,,SC,1," 2/27/13"
"Greater Vision","God Wants To Hear You Sing",CBEP478-4,15,CBEP478-4,,CB,1," 2/27/13"
"Greater Vision","He's Still Waiting By The Well",CBEP478-2,14,CBEP478-2,,CB,1," 2/27/13"
"Greater Vision","If There's No God",CBEP466-4,13,CBEP466-4,,CB,1," 2/27/13"
"Greater Vision","Just One More Soul",CBEP478-4,13,CBEP478-4,,CB,1," 2/27/13"
"Greatest Love Of All, The","Houston, Whitney",BS5017,10,BS5017,,BS,1," 2/27/13"
"Greaves, R.B.","Take A Letter Maria",DK032,16,DK032,,DK,1," 2/27/13"
"Greedy Fly",Bush,HV06A,11,HV06A,,HV,1," 2/27/13"
"Greek Favorites","Agapa Me",SC8193,13,SC8193,,SC,1," 2/27/13"
"Greek Favorites","Aspres Kordeles",SC8193,3,SC8193,,SC,1," 2/27/13"
"Greek Favorites","Den Pao Pouthena",SC8193,7,SC8193,,SC,1," 2/27/13"
"Greek Favorites","Eime Anevazmenos",SC8193,9,SC8193,,SC,1," 2/27/13"
"Greek Favorites","Garifallo Sto Afti",SC8193,10,SC8193,,SC,1," 2/27/13"
"Greek Favorites","Gia Pes Mou Ti Sou Ekana",SC8193,15,SC8193,,SC,1," 2/27/13"
"Greek Favorites","Greek Wedding Song, The",SC8193,1,SC8193,,SC,1," 2/27/13"
"Greek Favorites","Lege Oti Thes",SC8193,11,SC8193,,SC,1," 2/27/13"
"Greek Favorites","Maria Meta Kitrino",SC8193,2,SC8193,,SC,1," 2/27/13"
"Greek Favorites",Melachrinaki,SC8193,8,SC8193,,SC,1," 2/27/13"
"Greek Favorites","Never On Sunday",SC8193,6,SC8193,,SC,1," 2/27/13"
"Greek Favorites","Nina Na E Na E",SC8193,4,SC8193,,SC,1," 2/27/13"
"Greek Favorites",Samiotissa,SC8193,12,SC8193,,SC,1," 2/27/13"
"Greek Favorites","Simera Gamos Ginete",SC8193,14,SC8193,,SC,1," 2/27/13"
"Greek Favorites","Zorba The Greek",SC8193,5,SC8193,,SC,1," 2/27/13"
"Green Day","American Idiot",PHM0411,7,PHM0411,,PH,1," 2/27/13"
"Green Day","Basket Case",SC8263,14,SC8263,,SC,1," 2/27/13"
"Green Day","Boulevard Of Broken Dreams",PHR0501,4,PHR0501,,PH,1," 2/27/13"
"Green Day","Brain Stew",SC8248,10,SC8248,,SC,1," 2/27/13"
"Green Day","Good Riddance",SC2400,9,SC2400,,SC,1," 2/27/13"
"Green Day","I Fought The Law",SC3407,1,SC3407,,SC,1," 2/27/13"
"Green Day",Longview,SGB028,14,SGB028,,SG,1," 2/27/13"
"Green Day",Minority,CBEP470-1,9,CBEP470-1,,CB,1," 2/27/13"
"Green Day","Time Of Your Life",CBE3-28,15,CBE3-28,,CB,1," 2/27/13"
"Green Day","Time Of Your Life (Good Riddance)",MMCP2K09,14,MMCP2K09,,MM,1," 2/27/13"
"Green Day","Time Of Your Life, The",PHM9801,3,PHM9801,,PH,1," 2/27/13"
"Green Day","Walking Contradiction",SC8348,15,SC8348,,SC,1," 2/27/13"
"Green Day","When I Come Around",CBE3-24,9,CBE3-24,,CB,1," 2/27/13"
"Green Day wvocal","American Idiot",PHM0411,16,PHM0411,,PH,1," 2/27/13"
"Green Day wvocal","Good Riddance",SC2400,18,SC2400,,SC,1," 2/27/13"
"Green River Ordinance","Come On",PHMP0911,3,PHMP0911,,PH,1," 2/27/13"
"Green, Al","For The Good Times",SC8860,9,SC8860,,SC,1," 2/27/13"
"Green, Al","Here I Am (Come And Take Me)",SC8755,8,SC8755,,SC,1," 2/27/13"
"Green, Al","Let's Stay Together",MMCP2K05,5,MMCP2K05,,MM,1," 2/27/13"
"Green, Al","Tired Of Being Alone",PI006,8,PI006,,PI,1," 2/27/13"
"Green, Al","You Ought To Be With Me",DK078,10,DK078,,DK,1," 2/27/13"
"Green, Al","Your Heart's In Good Hands",SC8248,8,SC8248,,SC,1," 2/27/13"
"Green, Pat","Carry On",SD089,12,SD089,,SD,1," 2/27/13"
"Green, Pat","Don't Break My Heart Again",PHN0411,6,PHN0411,,PH,1," 2/27/13"
"Green, Pat","Three Days",CB60230,14,CB60230,,CB,1," 2/27/13"
"Green, Pat","Wave On Wave",SC8833,12,SC8833,,SC,1," 2/27/13"
"Green, Pat & Cory Morrow","Texas On My Mind",SC3257,5,SC3257,,SC,1," 2/27/13"
"Green, Pat wvocal","Don't Break My Heart Again",PHN0411,15,PHN0411,,PH,1," 2/27/13"
"Green, Pat wvocal","Wave On Wave",SC3372,12,SC3372,,SC,1," 2/27/13"
"Green, Robert & Jerome Flyn","Three Is Family",SF027,2,SF027,,SF,1," 2/27/13"
"Green, S.","Cherish The Treasure",SC2045,2,SC2045,,SC,1," 2/27/13"
"Green, Vivian","Emotional Rollercoaster",SC8822,14,SC8822,,SC,1," 2/27/13"
"Green, Vivian","Emotional Rollercoasterÿ",THH0305,15,THH0305,,TH,1," 2/27/13"
"Green, Vivian",Fanatic,PHU0308,9,PHU0308,,PH,1," 2/27/13"
"Green, Vivian wvocal",Fanatic,PHU0308,18,PHU0308,,PH,1," 2/27/13"
"Greenbaum, Norman","Spirit In The Sky",SF016,14,SF016,,SF,1," 2/27/13"
"Greene & Seely","Wish I Didn't Have To Miss You",SC8511,9,SC8511,,SC,1," 2/27/13"
"Greene, Jack","All The Time",SC8276,12,SC8276,,SC,1," 2/27/13"
"Greene, Jack","There Goes My Everything",CBE2-01,15,CBE2-01,,CB,1," 2/27/13"
"Greenes, The","Glorious City Of God",CBEP478-3,10,CBEP478-3,,CB,1," 2/27/13"
"Greenes, The","I Am A Christian",CBEP466-3,1,CBEP466-3,,CB,1," 2/27/13"
"Greenes, The","I'm So Happy",CBEP478-5,9,CBEP478-5,,CB,1," 2/27/13"
"Greenes, The","Miracle In Me",CBEP466-2,12,CBEP466-2,,CB,1," 2/27/13"
"Greenes, The","The Blood Covered It All",CBEP466-6,9,CBEP466-6,,CB,1," 2/27/13"
"Greenes, The","When God Calls My Name",CBEP466-3,2,CBEP466-3,,CB,1," 2/27/13"
"Greenwood & Bogguss","Hopelessly Yours",SC2012,6,SC2012,,SC,1," 2/27/13"
"Greenwood, Lee","Ain't No Trick It Takes Magic",CB60149,1,CB60149,,CB,1," 2/27/13"
"Greenwood, Lee","Before I'm Ever Over You",SC8245,2,SC8245,,SC,1," 2/27/13"
"Greenwood, Lee","Between A Rock And A Hard Place",CB60149,2,CB60149,,CB,1," 2/27/13"
"Greenwood, Lee","Dixie Road",DK060,15,DK060,,DK,1," 2/27/13"
"Greenwood, Lee","Fool's Gold",SC8541,11,SC8541,,SC,1," 2/27/13"
"Greenwood, Lee","God Bless The U.s.a. 2003",PHN0307,6,PHN0307,,PH,1," 2/27/13"
"Greenwood, Lee","God Bless The Usa",CB60019,11,CB60019,,CB,1," 2/27/13"
"Greenwood, Lee","Going Going Gone",SC8326,12,SC8326,,SC,1," 2/27/13"
"Greenwood, Lee","Great Defenders, The",SC8291,3,SC8291,,SC,1," 2/27/13"
"Greenwood, Lee","Hearts Aren't Made To Break (They're Mad",SC7556,8,SC7556,,SC,1," 2/27/13"
"Greenwood, Lee","Holdin' A Good Hand",CB60128,8,CB60128,,CB,1," 2/27/13"
"Greenwood, Lee","Holding A Good Hand",MM6065,4,MM6065,,MM,1," 2/27/13"
"Greenwood, Lee","I Don't Mind The Thorns",SC8431,8,SC8431,,SC,1," 2/27/13"
"Greenwood, Lee","I Never Thought Your Memory Would Ever G",SC8278,8,SC8278,,SC,1," 2/27/13"
"Greenwood, Lee","I O U",SC8158,11,SC8158,,SC,1," 2/27/13"
"Greenwood, Lee","I Still Believe",CB60149,5,CB60149,,CB,1," 2/27/13"
"Greenwood, Lee","I'll Be Loving You",CB60127,14,CB60127,,CB,1," 2/27/13"
"Greenwood, Lee",Iou,SC7524,4,SC7524,,SC,1," 2/27/13"
"Greenwood, Lee","It Turns Me Inside Out",SC8398,14,SC8398,,SC,1," 2/27/13"
"Greenwood, Lee","Mornin' Ride",SC8332,10,SC8332,,SC,1," 2/27/13"
"Greenwood, Lee","Ring On Her Finger",MM6088,5,MM6088,,MM,1," 2/27/13"
"Greenwood, Lee","Rocks That You Can't Move",THC0302,20,THC0302,,TH,1," 2/27/13"
"Greenwood, Lee","Somebody's Gonna Love You",SC8269,15,SC8269,,SC,1," 2/27/13"
"Greenwood, Lee","Touch And Go Crazy",SC8642,14,SC8642,,SC,1," 2/27/13"
"Greenwood, Lee","We've Got It Made",CB60149,4,CB60149,,CB,1," 2/27/13"
"Greenwood, Lee","You've Got A Good Love Coming",CB60126,7,CB60126,,CB,1," 2/27/13"
"Greenwood, Lee & Barbara Mandrell","To Me",SC8128,11,SC8128,,SC,1," 2/27/13"
"Greenwood, Lee & Suzy Bogguss","Hopelessly Yours",SC8128,12,SC8128,,SC,1," 2/27/13"
"Greg Bates",Brothers,PHMC1302,4,PHMC1302,,PH,1," 2/27/13"
"Greg Kihn Band, The","Breakup Song, The",SC8313,1,SC8313,,SC,1," 2/27/13"
"Greg Kihn Band, The",Jeopardy,AH8021,5,AH8021,,AH,1," 2/27/13"
"Greg Street Presents Nappy Roots","Good Day",PHMU0809,6,PHMU0809,,PH,1," 2/27/13"
"Gregg, Ricky Lynn","Can You Feel It",SC8287,3,SC8287,,SC,1," 2/27/13"
"Gregg, Ricky Lynn","Careful What You Wish For",CB60215,4,CB60215,,CB,1," 2/27/13"
"Gregg, Ricky Lynn","If I Had A Cheatin' Heart",SC8301,7,SC8301,,SC,1," 2/27/13"
"Gregg, Ricky Lynn","Three Nickels And A Dime",SC8275,15,SC8275,,SC,1," 2/27/13"
"Gregg, Ricky Lynn","To Find Where I Belong",SC8171,2,SC8171,,SC,1," 2/27/13"
"Gregory, Adam","Crazy Days",PHMC0807,6,PHMC0807,,PH,1," 2/27/13"
"Gregory, Clinton","If It Weren't For Country Music I'd Go C",CB60097,9,CB60097,,CB,1," 2/27/13"
"Gregory, Clinton","Rocking The Country",CB60179,7,CB60179,,CB,1," 2/27/13"
"Gregory, Clinton","Standing On The Edge Of Love",SC8317,15,SC8317,,SC,1," 2/27/13"
"Gregory, Clinton","You Didn't Miss A Thing",SC8160,9,SC8160,,SC,1," 2/27/13"
"Gretchen Wilson","I Got Your Country Right Here",PHMC1011,2,PHMC1011,,PH,1," 2/27/13"
"Gretchen Wilson","I'd Love To Be Your Last",PHMC1104,2,PHMC1104,,PH,1," 2/27/13"
"Gretchen Wilson","If I Could Do It All Again",PHMC0909,6,PHMC0909,,PH,1," 2/27/13"
"Grey, Yankee","All Things Considered",CB60180,1,CB60180,,CB,1," 2/27/13"
"Griffin, Patty","One Big Love",PHM9810,8,PHM9810,,PH,1," 2/27/13"
"Griffith, Marcia","Electric Slide",SGB035,5,SGB035,,SG,1," 2/27/13"
"Griffiths, Marcia","Electric Boogie",MM6083,11,MM6083,,MM,1," 2/27/13"
"Griffiths, Marcia","Electric Boogie Slide",MMBK01,14,MMBK01,,MM,1," 2/27/13"
"Griffiths, Marcia","Electric Slide",MMGCP9801,14,MMGCP9801,,MM,1," 2/27/13"
"Griffiths, Marcia","Electric Slide (Boogie)",MMCP2K01,14,MMCP2K01,,MM,1," 2/27/13"
"Griggs, Andy","How Cool Is That",CB60220,12,CB60220,,CB,1," 2/27/13"
"Griggs, Andy","I'll Go Crazy",CB60180,7,CB60180,,CB,1," 2/27/13"
"Griggs, Andy","If Heaven",SC8907,12,SC8907,,SC,1," 2/27/13"
"Griggs, Andy","Practice Life",THC0301,15,THC0301,,TH,1," 2/27/13"
"Griggs, Andy","She Thinks She Needs Me",SC3416,7,SC3416,,SC,1," 2/27/13"
"Griggs, Andy","She's More",CBEP461-6,5,CBEP461-6,,CB,1," 2/27/13"
"Griggs, Andy","She'S More",MM6294,5,MM6294,,MM,1," 2/27/13"
"Griggs, Andy","She's More",CB60194,13,CB60194,,CB,1," 2/27/13"
"Griggs, Andy","Tonight I Wanna Be Your Man",PHN0206,5,PHN0206,,PH,1," 2/27/13"
"Griggs, Andy","Tonight I Want To Be Your Man",MM6358,12,MM6358,,MM,1," 2/27/13"
"Griggs, Andy","Waitin' On Sundown",CB60205,10,CB60205,,CB,1," 2/27/13"
"Griggs, Andy","You Made Me That Way",SC8646,13,SC8646,,SC,1," 2/27/13"
"Griggs, Andy","You Won't Ever Be Lonely",MMCP2K08,16,MMCP2K08,,MM,1," 2/27/13"
"Griggs, Andy","You Won't Ever Be That Lonely",CB60160,13,CB60160,,CB,1," 2/27/13"
"Griggs, Andy & Martina Mcbride","Practice Life",CB60241,5,CB60241,,CB,1," 2/27/13"
"Griggs, Andy wvocal","She Thinks She Needs Me",SC3416,15,SC3416,,SC,1," 2/27/13"
"Grobam, Josh","You Raise Me Up",PHM0405,4,PHM0405,,PH,1," 2/27/13"
"Groban, Josh","Remember When It Rained",PHM0410,5,PHM0410,,PH,1," 2/27/13"
"Groban, Josh","Si Volvieras A Mi",SC8878,7,SC8878,,SC,1," 2/27/13"
"Groban, Josh","To Where You Are",CB30030,9,CB30030,,CB,1," 2/27/13"
"Groban, Josh","When You Say You Love Me",SC8878,9,SC8878,,SC,1," 2/27/13"
"Groban, Josh","You Raise Me Up",SC8855,15,SC8855,,SC,1," 2/27/13"
"Groban, Josh","You Raise Me Up (Radio Version)",SC3391,8,SC3391,,SC,1," 2/27/13"
"Groban, Josh","You're Still You",SC8818,3,SC8818,,SC,1," 2/27/13"
"Groban, Josh","You're Still Youÿ",THP0305,16,THP0305,,TH,1," 2/27/13"
"Groban, Josh","You're Still You",PHM0304,7,PHM0304,,PH,1," 2/27/13"
"Groban, Josh wvocal","You Raise Me Up (Radio Version)",SC3391,16,SC3391,,SC,1," 2/27/13"
"Groce, Larry","Junk Food Junkie",SC8544,10,SC8544,,SC,1," 2/27/13"
"Groove Generation","You Make Me Feel Like Dancing",SF124,12,SF124,,SF,1," 2/27/13"
"Groove Is In The Heart",Dee-Lite,DG06,4,DG06,,DG,1," 2/27/13"
"Groove Theory","Baby Luv",SC8312,11,SC8312,,SC,1," 2/27/13"
"Groove Theory","Tell Me",SC8349,11,SC8349,,SC,1," 2/27/13"
"Groovegrass Boyz",Macarena,SC8351,11,SC8351,,SC,1," 2/27/13"
Groovin',"Rascals, The",SF073,10,SF073,,SF,1," 2/27/13"
"Groovy Kind Of Love, A","Collins, Phil",BS8617,6,BS8617,,BS,1," 2/27/13"
"Gross, Henry",Shannon,SC8580,5,SC8580,,SC,1," 2/27/13"
"Grover, Dana",Rain,MM6387,13,MM6387,,MM,1," 2/27/13"
"Groves, Shaun","After The Music Fades",SC8828,8,SC8828,,SC,1," 2/27/13"
"Grown Men Don't Cry","McGraw, Tim",TUFP25,12,TUFP25,,TU,1," 2/27/13"
"GT Mayne ft Dallas Blocker & Z-Ro","Hold Of Me",PHMU1111,7,PHMU1111,,PH,1," 2/27/13"
"Guardsmen, Royal","Snoopy Vs. The Red Baron",MM6047,10,MM6047,,MM,1," 2/27/13"
"Guess Who, The","American Woman",SGB039,16,SGB039,,SG,1," 2/27/13"
"Guess Who, The","Hand Me Down World",SC8539,6,SC8539,,SC,1," 2/27/13"
"Guess Who, The",Laughing,DK098,8,DK098,,DK,1," 2/27/13"
"Guess Who, The","No Sugar Tonight- New Mother Nature",SC7562,8,SC7562,,SC,1," 2/27/13"
"Guess Who, The","No Time",SC8575,11,SC8575,,SC,1," 2/27/13"
"Guess Who, The","Shakin' All Over",SC7566,3,SC7566,,SC,1," 2/27/13"
"Guess Who, The","Share The Land",SC8577,3,SC8577,,SC,1," 2/27/13"
"Guess Who, The","These Eyes",MM6149,14,MM6149,,MM,1," 2/27/13"
"Guess Who, The",Undun,DKM2034,13,DKM2034,,DK,1," 2/27/13"
"Guilder, Nick","Hot Child In The City",CBEP474-3,17,CBEP474-3,,CB,1," 2/27/13"
"Guitar Man","Presley, Elvis",PX14,15,PX14,,PX,1," 2/27/13"
"Guitars, Cadillacs","Yoakam, Dwight",KJT06,19,KJT06,,KJ,1," 2/27/13"
Gun,"Word Up",SF009,10,SF009,,SF,1," 2/27/13"
"Guns 'n' Roses","Don't Cry (Original)",SC8597,14,SC8597,,SC,1," 2/27/13"
"Guns 'N' Roses","Knockin' On Heaven's Door",AH8007,1,AH8007,,AH,1," 2/27/13"
"Guns 'N' Roses","Live And Let Die",SAVP23,5,SAVP23,,SA,1," 2/27/13"
"Guns 'n' Roses","Mr. Brownstone",SC8516,2,SC8516,,SC,1," 2/27/13"
"Guns 'n' Roses","November Rain",MM6008,7,MM6008,,MM,1," 2/27/13"
"Guns 'N' Roses","Paradise City",SF005,4,SF005,,SF,1," 2/27/13"
"Guns 'n' Roses","Paradise City",SC8713,8,SC8713,,SC,1," 2/27/13"
"Guns 'n' Roses",Patience,SC8684,6,SC8684,,SC,1," 2/27/13"
"Guns 'N' Roses","Since I Don't Have You",SF026,9,SF026,,SF,1," 2/27/13"
"Guns 'n' Roses","Since I Don't Have You",SC8237,14,SC8237,,SC,1," 2/27/13"
"Guns 'n' Roses","Sweet Child O' Mine",SC8252,7,SC8252,,SC,1," 2/27/13"
"Guns 'N' Roses","Sweet Child O' Mine",SF002,10,SF002,,SF,1," 2/27/13"
"Guns 'N' Roses","Sweet Child Of Mine",DK027,6,DK027,,DK,1," 2/27/13"
"Guns 'n' Roses","Sweet Child Of Mine",SC7578,14,SC7578,,SC,1," 2/27/13"
"Guns 'N' Roses","Welcome To The Jungle",DK032,3,DK032,,DK,1," 2/27/13"
"Guns 'n' Roses","Welcome To The Jungle",SC8660,7,SC8660,,SC,1," 2/27/13"
"Guns 'N' Roses","You Could Be Me",SF021,8,SF021,,SF,1," 2/27/13"
"Guns N Roses","Back Off Bitch",SC8800,16,SC8800,,SC,1," 2/27/13"
"Guns N Roses","Paradise City",CBE3-22,14,CBE3-22,,CB,1," 2/27/13"
"Guns N' Roses","Back Off Bitch",SC8791,14,SC8791,,SC,1," 2/27/13"
"Guns N' Roses","Knockin' On Heaven's Door",SGB025,5,SGB025,,SG,1," 2/27/13"
"Guns N' Roses","Knockin' On Heaven'S Door",SC8869,1,SC8869,,SC,1," 2/27/13"
"Guns N' Roses","My Michelle",SC8830,12,SC8830,,SC,1," 2/27/13"
"Guns N' Roses","November Rain",SC8791,9,SC8791,,SC,1," 2/27/13"
"Guns N' Roses","Paradise City",BL23,4,BL23,,BL,1," 2/27/13"
"Guns N' Roses","Sweet Child O' Mine",BL11,14,BL11,,BL,1," 2/27/13"
"Guns N' Roses","Used To Love Her",SC8756,14,SC8756,,SC,1," 2/27/13"
"Guns N' Roses","Welcome To The Jungle",SC1028,8,SC1028,,SC,1," 2/27/13"
"Guns N' Roses","You Could Be Mine",SC8843,2,SC8843,,SC,1," 2/27/13"
"Gunz, Young","Can't Stop, Won't Stop",SC3388,2,SC3388,,SC,1," 2/27/13"
"Gunz, Young wvocal","Can't Stop, Won't Stop",SC3388,10,SC3388,,SC,1," 2/27/13"
Guster,Amsterdam,PHM0310,8,PHM0310,,PH,1," 2/27/13"
Guster,Careful,PHR0404,1,PHR0404,,PH,1," 2/27/13"
Guster,"Fa Fa (Never Be The Same Again)",SC8622,1,SC8622,,SC,1," 2/27/13"
"Guster wvocal",Amsterdam,PHM0310,17,PHM0310,,PH,1," 2/27/13"
"Guthrie, Arlo","Alice's Restaurant",MM6172,8,MM6172,,MM,1," 2/27/13"
"Guthrie, Arlo","City Of New Orleans",SC8201,15,SC8201,,SC,1," 2/27/13"
"Guthrie, Woody","John Henry",MM6328,6,MM6328,,MM,1," 2/27/13"
"Guthrie, Woody","This Land Is Your Land",DK093,17,DK093,,DK,1," 2/27/13"
Guy,Dancin',SC8587,14,SC8587,,SC,1," 2/27/13"
"Guy Penrod","Pray About Everything - Copy",PHMC1106,4,PHMC1106,,PH,1," 2/27/13"
"Guy Sebastian feat Eve","Who's That Girl",PHMP1110,2,PHMP1110,,PH,1," 2/27/13"
"Guys & Dolls","Adelaide's Lament",MM6175,4,MM6175,,MM,1," 2/27/13"
"Guys & Dolls","I've Never Been In Love Before",SC2222,1,SC2222,,SC,1," 2/27/13"
"Guys & Dolls","Luck Be A Lady",SC8547,10,SC8547,,SC,1," 2/27/13"
"Guys Do It All The Time","McCready, Mindy",AH8016,9,AH8016,,AH,1," 2/27/13"
"Gwen Sebastian","V.I.P. (Barefoot Girl)",PHMC1006,8,PHMC1006,,PH,1," 2/27/13"
"Gwyneth Paltrow & Tim McGraw","Me And Tennessee",PHMC1103,4,PHMC1103,,PH,1," 2/27/13"
"Gym Class Heroes Feat The Dream","Cookie Jar",PHMP0810,6,PHMP0810,,PH,1," 2/27/13"
"Gypsies, Tramps & Theives",Cher,RSZ606,14,RSZ606,,RS,1," 2/27/13"
Gypsy,"Everything's Coming Up Roses",MMBH1-5,16,MMBH1-5,,MM,1," 2/27/13"
Gypsy,"Fleetwood Mac",TU060,3,TU060,,TU,1," 2/27/13"
Gypsy,"Let Me Entertain You",MMBH1-1,14,MMBH1-1,,MM,1," 2/27/13"
"Gypsy Kings",Bamboleo,MM6009,1,MM6009,,MM,1," 2/27/13"
"Gypsy Kings","Mi Manera, A",MM6138,15,MM6138,,MM,1," 2/27/13"
