"Eagle Eye Cherry","Are You Still Having Fun",SF165,13,SF165,,SF,1," 2/27/13"
"Eagle Eye Cherry","Falling In Love Again",SF128,8,SF128,,SF,1," 2/27/13"
"Eagle Eye Cherry","Feels So Right",CBEP477-5,16,CBEP477-5,,CB,1," 2/27/13"
"Eagle Eye Cherry","Save Tonight",SF122,15,SF122,,SF,1," 2/27/13"
"Eagle, The","Jennings, Waylon",DG08,12,DG08,,DG,1," 2/27/13"
Eagles,"Love Will Keep Us Alive",SC2407,1,SC2407,,SC,1," 2/27/13"
"Eagles, The","Already Gone",SC8125,6,SC8125,,SC,1," 2/27/13"
"Eagles, The","Best Of My Love",SC8125,12,SC8125,,SC,1," 2/27/13"
"Eagles, The","Best Of My Love, The",MM6032,2,MM6032,,MM,1," 2/27/13"
"Eagles, The",Desperado,SAVP41,14,SAVP41,,SA,1," 2/27/13"
"Eagles, The","Heartache Tonight",MM6032,10,MM6032,,MM,1," 2/27/13"
"Eagles, The","Hole In The World",THMP0310,1,THMP0310,,TH,1," 2/27/13"
"Eagles, The","Hotel California",SAVP17,16,SAVP17,,SA,1," 2/27/13"
"Eagles, The","I Can't Tell You Why",SC8125,15,SC8125,,SC,1," 2/27/13"
"Eagles, The","In The City",SC8586,10,SC8586,,SC,1," 2/27/13"
"Eagles, The","James Dean",SGB066,6,SGB066,,SG,1," 2/27/13"
"Eagles, The","Life In The Fast Lane",SC8125,9,SC8125,,SC,1," 2/27/13"
"Eagles, The","Long Run, The",SC8125,3,SC8125,,SC,1," 2/27/13"
"Eagles, The","Love Will Keep Us Alive",SC8808,14,SC8808,,SC,1," 2/27/13"
"Eagles, The","Lyin' Eyes",MM6032,13,MM6032,,MM,1," 2/27/13"
"Eagles, The","New Kid In Town",SC8125,10,SC8125,,SC,1," 2/27/13"
"Eagles, The","Ol' 55",SC8583,4,SC8583,,SC,1," 2/27/13"
"Eagles, The","One Of These Nights",SC8125,2,SC8125,,SC,1," 2/27/13"
"Eagles, The","Peaceful Easy Feeling",SC8107,2,SC8107,,SC,1," 2/27/13"
"Eagles, The","Please Come Home For Christmas",SC8184,15,SC8184,,SC,1," 2/27/13"
"Eagles, The","Seven Bridges Road",SC8891,6,SC8891,,SC,1," 2/27/13"
"Eagles, The","Take It Easy",SAVP41,11,SAVP41,,SA,1," 2/27/13"
"Eagles, The","Take It To The Limit",SC8125,14,SC8125,,SC,1," 2/27/13"
"Eagles, The","Tequila Sunrise",SC8125,7,SC8125,,SC,1," 2/27/13"
"Eagles, The","Witchy Woman",SC8125,11,SC8125,,SC,1," 2/27/13"
"Eakes, Bobbie & Collin Raye","Tired Of Loving This Way",SC8623,14,SC8623,,SC,1," 2/27/13"
Eamon,"Fuck It",PHM-0402,9,PHM-0402,,PH,1," 2/27/13"
Eamon,"Fuck It (Radio Version)",SC8864,15,SC8864,,SC,1," 2/27/13"
Eamon,"Fuck it I Don't Want You Back",SC3401,8,SC3401,,SC,1," 2/27/13"
"Earl, Stacy","Romeo & Juliet",SAVP39,15,SAVP39,,SA,1," 2/27/13"
"Earle, Steve","Copperhead Road",MM6174,15,MM6174,,MM,1," 2/27/13"
"Earle, Steve","Guitar Town",DK064,14,DK064,,DK,1," 2/27/13"
"Earle, Steve","Transcendental Blues",SC8629,14,SC8629,,SC,1," 2/27/13"
"Earle, Steve Fix","Fell Alright",SC8856,3,SC8856,,SC,1," 2/27/13"
"Earls, The","I Believe",MM6401,1,MM6401,,MM,1," 2/27/13"
"Earth Wind & Fire","Let's Groove",SF067,13,SF067,,SF,1," 2/27/13"
"Earth Wind & Fire",Reasons,SF068,9,SF068,,SF,1," 2/27/13"
"Earth Wind & Fire","Serpentine Fire",SC8386,2,SC8386,,SC,1," 2/27/13"
"Earth, Wind & Fire","After The Love Has Gone",SC8292,6,SC8292,,SC,1," 2/27/13"
"Earth, Wind & Fire","Boogie Wonderland",DK031,10,DK031,,DK,1," 2/27/13"
"Earth, Wind & Fire",Fantasy,SF011,4,SF011,,SF,1," 2/27/13"
"Earth, Wind & Fire",Getaway,DK020,4,DK020,,DK,1," 2/27/13"
"Earth, Wind & Fire","Got To Get You Into My Life",DK023,6,DK023,,DK,1," 2/27/13"
"Earth, Wind & Fire","Guiding Lights",PHMU1207,5,PHMU1207,,PH,1," 2/27/13"
"Earth, Wind & Fire","Let's Groove",SC8207,10,SC8207,,SC,1," 2/27/13"
"Earth, Wind & Fire",September,DK097,13,DK097,,DK,1," 2/27/13"
"Earth, Wind & Fire","Shining Star",CBEP464-6,11,CBEP464-6,,CB,1," 2/27/13"
"Earth, Wind & Fire","Spend The Night",SC8270,14,SC8270,,SC,1," 2/27/13"
"Earth, Wind & Fire & Emotions","Boogie Wonderland",CBEP468-3,14,CBEP468-3,,CB,1," 2/27/13"
"East 17","Around The World",SF020,15,SF020,,SF,1," 2/27/13"
"East 17","Do You Still",SF034,11,SF034,,SF,1," 2/27/13"
"East 17","Each Time",SF128,6,SF128,,SF,1," 2/27/13"
"East 17","Hold My Body Tight",SF027,10,SF027,,SF,1," 2/27/13"
"East 17","Someone To Love",SF061,13,SF061,,SF,1," 2/27/13"
"East 17","Stay Another Day",SF019,10,SF019,,SF,1," 2/27/13"
"East 17",Steam,SF026,8,SF026,,SF,1," 2/27/13"
"East 17",Thunder,SF039,10,SF039,,SF,1," 2/27/13"
"East 17","Where Love Lives",SF061,12,SF061,,SF,1," 2/27/13"
"Easter Brothers, The","Thank You Lord For Your Blessings On Me",CBEP466-3,9,CBEP466-3,,CB,1," 2/27/13"
"Easter, Jeff & Sheri","Praise His Name",CBEP478-4,11,CBEP478-4,,CB,1," 2/27/13"
"Easter, Jeff & Sheri","There Is A Way",CBEP466-3,6,CBEP466-3,,CB,1," 2/27/13"
"Easter, Jeff & Sheri","We Need Hope",CBEP466-4,17,CBEP466-4,,CB,1," 2/27/13"
"Easter, Jeff & Sheri","We're Not Gonna Bow",CBEP478-2,15,CBEP478-2,,CB,1," 2/27/13"
"Easton, Sheena","Almost Over You",SC7559,6,SC7559,,SC,1," 2/27/13"
"Easton, Sheena","For Your Eyes Only",SC8468,14,SC8468,,SC,1," 2/27/13"
"Easton, Sheena","Glamorous Life, The",SC8777,7,SC8777,,SC,1," 2/27/13"
"Easton, Sheena","I Wouldn't Beg For Water",SC8687,2,SC8687,,SC,1," 2/27/13"
"Easton, Sheena","Lover In Me, The",PI003,14,PI003,,PI,1," 2/27/13"
"Easton, Sheena",Machinery,SAVP17,11,SAVP17,,SA,1," 2/27/13"
"Easton, Sheena","Morning Train (9 To 5)",SAVP34,12,SAVP34,,SA,1," 2/27/13"
"Easton, Sheena","Morning Train (Nine To Five)",DK004,15,DK004,,DK,1," 2/27/13"
"Easton, Sheena","Nearness Of You, The",SC8246,14,SC8246,,SC,1," 2/27/13"
"Easton, Sheena",Strut,CBEP468-6,13,CBEP468-6,,CB,1," 2/27/13"
"Easton, Sheena","Sugar Walls",SC8333,4,SC8333,,SC,1," 2/27/13"
"Easton, Sheena","Telefone (Long Distance Love Affair)",SC8552,15,SC8552,,SC,1," 2/27/13"
"Easton, Sheena","When He Shines",MM6182,14,MM6182,,MM,1," 2/27/13"
"Easton, Sheena","You Could Have Been With Me",SC8378,8,SC8378,,SC,1," 2/27/13"
Easy,"Commodores, The",KC007,11,KC007,,KC,1," 2/27/13"
"Easy Lover","Collins, Phil",BS8617,4,BS8617,,BS,1," 2/27/13"
"Easybeats, The","Friday On My Mind",SC8615,14,SC8615,,SC,1," 2/27/13"
"Ebb Tide","Righteous Brothers, The",JV0009,3,JV0009,,JV,1," 2/27/13"
Ebn-ozn,"Aeiou (and Sometimes Y)",SC8892,9,SC8892,,SC,1," 2/27/13"
"Echelons, The","Christmas Long Ago (Jingle Jingle), A",CB60209,5,CB60209,,CB,1," 2/27/13"
"Echo Beach","Martha & The Muffins",GM1000,5,GM1000,,GM,1," 2/27/13"
"Eddie Rabbitt","Drinking My Baby Off My Mind",SC8183,15,SC8183,,SC,1," 2/27/13"
"Eddie Rabbitt","Drivin' My Life Away",SC8380,3,SC8380,,SC,1," 2/27/13"
"Eddie Rabbitt","On Second Thought",SC8135,2,SC8135,,SC,1," 2/27/13"
"Eddie Rabbitt & Crystal Gayle","I Made A Promise",SC8179,14,SC8179,,SC,1," 2/27/13"
"Eddie Rabbitt & Crystal Gayle","You & I",SC8128,10,SC8128,,SC,1," 2/27/13"
"Eddy Arnold","I Want To Go With You",SC8383,2,SC8383,,SC,1," 2/27/13"
"Eddy Arnold","Make The World Go Away",SC8118,2,SC8118,,SC,1," 2/27/13"
"Eden's Crush","Get Over Yourself",CBEP470-4,11,CBEP470-4,,CB,1," 2/27/13"
"Eden's Crush","Love This Way",CB30018,10,CB30018,,CB,1," 2/27/13"
"Edgar Winter Group, The","Free Ride",SC8439,12,SC8439,,SC,1," 2/27/13"
"Edison Lighthouse","Love Grows",SC8283,8,SC8283,,SC,1," 2/27/13"
"Edison Lighthouse","Love Grows Where My Rosemary Goes",CBE2-17,10,CBE2-17,,CB,1," 2/27/13"
"Edmonds, Kevon",24-7,SC8587,11,SC8587,,SC,1," 2/27/13"
"Edmonds, Kevon","No Love",SC8607,12,SC8607,,SC,1," 2/27/13"
"Edmonds, Kevon","No Love (I'm Not Used To)",SGB045,8,SGB045,,SG,1," 2/27/13"
"Edmunds, Dave","I Hear You Knockin'",BL28,6,BL28,,BL,1," 2/27/13"
Ednita,"Quen Te Robo Corazon",SC2197,1,SC2197,,SC,1," 2/27/13"
"Edsels, The","Rama Lama Ding Dong",CBEP455-5,14,CBEP455-5,,CB,1," 2/27/13"
"Edwards, Jonathan",Sunshine,AH8011,10,AH8011,,AH,1," 2/27/13"
"Edwards, Meredith","Bird Song, The",CB60219,13,CB60219,,CB,1," 2/27/13"
"Edwards, Meredith","Ready To Fall",CB20314,10,CB20314,,CB,1," 2/27/13"
"Edwards, Meredith","Rose Is A Rose, A",SC8677,9,SC8677,,SC,1," 2/27/13"
"Edwards, Meredith","Rose Is Rose, A",SD081,11,SD081,,SD,1," 2/27/13"
"Edwards, Meredith","Rose Is Still A Rose, A",PHN0104,6,PHN0104,,PH,1," 2/27/13"
"Edwards, Tommy","It's All In The Game",DKM2017,15,DKM2017,,DK,1," 2/27/13"
"Edwards, Tommy","Please Mr. Sun",SC8770,10,SC8770,,SC,1," 2/27/13"
"Edwin Hawkins' Singers, The","Oh Happy Day",DK031,17,DK031,,DK,1," 2/27/13"
"Eels, The","Novocaine For The Soul",SC8325,1,SC8325,,SC,1," 2/27/13"
"Egan, Walter","Magnet And Steel",SC8725,14,SC8725,,SC,1," 2/27/13"
"Eiffel 65",Blue,CB30015,11,CB30015,,CB,1," 2/27/13"
"Eiffel 65","Blue (Da Ba Dee)",SGB42,12,SGB42,,SG,1," 2/27/13"
"Eiffel 65","Blue Da Ba Dee",CBEP470-4,9,CBEP470-4,,CB,1," 2/27/13"
"Eiffel 65 wvocal",Blue,PHM9912,13,PHM9912,,PH,1," 2/27/13"
"El Amor De Mi Vida","Martin, Ricky",SC7101,9,SC7101,,SC,1," 2/27/13"
"El DeBarge","Second Chance",PHMU1011,4,PHMU1011,,PH,1," 2/27/13"
"El Debarge feat Faith Evans","Lay With You",PHMU1103,7,PHMU1103,,PH,1," 2/27/13"
"El Dorados, The","At My Front Door",SC8615,7,SC8615,,SC,1," 2/27/13"
"El Mondo","Humperdinck, Engelbert",BS8817,9,BS8817,,BS,1," 2/27/13"
"El Paso","Robbins, Marty",KJT06,18,KJT06,,KJ,1," 2/27/13"
"Elaine Page",Memory,SF110,4,SF110,,SF,1," 2/27/13"
"Elam, Katrina","No End In Sight",SC8907,13,SC8907,,SC,1," 2/27/13"
"Elderly Woman Behind The Counter","Pearl Jam",RSZ601,14,RSZ601,,RS,1," 2/27/13"
"Electric 6","Gay Bar",SF206,12,SF206,,SF,1," 2/27/13"
"Electric Guest","American Daydream",PHMP1205,5,PHMP1205,,PH,1," 2/27/13"
"Electric Guest","This Head I Hold",PHMP1204,6,PHMP1204,,PH,1," 2/27/13"
"Electric Light Orchestra","Don't Bring Me Down",MM6054,8,MM6054,,MM,1," 2/27/13"
"Electric Light Orchestra","Livin' Thing",BL06,14,BL06,,BL,1," 2/27/13"
"Electric Light Orchestra, The","Can't Get It Out Of My Head",SC8322,8,SC8322,,SC,1," 2/27/13"
"Electric Light Orchestra, The","Don't Bring Me Down",SC7534,10,SC7534,,SC,1," 2/27/13"
"Electric Light Orchestra, The","Evil Woman",MM6054,7,MM6054,,MM,1," 2/27/13"
"Electric Light Orchestra, The","Hold On Tight",SC8552,10,SC8552,,SC,1," 2/27/13"
"Electric Light Orchestra, The","Livin' Thing",SF104,13,SF104,,SF,1," 2/27/13"
"Electric Light Orchestra, The",Rockaria,SC8715,11,SC8715,,SC,1," 2/27/13"
"Electric Light Orchestra, The","Strange Magic",SC8221,4,SC8221,,SC,1," 2/27/13"
"Electric Light Orchestra, The","Sweet Talkin' Woman",SC8539,8,SC8539,,SC,1," 2/27/13"
"Electric Light Orchestra, The","Telephone Line",SC8658,14,SC8658,,SC,1," 2/27/13"
"Electric Light Orchestra, The","Turn To Stone",SC7561,14,SC7561,,SC,1," 2/27/13"
"Electric Prunes","I Had Too Much To Dream (Last Night)",SC8750,8,SC8750,,SC,1," 2/27/13"
"Electric Six","Danger High Voltage",SF202,14,SF202,,SF,1," 2/27/13"
"Electrical Stormÿ",U2,THR0212,13,THR0212,,TH,1," 2/27/13"
"Elegantly Wasted",INXS,PHM9705,6,PHM9705,,PH,1," 2/27/13"
"Elegants, The","Little Star",SC8526,13,SC8526,,SC,1," 2/27/13"
"Element Eighty","Broken Promises",PHR0403,3,PHR0403,,PH,1," 2/27/13"
Elevation,U2,PHR0107,9,PHR0107,,PH,1," 2/27/13"
"Eli Young Band","Always The Love Songs",PHMC0812,5,PHMC0812,,PH,1," 2/27/13"
"Eli Young Band","Even If It Breaks Your Heart",PHMC1203,1,PHMC1203,,PH,1," 2/27/13"
"Eli Young Band",Guinevere,PHMC1005,7,PHMC1005,,PH,1," 2/27/13"
"Eli Young Band","Life At Best",PHMC1112,7,PHMC1112,,PH,1," 2/27/13"
"Eli Young Band","Radio Waves",PHMC0909,2,PHMC0909,,PH,1," 2/27/13"
"Elisabeth Withers","No Regrets",PHMU1008,7,PHMU1008,,PH,1," 2/27/13"
"Elledge, Jimmy","Funny How Time Slips Away",CBEP455-6,5,CBEP455-6,,CB,1," 2/27/13"
"Ellie Goulding",Lights,PHMP1110,1,PHMP1110,,PH,1," 2/27/13"
"Elliman, Yvonne","Hello Stranger",SC8410,5,SC8410,,SC,1," 2/27/13"
"Elliman, Yvonne","If I Can't Have You",SF022,14,SF022,,SF,1," 2/27/13"
"Elliot, Alecia","You Wanna What",SC8653,13,SC8653,,SC,1," 2/27/13"
"Elliot, Cass","Make Your Own Kind Of Music",SAVP27,12,SAVP27,,SA,1," 2/27/13"
"Elliot, Cass","Words Of Love",MMOLD02,11,MMOLD02,,MM,1," 2/27/13"
"Elliot, Missy","Back In The Day",PHU0307,6,PHU0307,,PH,1," 2/27/13"
"Elliot, Missy","Work It",PHU0212,1,PHU0212,,PH,1," 2/27/13"
"Elliot, Missy wvocal","Work It",PHU0212,10,PHU0212,,PH,1," 2/27/13"
"Elliot, Missy, Ludacris & Trina","One Minute Man",SC8720,15,SC8720,,SC,1," 2/27/13"
"Elliott Yamin","One Word",PHMP0802,9,PHMP0802,,PH,1," 2/27/13"
"Elliott, Alecia","I'm Diggin' It",CBE2-10,9,CBE2-10,,CB,1," 2/27/13"
"Elliott, Alecia","You Wanna What",MM6311,11,MM6311,,MM,1," 2/27/13"
"Elliott, Missy","Gossip Folks",PHU0304,4,PHU0304,,PH,1," 2/27/13"
"Elliott, Missy","I'm Really Hot",PHU0404,2,PHU0404,,PH,1," 2/27/13"
"Elliott, Missy","Pass That Dutch",PHU0401,3,PHU0401,,PH,1," 2/27/13"
"Elliott, Missy",Pussycat,SC3371,5,SC3371,,SC,1," 2/27/13"
"Elliott, Missy ''misdemeanor''","Get Ur Freak On",SC8695,8,SC8695,,SC,1," 2/27/13"
"Elliott, Missy ''misdemeanor'' & Jay-Z","Back In The Day",SC8822,12,SC8822,,SC,1," 2/27/13"
"Elliott, Missy ''misdemeanor'' & Ludacri","Gossip Folks",THH0304,15,THH0304,,TH,1," 2/27/13"
"Elliott, Missy Misdemeanor","I'm Really Hot",SC8865,1,SC8865,,SC,1," 2/27/13"
"Elliott, Missy Misdemeanor",P####Cat,SC8844,11,SC8844,,SC,1," 2/27/13"
"Elliott, Missy Misdemeanor","Pass That Dutch (Radio Version)",SC3390,7,SC3390,,SC,1," 2/27/13"
"Elliott, Missy Misdemeanor","Work It",THH0303,16,THH0303,,TH,1," 2/27/13"
"Elliott, Missy Misdemeanor & Ginuwine &","Take Away",SC8744,6,SC8744,,SC,1," 2/27/13"
"Elliott, Missy Misdemeanor & Ludacris","Gossip Folks",SC8812,9,SC8812,,SC,1," 2/27/13"
"Elliott, Missy wvocal",Pussycat,SC3371,13,SC3371,,SC,1," 2/27/13"
"Elliott, Missy, Ginuwine & Tweet","Take Away",CB30019,10,CB30019,,CB,1," 2/27/13"
"Ellis, Beverly","Woman Might, A",CB60178,14,CB60178,,CB,1," 2/27/13"
"Ellis, Shirley","Name Game, The",SC8526,14,SC8526,,SC,1," 2/27/13"
"Ellis, Terry","Wherever You Are",SC8233,8,SC8233,,SC,1," 2/27/13"
"Ellis-Bextor, Sophie","Mixed Up World",SF211,1,SF211,,SF,1," 2/27/13"
"Elmo & Patsy","Grandma Got Run Over By A Reindeer",SC8086,15,SC8086,,SC,1," 2/27/13"
"Elmo & Patsy","Senor Santa Claus",SC8184,6,SC8184,,SC,1," 2/27/13"
"Elton John",Believe,SC8164,11,SC8164,,SC,1," 2/27/13"
"Elton John","Bitch Is Back, The",SC8134,9,SC8134,,SC,1," 2/27/13"
"Elton John","Candle In The Wind",SC8134,7,SC8134,,SC,1," 2/27/13"
"Elton John","Club At The End Of The Street",SC8134,2,SC8134,,SC,1," 2/27/13"
"Elton John",Daniel,SC8134,5,SC8134,,SC,1," 2/27/13"
"Elton John",Friends,SC8134,11,SC8134,,SC,1," 2/27/13"
"Elton John","Healing Hands",SC8134,10,SC8134,,SC,1," 2/27/13"
"Elton John","I Don't Wanna Go On With You Like That",SC8134,1,SC8134,,SC,1," 2/27/13"
"Elton John","I Guess That's Why They Call It The Blue",SC8134,8,SC8134,,SC,1," 2/27/13"
"Elton John","Kiss The Bride",SC8182,10,SC8182,,SC,1," 2/27/13"
"Elton John",Levon,SC8134,4,SC8134,,SC,1," 2/27/13"
"Elton John","Little Jeannie",SC8134,13,SC8134,,SC,1," 2/27/13"
"Elton John","Made In England",SC8187,11,SC8187,,SC,1," 2/27/13"
"Elton John",Sacrifice,SC8134,6,SC8134,,SC,1," 2/27/13"
"Elton John","Sad Songs (Say So Much)",SC8134,14,SC8134,,SC,1," 2/27/13"
"Elton John","Simple Life",SC8371,13,SC8371,,SC,1," 2/27/13"
"Elton John","Sorry Seems To Be The Hardest Word",SC8134,15,SC8134,,SC,1," 2/27/13"
"Elton John","Step Into Christmas",SC8184,9,SC8184,,SC,1," 2/27/13"
"Elton John","Tiny Dancer",SC8134,3,SC8134,,SC,1," 2/27/13"
"Elton John","Your Song",SC8134,12,SC8134,,SC,1," 2/27/13"
"Elton John & Kiki Dee","Don't Go Breaking My Heart",SC8368,7,SC8368,,SC,1," 2/27/13"
"Elusive Butterfly","Val Doonican",SF066,3,SF066,,SF,1," 2/27/13"
Elvira,"Oak Ridge Boys, The",KJT06,6,KJT06,,KJ,1," 2/27/13"
"Elvis & JXL","Little Less Conversation, A",PHM0210,5,PHM0210,,PH,1," 2/27/13"
"Elvis Presley","All Shook Up",SC8154,13,SC8154,,SC,1," 2/27/13"
"Elvis Presley","Always On My Mind",SC8356,2,SC8356,,SC,1," 2/27/13"
"Elvis Presley","American Trilogy",SC8154,1,SC8154,,SC,1," 2/27/13"
"Elvis Presley","Are You Lonesome Tonight",SC8155,7,SC8155,,SC,1," 2/27/13"
"Elvis Presley","Baby I Don't Care",SC8155,8,SC8155,,SC,1," 2/27/13"
"Elvis Presley","Big Hunk O' Love, A",SC8356,14,SC8356,,SC,1," 2/27/13"
"Elvis Presley","Blue Christmas",SC8185,3,SC8185,,SC,1," 2/27/13"
"Elvis Presley","Blue Suede Shoes",SC8361,13,SC8361,,SC,1," 2/27/13"
"Elvis Presley","Bossa Nova Baby",SC8364,7,SC8364,,SC,1," 2/27/13"
"Elvis Presley","Burning Love",SC8154,3,SC8154,,SC,1," 2/27/13"
"Elvis Presley","Can't Help Falling In Love",SC8155,9,SC8155,,SC,1," 2/27/13"
"Elvis Presley","Crying In The Chapel",SC8356,15,SC8356,,SC,1," 2/27/13"
"Elvis Presley","Devil In Disguise",SC8154,2,SC8154,,SC,1," 2/27/13"
"Elvis Presley",Don't,SC8356,4,SC8356,,SC,1," 2/27/13"
"Elvis Presley","Don't Be Cruel",SC8154,6,SC8154,,SC,1," 2/27/13"
"Elvis Presley","Don't Cry Daddy",SC8155,3,SC8155,,SC,1," 2/27/13"
"Elvis Presley","Fool Such As I, A",SC8356,3,SC8356,,SC,1," 2/27/13"
"Elvis Presley","G.i. Blues",SC8356,13,SC8356,,SC,1," 2/27/13"
"Elvis Presley","Good Luck Charm",SC8155,2,SC8155,,SC,1," 2/27/13"
"Elvis Presley","Heartbreak Hotel",SC8155,14,SC8155,,SC,1," 2/27/13"
"Elvis Presley","His Latest Flame",SC8155,15,SC8155,,SC,1," 2/27/13"
"Elvis Presley","Hound Dog",SC8155,4,SC8155,,SC,1," 2/27/13"
"Elvis Presley","I Want You, I Need You, I Love You",SC8155,1,SC8155,,SC,1," 2/27/13"
"Elvis Presley","If Every Day Was Like Christmas",SC8185,2,SC8185,,SC,1," 2/27/13"
"Elvis Presley","If I Can Dream",SC8155,6,SC8155,,SC,1," 2/27/13"
"Elvis Presley","In The Ghetto",SC8154,5,SC8154,,SC,1," 2/27/13"
"Elvis Presley","It's Now Or Never",SC8154,9,SC8154,,SC,1," 2/27/13"
"Elvis Presley","Jailhouse Rock",SC8155,10,SC8155,,SC,1," 2/27/13"
"Elvis Presley","Kentucky Rain",SC8155,13,SC8155,,SC,1," 2/27/13"
"Elvis Presley","Little Sister",SC8155,11,SC8155,,SC,1," 2/27/13"
"Elvis Presley","Love Me",SC8154,11,SC8154,,SC,1," 2/27/13"
"Elvis Presley","Love Me Tender",SC8154,10,SC8154,,SC,1," 2/27/13"
"Elvis Presley","Loving You",SC8356,6,SC8356,,SC,1," 2/27/13"
"Elvis Presley",Memories,SC8356,5,SC8356,,SC,1," 2/27/13"
"Elvis Presley","Merry Christmas Baby",CB60186,9,CB60186,,CB,1," 2/27/13"
"Elvis Presley","Moody Blue",SC8155,12,SC8155,,SC,1," 2/27/13"
"Elvis Presley","My Way (Live)",SC8356,10,SC8356,,SC,1," 2/27/13"
"Elvis Presley","One Night",SC8356,11,SC8356,,SC,1," 2/27/13"
"Elvis Presley","Return To Sender",SC8154,14,SC8154,,SC,1," 2/27/13"
"Elvis Presley","Stuck On You",SC8155,5,SC8155,,SC,1," 2/27/13"
"Elvis Presley","Suspicious Minds",SC8154,7,SC8154,,SC,1," 2/27/13"
"Elvis Presley",T-R-O-U-B-L-E,SC8356,12,SC8356,,SC,1," 2/27/13"
"Elvis Presley","Teddy Bear",SC8154,12,SC8154,,SC,1," 2/27/13"
"Elvis Presley","There Goes My Everything",SF166,7,SF166,,SF,1," 2/27/13"
"Elvis Presley","Too Much",SC8154,4,SC8154,,SC,1," 2/27/13"
"Elvis Presley","Treat Me Nice",SC8356,7,SC8356,,SC,1," 2/27/13"
"Elvis Presley","Viva Las Vegas",SC8356,9,SC8356,,SC,1," 2/27/13"
"Elvis Presley","Wear My Ring Around Your Neck",SC8154,8,SC8154,,SC,1," 2/27/13"
"Elvis Presley","Wonder Of You, The",SC8154,15,SC8154,,SC,1," 2/27/13"
"Elvis Presley","You Don't Have To Say You Love Me",SC8356,8,SC8356,,SC,1," 2/27/13"
Embers,"I Love Beach Music",SC8251,15,SC8251,,SC,1," 2/27/13"
Embrace,"My Weakness Is None Of Your Business",SF125,14,SF125,,SF,1," 2/27/13"
"Emeli Sand,","My Kind Of Love",PHMU1207,4,PHMU1207,,PH,1," 2/27/13"
"Emerick, Scotty","I Can't Take You Anywhere",PHN0310,6,PHN0310,,PH,1," 2/27/13"
"Emerick, Scotty","Watch, The",PHN0408,2,PHN0408,,PH,1," 2/27/13"
"Emerick, Scotty & Toby Keith","I Can't Take You Anywhere",THC0401,20,THC0401,,TH,1," 2/27/13"
"Emerick, Scotty & Toby Keith wvocal","I Can't Take You Anywhere",SC3378,9,SC3378,,SC,1," 2/27/13"
"Emerick, Scotty wvocal","I Can't Take You Anywhere",PHN0310,15,PHN0310,,PH,1," 2/27/13"
"Emerson & Lake & Palmer","From The Beginning",SGB22,7,SGB22,,SG,1," 2/27/13"
"Emerson Drive","Fall Into Me",MM6369,15,MM6369,,MM,1," 2/27/13"
"Emerson Drive","I Should Be Sleeping",PHN0206,9,PHN0206,,PH,1," 2/27/13"
"Emerson Drive","Last One Standing",MM6406,11,MM6406,,MM,1," 2/27/13"
"Emerson Drive",November,PHN0411,2,PHN0411,,PH,1," 2/27/13"
"Emerson Drive","Only God",SD106,6,SD106,,SD,1," 2/27/13"
"Emerson Drive","Only God Could Stop Me Loving You",MM6386,14,MM6386,,MM,1," 2/27/13"
"Emerson Drive","You Still Own Me",PHMC0804,2,PHMC0804,,PH,1," 2/27/13"
"Emerson Drive wvocal",November,PHN0411,11,PHN0411,,PH,1," 2/27/13"
"Emerson, Lake & Palmer","From The Beginning",SC8231,9,SC8231,,SC,1," 2/27/13"
"Emerson, Lake & Palmer","Karn Evil #9",AH8003,15,AH8003,,AH,1," 2/27/13"
"Emerson, Lake & Palmer","Lucky Man",SC8197,3,SC8197,,SC,1," 2/27/13"
Emf,Unbelievable,CBE4-08,1,CBE4-08,,CB,1," 2/27/13"
EMF,Unbelievable,SF003,1,SF003,,SF,1," 2/27/13"
Emf,Unbelievable,SGB031,13,SGB031,,SG,1," 2/27/13"
Emilia,"Big Big World",SF130,7,SF130,,SF,1," 2/27/13"
Emilio,"Big Big World",SC8503,14,SC8503,,SC,1," 2/27/13"
Emilio,"Even If I Tried",SC8232,12,SC8232,,SC,1," 2/27/13"
Emilio,"I Think We're On To Something",SC8289,15,SC8289,,SC,1," 2/27/13"
Emilio,"It's Not The End Of The World",SC8224,15,SC8224,,SC,1," 2/27/13"
"Emily Osment","All The Boys Want",PHMP1105,6,PHMP1105,,PH,1," 2/27/13"
"Emily West","Rocks In Your Shoes",PHMC0806,3,PHMC0806,,PH,1," 2/27/13"
"Emily West","That Kind Of Happy",PHMC0907,5,PHMC0907,,PH,1," 2/27/13"
Eminem,"8 Mile",SC8805,12,SC8805,,SC,1," 2/27/13"
Eminem,Business,SC8773,13,SC8773,,SC,1," 2/27/13"
Eminem,"Cleanin' Out My Closet",SC8778,15,SC8778,,SC,1," 2/27/13"
Eminem,"Lose Yourself",THH0301,12,THH0301,,TH,1," 2/27/13"
Eminem,"Mosh (radio version)",SC8908,14,SC8908,,SC,1," 2/27/13"
Eminem,"My Name Is",SC8523,14,SC8523,,SC,1," 2/27/13"
Eminem,"Real Slim Shady, The",MM6380A,15,MM6380A,,MM,1," 2/27/13"
Eminem,"Sing For The Moment",SC8822,7,SC8822,,SC,1," 2/27/13"
Eminem,"Space Bound",PHMU1106,6,PHMU1106,,PH,1," 2/27/13"
Eminem,Superman,THH0306,12,THH0306,,TH,1," 2/27/13"
Eminem,"Way I Am, The",SF172,5,SF172,,SF,1," 2/27/13"
Eminem,"Without Me",MM6380A,12,MM6380A,,MM,1," 2/27/13"
"Eminem & Dido",Stan,MM6380A,11,MM6380A,,MM,1," 2/27/13"
"Eminem & Dr. Dre & 50 Cent","Encore (radio Version)",SC8908,8,SC8908,,SC,1," 2/27/13"
"Eminem feat Rihanna","Love The Way You Lie",PHMP1009,1,PHMP1009,,PH,1," 2/27/13"
Emma,"Free Me",SF206,6,SF206,,SF,1," 2/27/13"
"Emmylou Harris","Beneath Still Waters",SC8375,14,SC8375,,SC,1," 2/27/13"
"Emmylou Harris","Home Sweet Home",PHMC1108,5,PHMC1108,,PH,1," 2/27/13"
Emotion,"Destiny's Child",THP0112,15,THP0112,,TH,1," 2/27/13"
"Emotional Rescue","Rolling Stones, The",BS9217,14,BS9217,,BS,1," 2/27/13"
"Emotionally Yours","O'Jays, The",HV04,10,HV04,,HV,1," 2/27/13"
"Emotions, The","Best Of My Love",CBEP474-2,16,CBEP474-2,,CB,1," 2/27/13"
"Emotions, The","Best Of My Love, The",PI005,15,PI005,,PI,1," 2/27/13"
"En Vogue","Don't Let Go (Love)",MM6188,5,MM6188,,MM,1," 2/27/13"
"En Vogue","Free Your Mind",SC8111,9,SC8111,,SC,1," 2/27/13"
"En Vogue","Hold On",SF036,3,SF036,,SF,1," 2/27/13"
"En Vogue","My Lovin' (You're Never Gonna Get It)",MM6000,14,MM6000,,MM,1," 2/27/13"
"En Vogue","My Lovin’ (You’Re Never Gonna Get It)",CBE4-08,3,CBE4-08,,CB,1," 2/27/13"
"En Vogue","No Fool No More",SC8487,6,SC8487,,SC,1," 2/27/13"
"En Vogue",Riddle,CBE3-26,6,CBE3-26,,CB,1," 2/27/13"
"En Vogue","Too Gone Too Long",SC8476,9,SC8476,,SC,1," 2/27/13"
"En Vogue",Whatever,SC8390,5,SC8390,,SC,1," 2/27/13"
"En Vogue & Salt `n Peppa","Whatta Man",CBEP457-1,11,CBEP457-1,,CB,1," 2/27/13"
"En Vogu‚","Giving Him Something He Can Feel",SC8776,9,SC8776,,SC,1," 2/27/13"
"En Vogu‚ & Salt-N-Pepa","Whatta Man",SC8760,10,SC8760,,SC,1," 2/27/13"
"Enamorada De Ti",Selena,SC7101,13,SC7101,,SC,1," 2/27/13"
"End Of The Line","Traveling Wilbury's, The",AMS1510,10,AMS1510,,AM,1," 2/27/13"
"End Of The Road","Boyz II Men",BS5817,1,BS5817,,BS,1," 2/27/13"
"End Of The World, The","Davis, Skeeter",KJT05,22,KJT05,,KJ,1," 2/27/13"
"End, The","Doors, The",BS7617,15,BS7617,,BS,1," 2/27/13"
"Endless Love","Ross, Diana & Lionel Richie",BS5017,3,BS5017,,BS,1," 2/27/13"
Enemy,Sevendust,PHR0312,8,PHR0312,,PH,1," 2/27/13"
"England Dan & Coley, Ford, John","I'd Really Love To See You Tonight",SC7580,8,SC7580,,SC,1," 2/27/13"
"England Dan & John Ford Coley","I'd Really Love To See You Tonight",CBEP474-5,14,CBEP474-5,,CB,1," 2/27/13"
"England Dan & John Ford Coley","It's Sad To Belong",SC7564,9,SC7564,,SC,1," 2/27/13"
"England Dan & John Ford Coley","It's Sad To Belong (To Someone Else)",CBEP474-5,8,CBEP474-5,,CB,1," 2/27/13"
"England Dan & John Ford Coley","Nights Are Forever Without You",SC8790,8,SC8790,,SC,1," 2/27/13"
"England Dan & John Ford Coley","We'll Never Have To Say Goodbye Again",SC8634,1,SC8634,,SC,1," 2/27/13"
"England United","How Does It Feel To Be On Top Of The Wor",SF121,4,SF121,,SF,1," 2/27/13"
"England, Ty","All Of The Above",MM6187,6,MM6187,,MM,1," 2/27/13"
"England, Ty","Irresistible You",SD030,13,SD030,,SD,1," 2/27/13"
"England, Ty","Redneck Son",SC8253,11,SC8253,,SC,1," 2/27/13"
"England, Ty","Should've Asked Her Faster",CB60151,12,CB60151,,CB,1," 2/27/13"
"England, Ty","Smoke In Her Eyes",SD021,7,SD021,,SD,1," 2/27/13"
"England, Ty","Too Many Highways",CB60192,13,CB60192,,CB,1," 2/27/13"
"England, Tyler","I Drove Her To Dallas",CB60212,11,CB60212,,CB,1," 2/27/13"
"England, Tyler","I'd Rather Have Nothing",CB60219,11,CB60219,,CB,1," 2/27/13"
"England, Tyler","Too Many Highways",SC8578,9,SC8578,,SC,1," 2/27/13"
"Englebert Humperdinck","After The Lovin",SC8118,10,SC8118,,SC,1," 2/27/13"
"Englebert Humperdinck","Release Me",SC8118,5,SC8118,,SC,1," 2/27/13"
"Englebert Humperdinck","The Last Waltz",SF052,4,SF052,,SF,1," 2/27/13"
"English, Michael","Mary Did You Know",SC2045,7,SC2045,,SC,1," 2/27/13"
"English, Michael","Your Love Amazes Me",SC8290,14,SC8290,,SC,1," 2/27/13"
"English, Robin","Girl In Love",MM6353,7,MM6353,,MM,1," 2/27/13"
"English, Robin","Girl In Love, A",CB60228,13,CB60228,,CB,1," 2/27/13"
"Engvall, Bill","Fruitcake Makes Me Puke",CB60210,8,CB60210,,CB,1," 2/27/13"
"Engvall, Bill & Alan Jackson","I'm A Cowboy",CB60125,8,CB60125,,CB,1," 2/27/13"
"Engvall, Bill & Travis Tritt","Here's Your Sign",CB60012,1,CB60012,,CB,1," 2/27/13"
"Engvall, Bill & Travis Tritt","Here's Your Sign (Get The Picture)",CBEP461-1,7,CBEP461-1,,CB,1," 2/27/13"
"Engvall, Bill & Tritt, Travis","Here's Your Sign",CBE2-08,2,CBE2-08,,CB,1," 2/27/13"
"Engvall, Bill, Tracy Byrd & Neal Mccoy T","Now That's Awesome",CB60217,6,CB60217,,CB,1," 2/27/13"
"Engvall, Byrd, McCoy & Brown","Now That's Awsome",CB20266,10,CB20266,,CB,1," 2/27/13"
Enid,"Barenaked Ladies",RSZ604,13,RSZ604,,RS,1," 2/27/13"
Enrique,Addicted,SF213,8,SF213,,SF,1," 2/27/13"
"Enrique Iglesias",Maybe,SF200,12,SF200,,SF,1," 2/27/13"
"Enriquez, Jocelyn","Do You Miss Me",SC8337,13,SC8337,,SC,1," 2/27/13"
"Enur Feat Natasja & Mims","Calabria 2008",PHMP0805,4,PHMP0805,,PH,1," 2/27/13"
Enya,Anywhere,SF039,13,SF039,,SF,1," 2/27/13"
Enya,"May It Be",SC8740,12,SC8740,,SC,1," 2/27/13"
Enya,"Only Time",CBE3-27,14,CBE3-27,,CB,1," 2/27/13"
Enya,"Only You",MM6335,8,MM6335,,MM,1," 2/27/13"
Enya,"Orinoco Flow",SC8577,10,SC8577,,SC,1," 2/27/13"
Epiphany,Staind,PHR0207,4,PHR0207,,PH,1," 2/27/13"
Equals,"Baby Come Back",PI001,11,PI001,,PI,1," 2/27/13"
Erasure,Always,SD001,4,SD001,,SD,1," 2/27/13"
Erasure,"In My Arms",MM6203,11,MM6203,,MM,1," 2/27/13"
"Eres Asi","Barrio Boys",SC7107,12,SC7107,,SC,1," 2/27/13"
"Eric Benet","Chocolate Legs",PHMU0905,4,PHMU0905,,PH,1," 2/27/13"
"Eric Benet","Harriett Jones",PHMU1207,1,PHMU1207,,PH,1," 2/27/13"
"Eric Benet","Lay It Down",PHMU1301,7,PHMU1301,,PH,1," 2/27/13"
"Eric Benet","Never Want To Live Without You",PHMU1103,9,PHMU1103,,PH,1," 2/27/13"
"Eric Benet","Real Love",PHMU1201,2,PHMU1201,,PH,1," 2/27/13"
"Eric Benet","Sometimes I Cry",PHMU1010,3,PHMU1010,,PH,1," 2/27/13"
"Eric Carmen","All By Myself",SC8178,3,SC8178,,SC,1," 2/27/13"
"Eric Clapton","After Midnight",SC8354,9,SC8354,,SC,1," 2/27/13"
"Eric Clapton","Change The World",SF061,8,SF061,,SF,1," 2/27/13"
"Eric Clapton",Cocaine,SC8115,3,SC8115,,SC,1," 2/27/13"
"Eric Clapton","Wonderful Tonight",SC8107,7,SC8107,,SC,1," 2/27/13"
"Eric Durrance","Angels Fly Away",PHMC0812,9,PHMC0812,,PH,1," 2/27/13"
"Eric Hutchinson","Ok, It's Alright With Me",PHMP0909,4,PHMP0909,,PH,1," 2/27/13"
"Eric Hutchinson","Watching You Watch Him",PHMP1204,2,PHMP1204,,PH,1," 2/27/13"
"Eric Lee Beddingfield","Great Depression",PHMC1112,9,PHMC1112,,PH,1," 2/27/13"
"Eric Paslay","Never Really Wanted",PHMC1111,3,PHMC1111,,PH,1," 2/27/13"
"Eric Roberson","Borrow You",PHMU1004,9,PHMU1004,,PH,1," 2/27/13"
"Erica Nicole","Tell Me What You Think About Us",PHMC1109,6,PHMC1109,,PH,1," 2/27/13"
"Ernest Tubb","Letters Have No Arms",SC8383,7,SC8383,,SC,1," 2/27/13"
"Ernest Tubb","Waltz Across Texas",SC8392,9,SC8392,,SC,1," 2/27/13"
"Ernie K Doe","Mother In Law",SC8109,14,SC8109,,SC,1," 2/27/13"
"Erotic City",Prince,AH8421,2,AH8421,,AH,1," 2/27/13"
"Erykah Badu",Honey,PHMU0806,6,PHMU0806,,PH,1," 2/27/13"
"Erykah Badu","Turn Me Away (Get Munny)",PHMU1006,3,PHMU1006,,PH,1," 2/27/13"
"Erykah Badu","Window Seat",PHMU1005,1,PHMU1005,,PH,1," 2/27/13"
Escapade,"Jackson, Janet",BS8217,6,BS8217,,BS,1," 2/27/13"
Escape,"Arms Of The One Who Loves You, The",SF124,6,SF124,,SF,1," 2/27/13"
Escape,"Iglesias, Enrique",THP0205,12,THP0205,,TH,1," 2/27/13"
"Escape Club, The","Wild, Wild, West",SC8492,3,SC8492,,SC,1," 2/27/13"
Esnavi,"Unexpected Love",PHMU1202,5,PHMU1202,,PH,1," 2/27/13"
"Esperanza Spalding","Black Gold",PHMU1205,2,PHMU1205,,PH,1," 2/27/13"
Esquires,"Get On Up",SC8599,12,SC8599,,SC,1," 2/27/13"
Essex,"Easier Said Than Done",MMOLD05,17,MMOLD05,,MM,1," 2/27/13"
"Essex, David","Rock On",SC8368,12,SC8368,,SC,1," 2/27/13"
"Estefan, Gloria",1-2-3,SCMILE01,11,SCMILE01,,SC,1," 2/27/13"
"Estefan, Gloria","Always Tomorrow",MM6021B,2,MM6021B,,MM,1," 2/27/13"
"Estefan, Gloria","Bad Boys",SCMILE01,4,SCMILE01,,SC,1," 2/27/13"
"Estefan, Gloria",Conga,CBE4-06,4,CBE4-06,,CB,1," 2/27/13"
"Estefan, Gloria","Ever Lasting Love",SF019,6,SF019,,SF,1," 2/27/13"
"Estefan, Gloria","Everlasting Love",SC8164,13,SC8164,,SC,1," 2/27/13"
"Estefan, Gloria","Get On Your Feet",MM6308,7,MM6308,,MM,1," 2/27/13"
"Estefan, Gloria","Heaven's What I Feel",MM6308,5,MM6308,,MM,1," 2/27/13"
"Estefan, Gloria","Hold Me Thrill Me Kiss Me",SF010,14,SF010,,SF,1," 2/27/13"
"Estefan, Gloria","I Can See You Smile",MM6308,8,MM6308,,MM,1," 2/27/13"
"Estefan, Gloria","It's Too Late",SC8195,6,SC8195,,SC,1," 2/27/13"
"Estefan, Gloria","Live For Loving You",MM6021B,11,MM6021B,,MM,1," 2/27/13"
"Estefan, Gloria","Nayib's Song",SC8246,8,SC8246,,SC,1," 2/27/13"
"Estefan, Gloria","Oye Mi Canto",MM6009,2,MM6009,,MM,1," 2/27/13"
"Estefan, Gloria",Reach,PHM9606,9,PHM9606,,PH,1," 2/27/13"
"Estefan, Gloria","Rhythm Is Gonna Get You",CBE4-06,7,CBE4-06,,CB,1," 2/27/13"
"Estefan, Gloria","Si Voy A Perderte",MM6009,13,MM6009,,MM,1," 2/27/13"
"Estefan, Gloria","Turn The Beat Around",MM6078,13,MM6078,,MM,1," 2/27/13"
"Estefan, Gloria","You Can't Walk Away From Love",MM6335,7,MM6335,,MM,1," 2/27/13"
"Estefan, Gloria","You'll Be Mine",SC8312,15,SC8312,,SC,1," 2/27/13"
Estelle,"Cold Crush",PHMU1206,6,PHMU1206,,PH,1," 2/27/13"
Estelle,"Love The Way We Used To",PHMU1206,4,PHMU1206,,PH,1," 2/27/13"
"Estelle Feat Kanye West","American Boy",PHMU0806,7,PHMU0806,,PH,1," 2/27/13"
"Ester Dean feat Chris Brown","Drop It Low",PHMU0912,3,PHMU0912,,PH,1," 2/27/13"
"Esther & Abi Of Arim","Cinderella Rockafella",SF065,13,SF065,,SF,1," 2/27/13"
"Estupido Romantico",Maze,SC7106,15,SC7106,,SC,1," 2/27/13"
Eternal,"Angel Of Mine",SF115,8,SF115,,SF,1," 2/27/13"
Eternal,"Good Thing",SF049,5,SF049,,SF,1," 2/27/13"
Eternal,"I Am Blessed",SF039,14,SF039,,SF,1," 2/27/13"
Eternal,"Just A Step From Heaven",SF036,15,SF036,,SF,1," 2/27/13"
Eternal,"Power Of A Woman, The",SF029,13,SF029,,SF,1," 2/27/13"
Eternal,Stay,SF006,10,SF006,,SF,1," 2/27/13"
"Etheridge, Melissa","An Unusual Kiss",SC8591,2,SC8591,,SC,1," 2/27/13"
"Etheridge, Melissa","Angels Would Fall",SGB030,11,SGB030,,SG,1," 2/27/13"
"Etheridge, Melissa",Breathe,MM6405,13,MM6405,,MM,1," 2/27/13"
"Etheridge, Melissa","Bring Me Some Water",SC8331,15,SC8331,,SC,1," 2/27/13"
"Etheridge, Melissa","Chrome Plated Heart",SC8591,14,SC8591,,SC,1," 2/27/13"
"Etheridge, Melissa","Come To My Window",SC7207,14,SC7207,,SC,1," 2/27/13"
"Etheridge, Melissa","Enough Of Me",SC8593,14,SC8593,,SC,1," 2/27/13"
"Etheridge, Melissa","I Want To Be In Love",SC8730,7,SC8730,,SC,1," 2/27/13"
"Etheridge, Melissa","I Want To Come Over",SC8248,15,SC8248,,SC,1," 2/27/13"
"Etheridge, Melissa","I'm The Only One",MMBK09,16,MMBK09,,MM,1," 2/27/13"
"Etheridge, Melissa","If I Wanted To",MM6091,15,MM6091,,MM,1," 2/27/13"
"Etheridge, Melissa","I'm The Only One",SC7583,6,SC7583,,SC,1," 2/27/13"
"Etheridge, Melissa","Like The Way I Do",AH8017,8,AH8017,,AH,1," 2/27/13"
"Etheridge, Melissa","Lover Please",SC8744,13,SC8744,,SC,1," 2/27/13"
"Etheridge, Melissa",Lucky,PHR0407,1,PHR0407,,PH,1," 2/27/13"
"Etheridge, Melissa","No Souvenirs",SC8535,5,SC8535,,SC,1," 2/27/13"
"Etheridge, Melissa","Nowhere To Go",PHM9609,7,PHM9609,,PH,1," 2/27/13"
"Etheridge, Melissa","Similar Features",SC8338,9,SC8338,,SC,1," 2/27/13"
"Etheridge, Melissa","This Moment",MM6417,6,MM6417,,MM,1," 2/27/13"
"Etheridge, Melissa","You Can Sleep While I Drive",SC8600,1,SC8600,,SC,1," 2/27/13"
"Etheridge, Melissa","Your Little Secret",SC8212,9,SC8212,,SC,1," 2/27/13"
"Etheridge, Melissa wvocal","Angels Would Fall",PHM9911,17,PHM9911,,PH,1," 2/27/13"
"Etheridge, Melissa wvocal","This Moment",PHR0409,11,PHR0409,,PH,1," 2/27/13"
Eu,"Da' Butt",SC8117,13,SC8117,,SC,1," 2/27/13"
Europe,Carrie,SC8346,4,SC8346,,SC,1," 2/27/13"
Europe,"Final Countdown, The",SC8684,14,SC8684,,SC,1," 2/27/13"
"Eurythmics & Aretha Franklin","Sisters Are Doing It For Themselves",SF057,13,SF057,,SF,1," 2/27/13"
"Eurythmics, The","Here Comes The Rain Again",SGB032,16,SGB032,,SG,1," 2/27/13"
"Eurythmics, The","Missionary Man",SC8439,13,SC8439,,SC,1," 2/27/13"
"Eurythmics, The","Sex Crime",SF105,7,SF105,,SF,1," 2/27/13"
"Eurythmics, The","Sweet Dreams",SF012,12,SF012,,SF,1," 2/27/13"
"Eurythmics, The","Sweet Dreams (Are Made Of This)",BL19,9,BL19,,BL,1," 2/27/13"
"Eurythmics, The","Sweet Dreams Are Made Of This",DKM2002,12,DKM2002,,DK,1," 2/27/13"
"Eurythmics, The","Thorn In My Side",SF001,11,SF001,,SF,1," 2/27/13"
"Eurythmics, The","Who's That Girl",CBE4-06,8,CBE4-06,,CB,1," 2/27/13"
"Eurythmics, The","Would I Lie To You",DK001,14,DK001,,DK,1," 2/27/13"
"Evan & Jaron","Crazy For This Girl",CBEP470-4,5,CBEP470-4,,CB,1," 2/27/13"
"Evan & Jaron",Distance,CB30017,2,CB30017,,CB,1," 2/27/13"
"Evan & Jaron","Distance, The",CBEP473-3,8,CBEP473-3,,CB,1," 2/27/13"
"Evan & Jaron","From My Head To My Heart",CBEP470-6,16,CBEP470-6,,CB,1," 2/27/13"
Evanescence,"Bring Me To Life",THMR0305,11,THMR0305,,TH,1," 2/27/13"
Evanescence,"Going Under",THMR0310,2,THMR0310,,TH,1," 2/27/13"
Evanescence,"My Immortal",SC8865,15,SC8865,,SC,1," 2/27/13"
"Evanescence & Paul Mccoy","Bring Me To Life",CBE4-11,13,CBE4-11,,CB,1," 2/27/13"
"Evanescence & Paul Mccoy","Bring Me To Life (Duet Version)",SC8850,16,SC8850,,SC,1," 2/27/13"
Evanescenceÿ,"Bring Me To Life",CB30037,2,CB30037,,CB,1," 2/27/13"
"Evans, Faith","Ain't Nobody",SC8281,13,SC8281,,SC,1," 2/27/13"
"Evans, Faith","I Love You",CB30019,15,CB30019,,CB,1," 2/27/13"
"Evans, Faith","Love Like This, A",SGB08,12,SGB08,,SG,1," 2/27/13"
"Evans, Faith","Soon As I Get Home",SC8233,9,SC8233,,SC,1," 2/27/13"
"Evans, Faith","You Get No Love",SC8731,7,SC8731,,SC,1," 2/27/13"
"Evans, Faith & Clipse","Ma, I Don't Love Her",PHU0303,3,PHU0303,,PH,1," 2/27/13"
"Evans, Faith & Puff Daddy","All Night Long",DK1115,1,DK1115,,DK,1," 2/27/13"
"Evans, Sara","Backseat Of A Grehound Bus",SC8823,1,SC8823,,SC,1," 2/27/13"
"Evans, Sara","Backseat Of A Greyhound Bus",CB60248,6,CB60248,,CB,1," 2/27/13"
"Evans, Sara","Born To Fly",CBE2-11,15,CBE2-11,,CB,1," 2/27/13"
"Evans, Sara","Cryin' Game",SD054,12,SD054,,SD,1," 2/27/13"
"Evans, Sara","Fool I'm A Woman",SC8528,13,SC8528,,SC,1," 2/27/13"
"Evans, Sara","I Could Not Ask For More",SC8738,15,SC8738,,SC,1," 2/27/13"
"Evans, Sara","I Keep Looking",SC8753,12,SC8753,,SC,1," 2/27/13"
"Evans, Sara","Let's Dance",CB60220,7,CB60220,,CB,1," 2/27/13"
"Evans, Sara","No Place That Far",CBE2-06,15,CBE2-06,,CB,1," 2/27/13"
"Evans, Sara",Perfect,THC0401,12,THC0401,,TH,1," 2/27/13"
"Evans, Sara","Saints & Angels",SC8795,8,SC8795,,SC,1," 2/27/13"
"Evans, Sara","Saints And Angels",SC8727,15,SC8727,,SC,1," 2/27/13"
"Evans, Sara","Shame About That",SC8432,11,SC8432,,SC,1," 2/27/13"
"Evans, Sara","Suds In The Bucket",MM6416,12,MM6416,,MM,1," 2/27/13"
"Evans, Sara","Three Chords & The Truth",SC8388,8,SC8388,,SC,1," 2/27/13"
"Evans, Sara","Three Chords And The Truth",SD042,12,SD042,,SD,1," 2/27/13"
"Evans, Sara",Tonight,PHN0503,9,PHN0503,,PH,1," 2/27/13"
"Evans, Sara wvocal",Perfect,SC3382,12,SC3382,,SC,1," 2/27/13"
"Evans, Sara wvocal","Saints And Angels",PHN0201,14,PHN0201,,PH,1," 2/27/13"
Eve,Satisfaction,SC8805,6,SC8805,,SC,1," 2/27/13"
Eve,"Who's That Girl",SC8688,1,SC8688,,SC,1," 2/27/13"
"Eve &  Alicia Keys","Gangsta Lovin'",MM6380A,13,MM6380A,,MM,1," 2/27/13"
"Eve & Alicia Keys","Gangsta Lovin'",SC8773,14,SC8773,,SC,1," 2/27/13"
"Eve & Alicia Keys wvocal","Gangsta Lovin'",PHU0209,10,PHU0209,,PH,1," 2/27/13"
"Eve & Gwen Stefani","Let Me Blow Ya Mind",PHM0107,6,PHM0107,,PH,1," 2/27/13"
"Eve 6","Here's To The Night",SC8717,13,SC8717,,SC,1," 2/27/13"
"Eve 6","Here's To Tonight",MM6335,15,MM6335,,MM,1," 2/27/13"
"Eve 6","Inside Out",PHT9811,9,PHT9811,,PH,1," 2/27/13"
"Eve 6",Leech,SC8508,4,SC8508,,SC,1," 2/27/13"
"Eve 6","On The Roof Again",SC8672,7,SC8672,,SC,1," 2/27/13"
"Eve 6","Open Road Song",SC8534,14,SC8534,,SC,1," 2/27/13"
"Eve 6",Promise,SC8629,7,SC8629,,SC,1," 2/27/13"
"Eve 6","Think Twice",THR0309,9,THR0309,,TH,1," 2/27/13"
"Eve Of Destruction","McGuire, Barry",KC007,2,KC007,,KC,1," 2/27/13"
"Evelyn Champagne King","Love Come Down",SF067,11,SF067,,SF,1," 2/27/13"
"Even Better Than The Real Thing",U2,TU107,6,TU107,,TU,1," 2/27/13"
"Even Flow","Pearl Jam",RSZ601,1,RSZ601,,RS,1," 2/27/13"
Eventually,Pink,THH0204,13,THH0204,,TH,1," 2/27/13"
Everclear,"Am Radio",CBEP470-1,3,CBEP470-1,,CB,1," 2/27/13"
Everclear,"AM Radio",SC3222,4,SC3222,,SC,1," 2/27/13"
Everclear,"Am Radio",SC8649,4,SC8649,,SC,1," 2/27/13"
Everclear,"Brown Eyed Girl",MM6343,9,MM6343,,MM,1," 2/27/13"
Everclear,"Everything To Everyone",SC8453,15,SC8453,,SC,1," 2/27/13"
Everclear,"Father Of Mine",PHT9901,6,PHT9901,,PH,1," 2/27/13"
Everclear,"Heartspark Dollarsign",SC8286,1,SC8286,,SC,1," 2/27/13"
Everclear,"I Will Buy You A New Life",PHT9808,6,PHT9808,,PH,1," 2/27/13"
Everclear,"One Hit Wonder",SC8515,2,SC8515,,SC,1," 2/27/13"
Everclear,"Santa Monica",PHM9604,7,PHM9604,,PH,1," 2/27/13"
Everclear,"When It All Goes Wrong Again",SC8664,7,SC8664,,SC,1," 2/27/13"
Everclear,Wonderful,MM6313,15,MM6313,,MM,1," 2/27/13"
"Everett, Betty","It's In His Kiss",MM6164,11,MM6164,,MM,1," 2/27/13"
Everlast,"Black Jesus",SC8664,5,SC8664,,SC,1," 2/27/13"
Everlast,Ends,SC8534,5,SC8534,,SC,1," 2/27/13"
Everlast,"What It's Like",PHT9902,8,PHT9902,,PH,1," 2/27/13"
"Everly Brothers, The","All I Have To Do Is Dream",SC7526,15,SC7526,,SC,1," 2/27/13"
"Everly Brothers, The","Bird Dog",DK042,16,DK042,,DK,1," 2/27/13"
"Everly Brothers, The","Bye Bye Love",CB5013-03,14,CB5013-03,,CB,1," 2/27/13"
"Everly Brothers, The","Cathy's Clown",CBE2-14,14,CBE2-14,,CB,1," 2/27/13"
"Everly Brothers, The","Crying In The Rain",SF047,10,SF047,,SF,1," 2/27/13"
"Everly Brothers, The","Devoted To You",CBEP455-2,14,CBEP455-2,,CB,1," 2/27/13"
"Everly Brothers, The","Let It Be Me",DK054,8,DK054,,DK,1," 2/27/13"
"Everly Brothers, The","Price Of Love, The",SF045,11,SF045,,SF,1," 2/27/13"
"Everly Brothers, The","Til I Kissed You",SD022,11,SD022,,SD,1," 2/27/13"
"Everly Brothers, The","Till I Kissed Ya",CBEP454-3,2,CBEP454-3,,CB,1," 2/27/13"
"Everly Brothers, The","Wake Up Little Susie",CB5013-01,10,CB5013-01,,CB,1," 2/27/13"
"Everly Brothers, The","Walk Right Back",SC8418,10,SC8418,,SC,1," 2/27/13"
"Everly Brothers, The","When Will I Be Loved",SF044,1,SF044,,SF,1," 2/27/13"
"Every Breath You Take","Police, The",TU078,7,TU078,,TU,1," 2/27/13"
"EVERY DAY","BON JOVI",TT171,6,TT171,,TT,1," 2/27/13"
"Every Friday Afternoon","Morgan, Craig",TU228,5,TU228,,TU,1," 2/27/13"
"Every Little Thing She Does Is Magic","Police, The",TU078,8,TU078,,TU,1," 2/27/13"
"Every Morning","Sugar Ray",SC3116,1,SC3116,,SC,1," 2/27/13"
"Every Mother's Son","Come On Down To My Boat",SC8258,15,SC8258,,SC,1," 2/27/13"
"Everybody Has The Blues","Haggard, Merle",DG08,1,DG08,,DG,1," 2/27/13"
"Everybody Knows We're Through","Humperdinck, Engelbert",BS8817,16,BS8817,,BS,1," 2/27/13"
"Everybody Loves Somebody","Martin, Dean",JV0032,10,JV0032,,JV,1," 2/27/13"
"Everybody Needs To Love Somebody","Blues Brothers, The",TU102,2,TU102,,TU,1," 2/27/13"
"Everybody's Fool",Evanescence,TU217,2,TU217,,TU,1," 2/27/13"
Everyday,"Collins, Phil",BS8617,5,BS8617,,BS,1," 2/27/13"
Everyday,"Dave Matthews Band, The",PHR0203,4,PHR0203,,PH,1," 2/27/13"
Everyday,"Holly, Buddy",BS5617,1,BS5617,,BS,1," 2/27/13"
Everything,"Good Thing St. Lucia",SC8501,2,SC8501,,SC,1," 2/27/13"
Everything,Hooch,MM6261,8,MM6261,,MM,1," 2/27/13"
"Everything About You","Ugly Kid Joe",DG03,6,DG03,,DG,1," 2/27/13"
"Everything But The Girl",Missin,PHM9601,6,PHM9601,,PH,1," 2/27/13"
"Everything But The Girl",Missing,SF041,9,SF041,,SF,1," 2/27/13"
"Everything But The Girl",Single,SC8340,11,SC8340,,SC,1," 2/27/13"
"Everything But The Girl",Wrong,SC8286,5,SC8286,,SC,1," 2/27/13"
"Everything Zen",Bush,AMS1505,7,AMS1505,,AM,1," 2/27/13"
"Everytime I Close My Eyes",Babyface,HV06A,2,HV06A,,HV,1," 2/27/13"
Everywhere,"McGraw, Tim",TU100,6,TU100,,TU,1," 2/27/13"
Everywhere,"Mcgraw, Tim",CHM9710,17,CHM9710,,CH,1," 2/27/13"
Evidencias,"Gabrial, Ana",SC7101,6,SC7101,,SC,1," 2/27/13"
Evita,"Don't Cry For Me Argentina",SC7599,2,SC7599,,SC,1," 2/27/13"
"Ewing, Skip","Answer To My Prayer",SC8402,2,SC8402,,SC,1," 2/27/13"
"Ewing, Skip","Burnin' A Hole In My Heart",SC8461,2,SC8461,,SC,1," 2/27/13"
"Ewing, Skip","Burning A Hole In My Heart",CB60127,8,CB60127,,CB,1," 2/27/13"
"Ewing, Skip","Christmas Carol",CB60210,14,CB60210,,CB,1," 2/27/13"
"Ewing, Skip","Gospel According To Luke, The",SC7568,9,SC7568,,SC,1," 2/27/13"
"Ewing, Skip","It's You Again",SC8567,10,SC8567,,SC,1," 2/27/13"
Ex-Girlfriend,"No Doubt",SC3185,3,SC3185,,SC,1," 2/27/13"
Excellents,"Coney Island Baby",MM6400,1,MM6400,,MM,1," 2/27/13"
"Except For Monday","Morgan, Lorrie",PI205,4,PI205,,PI,1," 2/27/13"
"Exciters, The","Tell Him",MM6071,14,MM6071,,MM,1," 2/27/13"
"Exies, The",Kickout,THMR0308,4,THMR0308,,TH,1," 2/27/13"
"Exies, The","My Goddess",THMR0303,18,THMR0303,,TH,1," 2/27/13"
Exile,"Crazy For Your Love",DK035,6,DK035,,DK,1," 2/27/13"
Exile,"Feel Like Fooling Around",DK068,18,DK068,,DK,1," 2/27/13"
Exile,"Give Me One More Chance",DK058,10,DK058,,DK,1," 2/27/13"
Exile,"Hang Onto Your Heart",DK026,15,DK026,,DK,1," 2/27/13"
Exile,"I Can't Get Close Enough",SC8767,13,SC8767,,SC,1," 2/27/13"
Exile,"I Could Get Used To You",DK074,17,DK074,,DK,1," 2/27/13"
Exile,"I Don't Want To Be A Memory",SC8380,15,SC8380,,SC,1," 2/27/13"
Exile,"It'll Be Me",SC7568,12,SC7568,,SC,1," 2/27/13"
Exile,"It's You Again",DK073,17,DK073,,DK,1," 2/27/13"
Exile,"Kiss You All Over",BL18,15,BL18,,BL,1," 2/27/13"
Exile,"My Heart's In Good Hands",DK062,17,DK062,,DK,1," 2/27/13"
Exile,"Nobody's Talkin'",SC8502,10,SC8502,,SC,1," 2/27/13"
Exile,"She's A Miracle",SC8541,13,SC8541,,SC,1," 2/27/13"
Exile,"Super Duper Love",MM6174,1,MM6174,,MM,1," 2/27/13"
Exile,"Super Love",DK070,17,DK070,,DK,1," 2/27/13"
Exile,"Woke Up In Love",DK035,11,DK035,,DK,1," 2/27/13"
Exile,Yet,CB60158,14,CB60158,,CB,1," 2/27/13"
Expose',"Come Go With Me",SC8314,13,SC8314,,SC,1," 2/27/13"
Expose',"I'll Never Get Over You",MM6027,2,MM6027,,MM,1," 2/27/13"
Expose',"I'll Never Get Over You Getting Over Me",SC7546,8,SC7546,,SC,1," 2/27/13"
Expose',"In Walked Love",MM6045,7,MM6045,,MM,1," 2/27/13"
Expose',"Let Me Be The One",SC7559,2,SC7559,,SC,1," 2/27/13"
Expose',"Point Of No Return",SC8417,14,SC8417,,SC,1," 2/27/13"
Expose',"Seasons Change",SC8362,7,SC8362,,SC,1," 2/27/13"
Expose',"Tell Me Why",SAVP25,14,SAVP25,,SA,1," 2/27/13"
Expose',"When I Looked At Him",SAVP25,4,SAVP25,,SA,1," 2/27/13"
"Expressway To Your Heart","Blues Brothers, The",TU102,3,TU102,,TU,1," 2/27/13"
Extreme,"Get The Funk Out",SC8406,14,SC8406,,SC,1," 2/27/13"
Extreme,"Hole Hearted",DK074,4,DK074,,DK,1," 2/27/13"
Extreme,"More Than Words",SC7579,13,SC7579,,SC,1," 2/27/13"
