"R E M",Stand,SC8856,5,SC8856,,SC,1," 2/27/13"
"R Kelly",Religious,PHMU1002,6,PHMU1002,,PH,1," 2/27/13"
"R Kelly","Share My Love",PHMU1204,3,PHMU1204,,PH,1," 2/27/13"
"R Kelly",Snake,SF208,13,SF208,,SF,1," 2/27/13"
"R Kelly","Thoia Thoing",SF213,11,SF213,,SF,1," 2/27/13"
"R Kelly feat Tyrese, Robin Thicke & The",Pregnant,PHMU1003,4,PHMU1003,,PH,1," 2/27/13"
"R. E. M","Shiny Happy People",CBE3-23,15,CBE3-23,,CB,1," 2/27/13"
"R. E. M.","Everybody Hurts",CBE2-28,5,CBE2-28,,CB,1," 2/27/13"
"R. Kelly","Feelin' Single",PHMU1208,1,PHMU1208,,PH,1," 2/27/13"
"R. Kelly","Just Like That",PHMU1104,9,PHMU1104,,PH,1," 2/27/13"
"R. Kelly","Lady Sunday",PHMU1301,9,PHMU1301,,PH,1," 2/27/13"
"R. Kelly","Number One Hit",PHMU1108,10,PHMU1108,,PH,1," 2/27/13"
"R. Kelly","Radio Message",PHMU1107,1,PHMU1107,,PH,1," 2/27/13"
"R. Kelly","When A Man Lies",PHMU1301,2,PHMU1301,,PH,1," 2/27/13"
"R. Kelly","When A Woman Loves",PHMU1012,5,PHMU1012,,PH,1," 2/27/13"
"R. Kelly feat OJ Da Juiceman","Supaman High",PHMU0908,8,PHMU0908,,PH,1," 2/27/13"
"R. Kelly feat Soweto Spiritual Singers","Sign Of A Victory",PHMU1010,7,PHMU1010,,PH,1," 2/27/13"
"R. Kelly feat. DJ Khaled & Ace Hood","It's On",PHMU1208,9,PHMU1208,,PH,1," 2/27/13"
R.e.m,"Bang & Blame",MM6096,3,MM6096,,MM,1," 2/27/13"
R.E.M,"Bang & Blame",SD007,14,SD007,,SD,1," 2/27/13"
R.e.m,"Bittersweet Me",PHM9612,5,PHM9612,,PH,1," 2/27/13"
R.e.m,Daysleeper,SC8499,4,SC8499,,SC,1," 2/27/13"
R.e.m,"E-Bow The Letter",SC8320,10,SC8320,,SC,1," 2/27/13"
R.E.M,"Everybody Hurts",SF006,3,SF006,,SF,1," 2/27/13"
R.e.m,"Everybody Hurts",SC8242,7,SC8242,,SC,1," 2/27/13"
R.E.M,"Great Beyond, The",MM6292,6,MM6292,,MM,1," 2/27/13"
R.e.m,"Great Beyond, The",SC8581,15,SC8581,,SC,1," 2/27/13"
R.e.m,"Losing My Religion",CBEP458-6,10,CBEP458-6,,CB,1," 2/27/13"
R.E.M,"Losing My Religion",SF002,13,SF002,,SF,1," 2/27/13"
R.e.m,"Losing My Religion",MM6171,14,MM6171,,MM,1," 2/27/13"
R.E.M,"Man On The Moon",SF004,3,SF004,,SF,1," 2/27/13"
R.E.M,"One I Love, The",SD020,13,SD020,,SD,1," 2/27/13"
R.e.m,"Orange Crush",SC8638,3,SC8638,,SC,1," 2/27/13"
R.e.m,"Radio Free Europe",SC8313,7,SC8313,,SC,1," 2/27/13"
R.e.m,"Shiny Happy People",SC8486,7,SC8486,,SC,1," 2/27/13"
R.E.M,"Strange Currencies",SD015,8,SD015,,SD,1," 2/27/13"
R.E.M,"What's The Frequency, Kenneth",SD003,3,SD003,,SD,1," 2/27/13"
R.E.M.,Aftermath,PHR0503,4,PHR0503,,PH,1," 2/27/13"
R.e.m.,"Bang & Blame",SC8148,2,SC8148,,SC,1," 2/27/13"
R.e.m.,Drive,SC8530,13,SC8530,,SC,1," 2/27/13"
R.e.m.,"End Of The World, The",SC8577,8,SC8577,,SC,1," 2/27/13"
R.E.M.,"Everybody Hurts",SC2440,6,SC2440,,SC,1," 2/27/13"
R.E.M.,"Fall On Me",SC8894,3,SC8894,,SC,1," 2/27/13"
R.e.m.,"I've Been High",SF180,11,SF180,,SF,1," 2/27/13"
R.E.M.,"It's The End Of The World As We Know It",SC2440,8,SC2440,,SC,1," 2/27/13"
R.E.M.,"Leaving New York",PHR0412,3,PHR0412,,PH,1," 2/27/13"
R.E.M.,"Losing My Religion",SC2440,1,SC2440,,SC,1," 2/27/13"
R.e.m.,"Losing My Religion",SC8107,11,SC8107,,SC,1," 2/27/13"
R.E.M.,"Losing My Religion",BL08,14,BL08,,BL,1," 2/27/13"
R.E.M.,"Man On The Moon",SAVP22,12,SAVP22,,SA,1," 2/27/13"
R.e.m.,"Man On The Moon",SC8122,14,SC8122,,SC,1," 2/27/13"
R.E.M.,"Man On The Moon",SGB034,14,SGB034,,SG,1," 2/27/13"
R.e.m.,"One I Love, The",SC7564,3,SC7564,,SC,1," 2/27/13"
R.E.M.,"One I Love, The",SC2440,5,SC2440,,SC,1," 2/27/13"
R.E.M.,"Orange Crush",SC2440,3,SC2440,,SC,1," 2/27/13"
R.E.M.,"Radio Free Europe",SC2440,7,SC2440,,SC,1," 2/27/13"
R.e.m.,"Shiny Happy People",SF059,15,SF059,,SF,1," 2/27/13"
R.E.M.,"Sidewinder Sleeps Tonight, The",BL23,1,BL23,,BL,1," 2/27/13"
R.E.M.,Stand,SC2440,4,SC2440,,SC,1," 2/27/13"
R.e.m.,"What's The Frequency, Kenneth",SC8145,8,SC8145,,SC,1," 2/27/13"
R.Kelly,"Love Letter",PHMU1103,3,PHMU1103,,PH,1," 2/27/13"
Ra,"Do You Call My Name",THMR0305,18,THMR0305,,TH,1," 2/27/13"
Ra,Rectifier,PHR0308,8,PHR0308,,PH,1," 2/27/13"
"Ra wvocal",Rectifier,PHR0308,17,PHR0308,,PH,1," 2/27/13"
"Rabbit (Duet Version)","Chas & Dave",PX14,3,PX14,,PX,1," 2/27/13"
"Rabbit (Solo Version)","Chas & Dave",PX14,2,PX14,,PX,1," 2/27/13"
"Rabbit, Eddie & Crystal Gayle","You And I",CB60041,1,CB60041,,CB,1," 2/27/13"
"Rabbitt & Newton","Both To Each Other",SC8408,10,SC8408,,SC,1," 2/27/13"
"Rabbitt, Eddie","Best Year Of My Life, The",SC8483,10,SC8483,,SC,1," 2/27/13"
"Rabbitt, Eddie","Deck The Halls",CB60187,3,CB60187,,CB,1," 2/27/13"
"Rabbitt, Eddie","Do You Right Tonight",CB80110,12,CB80110,,CB,1," 2/27/13"
"Rabbitt, Eddie","Drinkin' My Baby Off My Mind",CB90078,11,CB90078,,CB,1," 2/27/13"
"Rabbitt, Eddie","Drinking My Baby Off My Mind",CB80110,14,CB80110,,CB,1," 2/27/13"
"Rabbitt, Eddie","Drivin' My Life Away",DKM2031,14,DKM2031,,DK,1," 2/27/13"
"Rabbitt, Eddie","Every Which Way But Loose",CBEP452-3,17,CBEP452-3,,CB,1," 2/27/13"
"Rabbitt, Eddie","Gone Too Far",SC8434,4,SC8434,,SC,1," 2/27/13"
"Rabbitt, Eddie","Hearts On Fire",SC7555,12,SC7555,,SC,1," 2/27/13"
"Rabbitt, Eddie","I Love A Rainy Night",CBE05,14,CBE05,,CB,1," 2/27/13"
"Rabbitt, Eddie","I Wanna Dance With You",DK035,1,DK035,,DK,1," 2/27/13"
"Rabbitt, Eddie","I'll Be Home For Christmas Auld Lang Syn",CB60187,15,CB60187,,CB,1," 2/27/13"
"Rabbitt, Eddie","On Second Thought",DK057,10,DK057,,DK,1," 2/27/13"
"Rabbitt, Eddie","Pour Me Another Tequila",SC7555,2,SC7555,,SC,1," 2/27/13"
"Rabbitt, Eddie","Rocky Mountain Music",SC8628,9,SC8628,,SC,1," 2/27/13"
"Rabbitt, Eddie","She's Comin' Back To Say Goodbye",SC8483,9,SC8483,,SC,1," 2/27/13"
"Rabbitt, Eddie","Someone Could Lose A Heart Tonight",CBE4-17,10,CBE4-17,,CB,1," 2/27/13"
"Rabbitt, Eddie","Step By Step",CB90078,13,CB90078,,CB,1," 2/27/13"
"Rabbitt, Eddie",Suspicions,SC8342,11,SC8342,,SC,1," 2/27/13"
"Rabbitt, Eddie","That's Why I Fell In Love (With You)",DK077,18,DK077,,DK,1," 2/27/13"
"Rabbitt, Eddie","Two Dollars In The Jukebox",CB90078,6,CB90078,,CB,1," 2/27/13"
"Rabbitt, Eddie","Warning Signs",SC8483,12,SC8483,,SC,1," 2/27/13"
"Rabbitt, Eddie","We Must Be Doin' Somethin' Right",CB90078,14,CB90078,,CB,1," 2/27/13"
"Rabbitt, Eddie","We Wish You A Merry Christmas",CBEP462-2,17,CBEP462-2,,CB,1," 2/27/13"
"Rabbitt, Eddie","You Can't Run From Love",CB60167,14,CB60167,,CB,1," 2/27/13"
"Rabbitt, Eddie","You Don't Love Me Anymore",SC8697,15,SC8697,,SC,1," 2/27/13"
"Rabbitt, Eddie & Crystal Gayle","You & I",CBEP463-3,14,CBEP463-3,,CB,1," 2/27/13"
"Rabbitt, Eddie & Crystal Gayle","You And I",MMCP2K07,11,MMCP2K07,,MM,1," 2/27/13"
"Rabbitt, Eddie & Gayle, Crystal","You And I",SC7515,12,SC7515,,SC,1," 2/27/13"
"Radio Ga-Ga",Queen,BS8017,8,BS8017,,BS,1," 2/27/13"
Radiohead,"Creep (Radio Version)",SC8850,11,SC8850,,SC,1," 2/27/13"
Radiohead,"Fake Plastic Trees",SC8749,1,SC8749,,SC,1," 2/27/13"
Radiohead,"Go To Sleep",THR0312,14,THR0312,,TH,1," 2/27/13"
Radiohead,"High & Dry",SC8257,9,SC8257,,SC,1," 2/27/13"
Radiohead,"No Suprises",SF118,7,SF118,,SF,1," 2/27/13"
Radiohead,Optimistic,SC8659,5,SC8659,,SC,1," 2/27/13"
Radiohead,"Street Spirit",SF034,3,SF034,,SF,1," 2/27/13"
Radiohead,"There There",THMR0308,5,THMR0308,,TH,1," 2/27/13"
"Rafferty, Gerry","Baker Street",SC8510,6,SC8510,,SC,1," 2/27/13"
"Rafferty, Gerry","Get It Right Next Time",SC8594,6,SC8594,,SC,1," 2/27/13"
"Rafferty, Gerry","Right Down The Line",SC8535,9,SC8535,,SC,1," 2/27/13"
"Rage Against Machine","How I Could Just Kill A Man",SC8694,15,SC8694,,SC,1," 2/27/13"
"Rage Against The Machine","Guerrilla Radio",SC8662,6,SC8662,,SC,1," 2/27/13"
"Rage Against The Machine","Killing In The Name",SC2364,8,SC2364,,SC,1," 2/27/13"
"Rage Against The Machine","Renegades Of Funk",SC8672,2,SC8672,,SC,1," 2/27/13"
"Rage Against The Machine",Testify,SC8662,12,SC8662,,SC,1," 2/27/13"
"Raheem DeVaughn",Customer,PHMU0804,3,PHMU0804,,PH,1," 2/27/13"
"Raheem DeVaughn","Text Messages",PHMU0810,6,PHMU0810,,PH,1," 2/27/13"
"Rahsaan Patterson","6 AM",PHMU1110,7,PHMU1110,,PH,1," 2/27/13"
"Rahsaan Patterson","Crazy (Baby)",PHMU1203,3,PHMU1203,,PH,1," 2/27/13"
"Raiders, The","Indian Reservation",SC8554,8,SC8554,,SC,1," 2/27/13"
"RAIN DOWN ON ME","BLUE RODEO",KAR004,6,KAR004,,KA,1," 2/27/13"
Rainbow,"Man On The Silver Mountain",SC8830,1,SC8830,,SC,1," 2/27/13"
Rainbow,"Since You've Been Gone",SF013,14,SF013,,SF,1," 2/27/13"
Rainbow,"Stone Cold",SC8869,10,SC8869,,SC,1," 2/27/13"
Rainbow,"Street Of Dreams",SC8631,2,SC8631,,SC,1," 2/27/13"
"Raining On Sunday","Urban, Keith",THC0303,16,THC0303,,TH,1," 2/27/13"
"Rainwater, Marvin","Gonna Find Me A Bluebird",SC8538,14,SC8538,,SC,1," 2/27/13"
"Rainwater, Marvin","Whole Lotta Woman",SF063,11,SF063,,SF,1," 2/27/13"
"Raise Up",Saliva,PHR0309,9,PHR0309,,PH,1," 2/27/13"
"Raitt & Mcclinton","Good Man Good Woman",SC8482,7,SC8482,,SC,1," 2/27/13"
"Raitt, Bonnie","All At Once",MM6049,11,MM6049,,MM,1," 2/27/13"
"Raitt, Bonnie","Angel From Montgomery",SC8808,8,SC8808,,SC,1," 2/27/13"
"Raitt, Bonnie","Blue For No Reason",SC8490,15,SC8490,,SC,1," 2/27/13"
"Raitt, Bonnie","Give It Up Or Let Me Go",SC8814,1,SC8814,,SC,1," 2/27/13"
"Raitt, Bonnie",Guilty,SC8821,16,SC8821,,SC,1," 2/27/13"
"Raitt, Bonnie","Have A Heart",MM6046,14,MM6046,,MM,1," 2/27/13"
"Raitt, Bonnie","I Can't Help You Now",MM6363,15,MM6363,,MM,1," 2/27/13"
"Raitt, Bonnie","I Can't Make You Love Me",CBEP458-1,14,CBEP458-1,,CB,1," 2/27/13"
"Raitt, Bonnie","Love Has No Pride",SC8808,13,SC8808,,SC,1," 2/27/13"
"Raitt, Bonnie","Love Letter",MM6046,11,MM6046,,MM,1," 2/27/13"
"Raitt, Bonnie","Love Me Like A Man",SC8675,6,SC8675,,SC,1," 2/27/13"
"Raitt, Bonnie","Love Sneakin' Up On You",MM6040,4,MM6040,,MM,1," 2/27/13"
"Raitt, Bonnie","Lover's Will",SC8519,11,SC8519,,SC,1," 2/27/13"
"Raitt, Bonnie","Nick Of Time",MM6026,14,MM6026,,MM,1," 2/27/13"
"Raitt, Bonnie","One Belief Away",MM6234,11,MM6234,,MM,1," 2/27/13"
"Raitt, Bonnie",Runaway,SC8856,6,SC8856,,SC,1," 2/27/13"
"Raitt, Bonnie","Silver Lining",MM6370,12,MM6370,,MM,1," 2/27/13"
"Raitt, Bonnie","Something To Talk About",SC7514,15,SC7514,,SC,1," 2/27/13"
"Raitt, Bonnie","Storm Warning",MM6078,9,MM6078,,MM,1," 2/27/13"
"Raitt, Bonnie","Thing Called Love",CBE3-23,3,CBE3-23,,CB,1," 2/27/13"
"Raitt, Bonnie",You,MM6069,4,MM6069,,MM,1," 2/27/13"
"Raitt, Bonnie","You Got It",MM6091,2,MM6091,,MM,1," 2/27/13"
"Raitt, Bonnie & Bryan Adams","Rock Steady",SC8240,13,SC8240,,SC,1," 2/27/13"
"Ram Jam Band","Black Betty",SC8334,10,SC8334,,SC,1," 2/27/13"
Rambler,Dreamin',CB60199,7,CB60199,,CB,1," 2/27/13"
"Ramblin' Man","Allman Brothers Band, The",PI009,14,PI009,,PI,1," 2/27/13"
"Rambo, Dottie","He Looked Beyond My Fault",CBEP466-2,14,CBEP466-2,,CB,1," 2/27/13"
"Ramirez, Karen","Looking For Love",SF122,2,SF122,,SF,1," 2/27/13"
Rammstein,"Du Hast (English Version)",SC8756,9,SC8756,,SC,1," 2/27/13"
"Ramone, Joey","What A Wonderful World",SC8850,9,SC8850,,SC,1," 2/27/13"
"Ramones, The","Blitzkrieg Bop",SC2400,3,SC2400,,SC,1," 2/27/13"
"Ramones, The","I Wanna Be Sedated",SC8313,14,SC8313,,SC,1," 2/27/13"
"Ramones, The","Pet Sematary",SC2252,3,SC2252,,SC,1," 2/27/13"
"Ramones, The","Sheena Is A Punk Rocker",SC2400,8,SC2400,,SC,1," 2/27/13"
"Ramones, The wvocal","Blitzkrieg Bop",SC2400,12,SC2400,,SC,1," 2/27/13"
"Ramones, The wvocal","Sheena Is A Punk Rocker",SC2400,17,SC2400,,SC,1," 2/27/13"
"Ramsey, Tarralyn","Up Against All Odds",PHU0401,7,PHU0401,,PH,1," 2/27/13"
Ranch,"Walkin' In The Country",MM6225,10,MM6225,,MM,1," 2/27/13"
Rancid,"Fall Back Down",THMR0311,5,THMR0311,,TH,1," 2/27/13"
"Randall & Morgan","By My Side",CB60041,15,CB60041,,CB,1," 2/27/13"
"Randall, Jon","Cold Coffee Morning",CB60173,9,CB60173,,CB,1," 2/27/13"
"Randall, Jon","I Came Straight For You",SC8179,6,SC8179,,SC,1," 2/27/13"
"Randall, Jon","She Don't Believe In Fairy Tales",SC8507,8,SC8507,,SC,1," 2/27/13"
"Randolph, Robert & The Family Band","I Need More Love",SC8855,2,SC8855,,SC,1," 2/27/13"
"Randolph, Robert & The Family Band wvoca","I Need More Love",SC3391,10,SC3391,,SC,1," 2/27/13"
"Randy & The Rainbows",Denise,SC8429,4,SC8429,,SC,1," 2/27/13"
"Randy Houser","A Man Like Me",PHMC1012,6,PHMC1012,,PH,1," 2/27/13"
"Randy Houser","Anything Goes",PHMC0809,5,PHMC0809,,PH,1," 2/27/13"
"Randy Houser","Boots On",PHMC0905,5,PHMC0905,,PH,1," 2/27/13"
"Randy Houser","I'm All About It",PHMC1006,7,PHMC1006,,PH,1," 2/27/13"
"Randy Houser","Whistlin' Dixie",PHMC1001,2,PHMC1001,,PH,1," 2/27/13"
"Randy Owen","Braid My Hair",PHMC0805,9,PHMC0805,,PH,1," 2/27/13"
"Randy Travis",1982,SC8380,5,SC8380,,SC,1," 2/27/13"
"Randy Travis","Before You Kill Us All",SC8120,3,SC8120,,SC,1," 2/27/13"
"Randy Travis","Better Class Of Losers",SC8167,9,SC8167,,SC,1," 2/27/13"
"Randy Travis","Forever & Ever Amen",SC8102,14,SC8102,,SC,1," 2/27/13"
"Randy Travis","Forever Together",SC8135,10,SC8135,,SC,1," 2/27/13"
"Randy Travis","He Walked On Water",SC8133,6,SC8133,,SC,1," 2/27/13"
"Randy Travis","Honky Tonk Moon",SC8161,5,SC8161,,SC,1," 2/27/13"
"Randy Travis","I'd Surrender All",SC8137,3,SC8137,,SC,1," 2/27/13"
"Randy Travis","Is It Still Over",SC8183,4,SC8183,,SC,1," 2/27/13"
"Randy Travis","It's Just A Matter Of Time",SC8161,1,SC8161,,SC,1," 2/27/13"
"Randy Travis","Little Left Of Center, A",SD073,14,SD073,,SD,1," 2/27/13"
"Randy Travis","Price To Pay",SC8358,6,SC8358,,SC,1," 2/27/13"
"Randy Travis","Too Gone Too Long",SC8183,13,SC8183,,SC,1," 2/27/13"
"Randy Travis","Whisper My Name",SC8129,12,SC8129,,SC,1," 2/27/13"
"Randy Travis feat. Josh Turner","T. I. M. E.",PHMC1205,9,PHMC1205,,PH,1," 2/27/13"
Rankins,"Movin' On",CB60181,7,CB60181,,CB,1," 2/27/13"
"Raphael Saadiq","Good Man",PHMU1107,3,PHMU1107,,PH,1," 2/27/13"
"Raphael Saadiq","Movin' Down The Line",PHMU1110,1,PHMU1110,,PH,1," 2/27/13"
"Raphael Saadiq","Staying In Love",PHMU1002,7,PHMU1002,,PH,1," 2/27/13"
"Raphael Saadiq feat Stevie Wonder & CJ H","Never Give You Up",PHMU0905,5,PHMU0905,,PH,1," 2/27/13"
"Rapper's Delight","Sugar Hill Gang, The",AH8421,10,AH8421,,AH,1," 2/27/13"
Rapture,Lio,THP0205,16,THP0205,,TH,1," 2/27/13"
"Rare Earth","Get Ready",DK052,7,DK052,,DK,1," 2/27/13"
"Rare Earth","I Just Want To Celebrate",SC8870,2,SC8870,,SC,1," 2/27/13"
"Rascal Flatts","Bless The Broken Road",PHN0501,1,PHN0501,,PH,1," 2/27/13"
"Rascal Flatts","Every Day",PHMC0806,1,PHMC0806,,PH,1," 2/27/13"
"Rascal Flatts","Feels Like Today",SC8884,3,SC8884,,SC,1," 2/27/13"
"Rascal Flatts","Glory Of Life, The",SC8759,14,SC8759,,SC,1," 2/27/13"
"Rascal Flatts",Here,PHMC0803,7,PHMC0803,,PH,1," 2/27/13"
"Rascal Flatts","Here Comes Goodbye",PHMC0904,1,PHMC0904,,PH,1," 2/27/13"
"Rascal Flatts","I Melt",SC8802,12,SC8802,,SC,1," 2/27/13"
"Rascal Flatts","I'm Movin' On",SC8798,13,SC8798,,SC,1," 2/27/13"
"Rascal Flatts","I'm Moving On",CB60226,12,CB60226,,CB,1," 2/27/13"
"Rascal Flatts","Long Slow Beautiful Dance",SC8677,2,SC8677,,SC,1," 2/27/13"
"Rascal Flatts","Love You Out Loud",SC8816,9,SC8816,,SC,1," 2/27/13"
"Rascal Flatts","Love You Out Loudÿ",THC0305,12,THC0305,,TH,1," 2/27/13"
"Rascal Flatts",Mayberry,SC8867,12,SC8867,,SC,1," 2/27/13"
"Rascal Flatts","Prayin' For Daylight",CB60197,6,CB60197,,CB,1," 2/27/13"
"Rascal Flatts","She Goes All The Way",PHMC0803,5,PHMC0803,,PH,1," 2/27/13"
"Rascal Flatts","These Days",THC0303,10,THC0303,,TH,1," 2/27/13"
"Rascal Flatts","This Everyday Love",SC8633,14,SC8633,,SC,1," 2/27/13"
"Rascal Flatts","Walk The Llama Llama",SD081,9,SD081,,SD,1," 2/27/13"
"Rascal Flatts","While You Loved Me",CB60216,12,CB60216,,CB,1," 2/27/13"
"Rascal Flatts",Why,PHMC0912,3,PHMC0912,,PH,1," 2/27/13"
"Rascal Flatts","Why Wait",PHMC1011,1,PHMC1011,,PH,1," 2/27/13"
"Rascal Flatts","Winner At A Losing Game",PHMC0801,6,PHMC0801,,PH,1," 2/27/13"
"Rascal Flatts & Natasha Bedingfield",Easy,PHMC1109,2,PHMC1109,,PH,1," 2/27/13"
"Rascal Flatts wvocal","Feels Like Today",PHN0409,11,PHN0409,,PH,1," 2/27/13"
"Rascal Flatts wvocal","Love You Out Loud",SC3358,11,SC3358,,SC,1," 2/27/13"
Rascals,Groovin',CBEP472-5,1,CBEP472-5,,CB,1," 2/27/13"
Rascals,"How Can I Be Sure",CBEP472-5,4,CBEP472-5,,CB,1," 2/27/13"
Rascals,"People Got To Be Free",SC1999NSC03,15,SC1999NSC03,,SC,1," 2/27/13"
"Rascals, The","Beautiful Morning, A",SC8218,6,SC8218,,SC,1," 2/27/13"
"Rascals, The","Girl Like You, A",SC8190,5,SC8190,,SC,1," 2/27/13"
"Rascals, The","Good Lovin'",DK055,15,DK055,,DK,1," 2/27/13"
"Rascals, The",Groovin',DK001,13,DK001,,DK,1," 2/27/13"
"Rascals, The","How Can I Be Sure",MM6182,11,MM6182,,MM,1," 2/27/13"
"Rascals, The","I've Been Lonely Too Long",SC8526,8,SC8526,,SC,1," 2/27/13"
"Rascals, The","People Got To Be Free",CBE2-16,12,CBE2-16,,CB,1," 2/27/13"
"Raspberies, The","Overnight Sensation",SC8724,7,SC8724,,SC,1," 2/27/13"
"Raspberries, The","Go All The Way",SC8169,6,SC8169,,SC,1," 2/27/13"
"Raspberry Beret",Prince,PI038,16,PI038,,PI,1," 2/27/13"
Ratt,"Back For More",SC7565,10,SC7565,,SC,1," 2/27/13"
Ratt,"Lack Of Communication",SC8843,10,SC8843,,SC,1," 2/27/13"
Ratt,"Lay It Down",SC8631,5,SC8631,,SC,1," 2/27/13"
Ratt,"Round & Round",SC8210,10,SC8210,,SC,1," 2/27/13"
Ratt,"Way Cool Jr.",SC8713,4,SC8713,,SC,1," 2/27/13"
"Rave On","Holly, Buddy",BS5617,11,BS5617,,BS,1," 2/27/13"
"Raven, Eddy","Cowboys Don't Cry",CB60216,11,CB60216,,CB,1," 2/27/13"
"Raven, Eddy","I Got Mexico",SC8345,4,SC8345,,SC,1," 2/27/13"
"Raven, Eddy","I'm Gonna Get You",SC8431,3,SC8431,,SC,1," 2/27/13"
"Raven, Eddy","In A Letter To You",SC8434,10,SC8434,,SC,1," 2/27/13"
"Raven, Eddy","Joe Knows How To Live",SC8767,10,SC8767,,SC,1," 2/27/13"
"Raven, Eddy","Shine Shine Shine",SC8525,13,SC8525,,SC,1," 2/27/13"
"Raven, Eddy","Sooner Or Later",CB60147,7,CB60147,,CB,1," 2/27/13"
Rawhide,"Blues Brothers, The",TU102,14,TU102,,TU,1," 2/27/13"
"Rawls, Lou","A Natural Man",SC8860,3,SC8860,,SC,1," 2/27/13"
"Rawls, Lou","Lady Love",SAVP31,17,SAVP31,,SA,1," 2/27/13"
"Rawls, Lou","Love Is A Hurting Thing",CBEP459-5,9,CBEP459-5,,CB,1," 2/27/13"
"Rawls, Lou","Natural Man",MM6368,1,MM6368,,MM,1," 2/27/13"
"Rawls, Lou","See You When I Get There",SAVP38,15,SAVP38,,SA,1," 2/27/13"
"Rawls, Lou","You'll Never Find",SAVP32,18,SAVP32,,SA,1," 2/27/13"
"Rawls, Lou","You'll Never Find (Another Love Like Min",SC7574,15,SC7574,,SC,1," 2/27/13"
"Rawls, Lou","You'll Never Find Another Love Like Mine",SC8273,8,SC8273,,SC,1," 2/27/13"
"Ray Charles",Busted,SC8142,5,SC8142,,SC,1," 2/27/13"
"Ray Charles","Hit The Road Jack",SC8108,7,SC8108,,SC,1," 2/27/13"
"Ray Charles","I Can't Stop Loving You",SC8118,9,SC8118,,SC,1," 2/27/13"
"Ray J","Last Wish",PHMU1101,5,PHMU1101,,PH,1," 2/27/13"
"Ray J","Last Wish (MPX)",PHMU1101,14,PHMU1101,,PH,1," 2/27/13"
"Ray J Feat Yung Berg","Sexy Can I",PHMU0804,1,PHMU0804,,PH,1," 2/27/13"
"Ray Of Light",Madonna,BS6517,2,BS6517,,BS,1," 2/27/13"
"Ray Parker Jr",Ghostbusters,SC8109,13,SC8109,,SC,1," 2/27/13"
"Ray Price","For The Good Times",SC8102,7,SC8102,,SC,1," 2/27/13"
"Ray Price","My Shoes Keep Walking Back To You",SC8392,8,SC8392,,SC,1," 2/27/13"
"Ray Price","Same Old Me, The",SC8383,3,SC8383,,SC,1," 2/27/13"
"Ray, Goodman & Brown","Special Lady",SC8151,10,SC8151,,SC,1," 2/27/13"
"Ray, Jimmy","Are You Jimmy Ray",SC8440,10,SC8440,,SC,1," 2/27/13"
"Ray, Johnnie",Cry,MM6156,12,MM6156,,MM,1," 2/27/13"
"Ray, Johnnie","Hey There",SF063,9,SF063,,SF,1," 2/27/13"
"Ray, Johnnie","Yes Tonight Josephine",SF062,15,SF062,,SF,1," 2/27/13"
"Ray, Sugar","Answer The Phone",CBE3-26,10,CBE3-26,,CB,1," 2/27/13"
"Raybon Brothers & Newton-John",Falling,MM6225,7,MM6225,,MM,1," 2/27/13"
"Raybon Brothers, The","Butterfly Kisses",CBE13,14,CBE13,,CB,1," 2/27/13"
"Raybon Brothers, The","Way She's Looking, The",SC8394,7,SC8394,,SC,1," 2/27/13"
"Raybon, Marty","Cracker Jack Diamond",CB60195,14,CB60195,,CB,1," 2/27/13"
"Raybon, Marty","Searching For The Missing Peace",CB20191,12,CB20191,,CB,1," 2/27/13"
"Raye & Ashton","Gift, The",SC8423,5,SC8423,,SC,1," 2/27/13"
"Raye, Colin","Ain't Nobody Gonna Take That From Me",PHN0111,6,PHN0111,,PH,1," 2/27/13"
"Raye, Collin","Ain't Nobody Gonna Take That From Me",CB60222,12,CB60222,,CB,1," 2/27/13"
"Raye, Collin","All I Can Be Is A Sweet Memory",CB60101,7,CB60101,,CB,1," 2/27/13"
"Raye, Collin","Anyone Else",MM6264,14,MM6264,,MM,1," 2/27/13"
"Raye, Collin","Couldn't Last A Moment",SC8596,14,SC8596,,SC,1," 2/27/13"
"Raye, Collin","Eleventh Commandment, The",SC8496,15,SC8496,,SC,1," 2/27/13"
"Raye, Collin","Every Second",DK094,17,DK094,,DK,1," 2/27/13"
"Raye, Collin","Gift, The",CB60044,13,CB60044,,CB,1," 2/27/13"
"Raye, Collin","I Can Still Feel You",SC8464,9,SC8464,,SC,1," 2/27/13"
"Raye, Collin","I Think About You",CB90009,14,CB90009,,CB,1," 2/27/13"
"Raye, Collin","I Volunteer",SC8271,12,SC8271,,SC,1," 2/27/13"
"Raye, Collin","I Want You Bad (And That Ain't Good)",CB60108,13,CB60108,,CB,1," 2/27/13"
"Raye, Collin","If I Were You",SC8230,12,SC8230,,SC,1," 2/27/13"
"Raye, Collin","In This Life",CB60042,14,CB60042,,CB,1," 2/27/13"
"Raye, Collin","It Could've Been So Good",SC8278,9,SC8278,,SC,1," 2/27/13"
"Raye, Collin","Let It Be Me",SC8236,11,SC8236,,SC,1," 2/27/13"
"Raye, Collin","Little Red Rodeo",MMCOU204,19,MMCOU204,,MM,1," 2/27/13"
"Raye, Collin","Little Rock",CB90009,10,CB90009,,CB,1," 2/27/13"
"Raye, Collin","Love Me",CBEP453-3,15,CBEP453-3,,CB,1," 2/27/13"
"Raye, Collin","Love Remains",CB90009,15,CB90009,,CB,1," 2/27/13"
"Raye, Collin","Man Of My Word",MM6073,13,MM6073,,MM,1," 2/27/13"
"Raye, Collin","My Kind Of Girl",CB90009,11,CB90009,,CB,1," 2/27/13"
"Raye, Collin","Not That Different",CBEP453-6,14,CBEP453-6,,CB,1," 2/27/13"
"Raye, Collin","On The Verge",CHM9704,16,CHM9704,,CH,1," 2/27/13"
"Raye, Collin","One Boy, One Girl",SGB036,17,SGB036,,SG,1," 2/27/13"
"Raye, Collin","Open Arms",CB60030,13,CB60030,,CB,1," 2/27/13"
"Raye, Collin","She's All That",CB60211,7,CB60211,,CB,1," 2/27/13"
"Raye, Collin","Somebody Else's Moon",SC8291,10,SC8291,,SC,1," 2/27/13"
"Raye, Collin","Someone You Used To Know",CB60110,13,CB60110,,CB,1," 2/27/13"
"Raye, Collin","Start Over Georgia",SD064,5,SD064,,SD,1," 2/27/13"
"Raye, Collin","Starting Over Georgia",CB60180,3,CB60180,,CB,1," 2/27/13"
"Raye, Collin","That Was A River",CB90009,8,CB90009,,CB,1," 2/27/13"
"Raye, Collin","That's My Story",CB20116,11,CB20116,,CB,1," 2/27/13"
"Raye, Collin","What If Jesus Comes Back Like That",SD033,14,SD033,,SD,1," 2/27/13"
"Raye, Collin","What The Heart Wants",CHM9709,19,CHM9709,,CH,1," 2/27/13"
"Raye, Collin","You Still Take Me There",SD082,9,SD082,,SD,1," 2/27/13"
"Raye, Collin & Bobbie Eakes","Loving This Way",SD074,4,SD074,,SD,1," 2/27/13"
"Raye, Collin & Bobbie Eakes","Tired Of Loving This Way",CB60203,14,CB60203,,CB,1," 2/27/13"
"Raye, Collin & Dolly Parton","Whenever Forever Comes",SC8128,14,SC8128,,SC,1," 2/27/13"
"Raye, Collin & Jim Brickman","Gift, The",SD045,8,SD045,,SD,1," 2/27/13"
Rays,Silhouettes,MM6361,12,MM6361,,MM,1," 2/27/13"
"Rays, The",Silhouettes,DK040,16,DK040,,DK,1," 2/27/13"
Re-Flex,"Politics Of Dancing, The",SC8678,1,SC8678,,SC,1," 2/27/13"
Re-United,"Peaches & Herb",KJT08,15,KJT08,,KJ,1," 2/27/13"
"Rea Chris","Road To Hell",SF054,14,SF054,,SF,1," 2/27/13"
"Rea, Chris",Fool,SC8188,7,SC8188,,SC,1," 2/27/13"
"Rea, Chris","On The Beach",SF058,7,SF058,,SF,1," 2/27/13"
"Rea, Chris","Road To Hell",SF059,14,SF059,,SF,1," 2/27/13"
"Reach Out And Ill Be There","Four Tops",SF054,7,SF054,,SF,1," 2/27/13"
"Ready For Love","Bad Company",DG03,11,DG03,,DG,1," 2/27/13"
"Ready For The World","Love You Down",SC8405,7,SC8405,,SC,1," 2/27/13"
"Ready For The World","Oh Sheila",SC8293,11,SC8293,,SC,1," 2/27/13"
"Ready For The World","Oh Shelia",CBEP467-6,6,CBEP467-6,,CB,1," 2/27/13"
"Ready Or Not",A1,SF187,9,SF187,,SF,1," 2/27/13"
"Ready To Run","Dixie Chicks, The",RSZ603,10,RSZ603,,RS,1," 2/27/13"
"Real 2 Real","I Like To Move It",SF019,2,SF019,,SF,1," 2/27/13"
"Real Life","Send Me An Angel",SC8568,8,SC8568,,SC,1," 2/27/13"
"Real Mccoy, The","Another Night",SC8145,11,SC8145,,SC,1," 2/27/13"
"Real McCoys, The","Come And Get Your Love",SD015,3,SD015,,SD,1," 2/27/13"
"Real Mccoys, The","Come And Get Your Love",CBEP458-6,4,CBEP458-6,,CB,1," 2/27/13"
"Real McCoys, The","Come And Get Your Love",SF027,15,SF027,,SF,1," 2/27/13"
"Real Mccoys, The","Run Away",CBEP458-3,5,CBEP458-3,,CB,1," 2/27/13"
"Real Me, The","Who, The",AH8003,14,AH8003,,AH,1," 2/27/13"
"Real Thing, The","Can't Get By Without You",SF022,10,SF022,,SF,1," 2/27/13"
"Real Thing, The","You To Me Are Everything",BL06,6,BL06,,BL,1," 2/27/13"
"Ream, D.","Things Can Only Get Better",SF006,15,SF006,,SF,1," 2/27/13"
"Ream, D.","You're The Best Thing",SF026,10,SF026,,SF,1," 2/27/13"
Reba,Somebody,MM6406,15,MM6406,,MM,1," 2/27/13"
Reba,"Sweet Music Man",MM6358,3,MM6358,,MM,1," 2/27/13"
"Reba McEntire","If I Were A Boy",PHMC1102,4,PHMC1102,,PH,1," 2/27/13"
"Reba McEntire","Turn On The Radio",PHMC1012,2,PHMC1012,,PH,1," 2/27/13"
"Reba McEntire W Skip Ewing","Every Other Weekend",PHMC0806,4,PHMC0806,,PH,1," 2/27/13"
"Rebecca Black","Sing It",PHMP1207,5,PHMP1207,,PH,1," 2/27/13"
"Rebecca Lynn Howard","Sing Cause I Love To",PHMC0811,5,PHMC0811,,PH,1," 2/27/13"
Rebekah,"Sin So Well",SC8453,5,SC8453,,SC,1," 2/27/13"
RED,CHEVELLE,TTM111,7,TTM111,,TT,1," 2/27/13"
"Red Cafe feat Diddy & Fabolous","Money Money Money",PHMU1012,9,PHMU1012,,PH,1," 2/27/13"
"Red Hot Chili Peppers",Aeroplane,SC8340,4,SC8340,,SC,1," 2/27/13"
"Red Hot Chili Peppers","Around The World",MM6292,12,MM6292,,MM,1," 2/27/13"
"Red Hot Chili Peppers","By The Way",SC8803,12,SC8803,,SC,1," 2/27/13"
"Red Hot Chili Peppers",Californication,CBE3-25,15,CBE3-25,,CB,1," 2/27/13"
"Red Hot Chili Peppers",Californification,MM6313,8,MM6313,,MM,1," 2/27/13"
"Red Hot Chili Peppers","Can't Stop",SF202,6,SF202,,SF,1," 2/27/13"
"Red Hot Chili Peppers","Cant Stop",THMR0304,16,THMR0304,,TH,1," 2/27/13"
"Red Hot Chili Peppers",Dosed,THR0309,7,THR0309,,TH,1," 2/27/13"
"Red Hot Chili Peppers","Give It Away",SC8433,11,SC8433,,SC,1," 2/27/13"
"Red Hot Chili Peppers","Higher Ground",SC8870,14,SC8870,,SC,1," 2/27/13"
"Red Hot Chili Peppers","My Friends",SC8212,10,SC8212,,SC,1," 2/27/13"
"Red Hot Chili Peppers",Otherside,MM6295,13,MM6295,,MM,1," 2/27/13"
"Red Hot Chili Peppers","Scar Tissue",CBEP458-6,14,CBEP458-6,,CB,1," 2/27/13"
"Red Hot Chili Peppers","Soul To Squeeze",SC8122,9,SC8122,,SC,1," 2/27/13"
"Red Hot Chili Peppers","Under The Bridge",CBEP458-4,15,CBEP458-4,,CB,1," 2/27/13"
"Red Hot Chili Peppers","Universally Speaking",SF206,11,SF206,,SF,1," 2/27/13"
"Red Hot Chili Peppers","Zephyr Song, The",CB30030,15,CB30030,,CB,1," 2/27/13"
"Red Hot Chili Peppers, The","Give It Away",SC7585,13,SC7585,,SC,1," 2/27/13"
"Red Hot Chili Peppers, The","Other Side, The",SGB42,5,SGB42,,SG,1," 2/27/13"
"Red Hot Chili Peppers, The",Otherside,CB30015,13,CB30015,,CB,1," 2/27/13"
"Red Hot Chili Peppers, The","Sir Psycho Sexy",SC8700,12,SC8700,,SC,1," 2/27/13"
"Red Hot Chili Peppers, The","Under The Bridge",CBE2-30,6,CBE2-30,,CB,1," 2/27/13"
"Red Hot Chilli Peppers","Fortune Faded",SF212,14,SF212,,SF,1," 2/27/13"
"Red Jumpsuit Apparatus","Pen and Paper",PHMP0904,9,PHMP0904,,PH,1," 2/27/13"
"Red Neckin' Love Makin' Night","Twitty, Conway",TU193,14,TU193,,TU,1," 2/27/13"
"Red Peters","you ain't gettin shit for christmas",SC8900,15,SC8900,,SC,1," 2/27/13"
"Red Sovine","Teddy Bear",SC8682,11,SC8682,,SC,1," 2/27/13"
"Red, Red Wine","Diamond, Neil",AH7051,13,AH7051,,AH,1," 2/27/13"
"Red, The",Chevelle,THR0210,17,THR0210,,TH,1," 2/27/13"
Redbone,"Come And Get Your Love",DK023,16,DK023,,DK,1," 2/27/13"
"Redd, Sharon","Can You Handle It",BL24,1,BL24,,BL,1," 2/27/13"
"Redding, Otis","(Sitting On The) Dock Of The Bay",CBE16,9,CBE16,,CB,1," 2/27/13"
"Redding, Otis","Can't Turn You Loose (Live Version)",SC8863,15,SC8863,,SC,1," 2/27/13"
"Redding, Otis","Dock Of The Bay",SAVP08,8,SAVP08,,SA,1," 2/27/13"
"Redding, Otis","Dock Of The Bay, The (Sittin' On)",BL04,12,BL04,,BL,1," 2/27/13"
"Redding, Otis","Dreams To Remember",MMRB04,8,MMRB04,,MM,1," 2/27/13"
"Redding, Otis","Fa-Fa-Fa-Fa-Fa (Sad Song)",SC8863,9,SC8863,,SC,1," 2/27/13"
"Redding, Otis","Hard To Handle",BL05,10,BL05,,BL,1," 2/27/13"
"Redding, Otis","I've Been Loving You So Long",CBEP472-1,14,CBEP472-1,,CB,1," 2/27/13"
"Redding, Otis","I've Been Loving You Too Long",CBEP459-3,2,CBEP459-3,,CB,1," 2/27/13"
"Redding, Otis","Sittin' On The Dock Of The Bay",MM6303,5,MM6303,,MM,1," 2/27/13"
"Redding, Otis","These Arms Of Mine",CBE3-17,3,CBE3-17,,CB,1," 2/27/13"
"Redding, Otis","Try A Little Tenderness",DK092,11,DK092,,DK,1," 2/27/13"
Reddmann,"Chasin' That Neon Reindeer",CB20157,9,CB20157,,CB,1," 2/27/13"
"Reddy, Helen","Ain't No Way To Treat A Lady",CBEP474-2,11,CBEP474-2,,CB,1," 2/27/13"
"Reddy, Helen","Angie Baby",DK012,12,DK012,,DK,1," 2/27/13"
"Reddy, Helen","Delta Dawn",DKM2028,13,DKM2028,,DK,1," 2/27/13"
"Reddy, Helen","I Am Woman",DKM2002,15,DKM2002,,DK,1," 2/27/13"
"Reddy, Helen","I Don't Know How To Love Him",SC8410,8,SC8410,,SC,1," 2/27/13"
"Reddy, Helen","Leave Me Alone",DK059,8,DK059,,DK,1," 2/27/13"
"Reddy, Helen","You And Me Against The World",SC8410,15,SC8410,,SC,1," 2/27/13"
"Redman & Vale","If I Had A Nickel",CB60175,8,CB60175,,CB,1," 2/27/13"
"Redman & Vale","In The Name Of Love",CB60195,10,CB60195,,CB,1," 2/27/13"
"Redman & Vale","Squeezin' The Love Outta You",SC8608,8,SC8608,,SC,1," 2/27/13"
"Redman, Rodney","These Days",CB60241,2,CB60241,,CB,1," 2/27/13"
"Rednex, The","Cotton Eye Joe",MMGCOU01,16,MMGCOU01,,MM,1," 2/27/13"
"Reed, Jerry","Amos Moses",SC8335,4,SC8335,,SC,1," 2/27/13"
"Reed, Jerry","Bird, The",SC8582,4,SC8582,,SC,1," 2/27/13"
"Reed, Jerry","Christmas Time's A Comin'",CB20158,11,CB20158,,CB,1," 2/27/13"
"Reed, Jerry","East Bound And Down",CB60022,13,CB60022,,CB,1," 2/27/13"
"Reed, Jerry","Eastbound And Down",CBE2-04,6,CBE2-04,,CB,1," 2/27/13"
"Reed, Jerry","Good Woman's Love",SC8697,13,SC8697,,SC,1," 2/27/13"
"Reed, Jerry","I Love You What Can I Say",SC8567,14,SC8567,,SC,1," 2/27/13"
"Reed, Jerry","Lord Mr Ford",SC8517,10,SC8517,,SC,1," 2/27/13"
"Reed, Jerry","She Got The Gold Mine, I Got The Shaft",SC8183,1,SC8183,,SC,1," 2/27/13"
"Reed, Jerry","She Got The Goldmine",CBE3-06,1,CBE3-06,,CB,1," 2/27/13"
"Reed, Jerry","She Got The Goldmine, I Got The Shaft",CB60123,3,CB60123,,CB,1," 2/27/13"
"Reed, Jerry","When You're Hot, You're Hot",CBE03,12,CBE03,,CB,1," 2/27/13"
"Reed, Jimmy","Big Boss Man",MM6144,10,MM6144,,MM,1," 2/27/13"
"Reed, Jimmy","Bright Lights Big City",MM6155,15,MM6155,,MM,1," 2/27/13"
"Reed, Jimmy","You Got Me Running",MM6144,13,MM6144,,MM,1," 2/27/13"
"Reed, Lou","Perfect Day",SF115,15,SF115,,SF,1," 2/27/13"
"Reed, Lou","Sweet Jane",AH8009,15,AH8009,,AH,1," 2/27/13"
"Reed, Lou","Walk On The Wild Side",SC8169,1,SC8169,,SC,1," 2/27/13"
Reef,"Place Your Hands",SF138,10,SF138,,SF,1," 2/27/13"
"Reelin' In The Years","Steely Dan",RSZ608,1,RSZ608,,RS,1," 2/27/13"
"Reese, Della & The Verity All-Stars","Walk With You",SC2401,5,SC2401,,SC,1," 2/27/13"
"Reeves & Mortimer","I'm A Believer",SF027,7,SF027,,SF,1," 2/27/13"
"Reeves, Connor",Earthbound,SF117,6,SF117,,SF,1," 2/27/13"
"Reeves, Connor","My Father's Son",SF115,14,SF115,,SF,1," 2/27/13"
"Reeves, Connor","Read My Mind",SF121,16,SF121,,SF,1," 2/27/13"
"Reeves, Del","Girl On The Billboard",DK073,16,DK073,,DK,1," 2/27/13"
"Reeves, Jim","Adios Amigo",SC8491,11,SC8491,,SC,1," 2/27/13"
"Reeves, Jim","Am I Losing You",CBEP451-2,10,CBEP451-2,,CB,1," 2/27/13"
"Reeves, Jim",Bimbo,CB90052,12,CB90052,,CB,1," 2/27/13"
"Reeves, Jim","Blue Boy",CB60135,7,CB60135,,CB,1," 2/27/13"
"Reeves, Jim","Blue Side Of Lonesome",CB90052,11,CB90052,,CB,1," 2/27/13"
"Reeves, Jim","Distant Drums",CB90052,13,CB90052,,CB,1," 2/27/13"
"Reeves, Jim","Four Walls",CBE27,13,CBE27,,CB,1," 2/27/13"
"Reeves, Jim","He'll Have To Go",CBEP451-3,2,CBEP451-3,,CB,1," 2/27/13"
"Reeves, Jim",Home,SC8419,4,SC8419,,SC,1," 2/27/13"
"Reeves, Jim","I Guess I'm Crazy",DK077,17,DK077,,DK,1," 2/27/13"
"Reeves, Jim","I Love You Because",SF052,1,SF052,,SF,1," 2/27/13"
"Reeves, Jim","I'm Gettin' Better",SC8712,10,SC8712,,SC,1," 2/27/13"
"Reeves, Jim","I'm Gonna Change Everything",SC8712,8,SC8712,,SC,1," 2/27/13"
"Reeves, Jim","Is It Really Over",SC8579,15,SC8579,,SC,1," 2/27/13"
"Reeves, Jim","Mexican Joe",CB90052,15,CB90052,,CB,1," 2/27/13"
"Reeves, Jim","Missin' You",CB90052,1,CB90052,,CB,1," 2/27/13"
"Reeves, Jim","Missing You",CB80103,13,CB80103,,CB,1," 2/27/13"
"Reeves, Jim","Old Christmas Card",CBEP462-4,13,CBEP462-4,,CB,1," 2/27/13"
"Reeves, Jim","Red Rose From The Blue Side Of Town",CB90052,6,CB90052,,CB,1," 2/27/13"
"Reeves, Jim","This Is It",CBEP451-5,11,CBEP451-5,,CB,1," 2/27/13"
"Reeves, Jim","Welcome To My World",CB80095,12,CB80095,,CB,1," 2/27/13"
"Reeves, Julie","He Keeps Me In One Piece",CB60177,8,CB60177,,CB,1," 2/27/13"
"Reeves, Julie","It's About Time",CB60171,10,CB60171,,CB,1," 2/27/13"
"Reeves, Julie","Touble Is A Woman",SC8549,2,SC8549,,SC,1," 2/27/13"
"Reeves, Julie","Trouble Is A Woman",CB60175,14,CB60175,,CB,1," 2/27/13"
"Reeves, Julie","What I Need",CHM0004,17,CHM0004,,CH,1," 2/27/13"
"Reeves, Martha & The Vandellas","Dancin' In The Street",MM6303,6,MM6303,,MM,1," 2/27/13"
"Reeves, Martha & The Vandellas","Dancing In The Street",SC8863,10,SC8863,,SC,1," 2/27/13"
"Reeves, Martha & The Vandellas","Jimmy Mack",SC8863,3,SC8863,,SC,1," 2/27/13"
"Reeves, Ronna","He's My Weakness",SC8219,4,SC8219,,SC,1," 2/27/13"
"Reeves, Ronna","My Heart Wasn't In It",SC8294,2,SC8294,,SC,1," 2/27/13"
"Reeves, Ronna","Never Let Him See Me Cry",SC8278,14,SC8278,,SC,1," 2/27/13"
"Reeves, Ronna","Rodeo Man",SC8303,4,SC8303,,SC,1," 2/27/13"
"Reeves, Ronna","That's All Right With Me",SC8291,14,SC8291,,SC,1," 2/27/13"
Reflections,"Just Like Romeo & Juliet",MM6409,8,MM6409,,MM,1," 2/27/13"
Refreshments,Banditos,SC8320,4,SC8320,,SC,1," 2/27/13"
"Refried Dreams","McGraw, Tim",TU100,17,TU100,,TU,1," 2/27/13"
"Refugee Camp All Stars & Lauryn Hill","Sweetest Thing, The",SC8390,14,SC8390,,SC,1," 2/27/13"
"Regina Regina","More Than I Wanted To Know",MM6187,9,MM6187,,MM,1," 2/27/13"
Rehab,"Sittin' At A Bar ( Bartender Song)",PHMP0809,7,PHMP0809,,PH,1," 2/27/13"
Rehab,"Winehouse, Amy",XXX001,5,XXX001,,XX,1," 2/27/13"
"Reid, Mike","As Simple As That",CB60098,9,CB60098,,CB,1," 2/27/13"
"Reid, Mike","I Got A Life",CB60104,4,CB60104,,CB,1," 2/27/13"
"Reid, Mike","I'll Stop Loving You",CB60103,5,CB60103,,CB,1," 2/27/13"
"Reid, Mike","Keep On Walkin'",SC8245,13,SC8245,,SC,1," 2/27/13"
"Reid, Mike","Till You Were Gone",CB60101,10,CB60101,,CB,1," 2/27/13"
"Reid, Mike","Walk On Faith",CBEP453-2,7,CBEP453-2,,CB,1," 2/27/13"
Rej3ctz,"Cat Daddy",PHMU1112,7,PHMU1112,,PH,1," 2/27/13"
"Release Me","Humperdinck, Engelbert",KJT05,21,KJT05,,KJ,1," 2/27/13"
"Relient K","I Don't Need A Soul",PHMP1007,9,PHMP1007,,PH,1," 2/27/13"
"Relient K",Therapy,PHMP1003,7,PHMP1003,,PH,1," 2/27/13"
Rem,"Imitation Of Life",SC8699,14,SC8699,,SC,1," 2/27/13"
REM,"Imitation Of Love",MM6343,7,MM6343,,MM,1," 2/27/13"
Rem,"It's The End Of The World As We Know It",CBE4-04,15,CBE4-04,,CB,1," 2/27/13"
Rem,"Shiny Happy People",SF054,15,SF054,,SF,1," 2/27/13"
"Rembrandts (Theme From Friends)","I'll Be There For You",CBEP458-2,2,CBEP458-2,,CB,1," 2/27/13"
"Rembrandts, The","I'll Be There For You",SC8187,14,SC8187,,SC,1," 2/27/13"
"Rembrandts, The","Just The Way It Is Baby",SC8466,15,SC8466,,SC,1," 2/27/13"
Remedy,"Black Crowes, The",PI038,8,PI038,,PI,1," 2/27/13"
"Remy Shandÿ","Way I Feel, The",CB30037,7,CB30037,,CB,1," 2/27/13"
"Remy Zero","Perfect Memory",SC8768,11,SC8768,,SC,1," 2/27/13"
"Remy Zero",Prophecy,SC8508,11,SC8508,,SC,1," 2/27/13"
"Remy Zero","Save Me",PHR0205,3,PHR0205,,PH,1," 2/27/13"
"Renay, Diane","Navy Blue",SC8364,12,SC8364,,SC,1," 2/27/13"
"Reno, Ginette","La Vie",SC2388,4,SC2388,,SC,1," 2/27/13"
"Reno, Ginette wvocal","La Vie",SC2388,12,SC2388,,SC,1," 2/27/13"
"Reno, Mike & Ann Wilson","Almost Paradise",SC8482,13,SC8482,,SC,1," 2/27/13"
"Reno, Mike & Wilson, Ann","Almost Paradise",CBE2-25,9,CBE2-25,,CB,1," 2/27/13"
Rent,"I'll Cover You",MMBH1-2,7,MMBH1-2,,MM,1," 2/27/13"
Rent,"Out Tonight",MM6282,5,MM6282,,MM,1," 2/27/13"
Rent,Rent,MMBH1-2,4,MMBH1-2,,MM,1," 2/27/13"
Rent,"Seasons Of Love",MMBH1-3,17,MMBH1-3,,MM,1," 2/27/13"
Rent,"Take Me Or Leave",MM6282,6,MM6282,,MM,1," 2/27/13"
Rent,"Would You Light My Candle",MM6282,2,MM6282,,MM,1," 2/27/13"
"Reo Speedwagon","Can't Fight This Feeling",MM6033,15,MM6033,,MM,1," 2/27/13"
"Reo Speedwagon","Don't Let Him Go",SC8574,3,SC8574,,SC,1," 2/27/13"
"Reo Speedwagon","In Your Letter",SC8574,13,SC8574,,SC,1," 2/27/13"
"Reo Speedwagon","Keep On Loving You",DK052,10,DK052,,DK,1," 2/27/13"
"Reo Speedwagon","Keep The Fire Burnin'",SC8574,15,SC8574,,SC,1," 2/27/13"
"Reo Speedwagon","One Lonely Night",SC8658,2,SC8658,,SC,1," 2/27/13"
"Reo Speedwagon","Ridin' The Storm Out",SC8574,9,SC8574,,SC,1," 2/27/13"
"Reo Speedwagon","Roll With The Changes",SC7576,15,SC7576,,SC,1," 2/27/13"
"Reo Speedwagon","Take It On The Run",SC8210,6,SC8210,,SC,1," 2/27/13"
"Reo Speedwagon","Time For Me To Fly",SC8527,1,SC8527,,SC,1," 2/27/13"
Republica,"From Rush Hour With Love",SF125,7,SF125,,SF,1," 2/27/13"
Republica,"Ready To Go",SC8316,10,SC8316,,SC,1," 2/27/13"
Res,"They-Say Vision",SC8758,15,SC8758,,SC,1," 2/27/13"
Respect,"Franklin, Aretha",KJT09,7,KJT09,,KJ,1," 2/27/13"
"Rest In Pieces",Saliva,PHR0305,4,PHR0305,,PH,1," 2/27/13"
"Rest Of My Life","Unwritten Law",PHR0303,4,PHR0303,,PH,1," 2/27/13"
"Restless Heart","Baby Needs New Shoes",SC8123,7,SC8123,,SC,1," 2/27/13"
"Restless Heart","Big Dreams In A Small Town",SC8551,14,SC8551,,SC,1," 2/27/13"
"Restless Heart","Big Iron Horses",SC8301,3,SC8301,,SC,1," 2/27/13"
"Restless Heart","Bluest Eyes In Texas, The",SC8380,10,SC8380,,SC,1," 2/27/13"
"Restless Heart","Dancy's Dream",CB60096,11,CB60096,,CB,1," 2/27/13"
"Restless Heart","Danny's Dream",CB90028,2,CB90028,,CB,1," 2/27/13"
"Restless Heart","Familiar Pain",CB60112,10,CB60112,,CB,1," 2/27/13"
"Restless Heart","Fast Movin' Train",SC8692,11,SC8692,,SC,1," 2/27/13"
"Restless Heart","Fast Moving Train",SC8214,11,SC8214,,SC,1," 2/27/13"
"Restless Heart","For Lack Of Better Words",CB60115,14,CB60115,,CB,1," 2/27/13"
"Restless Heart","Heartbreak Kid",SC8697,1,SC8697,,SC,1," 2/27/13"
"Restless Heart","Hold You Now",SC8282,6,SC8282,,SC,1," 2/27/13"
"Restless Heart","I'll Still Be Loving You",CBEP463-3,16,CBEP463-3,,CB,1," 2/27/13"
"Restless Heart","I've Never Been So Sure",CB90028,10,CB90028,,CB,1," 2/27/13"
"Restless Heart","In This Little Town",SC8306,7,SC8306,,SC,1," 2/27/13"
"Restless Heart",Maverick,SC8296,4,SC8296,,SC,1," 2/27/13"
"Restless Heart","Mending Fences",CB60119,10,CB60119,,CB,1," 2/27/13"
"Restless Heart","New York Hold Her Tight",CB90028,12,CB90028,,CB,1," 2/27/13"
"Restless Heart","No End To The Road",SD053,14,SD053,,SD,1," 2/27/13"
"Restless Heart","No End To This Road",CB20040,12,CB20040,,CB,1," 2/27/13"
"Restless Heart","Tender Lie, A",CB90028,6,CB90028,,CB,1," 2/27/13"
"Restless Heart","That Rock Won't Roll",SC8494,14,SC8494,,SC,1," 2/27/13"
"Restless Heart","Till I Loved You",SC2165,6,SC2165,,SC,1," 2/27/13"
"Restless Heart","We Got The Love",CB90028,13,CB90028,,CB,1," 2/27/13"
"Restless Heart",Wheels,CBE4-19,13,CBE4-19,,CB,1," 2/27/13"
"Restless Heart","When She Cries",CB60106,11,CB60106,,CB,1," 2/27/13"
"Restless Heart","When Somebody Loves You",CB60098,7,CB60098,,CB,1," 2/27/13"
"Restless Heart","Why Does It Have To Be",SC8728,8,SC8728,,SC,1," 2/27/13"
"Restless Heart","Why Does It Have To Be (Wrong Or Right)",CBE4-19,7,CBE4-19,,CB,1," 2/27/13"
"Restless Heart","Why Does It Have To Be Wrong Or Right",CB90028,14,CB90028,,CB,1," 2/27/13"
"Restless Heart","You Can Depend On Me",CB90028,15,CB90028,,CB,1," 2/27/13"
"Return To Sender","Presley, Elvis",ZMP002,6,ZMP002,,ZM,1," 2/27/13"
Reunion,"Life Is A Rock (But The Radio Rolled Me)",SC8580,8,SC8580,,SC,1," 2/27/13"
"Revere, Paul & Raiders, The","Good Thing",DK043,11,DK043,,DK,1," 2/27/13"
"Revere, Paul & Raiders, The",Hungry,SC7566,4,SC7566,,SC,1," 2/27/13"
"Revere, Paul & Raiders, The","Just Like Me",DK005,15,DK005,,DK,1," 2/27/13"
"Revere, Paul & Raiders, The",Kicks,DK020,13,DK020,,DK,1," 2/27/13"
"Revere, Paul & The Raiders",Hungry,SD015,13,SD015,,SD,1," 2/27/13"
"Revere, Paul & The Raiders","Indian Reservation",CBEP464-2,12,CBEP464-2,,CB,1," 2/27/13"
"Revere, Paul & The Raiders",Kicks,SC8679,12,SC8679,,SC,1," 2/27/13"
Revis,"Caught In The Rain",THMR0307,11,THMR0307,,TH,1," 2/27/13"
Revis,Seven,PHR0401,1,PHR0401,,PH,1," 2/27/13"
Revolution,"Stone Temple Pilots",THR0202,12,THR0202,,TH,1," 2/27/13"
"Revon The Red Line",Foreigner,BS7517,15,BS7517,,BS,1," 2/27/13"
"Rex, T.","Band A Gong",DK1112,6,DK1112,,DK,1," 2/27/13"
"Rex, T.",Jeepster,DK1112,7,DK1112,,DK,1," 2/27/13"
"Rex, T.","Ride A White Swan",DK1112,8,DK1112,,DK,1," 2/27/13"
"Reynolds, Debbie",Tammy,CBEP454-2,15,CBEP454-2,,CB,1," 2/27/13"
Rezillos,"Top Of The Pops",SF109,13,SF109,,SF,1," 2/27/13"
"Reznik, Johnny","I'm Still Here",PHR0301,7,PHR0301,,PH,1," 2/27/13"
"Rezo Una Oracion Por Ti",Pandora,SC7101,15,SC7101,,SC,1," 2/27/13"
"Rhett Akins","If Heaven Wasn't So Far Away",PHMC1105,8,PHMC1105,,PH,1," 2/27/13"
Rhiannon,"Fleetwood Mac",TU060,5,TU060,,TU,1," 2/27/13"
"Rhonda Vincent",Taken,PHMC1102,7,PHMC1102,,PH,1," 2/27/13"
"Rhymes, Busta","I Know What You Want",PHU0306,6,PHU0306,,PH,1," 2/27/13"
"Rhymes, Busta & Mariah Carey","I Know What You Want",THH0309,5,THH0309,,TH,1," 2/27/13"
"Rhymes, Busta wvocal","I Know What You Want",PHU0306,15,PHU0306,,PH,1," 2/27/13"
"Rhymes, Busta, Mariah Carey & The Flipmo","I Know What You Want",SC8822,15,SC8822,,SC,1," 2/27/13"
"Rhythm Is Gonna Get You","Estefan, Gloria",BS8417,10,BS8417,,BS,1," 2/27/13"
"Ribbon In The Sky","Wonder, Stevie",KC007,10,KC007,,KC,1," 2/27/13"
"Ribbons, Rosie","Little Bit",SF201,7,SF201,,SF,1," 2/27/13"
"Rice, Damien","Cannonball (Remix)",PHM0405,5,PHM0405,,PH,1," 2/27/13"
"Rice, Tony","Cold On The Shoulder",CBEP476-2,9,CBEP476-2,,CB,1," 2/27/13"
"Rich & Fricke","On My Knees",SC8511,4,SC8511,,SC,1," 2/27/13"
"Rich, Charlie","All Over Me",SC8442,4,SC8442,,SC,1," 2/27/13"
"Rich, Charlie","Baby Baby",CB90069,4,CB90069,,CB,1," 2/27/13"
"Rich, Charlie","Beautiful Woman",SC7569,10,SC7569,,SC,1," 2/27/13"
"Rich, Charlie","Behind Closed Doors",DKM2006,10,DKM2006,,DK,1," 2/27/13"
"Rich, Charlie","Big Boss Man",CB90069,11,CB90069,,CB,1," 2/27/13"
"Rich, Charlie","Easy Look",SC8676,6,SC8676,,SC,1," 2/27/13"
"Rich, Charlie","Every Time You Touch Me",SC8335,7,SC8335,,SC,1," 2/27/13"
"Rich, Charlie","Everytime You Touch Me (I Get High)",CBE4-16,3,CBE4-16,,CB,1," 2/27/13"
"Rich, Charlie","Everytime You Touch Me I Get High",CB90069,15,CB90069,,CB,1," 2/27/13"
"Rich, Charlie","I Don't See Me In Your Eyes Anymore",CB90069,14,CB90069,,CB,1," 2/27/13"
"Rich, Charlie","I Love My Friend",CB90069,13,CB90069,,CB,1," 2/27/13"
"Rich, Charlie","I Take It On Home",CB90069,9,CB90069,,CB,1," 2/27/13"
"Rich, Charlie","Most Beautiful Girl In The World, The",DK026,8,DK026,,DK,1," 2/27/13"
"Rich, Charlie","Most Beautiful Girl, The",SAVP04,12,SAVP04,,SA,1," 2/27/13"
"Rich, Charlie","My Elusive Dreams",CB90069,5,CB90069,,CB,1," 2/27/13"
"Rich, Charlie","Road Song",CB90069,6,CB90069,,CB,1," 2/27/13"
"Rich, Charlie","Rollin' With The Flow",SC8442,14,SC8442,,SC,1," 2/27/13"
"Rich, Charlie","She Called Me Baby",CBEP452-1,16,CBEP452-1,,CB,1," 2/27/13"
"Rich, Charlie","Since I Fell For You",CBE3-03,11,CBE3-03,,CB,1," 2/27/13"
"Rich, Charlie","Take It On Home",SC8442,11,SC8442,,SC,1," 2/27/13"
"Rich, Charlie","There Won't Be Anymore",CB80107,15,CB80107,,CB,1," 2/27/13"
"Rich, Charlie","Very Special Love Song, A",SC8412,6,SC8412,,SC,1," 2/27/13"
"Rich, Charlie wvocal","Behind Closed Doors",SC2431,15,SC2431,,SC,1," 2/27/13"
"Rich, John","Forever Loving You",CB60218,15,CB60218,,CB,1," 2/27/13"
"Rich, John","I Pray For You",SD076,10,SD076,,SD,1," 2/27/13"
"Richard Ashcroft","Money To Burn",SF167,5,SF167,,SF,1," 2/27/13"
"Richard Smallwood","Trust Me",PHMU1201,8,PHMU1201,,PH,1," 2/27/13"
"Richard X & Kelis","Finest Dreams",SF208,14,SF208,,SF,1," 2/27/13"
"Richard X Vs Liberty X","Being Nobody",SF203,13,SF203,,SF,1," 2/27/13"
"Richard, Cliff","Can't Keep This Feeling In",SF129,7,SF129,,SF,1," 2/27/13"
"Richard, Cliff",Congratulations,SF100,4,SF100,,SF,1," 2/27/13"
"Richard, Cliff","Devil Woman",SC8443,14,SC8443,,SC,1," 2/27/13"
"Richard, Cliff","Living Doll",SF048,13,SF048,,SF,1," 2/27/13"
"Richard, Cliff","Summer Holiday",SAVP12,17,SAVP12,,SA,1," 2/27/13"
"Richard, Cliff","We Don't Talk Anymore",SC8594,7,SC8594,,SC,1," 2/27/13"
"Richey, Kim","Come Around",SC8565,2,SC8565,,SC,1," 2/27/13"
"Richey, Kim","From Where I Stand",SC8267,13,SC8267,,SC,1," 2/27/13"
"Richey, Kim","I Know",SC8377,12,SC8377,,SC,1," 2/27/13"
"Richey, Kim","Just My Luck",SC8205,1,SC8205,,SC,1," 2/27/13"
"Richey, Kim","Those Were The Words We Said",SC8205,6,SC8205,,SC,1," 2/27/13"
"Richey, Kim","Way It Never Was, The",SC8630,2,SC8630,,SC,1," 2/27/13"
"Richgirl feat Bun B",24s,PHMU0905,3,PHMU0905,,PH,1," 2/27/13"
"Richie & Ross","Endless Love",SC8119,6,SC8119,,SC,1," 2/27/13"
"Richie McDonald","Six Foot Teddy Bear",PHMC0908,7,PHMC0908,,PH,1," 2/27/13"
"Richie, Lionel","All Night Long",BL12,12,BL12,,BL,1," 2/27/13"
"Richie, Lionel",Angel,CB30012,10,CB30012,,CB,1," 2/27/13"
"Richie, Lionel","Angel (2)",MM6335,13,MM6335,,MM,1," 2/27/13"
"Richie, Lionel","Dancing On The Ceiling",CBE4-06,9,CBE4-06,,CB,1," 2/27/13"
"Richie, Lionel","Deep River Woman",CBE3-21,15,CBE3-21,,CB,1," 2/27/13"
"Richie, Lionel","Do It To Me",SC8274,11,SC8274,,SC,1," 2/27/13"
"Richie, Lionel","Don't Wanna Lose You",SC8277,14,SC8277,,SC,1," 2/27/13"
"Richie, Lionel","Endless Love",CB40200,12,CB40200,,CB,1," 2/27/13"
"Richie, Lionel",Hello,BL15,14,BL15,,BL,1," 2/27/13"
"Richie, Lionel","My Love",MM6098,11,MM6098,,MM,1," 2/27/13"
"Richie, Lionel","Ordinary Girl",SC8312,10,SC8312,,SC,1," 2/27/13"
"Richie, Lionel","Penny Lover",CB90169,10,CB90169,,CB,1," 2/27/13"
"Richie, Lionel","Say You Say Me",SF009,9,SF009,,SF,1," 2/27/13"
"Richie, Lionel","Say You, Say Me",CB90169,11,CB90169,,CB,1," 2/27/13"
"Richie, Lionel",Still,MM6182,12,MM6182,,MM,1," 2/27/13"
"Richie, Lionel","Stuck On You",SAVP13,17,SAVP13,,SA,1," 2/27/13"
"Richie, Lionel","Three Times A Lady",DK012,11,DK012,,DK,1," 2/27/13"
"Richie, Lionel",Time,MM6250,13,MM6250,,MM,1," 2/27/13"
"Richie, Lionel",Truly,SAVP12,18,SAVP12,,SA,1," 2/27/13"
"Richie, Lionel","You Are",CB90169,15,CB90169,,CB,1," 2/27/13"
"Richie, Lionel & Diana Ross","Endless Love",CBEP471-1,13,CBEP471-1,,CB,1," 2/27/13"
"Richie, Lionel & Ross, Diana","Endless Love",SC7519,13,SC7519,,SC,1," 2/27/13"
"Richie, Shane","I'm Your Man",SF213,2,SF213,,SF,1," 2/27/13"
"Rick Ross Feat Nelly & Avery Storm","Here I Am",PHMU0810,1,PHMU0810,,PH,1," 2/27/13"
"Rick Ross Feat R Kelly",Speedin',PHMU0804,9,PHMU0804,,PH,1," 2/27/13"
"Rickitt, Adam","I Breathe Again",SF144,8,SF144,,SF,1," 2/27/13"
"Ricky Martin","Nobody Wants To Be Lonely",SF176,15,SF176,,SF,1," 2/27/13"
Ricochet,"Blink Of An Eye",SC8402,10,SC8402,,SC,1," 2/27/13"
Ricochet,"Can't Stop Thinkin' About That",SD058,14,SD058,,SD,1," 2/27/13"
Ricochet,"Can't Stop Thinkin' About You",CB60130,15,CB60130,,CB,1," 2/27/13"
Ricochet,"Can't Stop Thinkin' Bout That",SC8507,7,SC8507,,SC,1," 2/27/13"
Ricochet,"Connected At The Heart",SD047,14,SD047,,SD,1," 2/27/13"
Ricochet,"Daddy's Money",CB20248,7,CB20248,,CB,1," 2/27/13"
Ricochet,"Do I Love You Enough",CB60198,14,CB60198,,CB,1," 2/27/13"
Ricochet,"Ease My Troubled Mind",CHM9703,18,CHM9703,,CH,1," 2/27/13"
Ricochet,"Freedom Isn't Free",CB60232,14,CB60232,,CB,1," 2/27/13"
Ricochet,"He Left A Lot To Be Desired",CHM9708,17,CHM9708,,CH,1," 2/27/13"
Ricochet,"Honky Tonk Baby",SD054,14,SD054,,SD,1," 2/27/13"
Ricochet,"Love Is Stronger Than Pride",SC8311,15,SC8311,,SC,1," 2/27/13"
Ricochet,"Seven Bridges Road",SD063,10,SD063,,SD,1," 2/27/13"
Ricochet,"She's Gone",CB60206,7,CB60206,,CB,1," 2/27/13"
Ricochet,"What Do I Know",SD024,11,SD024,,SD,1," 2/27/13"
"Ricochet wvocal","Ease My Troubled Mind",SC3004,9,SC3004,,SC,1," 2/27/13"
"Riddle, Jessica","Even Angels Fall",SC8601,13,SC8601,,SC,1," 2/27/13"
"Ride Away","Orbison, Roy",BS7017,15,BS7017,,BS,1," 2/27/13"
"Riders On The Storm","Doors, The",BS7617,9,BS7617,,BS,1," 2/27/13"
"Riff Raff, Magenta, Columbia & Criminol","Time Warp, The",SC8086,11,SC8086,,SC,1," 2/27/13"
"Right Before Your Eyes",Hoobastank,TU186,9,TU186,,TU,1," 2/27/13"
"Right On The Money","Jackson, Alan",TU101,16,TU101,,TU,1," 2/27/13"
"Right Said Fred","Deeply Dippy",SF007,8,SF007,,SF,1," 2/27/13"
"Right Said Fred","I'm Too Sexy",SC7598,6,SC7598,,SC,1," 2/27/13"
"Right Through You","Morissette, Alanis",HV06A,3,HV06A,,HV,1," 2/27/13"
"Right Where I Need To Be","Allen, Gary",TUFP26,9,TUFP26,,TU,1," 2/27/13"
"Righteous Brothers","Unchained Melody",SF053,4,SF053,,SF,1," 2/27/13"
"Righteous Brothers, The","Ebb Tide",DK018,8,DK018,,DK,1," 2/27/13"
"Righteous Brothers, The","Rock & Roll Heaven",SC8138,13,SC8138,,SC,1," 2/27/13"
"Righteous Brothers, The","Soul & Inspiration (You're My)",SC8108,1,SC8108,,SC,1," 2/27/13"
"Righteous Brothers, The","Soul And Inspiration",DK018,13,DK018,,DK,1," 2/27/13"
"Righteous Brothers, The","Unchained Melody",SC7502,13,SC7502,,SC,1," 2/27/13"
"Righteous Brothers, The","You've Lost That Lovin' Feelin'",MMCP2K06,7,MMCP2K06,,MM,1," 2/27/13"
"Righteous Brothers, The","You've Lost That Lovin' Feeling",MMBK06,7,MMBK06,,MM,1," 2/27/13"
"Righteous Brothers, The","You've Lost That Loving Feeling",MM6037,13,MM6037,,MM,1," 2/27/13"
Rihanna,Disturbia,PHMP0809,2,PHMP0809,,PH,1," 2/27/13"
Rihanna,"Don't Stop The Music",PHMP0801,3,PHMP0801,,PH,1," 2/27/13"
Rihanna,Farewell,PHMU1204,6,PHMU1204,,PH,1," 2/27/13"
Rihanna,"Get It Over With",PHMU1302,3,PHMU1302,,PH,1," 2/27/13"
Rihanna,"Man Down",PHMU1106,4,PHMU1106,,PH,1," 2/27/13"
Rihanna,"Only Girl (In The World)",PHMP1012,1,PHMP1012,,PH,1," 2/27/13"
Rihanna,"Rude Boy",PHMP1005,1,PHMP1005,,PH,1," 2/27/13"
Rihanna,"Russian Roulette",PHMU1001,3,PHMU1001,,PH,1," 2/27/13"
Rihanna,S&M,PHMP1102,2,PHMP1102,,PH,1," 2/27/13"
Rihanna,"Take A Bow",PHMP0806,2,PHMP0806,,PH,1," 2/27/13"
"Rihanna & Nicki Minaj","Raining Men",PHMU1104,4,PHMU1104,,PH,1," 2/27/13"
"Rihanna feat Drake","What's My Name",PHMP1101,1,PHMP1101,,PH,1," 2/27/13"
"Rihanna feat Drake","What's My Name (MPX)",PHMP1101,10,PHMP1101,,PH,1," 2/27/13"
"Rikki Don't Lose That Number","Steely Dan",RSZ608,6,RSZ608,,RS,1," 2/27/13"
"Riley, Jeannie C","Harper Valley PTA",SC2025,2,SC2025,,SC,1," 2/27/13"
"Riley, Jeannie C.","Harper Valley P.T.A.",BL33,7,BL33,,BL,1," 2/27/13"
"Riley, Jeannie C.","Harper Valley P.t.a.",SC7515,9,SC7515,,SC,1," 2/27/13"
"Riley, Jeannie C.","Harper Valley P.T.A.",DKM2001,13,DKM2001,,DK,1," 2/27/13"
"Riley, Jeannie C.","Harper Valley P.t.a.",CBE02,14,CBE02,,CB,1," 2/27/13"
"Riley, Jeannie C.","Harper Valley P.T.A.",DK013,18,DK013,,DK,1," 2/27/13"
"Riley, Jeannie C. wvocal","Harper Valley P.T.A.",SC2432,10,SC2432,,SC,1," 2/27/13"
"Rimes, Leann","Big Deal",CBEP461-4,6,CBEP461-4,,CB,1," 2/27/13"
"Rimes, LeAnn","Big Deal",SD066,6,SD066,,SD,1," 2/27/13"
"Rimes, Leann","Big Deal",CB60181,10,CB60181,,CB,1," 2/27/13"
"Rimes, Leann",Blue,SGB036,2,SGB036,,SG,1," 2/27/13"
"Rimes, LeAnn",Blue,SC7209,4,SC7209,,SC,1," 2/27/13"
"Rimes, Leann",Blue,MM6173,15,MM6173,,MM,1," 2/27/13"
"Rimes, LeAnn",Blue,SGB15,17,SGB15,,SG,1," 2/27/13"
"Rimes, Leann","Bridge Over Troubled Water",CB60125,14,CB60125,,CB,1," 2/27/13"
"Rimes, LeAnn","But I Do Love You",SD082,6,SD082,,SD,1," 2/27/13"
"Rimes, Leann","But I Do Love You",CB60217,13,CB60217,,CB,1," 2/27/13"
"Rimes, LeAnn","Can't Fight The Moonlight",SD077,7,SD077,,SD,1," 2/27/13"
"Rimes, Leann","Can't Fight The Moonlight",CB30006,10,CB30006,,CB,1," 2/27/13"
"Rimes, Leann","Clinging To A Saving Hand",SC8458,9,SC8458,,SC,1," 2/27/13"
"Rimes, Leann",Commitment,SC2168,4,SC2168,,SC,1," 2/27/13"
"Rimes, LeAnn",Commitment,SF123,4,SF123,,SF,1," 2/27/13"
"Rimes, Leann",Commitment,CB90020,7,CB90020,,CB,1," 2/27/13"
"Rimes, LeAnn",Commitment,MM6237,10,MM6237,,MM,1," 2/27/13"
"Rimes, Leann",Commitment,CHM9806,12,CHM9806,,CH,1," 2/27/13"
"Rimes, Leann","Cowboy's Sweetheart",CB60030,12,CB60030,,CB,1," 2/27/13"
"Rimes, Leann","Feels Like Home",SC8484,14,SC8484,,SC,1," 2/27/13"
"Rimes, Leann","God Bless America",CB90020,14,CB90020,,CB,1," 2/27/13"
"Rimes, Leann",Honestly,MMCOU202,5,MMCOU202,,MM,1," 2/27/13"
"Rimes, Leann","How Do I Live",MMCOU205,1,MMCOU205,,MM,1," 2/27/13"
"Rimes, LeAnn","How Do I Live",SD039,4,SD039,,SD,1," 2/27/13"
"Rimes, Leann","How Do I Live",SGB08,10,SGB08,,SG,1," 2/27/13"
"Rimes, LeAnn","How Do I Live",SC7207,11,SC7207,,SC,1," 2/27/13"
"Rimes, Leann","How Do I Live",SGB15,18,SGB15,,SG,1," 2/27/13"
"Rimes, Leann","Hurt Me",SGB15,19,SGB15,,SG,1," 2/27/13"
"Rimes, Leann","I Believe In You",MM6355,5,MM6355,,MM,1," 2/27/13"
"Rimes, Leann","I Know Who Holds Tomorrow",SC8458,15,SC8458,,SC,1," 2/27/13"
"Rimes, Leann","I Need You",SC8613,3,SC8613,,SC,1," 2/27/13"
"Rimes, LeAnn","I Need You",SC8049,4,SC8049,,SC,1," 2/27/13"
"Rimes, Leann","I Need You",MM6307,6,MM6307,,MM,1," 2/27/13"
"Rimes, LeAnn","I Need You",SD073,9,SD073,,SD,1," 2/27/13"
"Rimes, Leann","I Need You",SGB42,14,SGB42,,SG,1," 2/27/13"
"Rimes, Leann","I Want To Be A Cowboy's Sweetheart",SC8458,8,SC8458,,SC,1," 2/27/13"
"Rimes, Leann","I'll Get Even With You",SC8336,7,SC8336,,SC,1," 2/27/13"
"Rimes, Leann","Life Goes On",CB30030,2,CB30030,,CB,1," 2/27/13"
"Rimes, LeAnn","Life Goes On",SC3334,3,SC3334,,SC,1," 2/27/13"
"Rimes, Leann","Life Goes On",CBE4-25,9,CBE4-25,,CB,1," 2/27/13"
"Rimes, Leann","Life Goes On (Pop)",SC8783,1,SC8783,,SC,1," 2/27/13"
"Rimes, LeAnn","Life Goes On (pop)",SC3332,2,SC3332,,SC,1," 2/27/13"
"Rimes, Leann","Light In Your Eyes, The",SC8458,7,SC8458,,SC,1," 2/27/13"
"Rimes, LeAnn","Light In Your Eyes, The",SD037,7,SD037,,SD,1," 2/27/13"
"Rimes, Leann","Light In Your Eyes, The",CHM9705F,12,CHM9705F,,CH,1," 2/27/13"
"Rimes, Leann","Looking Through Your Eyes",SC2168,1,SC2168,,SC,1," 2/27/13"
"Rimes, LeAnn","Looking Through Your Eyes",SC3066,1,SC3066,,SC,1," 2/27/13"
"Rimes, Leann","Looking Through Your Eyes",SC8452,9,SC8452,,SC,1," 2/27/13"
"Rimes, LeAnn","Looking Through Your Eyes",SD051,10,SD051,,SD,1," 2/27/13"
"Rimes, Leann","Looking Through Your Eyes",SGB15,16,SGB15,,SG,1," 2/27/13"
"Rimes, Leann","My Baby",MM6193,12,MM6193,,MM,1," 2/27/13"
"Rimes, LeAnn","Nothin `bout Love Makes Sense",SC8897,15,SC8897,,SC,1," 2/27/13"
"Rimes, Leann","Nothin' Bout Love Makes Sense",PHN0412,5,PHN0412,,PH,1," 2/27/13"
"Rimes, LeAnn","Nothin' New Under The Moon",SD054,2,SD054,,SD,1," 2/27/13"
"Rimes, Leann","Nothin' New Under The Moon",CB60105,13,CB60105,,CB,1," 2/27/13"
"Rimes, Leann","On The Side Of Angels",CB90020,5,CB90020,,CB,1," 2/27/13"
"Rimes, LeAnn","On The Side Of Angels",SD044,7,SD044,,SD,1," 2/27/13"
"Rimes, Leann","On The Side Of Angels",CHM9712,17,CHM9712,,CH,1," 2/27/13"
"Rimes, Leann","One Way Ticket",MM6169,2,MM6169,,MM,1," 2/27/13"
"Rimes, LeAnn","One Way Ticket",SD033,3,SD033,,SD,1," 2/27/13"
"Rimes, Leann","One Way Ticket",MM6193,14,MM6193,,MM,1," 2/27/13"
"Rimes, Leann","One Way Ticket (Because I Can)",MMCOU203,8,MMCOU203,,MM,1," 2/27/13"
"Rimes, Leann","Please Remember Me",CB60207,12,CB60207,,CB,1," 2/27/13"
"Rimes, Leann","Purple Rain",CB90020,12,CB90020,,CB,1," 2/27/13"
"Rimes, Leann","Right Kind Of Wrong, The",CB60207,15,CB60207,,CB,1," 2/27/13"
"Rimes, Leann",Soon,CB60224,6,CB60224,,CB,1," 2/27/13"
"Rimes, LeAnn",Soon,SD087,7,SD087,,SD,1," 2/27/13"
"Rimes, Leann",Suddenly,CB60247,5,CB60247,,CB,1," 2/27/13"
"Rimes, LeAnn",Suddenly,SC3358,5,SC3358,,SC,1," 2/27/13"
"Rimes, Leann",Suddenly,SC8818,12,SC8818,,SC,1," 2/27/13"
"Rimes, LeAnn",Suddenly,SD105,14,SD105,,SD,1," 2/27/13"
"Rimes, Leann","Ten Thousand Angels Cried",SC2170,8,SC2170,,SC,1," 2/27/13"
"Rimes, Leann","These Arms Of Mine",SC8498,2,SC8498,,SC,1," 2/27/13"
"Rimes, LeAnn","These Arms Of Mine",SD058,7,SD058,,SD,1," 2/27/13"
"Rimes, Leann","These Arms Of Mine",CB90020,11,CB90020,,CB,1," 2/27/13"
"Rimes, Leann","This Love",PHN0402,1,PHN0402,,PH,1," 2/27/13"
"Rimes, LeAnn","This Love",SC3394,4,SC3394,,SC,1," 2/27/13"
"Rimes, Leann","This Love",SC8862,12,SC8862,,SC,1," 2/27/13"
"Rimes, Leann","Unchained Melody",MM6187,2,MM6187,,MM,1," 2/27/13"
"Rimes, LeAnn","Unchained Melody",SD036,2,SD036,,SD,1," 2/27/13"
"Rimes, Leann","Unchained Melody",SC8458,6,SC8458,,SC,1," 2/27/13"
"Rimes, LeAnn","Unchained Melody",SC3004,7,SC3004,,SC,1," 2/27/13"
"Rimes, Leann","Unchained Melody",CB60007,13,CB60007,,CB,1," 2/27/13"
"Rimes, LeAnn","We Can",SC3375,4,SC3375,,SC,1," 2/27/13"
"Rimes, Leann","We Can",MM6392,15,MM6392,,MM,1," 2/27/13"
"Rimes, Leann","You Light Up My Life",MMCOU202,17,MMCOU202,,MM,1," 2/27/13"
"Rimes, Leann","Your Cheatin' Heart",SC8590,10,SC8590,,SC,1," 2/27/13"
"Rimes, Leann & Ronan Keating","Last Thing On My Mind",PHM0409,5,PHM0409,,PH,1," 2/27/13"
"Rimes, Leann & Ronan Keating wvocal","Last Thing On My Mind",PHM0409,14,PHM0409,,PH,1," 2/27/13"
"Rimes, LeAnn wvocal","Life Goes On (pop)",SC3332,10,SC3332,,SC,1," 2/27/13"
"Rimes, LeAnn wvocal","Unchained Melody",SC3004,15,SC3004,,SC,1," 2/27/13"
"Rimes, LeAnn wvocal","We Can",SC3375,12,SC3375,,SC,1," 2/27/13"
"Rimes, Leanne",Suddenly,MM6386,9,MM6386,,MM,1," 2/27/13"
"Rimes, LeAnnÿwvocal",Suddenly,SC3358,14,SC3358,,SC,1," 2/27/13"
"Riot In Cell Block Number Nine","Blues Brothers, The",TU102,15,TU102,,TU,1," 2/27/13"
"Rip Chords","Hey Little Cobra",SC8202,2,SC8202,,SC,1," 2/27/13"
"Riperton, Minnie","Lovin' You",CBEP474-1,15,CBEP474-1,,CB,1," 2/27/13"
"Ripperton, Minnie","Lovin You",SC8153,11,SC8153,,SC,1," 2/27/13"
"Ripperton, Minnie","Lovin' You",BL24,10,BL24,,BL,1," 2/27/13"
"Ripperton, Minnie","Loving You",SF104,7,SF104,,SF,1," 2/27/13"
"Rising, The","Springsteen, Bruce & E Street Band",THP0210,15,THP0210,,TH,1," 2/27/13"
"Ritchie Family, The","Best Disco In Town, The",CBEP468-2,2,CBEP468-2,,CB,1," 2/27/13"
"Ritchie McDonald","How Do I Just Stop",PHMC0903,5,PHMC0903,,PH,1," 2/27/13"
"Ritter, Tex","Christmas Carols By The Old Corral",CB90222,15,CB90222,,CB,1," 2/27/13"
"Ritter, Tex","Deck Of Cards",CB90222,10,CB90222,,CB,1," 2/27/13"
"Ritter, Tex","I Dreamed Of A Hillbilly Heaven",SC8276,1,SC8276,,SC,1," 2/27/13"
"Ritter, Tex","I'm Wastin' My Tears On You",SC8509,2,SC8509,,SC,1," 2/27/13"
"Ritter, Tex","Jealous Heart",SC8555,11,SC8555,,SC,1," 2/27/13"
"Ritter, Tex","Just Beyond The Moon",CB90222,14,CB90222,,CB,1," 2/27/13"
"Ritter, Tex","Long Time Gone",CB90222,6,CB90222,,CB,1," 2/27/13"
"Ritter, Tex","Rock And Rye",CB90222,11,CB90222,,CB,1," 2/27/13"
"Ritter, Tex","Rye Whiskey",CB90222,9,CB90222,,CB,1," 2/27/13"
"Ritter, Tex","There's A New Moon Over My Shoulder",CB90222,2,CB90222,,CB,1," 2/27/13"
"Ritter, Tex","When You Leave Don't Slam The Door",CB90222,7,CB90222,,CB,1," 2/27/13"
"Ritter, Tex","You Two-Timed Me One Time Too Often",SC8491,8,SC8491,,SC,1," 2/27/13"
"Ritter, Tex","You Will Have To Pay",CB90222,5,CB90222,,CB,1," 2/27/13"
"River City Gang","This Old Town",PHMC1201,7,PHMC1201,,PH,1," 2/27/13"
"River Of Dreams, The","Joel, Billy",BS9117,10,BS9117,,BS,1," 2/27/13"
"River Road",Breathless,CB60198,11,CB60198,,CB,1," 2/27/13"
"River Road","I Broke It, I'll Fix It",SC8382,2,SC8382,,SC,1," 2/27/13"
"River Road",Nickajack,SC8394,13,SC8394,,SC,1," 2/27/13"
"River Road","Somebody Will",SC8432,13,SC8432,,SC,1," 2/27/13"
"River, The","Brooks, Garth",RSZ609,12,RSZ609,,RS,1," 2/27/13"
"Rivers, Bob","Twelve Pains Of Christmas, The",SC8900,1,SC8900,,SC,1," 2/27/13"
"Rivers, Bob","Walkin' Round In Women's Underwear",SC8557,1,SC8557,,SC,1," 2/27/13"
"Rivers, Bob","What If Eminem Did Jingle Bells",SC8900,9,SC8900,,SC,1," 2/27/13"
"Rivers, Bob","Wreck The Malls",SC8900,12,SC8900,,SC,1," 2/27/13"
"Rivers, Johnny",Memphis,SC8218,12,SC8218,,SC,1," 2/27/13"
"Rivers, Johnny","Midnight Special, The",SGB41,11,SGB41,,SG,1," 2/27/13"
"Rivers, Johnny","Mountain Of Love",SC8770,14,SC8770,,SC,1," 2/27/13"
"Rivers, Johnny","Poor Side Of Town",CBEP472-3,15,CBEP472-3,,CB,1," 2/27/13"
"Rivers, Johnny","Poor Side Of Town, The",DK004,14,DK004,,DK,1," 2/27/13"
"Rivers, Johnny","Rockin' Pneumonia And The Boogie Woogie",DK071,11,DK071,,DK,1," 2/27/13"
"Rivers, Johnny","Rockin' Pneumonia Boogie Woogie Flu",DKM2030,10,DKM2030,,DK,1," 2/27/13"
"Rivers, Johnny","Secret Agent Man",SC7527,14,SC7527,,SC,1," 2/27/13"
"Rivers, Johnny","Swayin' To The Music",SC1999NSC01,1,SC1999NSC01,,SC,1," 2/27/13"
"Rivers, Johnny","Swaying To The Music (Slow Dancing)",SC8668,8,SC8668,,SC,1," 2/27/13"
"Rivers, Johnny","Tracks Of My Tears",CBEP472-5,6,CBEP472-5,,CB,1," 2/27/13"
Rivieras,"California Sun",SC8770,6,SC8770,,SC,1," 2/27/13"
"Rivieras, The","California Sun",PI002,8,PI002,,PI,1," 2/27/13"
"Rivingtons, The","Papa Oo Mau Mau",MM6071,6,MM6071,,MM,1," 2/27/13"
"Road Hammers","Girl On The Billboard",PHMC0810,3,PHMC0810,,PH,1," 2/27/13"
"Roadhouse Blues","Doors, The",BS7617,12,BS7617,,BS,1," 2/27/13"
"Rob Thomas","Her Diamonds",PHMP0908,4,PHMP0908,,PH,1," 2/27/13"
"Rob Thomas",Mockingbird,PHMP1007,6,PHMP1007,,PH,1," 2/27/13"
"Rob Thomas",Someday,PHMP0911,6,PHMP0911,,PH,1," 2/27/13"
"Rob White feat. Naomi Emanuel","Anyone Who Had A Heart",PHMU1211,7,PHMU1211,,PH,1," 2/27/13"
"Robbie Williams","Better Man",SF176,5,SF176,,SF,1," 2/27/13"
"Robbins, Dennis","Mona Lisa On Cruise Control",SC8260,14,SC8260,,SC,1," 2/27/13"
"Robbins, Dennis",Padre,SC8792,4,SC8792,,SC,1," 2/27/13"
"Robbins, Marty","Among My Souvenirs",SC8385,2,SC8385,,SC,1," 2/27/13"
"Robbins, Marty","Begging To You",CB90066,14,CB90066,,CB,1," 2/27/13"
"Robbins, Marty","Big Iron",CBE3-02,15,CBE3-02,,CB,1," 2/27/13"
"Robbins, Marty","Devil Woman",DK075,17,DK075,,DK,1," 2/27/13"
"Robbins, Marty","Don't Worry",CB90066,7,CB90066,,CB,1," 2/27/13"
"Robbins, Marty","Don't Worry 'bout Me Baby",SC8158,5,SC8158,,SC,1," 2/27/13"
"Robbins, Marty","El Paso",MMGCP9804,18,MMGCP9804,,MM,1," 2/27/13"
"Robbins, Marty","El Paso City",CB90066,12,CB90066,,CB,1," 2/27/13"
"Robbins, Marty","Hark! The Herald Angels Sing",CBEP462-1,12,CBEP462-1,,CB,1," 2/27/13"
"Robbins, Marty","I Walk Alone",CB90066,9,CB90066,,CB,1," 2/27/13"
"Robbins, Marty","I'll Go On Alone",SC8491,5,SC8491,,SC,1," 2/27/13"
"Robbins, Marty","Just Married",SC8712,12,SC8712,,SC,1," 2/27/13"
"Robbins, Marty","My Woman, My Woman, My Wife",CB90066,11,CB90066,,CB,1," 2/27/13"
"Robbins, Marty","Please Don't Play A Love Song",CB60136,7,CB60136,,CB,1," 2/27/13"
"Robbins, Marty","Ribbon Of Darkness",CB80096,9,CB80096,,CB,1," 2/27/13"
"Robbins, Marty","Ruby Ann",SC8682,13,SC8682,,SC,1," 2/27/13"
"Robbins, Marty","Singin' The Blues",SC8208,10,SC8208,,SC,1," 2/27/13"
"Robbins, Marty","Singing The Blues",CB90066,10,CB90066,,CB,1," 2/27/13"
"Robbins, Marty","Some Memories Just Won't Die",SC8576,15,SC8576,,SC,1," 2/27/13"
"Robbins, Marty","Story Of My Life, The",CB90066,13,CB90066,,CB,1," 2/27/13"
"Robbins, Marty","Streets Of Laredo, The",CB90066,6,CB90066,,CB,1," 2/27/13"
"Robbins, Marty","Tonight Carmen",CB90066,15,CB90066,,CB,1," 2/27/13"
"Robbins, Marty","Walking Piece Of Heaven",SC7568,2,SC7568,,SC,1," 2/27/13"
"Robbins, Marty","White Sport Coat And A Pink Carnation",CBE01,14,CBE01,,CB,1," 2/27/13"
"Robbins, Marty wvocal","El Paso",SC2431,12,SC2431,,SC,1," 2/27/13"
"Roberson, Carroll","His Hand In Mine",CBEP466-6,4,CBEP466-6,,CB,1," 2/27/13"
"Roberson, Carroll","Where Jesus Has Already Been",CBEP466-4,8,CBEP466-4,,CB,1," 2/27/13"
"Robert & Johnny","We Belong Together",CBEP454-1,16,CBEP454-1,,CB,1," 2/27/13"
"Robert & Johnny","We Belong Totether",MM6385,7,MM6385,,MM,1," 2/27/13"
"Robert John","Sad Eyes",SC8354,4,SC8354,,SC,1," 2/27/13"
"Roberts, Julie","Break Down Here",SC8884,15,SC8884,,SC,1," 2/27/13"
"Robin S.","Show Me Love",SC8746,3,SC8746,,SC,1," 2/27/13"
"Robin Thicke",Dreamworld,PHMU0905,6,PHMU0905,,PH,1," 2/27/13"
"Robin Thicke",Magic,PHMP0809,9,PHMP0809,,PH,1," 2/27/13"
"Robin Thicke","The Sweetest Love",PHMU0901,7,PHMU0901,,PH,1," 2/27/13"
"Robin Thicke","You're My Baby",PHMU0904,3,PHMU0904,,PH,1," 2/27/13"
"Robins, The","Smokey Joe's Cafe",MM6074,1,MM6074,,MM,1," 2/27/13"
"Robinson, Betty Jean & Nashville Grass","Palms Of Victory",CBEP476-6,4,CBEP476-6,,CB,1," 2/27/13"
"Robinson, Betty Jean & Nashville Grass","Tramp On The Street",CBEP476-5,13,CBEP476-5,,CB,1," 2/27/13"
"Robinson, Bruce","What Would Willie Do",CB60227,4,CB60227,,CB,1," 2/27/13"
"Robinson, Charlie","Right Man For The Job",MM6350,13,MM6350,,MM,1," 2/27/13"
"Robinson, Smokey","Baby Baby Don't Cry",DK097,10,DK097,,DK,1," 2/27/13"
"Robinson, Smokey","Being With You",SF107,11,SF107,,SF,1," 2/27/13"
"Robinson, Smokey",Cruisin',SC8202,12,SC8202,,SC,1," 2/27/13"
"Robinson, Smokey","Going To A Go-Go",DK014,13,DK014,,DK,1," 2/27/13"
"Robinson, Smokey","I Second That Emotion",DK013,13,DK013,,DK,1," 2/27/13"
"Robinson, Smokey","Love Machine (Part I)",DK067,9,DK067,,DK,1," 2/27/13"
"Robinson, Smokey","Mickey's Monkey",DK074,12,DK074,,DK,1," 2/27/13"
"Robinson, Smokey","One Heartbeat",DK024,14,DK024,,DK,1," 2/27/13"
"Robinson, Smokey","Ooh Baby, Baby",DK015,15,DK015,,DK,1," 2/27/13"
"Robinson, Smokey",Rewind,SC8244,4,SC8244,,SC,1," 2/27/13"
"Robinson, Smokey","Shop Around",CBE2-19,12,CBE2-19,,CB,1," 2/27/13"
"Robinson, Smokey","Tears Of A Clown, The",AH8007,5,AH8007,,AH,1," 2/27/13"
"Robinson, Smokey","Tracks Of My Tears, The",DK010,14,DK010,,DK,1," 2/27/13"
"Robinson, Smokey","You've Really Got A Hold On Me",DK012,16,DK012,,DK,1," 2/27/13"
"Robinson, Smokey & The Miracles","Going To A Go-Go",CBEP468-1,2,CBEP468-1,,CB,1," 2/27/13"
"Robinson, Smokey & The Miracles","I Second That Emotion",CBEP459-4,5,CBEP459-4,,CB,1," 2/27/13"
"Robinson, Smokey & The Miracles","Shop Around",CBEP455-2,1,CBEP455-2,,CB,1," 2/27/13"
"Robinson, Smokey & The Miracles","Tears Of A Clown, The",BL34,10,BL34,,BL,1," 2/27/13"
"Robinson, Smokey & The Miracles","Tracks Of My Tears, The",CBEP472-2,5,CBEP472-2,,CB,1," 2/27/13"
"Robinson, Vicki Sue","Turn The Beat Around",SC7549,14,SC7549,,SC,1," 2/27/13"
"Robinson, Vickie Sue","Turn The Beat Around",AH8021,14,AH8021,,AH,1," 2/27/13"
"Robison, Bruce","Good Life, The",CB60181,14,CB60181,,CB,1," 2/27/13"
"Robison, Bruce","My Hometown",CB60191,7,CB60191,,CB,1," 2/27/13"
"Robison, Bruce","Travelin' Soldier",SC3365,3,SC3365,,SC,1," 2/27/13"
"Robison, Charlie",Barlight,CB60171,9,CB60171,,CB,1," 2/27/13"
"Robison, Charlie","I Want You Bad",SD084,11,SD084,,SD,1," 2/27/13"
"Robison, Charlie","My Hometown",SC8578,13,SC8578,,SC,1," 2/27/13"
"Robison, Charlie","Poor Man's Son",CB60199,3,CB60199,,CB,1," 2/27/13"
"Robison, Charlie","Right Man For The Job",SD092,13,SD092,,SD,1," 2/27/13"
"Robison, Charlie",Walter,CB60311,3,CB60311,,CB,1," 2/27/13"
"Robison, Charlie","You're Not The Best",CB60179,14,CB60179,,CB,1," 2/27/13"
"Robson & Jerome","Up On The Roof",SF034,13,SF034,,SF,1," 2/27/13"
Robyn,"Do You Know (What It Takes)",SC8381,8,SC8381,,SC,1," 2/27/13"
Robyn,"Do You Really Want Me",MM6237,11,MM6237,,MM,1," 2/27/13"
Robyn,"Do You Really Want Me (Show Respect)",CHMP9805,1,CHMP9805,,CH,1," 2/27/13"
Robyn,"Do You Really Want Me(Show Respect)",SC1999NSC08,15,SC1999NSC08,,SC,1," 2/27/13"
Robyn,"Luv 4 Luv",SF019,14,SF019,,SF,1," 2/27/13"
Robyn,"Show Me Love",PHM9711,6,PHM9711,,PH,1," 2/27/13"
"Rochelle & The Candels","Once Upon A Time",MM6385,3,MM6385,,MM,1," 2/27/13"
Rochford,"Cuddley Toy",SF108,13,SF108,,SF,1," 2/27/13"
"Rock & Roll All Nite",Kiss,AH2000,2,AH2000,,AH,1," 2/27/13"
"Rock & Roll Never Forgets","Seger, Bob",HV05,16,HV05,,HV,1," 2/27/13"
"Rock & Roll Parts 1 & 2 (Megamix)","Glitter, Gary",PX14,13,PX14,,PX,1," 2/27/13"
"Rock 'N Roll Hootchie Coo","Derringer, Rick",DG10,10,DG10,,DG,1," 2/27/13"
"Rock A Hula Baby","Presley, Elvis",PX13,12,PX13,,PX,1," 2/27/13"
"Rock And Roll Music","Beach Boys, The",BS8517,10,BS8517,,BS,1," 2/27/13"
"Rock Around The Clock","Haley, Bill & The Comets",KJT09,1,KJT09,,KJ,1," 2/27/13"
"Rock Me On The Water","Browne, Jackson",AH2005,14,AH2005,,AH,1," 2/27/13"
"Rock Me Right","Tedeschi, Susan",AMS1503,3,AMS1503,,AM,1," 2/27/13"
"Rock Steady","Whispers, The",AH8421,11,AH8421,,AH,1," 2/27/13"
"Rock This Country","Twain, Shania",RSZ605,1,RSZ605,,RS,1," 2/27/13"
"Rock Version","Away In A Manger",CB60209,11,CB60209,,CB,1," 2/27/13"
"Rock Version","Deck The Halls",CB60209,12,CB60209,,CB,1," 2/27/13"
"Rock Version","Hark! The Herald Angels Sing",CB60209,14,CB60209,,CB,1," 2/27/13"
"Rock Version","O' Holy Night",CB60209,13,CB60209,,CB,1," 2/27/13"
"Rock Version","Silent Night",CB60209,15,CB60209,,CB,1," 2/27/13"
"Rock You Baby","Keith, Toby",TU185,10,TU185,,TU,1," 2/27/13"
"Rock Your Body","Timberlake, Justin",THP0306,10,THP0306,,TH,1," 2/27/13"
"Rock, Chubb","Treat 'Em Right",SC8892,3,SC8892,,SC,1," 2/27/13"
"Rock, Kid",Cowboy,SC8565,12,SC8565,,SC,1," 2/27/13"
"Rock-a-hula Baby","Presley, Elvis",ZMP002,2,ZMP002,,ZM,1," 2/27/13"
"Rockin At Midnight","Honeydrippers, The",AMS1508,2,AMS1508,,AM,1," 2/27/13"
"Rockin' Berries, The","He's In Town",SF064,8,SF064,,SF,1," 2/27/13"
"Rockin' Berries, The","Poor Man's Son",SF086,4,SF086,,SF,1," 2/27/13"
"Rockin' In The Free World","Bon Jovi",TU103,14,TU103,,TU,1," 2/27/13"
Rocko,"Umma Do Me",PHMU0805,4,PHMU0805,,PH,1," 2/27/13"
"Rocko feat. Future","Squares Out Your Circle",PHMU1208,7,PHMU1208,,PH,1," 2/27/13"
Rockwell,"Somebody's Watching Me",DK083,17,DK083,,DK,1," 2/27/13"
"Rocky Horror Picture Show","Time Warp, The",SGB035,16,SGB035,,SG,1," 2/27/13"
"Rocky Horror Picture Show, The","Dammit Janet",SC8472,2,SC8472,,SC,1," 2/27/13"
"Rocky Horror Picture Show, The",Eddie,SC8472,11,SC8472,,SC,1," 2/27/13"
"Rocky Horror Picture Show, The","Fanfare Don't Dream It",SC8472,14,SC8472,,SC,1," 2/27/13"
"Rocky Horror Picture Show, The","Hot Patootie Bless My Soul",SC8472,8,SC8472,,SC,1," 2/27/13"
"Rocky Horror Picture Show, The","I Can Make You A Man",SC8472,7,SC8472,,SC,1," 2/27/13"
"Rocky Horror Picture Show, The","I Can Make You A Man Reprise",SC8472,9,SC8472,,SC,1," 2/27/13"
"Rocky Horror Picture Show, The","I'm Going Home",SC8472,16,SC8472,,SC,1," 2/27/13"
"Rocky Horror Picture Show, The","Over At The Frankenstein Place",SC8472,3,SC8472,,SC,1," 2/27/13"
"Rocky Horror Picture Show, The","Planet Sachmanet Janet",SC8472,12,SC8472,,SC,1," 2/27/13"
"Rocky Horror Picture Show, The","Rose Tint My World Floor Show",SC8472,13,SC8472,,SC,1," 2/27/13"
"Rocky Horror Picture Show, The","Science Fiction Double Feature",SC8472,1,SC8472,,SC,1," 2/27/13"
"Rocky Horror Picture Show, The","Science Fiction Double Feature Reprise",SC8472,18,SC8472,,SC,1," 2/27/13"
"Rocky Horror Picture Show, The","Super Heroes",SC8472,17,SC8472,,SC,1," 2/27/13"
"Rocky Horror Picture Show, The","Sweet Transvestite",SC8472,5,SC8472,,SC,1," 2/27/13"
"Rocky Horror Picture Show, The","Sword Of Damocles, The",SC8472,6,SC8472,,SC,1," 2/27/13"
"Rocky Horror Picture Show, The","Time Warp, The",SC2008,5,SC2008,,SC,1," 2/27/13"
"Rocky Horror Picture Show, The","Touch A Touch A Touch Me",SC8472,10,SC8472,,SC,1," 2/27/13"
"Rocky Horror Picture Show, The","Wild And Untamed Thing",SC8472,15,SC8472,,SC,1," 2/27/13"
"Rod Stewart","Downtown Train",SC8153,3,SC8153,,SC,1," 2/27/13"
"Rod Stewart","Leave Virginia Alone",SC8187,13,SC8187,,SC,1," 2/27/13"
"Rod Stewart","Maggie May",SC8107,5,SC8107,,SC,1," 2/27/13"
"Rod Stewart","This Old Heart Of Mine",SC8366,14,SC8366,,SC,1," 2/27/13"
"Rod Stewart","Tonight's The Night",SC8182,8,SC8182,,SC,1," 2/27/13"
"Rod Stewart","You Wear It Well",SC8197,10,SC8197,,SC,1," 2/27/13"
Rodeo,"Brooks, Garth",RSZ609,15,RSZ609,,RS,1," 2/27/13"
"Rodgers, Jimmie","Kisses Sweeter Than Wine",MM6156,14,MM6156,,MM,1," 2/27/13"
"Rodman, Judy","Until I Met You",SC8767,12,SC8767,,SC,1," 2/27/13"
"Rodney Atkins","15 Minutes",PHMC0908,2,PHMC0908,,PH,1," 2/27/13"
"Rodney Atkins","Chasin' Girls",PHMC1001,5,PHMC1001,,PH,1," 2/27/13"
"Rodney Atkins","Cleaning This Gun",PHMC0802,4,PHMC0802,,PH,1," 2/27/13"
"Rodney Atkins","Its America",PHMC0902,5,PHMC0902,,PH,1," 2/27/13"
"Rodriguez, Johnny","Dance With Me (Just One More Time)",SC8767,15,SC8767,,SC,1," 2/27/13"
"Rodriguez, Johnny","I Just Can't Get Her Out Of My Mind",SC8551,7,SC8551,,SC,1," 2/27/13"
"Rodriguez, Johnny","Just Get Up And Close The Door",SC7556,15,SC7556,,SC,1," 2/27/13"
"Rodriguez, Johnny","Love Put A Song In My Heart",SC8424,14,SC8424,,SC,1," 2/27/13"
"Rodriguez, Johnny","Pass Me By (If You're Only Passing Throu",SC8647,8,SC8647,,SC,1," 2/27/13"
"Rodriguez, Johnny","Ridin' My Thumb To Mexico",SC8461,7,SC8461,,SC,1," 2/27/13"
"Rodriguez, Johnny","That's The Way Love Goes",SC8525,6,SC8525,,SC,1," 2/27/13"
"Rodriguez, Johnny","You Always Come Back To Hurting Me",SC8494,15,SC8494,,SC,1," 2/27/13"
"Rodriguez, Johnny","You Can Say That Again",SC8311,7,SC8311,,SC,1," 2/27/13"
"Rodriguez, Merle","Dance With Me (Just One More Time)",CB60137,13,CB60137,,CB,1," 2/27/13"
"Roe, Tommy",Dizzy,DK046,16,DK046,,DK,1," 2/27/13"
"Roe, Tommy",Everybody,SC8258,11,SC8258,,SC,1," 2/27/13"
"Roe, Tommy",Sheila,CBEP455-3,15,CBEP455-3,,CB,1," 2/27/13"
"Roe, Tommy",Shelia,CB5014-01,14,CB5014-01,,CB,1," 2/27/13"
"Roe, Tommy","Sweet Pea",MM6095,10,MM6095,,MM,1," 2/27/13"
"Roger Miller",Chug-A-Lug,SC8136,4,SC8136,,SC,1," 2/27/13"
"Roger Miller","England Swings",SC8191,14,SC8191,,SC,1," 2/27/13"
"Roger Miller","King Of The Road",SC7513,14,SC7513,,SC,1," 2/27/13"
"Roger Springer Band, The","Ain't Nothin' But A Cloud",CB60179,8,CB60179,,CB,1," 2/27/13"
"Rogers & West","All I Ever Need Is You",MM6314,8,MM6314,,MM,1," 2/27/13"
"Rogers, Ginger","We're In The Money (The Gold Diggers Son",CBEP469-5,14,CBEP469-5,,CB,1," 2/27/13"
"Rogers, Jimmie",Honeycomb,DK014,18,DK014,,DK,1," 2/27/13"
"Rogers, Kenny","All My Life",SC8551,12,SC8551,,SC,1," 2/27/13"
"Rogers, Kenny",Beautiful,CB60222,14,CB60222,,CB,1," 2/27/13"
"Rogers, Kenny","Beautiful (All That You Could Be)",SD087,9,SD087,,SD,1," 2/27/13"
"Rogers, Kenny","Beautiful All That You Could Be",SC8723,15,SC8723,,SC,1," 2/27/13"
"Rogers, Kenny","Buried Treasure",CB90051,12,CB90051,,CB,1," 2/27/13"
"Rogers, Kenny","Buy Me A Rose",CHM0004,15,CHM0004,,CH,1," 2/27/13"
"Rogers, Kenny","Coward Of The County",DK060,17,DK060,,DK,1," 2/27/13"
"Rogers, Kenny",Crazy,CB90051,13,CB90051,,CB,1," 2/27/13"
"Rogers, Kenny","Daytime Friends",SC8342,13,SC8342,,SC,1," 2/27/13"
"Rogers, Kenny","Gambler, The",MMGCP9804,17,MMGCP9804,,MM,1," 2/27/13"
"Rogers, Kenny","Greatest, The",SC8533,13,SC8533,,SC,1," 2/27/13"
"Rogers, Kenny","Harder Cards",CB60237,14,CB60237,,CB,1," 2/27/13"
"Rogers, Kenny","He Will She Knows",SD075,9,SD075,,SD,1," 2/27/13"
"Rogers, Kenny","He Will, She Knows",SC8665,9,SC8665,,SC,1," 2/27/13"
"Rogers, Kenny",Homeland,SC8733,12,SC8733,,SC,1," 2/27/13"
"Rogers, Kenny","I'll Be There For You",SC8245,6,SC8245,,SC,1," 2/27/13"
"Rogers, Kenny","I'm Missing You",THC0309,9,THC0309,,TH,1," 2/27/13"
"Rogers, Kenny","If I Knew Then What I Know Now",MM6013,9,MM6013,,MM,1," 2/27/13"
"Rogers, Kenny","If You Want To Find Love",CB90051,14,CB90051,,CB,1," 2/27/13"
"Rogers, Kenny",Lady,CBE05,13,CBE05,,CB,1," 2/27/13"
"Rogers, Kenny","Love Or Something Like It",SC8567,3,SC8567,,SC,1," 2/27/13"
"Rogers, Kenny","Love Will Turn You Around",SC7592,7,SC7592,,SC,1," 2/27/13"
"Rogers, Kenny",Lucille,DKM2028,14,DKM2028,,DK,1," 2/27/13"
"Rogers, Kenny","Missing You",SC8275,13,SC8275,,SC,1," 2/27/13"
"Rogers, Kenny","Ol' Red",SC8287,4,SC8287,,SC,1," 2/27/13"
"Rogers, Kenny","Reuben James",SC8400,5,SC8400,,SC,1," 2/27/13"
"Rogers, Kenny","Ruby Don't Take Your Love To Town",BL15,9,BL15,,BL,1," 2/27/13"
"Rogers, Kenny","Ruby, Don't Take Your Love To Town",DKM2030,15,DKM2030,,DK,1," 2/27/13"
"Rogers, Kenny","She Believes In Me",DK059,14,DK059,,DK,1," 2/27/13"
"Rogers, Kenny","Slow Dance More",CB60183,12,CB60183,,CB,1," 2/27/13"
"Rogers, Kenny","Someone Must Feel Like A Fool Tonight",SC8301,15,SC8301,,SC,1," 2/27/13"
"Rogers, Kenny",Sunshine,DK063,17,DK063,,DK,1," 2/27/13"
"Rogers, Kenny","Tell It All Brother",SC8207,2,SC8207,,SC,1," 2/27/13"
"Rogers, Kenny","There You Go Again",SC8677,14,SC8677,,SC,1," 2/27/13"
"Rogers, Kenny","Through The Years",SC7516,12,SC7516,,SC,1," 2/27/13"
"Rogers, Kenny","Tomb Of Unknown Love",SC8455,3,SC8455,,SC,1," 2/27/13"
"Rogers, Kenny","Twenty Years Ago",SC8421,2,SC8421,,SC,1," 2/27/13"
"Rogers, Kenny","Vows Go Unbroken, The",CB90051,15,CB90051,,CB,1," 2/27/13"
"Rogers, Kenny","While The Feeling's Good",CB90051,10,CB90051,,CB,1," 2/27/13"
"Rogers, Kenny","You Decorated My Life",CB90051,11,CB90051,,CB,1," 2/27/13"
"Rogers, Kenny & Carnes, Kim","Don't Fall In Love With A Dreamer",SC7588,9,SC7588,,SC,1," 2/27/13"
"Rogers, Kenny & Dolly Parton","Islands In The Stream",SF014,7,SF014,,SF,1," 2/27/13"
"Rogers, Kenny & Dolly Parton","Love Is Strange",MM6013,12,MM6013,,MM,1," 2/27/13"
"Rogers, Kenny & Dolly Parton","With Bells On",CB60184,13,CB60184,,CB,1," 2/27/13"
"Rogers, Kenny & Dottie West","All I Ever Need Is You",SC8511,3,SC8511,,SC,1," 2/27/13"
"Rogers, Kenny & Dottie West","Anyone Who Isn't Me Tonight",SC8408,9,SC8408,,SC,1," 2/27/13"
"Rogers, Kenny & Dottie West","Every Time Two Fools Collide",CB60041,9,CB60041,,CB,1," 2/27/13"
"Rogers, Kenny & Dottie West","Til I Can Make It On My Own",SC8408,2,SC8408,,SC,1," 2/27/13"
"Rogers, Kenny & Dottie West","Together Again",SC8408,13,SC8408,,SC,1," 2/27/13"
"Rogers, Kenny & Dottie West","What Are We Doin' In Love",SC8511,1,SC8511,,SC,1," 2/27/13"
"Rogers, Kenny & Easton, Sheena","We've Got Tonight",SC7515,14,SC7515,,SC,1," 2/27/13"
"Rogers, Kenny & Parton, Dolly","Islands In The Stream",SC7516,3,SC7516,,SC,1," 2/27/13"
"Rogers, Kenny & Sheena Easton","We've Got Tonight",MMGCP9807,13,MMGCP9807,,MM,1," 2/27/13"
"Rogers, Kenny & The First Edition","Ruby Don't Take Your Love To Town",SF014,14,SF014,,SF,1," 2/27/13"
"Rogers, Kenny & The First Edition","Rueben James",SAVP29,19,SAVP29,,SA,1," 2/27/13"
"Rogers, Kenny & The First Edition","Something Burning",SAVP29,18,SAVP29,,SA,1," 2/27/13"
"Rogers, Kenny & West, Dottie","Every Time Two Fools Collide",SC7588,7,SC7588,,SC,1," 2/27/13"
"Rogers, Kenny & West, Dottie","What Are We Doin' In Love",SC7588,2,SC7588,,SC,1," 2/27/13"
"Rogers, Kenny & Whitney Duncan","My World Is Over",PHN0409,8,PHN0409,,PH,1," 2/27/13"
"Rogers, Kenny & Whitney Duncan wvocal","My World Is Over",PHN0409,17,PHN0409,,PH,1," 2/27/13"
"Rogers, Kenny wvocal","I'm Missing You",SC3370,13,SC3370,,SC,1," 2/27/13"
"Rogers, Roy & Dale Evans","Happy Trails",SC8116,17,SC8116,,SC,1," 2/27/13"
"Rogers, Roy & Evans, Dale","Happy Trails",DK082,8,DK082,,DK,1," 2/27/13"
"Rojas, Tito","Por Mujeres Como Tu",SC2197,2,SC2197,,SC,1," 2/27/13"
"Roll On Eighteen Wheeler",Alabama,BS8317,12,BS8317,,BS,1," 2/27/13"
"Roll With It","Oasis w~vocal",BS5217,7,BS5217,,BS,1," 2/27/13"
"Rolling Stones","Doo Doo Doo Doo Doo (Heartbreaker)",SC8820,8,SC8820,,SC,1," 2/27/13"
"Rolling Stones","Mixed Emotions",SC8820,13,SC8820,,SC,1," 2/27/13"
"Rolling Stones","Rock And A Hard Place",SC8820,1,SC8820,,SC,1," 2/27/13"
"Rolling Stones","She's So Cold",SC8820,6,SC8820,,SC,1," 2/27/13"
"Rolling Stones","Star Star",SC8820,11,SC8820,,SC,1," 2/27/13"
"Rolling Stones","Undercover Of The Night",SC8820,15,SC8820,,SC,1," 2/27/13"
"Rolling Stones","You Got Me Rocking",SC8820,9,SC8820,,SC,1," 2/27/13"
"Rolling Stones, The","Ain't Too Proud To Beg",SC8670,1,SC8670,,SC,1," 2/27/13"
"Rolling Stones, The",Angie,SC8670,4,SC8670,,SC,1," 2/27/13"
"Rolling Stones, The","Beast Of Burden",SC8670,7,SC8670,,SC,1," 2/27/13"
"Rolling Stones, The",Carol,DK084,8,DK084,,DK,1," 2/27/13"
"Rolling Stones, The","Dance Little Sister",SC8670,9,SC8670,,SC,1," 2/27/13"
"Rolling Stones, The","Fool To Cry",SC8670,11,SC8670,,SC,1," 2/27/13"
"Rolling Stones, The",Happy,SC8670,12,SC8670,,SC,1," 2/27/13"
"Rolling Stones, The","Harlem Shuffle, The",DK021,4,DK021,,DK,1," 2/27/13"
"Rolling Stones, The","It's Only Rock And Roll",SC8670,8,SC8670,,SC,1," 2/27/13"
"Rolling Stones, The","Little Queenie",DKM2022,6,DKM2022,,DK,1," 2/27/13"
"Rolling Stones, The","Little Red Rooster, The",DK091,11,DK091,,DK,1," 2/27/13"
"Rolling Stones, The","Love Is Strong",SC8238,2,SC8238,,SC,1," 2/27/13"
"Rolling Stones, The","Miss You",SC8670,5,SC8670,,SC,1," 2/27/13"
"Rolling Stones, The","Not Fade Away",DK020,16,DK020,,DK,1," 2/27/13"
"Rolling Stones, The","Out Of Tears",SC8374,12,SC8374,,SC,1," 2/27/13"
"Rolling Stones, The","Rip This Joint",SC8670,14,SC8670,,SC,1," 2/27/13"
"Rolling Stones, The","Ruby Tuesday",SAVP41,10,SAVP41,,SA,1," 2/27/13"
"Rolling Stones, The",Shattered,SC8670,6,SC8670,,SC,1," 2/27/13"
"Rolling Stones, The","Some Girls",SC8670,13,SC8670,,SC,1," 2/27/13"
"Rolling Stones, The","Start Me Up",SC8670,3,SC8670,,SC,1," 2/27/13"
"Rolling Stones, The","Sympathy For The Devil",AH8003,7,AH8003,,AH,1," 2/27/13"
"Rolling Stones, The","Time Is On My Side",SC7531,13,SC7531,,SC,1," 2/27/13"
"Rolling Stones, The","Tumbling Dice",SC8670,2,SC8670,,SC,1," 2/27/13"
"Rolling Stones, The","Under My Thumb",SCMILE01,9,SCMILE01,,SC,1," 2/27/13"
"Rolling Stones, The","Waiting On A Friend",SC8670,15,SC8670,,SC,1," 2/27/13"
"Rolling Stones, The","You Can't Always Get What You Want",SC8300,8,SC8300,,SC,1," 2/27/13"
"Rolls Royce","Car Wash",DK034,1,DK034,,DK,1," 2/27/13"
"Romantics, The","Talking In Your Sleep",SGB034,13,SGB034,,SG,1," 2/27/13"
"Romantics, The","What I Like About You",SC8106,15,SC8106,,SC,1," 2/27/13"
"Romeo's Tune","Forbert, Steve",AMS1502,3,AMS1502,,AM,1," 2/27/13"
"Romeo, Lil & Nick Cannon","My Cinderella",PHU0501,8,PHU0501,,PH,1," 2/27/13"
"Ron Browz","Jumping (Out the Window)",PHMU0904,4,PHMU0904,,PH,1," 2/27/13"
"Ronan Keating","Life Is A Rollercoaster",SF167,12,SF167,,SF,1," 2/27/13"
"Ronan Keating Feat Lulu","We've Got Tonight",SF199,7,SF199,,SF,1," 2/27/13"
Ronettes,"Be My Baby",CBEP472-2,16,CBEP472-2,,CB,1," 2/27/13"
"Ronettes, The","Be My Baby",SAVP10,7,SAVP10,,SA,1," 2/27/13"
"Ronettes, The","Walking In The Rain",DK051,18,DK051,,DK,1," 2/27/13"
"Ronnie Dunn","Bleed Red",PHMC1104,1,PHMC1104,,PH,1," 2/27/13"
"Ronnie Dunn","She's Acting Single",PHMC1107,3,PHMC1107,,PH,1," 2/27/13"
"Ronnie Dunn","Your Kind Of Love",PHMC1112,6,PHMC1112,,PH,1," 2/27/13"
"Ronnie Milsap","Are You Lovin Me Like I'm Lovin You",SC8352,8,SC8352,,SC,1," 2/27/13"
"Ronnie Milsap","Country Again",PHMC1111,8,PHMC1111,,PH,1," 2/27/13"
"Ronnie Milsap","I Wouldn't Have Missed It For The World",SC8355,15,SC8355,,SC,1," 2/27/13"
"Ronnie Milsap","Lost In The Fifties",SC8103,10,SC8103,,SC,1," 2/27/13"
"Ronnie Milsap","No Gettin' Over Me",SC8380,9,SC8380,,SC,1," 2/27/13"
"Ronnie Milsap","Since I Don't Have You",SC8359,9,SC8359,,SC,1," 2/27/13"
"Ronnie Milsap","Smoky Mountain Rain",SC8101,6,SC8101,,SC,1," 2/27/13"
"Ronnie Milsap","Stranger Things Have Happened",SC8144,15,SC8144,,SC,1," 2/27/13"
"Ronnie Milsap","Turn That Radio On",SC8352,2,SC8352,,SC,1," 2/27/13"
"Ronny & Daytonas",Gto,SC8202,5,SC8202,,SC,1," 2/27/13"
"Ronstadt, L. & A. Neville","Don't Know Much",CBEP463-3,11,CBEP463-3,,CB,1," 2/27/13"
"Ronstadt, Linda","Am I Blue",MMGSTA01,20,MMGSTA01,,MM,1," 2/27/13"
"Ronstadt, Linda","Blue Bayou",DK007,11,DK007,,DK,1," 2/27/13"
"Ronstadt, Linda","Can't We Be Friends",SAVP37,5,SAVP37,,SA,1," 2/27/13"
"Ronstadt, Linda","Different Drum",DK019,17,DK019,,DK,1," 2/27/13"
"Ronstadt, Linda",Frenesi,MM6009,15,MM6009,,MM,1," 2/27/13"
"Ronstadt, Linda",Guantanamera,MM6009,12,MM6009,,MM,1," 2/27/13"
"Ronstadt, Linda","Heartbeats Accelerating",CB60129,8,CB60129,,CB,1," 2/27/13"
"Ronstadt, Linda","High Sierra",MM6103,15,MM6103,,MM,1," 2/27/13"
"Ronstadt, Linda","How Do I Make You",SC8338,7,SC8338,,SC,1," 2/27/13"
"Ronstadt, Linda","Hurts So Bad",DK011,12,DK011,,DK,1," 2/27/13"
"Ronstadt, Linda","I'll Be Home For Christmas",SC8899,9,SC8899,,SC,1," 2/27/13"
"Ronstadt, Linda","I've Got A Crush On You",MM6142,14,MM6142,,MM,1," 2/27/13"
"Ronstadt, Linda","It's So Easy",PI004,10,PI004,,PI,1," 2/27/13"
"Ronstadt, Linda","Just One Look",SC8410,13,SC8410,,SC,1," 2/27/13"
"Ronstadt, Linda","Long Long Time",SC8273,2,SC8273,,SC,1," 2/27/13"
"Ronstadt, Linda","Love Is A Rose",CB60136,15,CB60136,,CB,1," 2/27/13"
"Ronstadt, Linda","Lover Man",MM6142,3,MM6142,,MM,1," 2/27/13"
"Ronstadt, Linda","Mean To Me",MMSTA05,7,MMSTA05,,MM,1," 2/27/13"
"Ronstadt, Linda","Mohammed's Radio",SC8874,14,SC8874,,SC,1," 2/27/13"
"Ronstadt, Linda","Oh No Not My Baby",MM6045,11,MM6045,,MM,1," 2/27/13"
"Ronstadt, Linda","Oh Not My Baby",SAVP20,5,SAVP20,,SA,1," 2/27/13"
"Ronstadt, Linda","Ooh Baby, Baby",MM6182,7,MM6182,,MM,1," 2/27/13"
"Ronstadt, Linda",Perfidia,MM6009,11,MM6009,,MM,1," 2/27/13"
"Ronstadt, Linda","Silver Threads & Golden Needles",SC8259,8,SC8259,,SC,1," 2/27/13"
"Ronstadt, Linda","Silver Threads And Golden Needles",CBE03,6,CBE03,,CB,1," 2/27/13"
"Ronstadt, Linda","Someone To Lay Down Beside Me",SC7562,15,SC7562,,SC,1," 2/27/13"
"Ronstadt, Linda","Someone To Watch Over Me",MMGCP9802,16,MMGCP9802,,MM,1," 2/27/13"
"Ronstadt, Linda","That'll Be The Day",CB60123,11,CB60123,,CB,1," 2/27/13"
"Ronstadt, Linda","What'll I Do",MMSTA05,19,MMSTA05,,MM,1," 2/27/13"
"Ronstadt, Linda","What's New",CB90176,11,CB90176,,CB,1," 2/27/13"
"Ronstadt, Linda","When Will I Be Loved",PI001,15,PI001,,PI,1," 2/27/13"
"Ronstadt, Linda","You're No Good",SC7581,6,SC7581,,SC,1," 2/27/13"
"Ronstadt, Linda & Aaron Neville","All My Life",CBEP471-1,16,CBEP471-1,,CB,1," 2/27/13"
"Ronstadt, Linda & Aaron Neville","Don't Know Much",CBEP471-1,14,CBEP471-1,,CB,1," 2/27/13"
"Ronstadt, Linda & Aaron Neville","When Something Is Wrong With My Baby",CB90176,14,CB90176,,CB,1," 2/27/13"
"Ronstadt, Linda & James Ingram","Don't Know Much",MMBK07,7,MMBK07,,MM,1," 2/27/13"
"Ronstadt, Linda & James Ingram","Somewhere Out There",CB90176,15,CB90176,,CB,1," 2/27/13"
"Ronstadt, Linda & The Stone Ponies","Different Drum",SAVP27,2,SAVP27,,SA,1," 2/27/13"
"Roof Top Singers, The","Walk Right In",CB80045,1,CB80045,,CB,1," 2/27/13"
"Rooftop Singer","Walk Right In",CBEP469-6,1,CBEP469-6,,CB,1," 2/27/13"
"Rooftop Singers, The","Walk Right In",DK083,15,DK083,,DK,1," 2/27/13"
"Room 5 & Oliver Cheatham","Make Luv",SF205,3,SF205,,SF,1," 2/27/13"
Rooney,"I'm Shakin'",MM6408,15,MM6408,,MM,1," 2/27/13"
Rosalita,"Springsteen, Bruce",AMS1506,1,AMS1506,,AM,1," 2/27/13"
"Rose Royce","Car Wash",SC8202,13,SC8202,,SC,1," 2/27/13"
"Rose Royce","I'm Going Down",SC8405,2,SC8405,,SC,1," 2/27/13"
"Rose Royce","Is It Love You're After",SF107,1,SF107,,SF,1," 2/27/13"
"Rose Royce","Ooh Boy",SC8606,4,SC8606,,SC,1," 2/27/13"
"Rose, Clarice","Mile A Minute",CB60219,10,CB60219,,CB,1," 2/27/13"
"Rose, David","Stripper, The",SC8109,16,SC8109,,SC,1," 2/27/13"
"Rose, David","Stripper, The (Instrumental)",SC7210,20,SC7210,,SC,1," 2/27/13"
"Rose, The","Midler, Bette",TUFP04,7,TUFP04,,TU,1," 2/27/13"
"Rose, The","Rose, The",MMBH1-2,2,MMBH1-2,,MM,1," 2/27/13"
"Roselli, Jimmy","Anema E'Core",MM6240,9,MM6240,,MM,1," 2/27/13"
"Roselli, Jimmy","I Want A Gir",CB5018-02,5,CB5018-02,,CB,1," 2/27/13"
"Roselli, Jimmy","I Want A Girl",CBEP469-2,9,CBEP469-2,,CB,1," 2/27/13"
"Roselli, Jimmy","Torno Surento",MM6240,11,MM6240,,MM,1," 2/27/13"
"Roselli, Jimmy","When Your Old Wedding Ring Was New",MM6240,2,MM6240,,MM,1," 2/27/13"
"Rosemary Clooney","This Ole House",SC8124,5,SC8124,,SC,1," 2/27/13"
"Roses Are Red","Ronnie Carroll",SF066,9,SF066,,SF,1," 2/27/13"
"Rosie & The Originals","Angel Baby",SC8521,13,SC8521,,SC,1," 2/27/13"
"Ross, Diana","Ain't No Mountain High Enough",SC7511,15,SC7511,,SC,1," 2/27/13"
"Ross, Diana","Back In My Arms Again",DK074,10,DK074,,DK,1," 2/27/13"
"Ross, Diana","Chain Reaction",BL14,15,BL14,,BL,1," 2/27/13"
"Ross, Diana","Do You Know Where You're Going To",SC8227,8,SC8227,,SC,1," 2/27/13"
"Ross, Diana","Do You Know Where Youre Going To",SF145,10,SF145,,SF,1," 2/27/13"
"Ross, Diana","Good Morning Heartache",MM6142,1,MM6142,,MM,1," 2/27/13"
"Ross, Diana","I'm Coming Out",SC8627,14,SC8627,,SC,1," 2/27/13"
"Ross, Diana","I'm Comming Out",SAVP31,12,SAVP31,,SA,1," 2/27/13"
"Ross, Diana","I'm Gonna Make You Love Me",DK048,10,DK048,,DK,1," 2/27/13"
"Ross, Diana","It's My Turn",SC8417,12,SC8417,,SC,1," 2/27/13"
"Ross, Diana","Last Time I Saw Him, The",DK098,12,DK098,,DK,1," 2/27/13"
"Ross, Diana","Love Hangover",SF018,14,SF018,,SF,1," 2/27/13"
"Ross, Diana",Muscles,MM6067,5,MM6067,,MM,1," 2/27/13"
"Ross, Diana","Reach Out And Touch",DK066,7,DK066,,DK,1," 2/27/13"
"Ross, Diana","Take Me Higher",SC8209,14,SC8209,,SC,1," 2/27/13"
"Ross, Diana","Touch Me In The Morning",SAVP16,17,SAVP16,,SA,1," 2/27/13"
"Ross, Diana","Upside Down",SAVP16,18,SAVP16,,SA,1," 2/27/13"
"Ross, Diana","Waiting In The Winds",SC8244,10,SC8244,,SC,1," 2/27/13"
"Ross, Diana","When You Tell Me That You Love Me",SC8318,8,SC8318,,SC,1," 2/27/13"
"Ross, Diana","Why Do Fools Fall In Love",SF031,7,SF031,,SF,1," 2/27/13"
"Ross, Diana & The Supremes","I'm Gonna Make You Love Me",SAVP31,14,SAVP31,,SA,1," 2/27/13"
"Ross, Diana & The Supremes","Love Child",CBEP459-3,4,CBEP459-3,,CB,1," 2/27/13"
"Ross, Diana & The Supremes","My Favorite Things",SC8899,10,SC8899,,SC,1," 2/27/13"
"Ross, Diana & The Supremes",Reflections,SC8860,6,SC8860,,SC,1," 2/27/13"
"Rossdale, Gavin","Love Remains The Same",PHMP0808,7,PHMP0808,,PH,1," 2/27/13"
"Rossington Collins Band","Don't Misunderstand Me",SC8479,8,SC8479,,SC,1," 2/27/13"
"Roth, David Lee","Just A Gigolo",SC7519,12,SC7519,,SC,1," 2/27/13"
"Roth, David Lee","Just A Gigolo-I Ain't Got Nobody",MMCP2K05,4,MMCP2K05,,MM,1," 2/27/13"
"Roth, David Lee","Just Like Paradise",SF021,10,SF021,,SF,1," 2/27/13"
"Roth, David Lee","Yankee Rose",SC7565,12,SC7565,,SC,1," 2/27/13"
"Rothberg, Patti",Inside,SC8308,12,SC8308,,SC,1," 2/27/13"
"Rowland, Kelly","Can't Nobody",CB90227,13,CB90227,,CB,1," 2/27/13"
"Rowland, Kelly","Can't Nobodyÿ",THH0305,17,THH0305,,TH,1," 2/27/13"
"Rowland, Kelly",Stole,THH0301,14,THH0301,,TH,1," 2/27/13"
"Rowland, Kelly","Train On A Track",SF208,9,SF208,,SF,1," 2/27/13"
Roxanne,"Police, The",TU078,14,TU078,,TU,1," 2/27/13"
"Roxanne & Utfo","Real Roxanne, The",SC8656,6,SC8656,,SC,1," 2/27/13"
"Roxanne '97","Sting & The Police",TU078,15,TU078,,TU,1," 2/27/13"
Roxette,"Almost Unreal",SC8237,2,SC8237,,SC,1," 2/27/13"
Roxette,"Church Of Your Heart",SAVP23,9,SAVP23,,SA,1," 2/27/13"
Roxette,"Crash Boom Bang",SD010,12,SD010,,SD,1," 2/27/13"
Roxette,Dangerous,DK095,17,DK095,,DK,1," 2/27/13"
Roxette,"Fading Like A Flower",SAVP25,8,SAVP25,,SA,1," 2/27/13"
Roxette,"It Must Have Been Love",SAVP24,17,SAVP24,,SA,1," 2/27/13"
Roxette,"It Must've Been Love",DK094,3,DK094,,DK,1," 2/27/13"
Roxette,Joyride,SAVP25,9,SAVP25,,SA,1," 2/27/13"
Roxette,"Listen To Your Heart",MM6120,5,MM6120,,MM,1," 2/27/13"
Roxette,"Look, The",SC8634,11,SC8634,,SC,1," 2/27/13"
Roxette,"She's Got Nothing On (But The Radio)",PHMP1110,8,PHMP1110,,PH,1," 2/27/13"
Roxette,"Sleeping In My Car",SF026,7,SF026,,SF,1," 2/27/13"
"Roxy Music",Avalon,SC8671,4,SC8671,,SC,1," 2/27/13"
"Roxy Music","Jealous Guy",SF037,14,SF037,,SF,1," 2/27/13"
"Roxy Music","Love Is The Drug",SC8627,6,SC8627,,SC,1," 2/27/13"
"Roxy Music","Virginia Plain",AH8007,10,AH8007,,AH,1," 2/27/13"
"Roxy Roller","Sweeny Todd",GM1000,3,GM1000,,GM,1," 2/27/13"
"Royal Crown Revue","Hey Pachuco",SGB07,5,SGB07,,SG,1," 2/27/13"
"Royal Crown Revue","Zip Gun Bop",SGB07,8,SGB07,,SG,1," 2/27/13"
"Royal Guardsmen","Snoopy Vs. The Red Baron",CBEP472-3,12,CBEP472-3,,CB,1," 2/27/13"
"Royal Guardsmen","Snoopy's Christmas",SC8780,3,SC8780,,SC,1," 2/27/13"
"Royal Teens","Short Shorts",SC7504,3,SC7504,,SC,1," 2/27/13"
"Royal, Billy Joe","Cherry Hill Park",MM6095,2,MM6095,,MM,1," 2/27/13"
"Royal, Billy Joe","Down In The Boondocks",MM6095,11,MM6095,,MM,1," 2/27/13"
"Royal, Billy Joe","I'm Okay And Gettin' Better",SC8309,8,SC8309,,SC,1," 2/27/13"
"Royal, Billy Joe","Love Has No Right",SC8767,4,SC8767,,SC,1," 2/27/13"
"Royal, Billy Joe","Out Of Sight And On My Mind",SC8642,15,SC8642,,SC,1," 2/27/13"
"Royal, Billy Joe","Searchin' For Some Kind Of Clue",SC8352,15,SC8352,,SC,1," 2/27/13"
"Royal, Billy Joe","Tell It Like It Is",SC8345,12,SC8345,,SC,1," 2/27/13"
"Royale Delite","I'll Be A Freak For You",SF068,14,SF068,,SF,1," 2/27/13"
"Royce, Rose","Car Wash",SC7597,12,SC7597,,SC,1," 2/27/13"
"Royce, Rose","I Wanna Get Next To You",SC8863,7,SC8863,,SC,1," 2/27/13"
"Royce, Rose","Love Don't Live Here Anymore",SC8776,10,SC8776,,SC,1," 2/27/13"
Rozalla,"Everybody's Free",SF007,11,SF007,,SF,1," 2/27/13"
"Rr&Q Band",Dreamer,SF068,13,SF068,,SF,1," 2/27/13"
"Ru Paul",Supermodel,MM6021B,8,MM6021B,,MM,1," 2/27/13"
"Rubber Biscuit","Blues Brothers, The",TU102,16,TU102,,TU,1," 2/27/13"
"Rubettes, The","Juke Box Jive",SF104,4,SF104,,SF,1," 2/27/13"
"Rubettes, The","Sugar Baby Love",SF028,2,SF028,,SF,1," 2/27/13"
"Rubio, Paulina","Don't Say Goodbye",CB30025,13,CB30025,,CB,1," 2/27/13"
"Rubio, Paulina","One You Love, The",CB30033,6,CB30033,,CB,1," 2/27/13"
"Ruby & Romantics, The","Our Day Will Come",DK046,14,DK046,,DK,1," 2/27/13"
"Ruby & The Romanics","Our Day Will Come",CB5014-03,4,CB5014-03,,CB,1," 2/27/13"
"Ruby & The Romantics","Hey There Lonely Boy",MM6113,8,MM6113,,MM,1," 2/27/13"
"Ruby & The Romantics","Our Day Will Come",CBEP455-2,17,CBEP455-2,,CB,1," 2/27/13"
"Ruby Tuesday","Rolling Stones, The",BS9217,17,BS9217,,BS,1," 2/27/13"
"Rucker, Darius","Don't Think I Don't Think About It",PHMC0808,5,PHMC0808,,PH,1," 2/27/13"
"Ruff Endz","No More",SC8654,3,SC8654,,SC,1," 2/27/13"
"Ruff Endz","Someone To Love You",SC8773,15,SC8773,,SC,1," 2/27/13"
"Ruffin, David","Walk Away From Love",SC8860,8,SC8860,,SC,1," 2/27/13"
"Ruffin, Jimmy","Farewell Is A Lonely Sound",BL34,11,BL34,,BL,1," 2/27/13"
"Ruffin, Jimmy","Hold On To My Love",SF107,3,SF107,,SF,1," 2/27/13"
"Ruffin, Jimmy","What Becomes Of A Broken Heart",CBEP459-4,15,CBEP459-4,,CB,1," 2/27/13"
"Ruffin, Jimmy","What Becomes Of The Broken Hearted",DK084,13,DK084,,DK,1," 2/27/13"
"Ruffin, Jimmy","What Becomes Of The Brokenhearted",SC8860,15,SC8860,,SC,1," 2/27/13"
Rufus,"Tell Me Something Good",SC8704,15,SC8704,,SC,1," 2/27/13"
"Rufus & Chaka Khan","Sweet Thing",SC2153,6,SC2153,,SC,1," 2/27/13"
"Rufus & Khan, Chaka","Sweet Thing",DK068,5,DK068,,DK,1," 2/27/13"
"Rui Da Silva Feat Cassandra","Touch Me",SF176,16,SF176,,SF,1," 2/27/13"
"Rule, Ja, Lil' Mo & Vita","Put It On Me",SC8680,7,SC8680,,SC,1," 2/27/13"
"Ruleta Rusa","Romo, Daniela",SC7101,12,SC7101,,SC,1," 2/27/13"
"Rumor Has It","McEntire, Reba",THMP014,7,THMP014,,TH,1," 2/27/13"
Rumors,"Timex Social Club",AH8421,12,AH8421,,AH,1," 2/27/13"
Run,"Collective Soul",TU089,15,TU089,,TU,1," 2/27/13"
Run,"Strait, George",PHN0201,8,PHN0201,,PH,1," 2/27/13"
"Run Around","Blues Traveler",HV03,9,HV03,,HV,1," 2/27/13"
"Run Away","Linkin Park",TU105,13,TU105,,TU,1," 2/27/13"
"Run D.M.C.","It's Tricky",SC8875,11,SC8875,,SC,1," 2/27/13"
"Run D.M.C.","King Of Rock",SC8875,6,SC8875,,SC,1," 2/27/13"
"Run Dmc","Christmas In Hollis",SC8780,2,SC8780,,SC,1," 2/27/13"
"Run Dmc","Walk This Way",DK028,12,DK028,,DK,1," 2/27/13"
"Run Dmc","You Be Illin'",SC8612,10,SC8612,,SC,1," 2/27/13"
"Run For Your Life","Beatles, The",DG10,9,DG10,,DG,1," 2/27/13"
"Run Run Rudolph","Adams, Bryan",BS8917,16,BS8917,,BS,1," 2/27/13"
"Run Run Run","Tyler, Ryan",TU228,12,TU228,,TU,1," 2/27/13"
"Run Through The Jungle","Creedence Clearwater Revival",PLC08,10,PLC08,,PL,1," 2/27/13"
"Run To You","Adams, Bryan",BS8917,8,BS8917,,BS,1," 2/27/13"
Runaway,"Bon Jovi, Jon",DG05,9,DG05,,DG,1," 2/27/13"
Runaway,"Raitt, Bonnie",AMS1503,6,AMS1503,,AM,1," 2/27/13"
Runawayÿ,"Linkin Park",THR0209,18,THR0209,,TH,1," 2/27/13"
"Rundgren, Todd","Bang The Drum All Day",MMCP2K03,14,MMCP2K03,,MM,1," 2/27/13"
"Rundgren, Todd","Hello It's Me",CBEP464-4,17,CBEP464-4,,CB,1," 2/27/13"
"Rundgren, Todd","I Saw The Light",SGB22,17,SGB22,,SG,1," 2/27/13"
"Rundgren, Todd","We Gotta Get You A Woman",SC8706,1,SC8706,,SC,1," 2/27/13"
"Rungren, Todd","Bang The Drum All Day",SC8706,8,SC8706,,SC,1," 2/27/13"
"Runnin (dying To Live)","Tupac Notorious Big",PHU0402,4,PHU0402,,PH,1," 2/27/13"
"Runnin' With The Devil","Van Halen",AH8003,13,AH8003,,AH,1," 2/27/13"
"Running Awayÿ",Hoobastank,THR0207,13,THR0207,,TH,1," 2/27/13"
"Running On Ice","Joel, Billy",BS9117,14,BS9117,,BS,1," 2/27/13"
"Running Scared","Orbison, Roy",BS7017,7,BS7017,,BS,1," 2/27/13"
"Rupert Holmes","Escape (The Pina Colada Song)",SC8368,15,SC8368,,SC,1," 2/27/13"
"Ruppes, The","Under His Wings",CBEP466-6,3,CBEP466-6,,CB,1," 2/27/13"
Rush,"Fly By Night",SC8586,13,SC8586,,SC,1," 2/27/13"
Rush,"Fly By Night-In The Mood",SGB025,10,SGB025,,SG,1," 2/27/13"
Rush,Limelight,SC8406,5,SC8406,,SC,1," 2/27/13"
Rush,"One Little Victory",SC3320,2,SC3320,,SC,1," 2/27/13"
Rush,"Secret Touch",PHR0209,7,PHR0209,,PH,1," 2/27/13"
Rush,"Tom Sawyer",SC8334,12,SC8334,,SC,1," 2/27/13"
"Rush, Jennifer","Power Of Love",BL02,8,BL02,,BL,1," 2/27/13"
"Rush, Jennifer & Celine Dion","Power Of Love, The",SF003,5,SF003,,SF,1," 2/27/13"
"Rush, Merilee","Angel In The Morning",MMGCP9806,4,MMGCP9806,,MM,1," 2/27/13"
"Rush, Merilee","Angel Of The Morning",MM6098,12,MM6098,,MM,1," 2/27/13"
"Rushen, Patrice","Forget Me Not",CBEP468-4,17,CBEP468-4,,CB,1," 2/27/13"
"Rushen, Patrice","Forget Me Nots",SF067,9,SF067,,SF,1," 2/27/13"
Rushlow,"I Can't Be Your Friend",SC8833,10,SC8833,,SC,1," 2/27/13"
"Rushlow wvocal","I Can't Be Your Friend",PHN0312,15,PHN0312,,PH,1," 2/27/13"
"Rushlow, Tim","Crazy Life",SD086,12,SD086,,SD,1," 2/27/13"
"Rushlow, Tim","Package, The",CB20311,11,CB20311,,CB,1," 2/27/13"
"Rushlow, Tim","She Misses Him",SC8655,13,SC8655,,SC,1," 2/27/13"
"Rushlow, Tim","When You Love Me",CB60198,10,CB60198,,CB,1," 2/27/13"
Rushlowÿ,"I Can't Be Your Friend",CB60311,11,CB60311,,CB,1," 2/27/13"
"Russell, Brenda","Piano In The Dark",SC8293,13,SC8293,,SC,1," 2/27/13"
"Russell, Johnny","Rednecks White Socks & Blue Ribbon Beer",SC8541,8,SC8541,,SC,1," 2/27/13"
"Russell, Leon","Lady Blue",SC8174,10,SC8174,,SC,1," 2/27/13"
"Russell, Leon","Roll In My Sweet Baby's Arms",SC8342,1,SC8342,,SC,1," 2/27/13"
"Russell, Leon","Six Pack To Go",SC8136,6,SC8136,,SC,1," 2/27/13"
"Russell, Leon","Tight Rope",SC8479,4,SC8479,,SC,1," 2/27/13"
"Ruttan, Deric","When You Come Around",SC8842,10,SC8842,,SC,1," 2/27/13"
"Ruttan, Deric wvocal","When You Come Around",SC3378,15,SC3378,,SC,1," 2/27/13"
"Ryan Adams","Chains Of Love",PHMP1204,7,PHMP1204,,PH,1," 2/27/13"
"Ryan Adams","Dirty Rain",PHMP1201,6,PHMP1201,,PH,1," 2/27/13"
"Ryan Adams","Everybody Knows",PHMP0802,4,PHMP0802,,PH,1," 2/27/13"
"Ryan Adams","Lucky Now",PHMP1111,2,PHMP1111,,PH,1," 2/27/13"
"Ryan Leslie","Diamond Girl",PHMU0805,5,PHMU0805,,PH,1," 2/27/13"
"Ryan Leslie","How It Was Supposed To Be",PHMU0902,9,PHMU0902,,PH,1," 2/27/13"
"Ryan Leslie","I Choose You",PHMU1003,7,PHMU1003,,PH,1," 2/27/13"
"Ryan Leslie","You're Not My Girl",PHMU0911,8,PHMU0911,,PH,1," 2/27/13"
"Ryan Leslie feat Cassie & Fabolous",Addiction,PHMU0811,6,PHMU0811,,PH,1," 2/27/13"
"Rydell, Bobby","Forget Him",SC8575,10,SC8575,,SC,1," 2/27/13"
"Rydell, Bobby","Wild One",SC7541,5,SC7541,,SC,1," 2/27/13"
"Ryder, Mitch & Detroit Wheels, The","Devil With A Blue Dress On",SC7572,15,SC7572,,SC,1," 2/27/13"
"Ryder, Mitch & The Detroit Wheels","Devil With A Blue Dress On",SC8226,15,SC8226,,SC,1," 2/27/13"
"Ryder, Mitch & The Detroit Wheels","Sock It To Me",MM6004,5,MM6004,,MM,1," 2/27/13"
"Ryder, Mitch & The Detroit Wheels","Sock It To Me Baby!",SC8870,15,SC8870,,SC,1," 2/27/13"
"Rzeznik, John","I'm Still Here (Jim's Theme)",CB30032,15,CB30032,,CB,1," 2/27/13"
"Rzeznik, Johnny","I'm Still Here (Jim's Theme)",CBEP477-1,15,CBEP477-1,,CB,1," 2/27/13"
