"F Word, The (Live Acm Version)","Williams Jr., Hank & Kid Rock",PHN0208,9,PHN0208,,PH,1," 2/27/13"
"F.L.Y. (Fast Life Yungstaz)","Swag Surfin'",PHMU0909,3,PHMU0909,,PH,1," 2/27/13"
"Fabares, Shelley","Johnny Angel",DK053,17,DK053,,DK,1," 2/27/13"
"Fabares, Shelly","Johnny Angel",CB80044,4,CB80044,,CB,1," 2/27/13"
"Fabian, Lara","I Will Love Again",SC8629,12,SC8629,,SC,1," 2/27/13"
"Fabian, Lara","I Will Love You Again",MM6310,8,MM6310,,MM,1," 2/27/13"
"Fabian, Lara","Je T'aime",SC2388,3,SC2388,,SC,1," 2/27/13"
"Fabian, Lara","Love By Grace",SC8654,11,SC8654,,SC,1," 2/27/13"
"Fabian, Lara wvocal","Je T'aime",SC2388,11,SC2388,,SC,1," 2/27/13"
"Fabian, Laura","Love By Grace",CB30012,9,CB30012,,CB,1," 2/27/13"
Fabolous,Baby,PHU0503,9,PHU0503,,PH,1," 2/27/13"
Fabolous,Breathe,SC8908,3,SC8908,,SC,1," 2/27/13"
Fabolous,"Into You",PHU0309,8,PHU0309,,PH,1," 2/27/13"
Fabolous,"This Is My Party",PHU0301,4,PHU0301,,PH,1," 2/27/13"
Fabolous,Young'n,PHM0206,8,PHM0206,,PH,1," 2/27/13"
Fabolous,"Young'n (Holla Back)",SC8752,8,SC8752,,SC,1," 2/27/13"
"Fabolous & Ashanti","Into You",SC8853,14,SC8853,,SC,1," 2/27/13"
"Fabolous & Ashanti","Into You (Radio Version)",SC3377,3,SC3377,,SC,1," 2/27/13"
"Fabolous & Lil' Mo wvocal","Can't Let Go",PHU0305,15,PHU0305,,PH,1," 2/27/13"
"Fabolous & Lil'mo","Can't Let Go",PHU0305,6,PHU0305,,PH,1," 2/27/13"
"Fabolous & P. Diddy & Jagged","Trade It All",PHU0210,7,PHU0210,,PH,1," 2/27/13"
"Fabolous & P. Diddy & Jagged wvocal","Trade It All",PHU0210,16,PHU0210,,PH,1," 2/27/13"
"Fabolous & Puff Daddy & Jagged Edge","Trade It All",SC8789,14,SC8789,,SC,1," 2/27/13"
"Fabolous & Tamia","Into You",THH0312,10,THH0312,,TH,1," 2/27/13"
"Fabolous feat Keri Hilson","Everything, Everyday, Everywhere",PHMU0911,6,PHMU0911,,PH,1," 2/27/13"
"Fabolous wvocal","Into You",PHU0309,17,PHU0309,,PH,1," 2/27/13"
"Fabolous wvocal","This Is My Party",PHU0301,13,PHU0301,,PH,1," 2/27/13"
"Fabolous, Mike Shorey & Lil' Mo","Can't Let You Go",SC8822,6,SC8822,,SC,1," 2/27/13"
"Fabulous Thunderbirds, The",Amnesia,MM6155,8,MM6155,,MM,1," 2/27/13"
"Fabulous Thunderbirds, The","Tuff Enuff",SGB063,12,SGB063,,SG,1," 2/27/13"
"Fabulous Thunderbirds, The","Wrap It Up",SC8443,12,SC8443,,SC,1," 2/27/13"
Fade,Staind,PHR0110,2,PHR0110,,PH,1," 2/27/13"
"Fagen, Donald",I.g.y.,SC8790,12,SC8790,,SC,1," 2/27/13"
"Fagen, Donald","Tomorrow's Girls",MM6096,14,MM6096,,MM,1," 2/27/13"
Failure,"Stuck On You",SC8460,11,SC8460,,SC,1," 2/27/13"
"Fairchild, Barbara","Kid Stuff",SC8558,5,SC8558,,SC,1," 2/27/13"
"Fairchild, Barbara","Teddy Bear Song",CB60022,5,CB60022,,CB,1," 2/27/13"
"Fairchild, Shelly","You Don't Lie Here Anymore",SC8907,9,SC8907,,SC,1," 2/27/13"
"Fairground Attraction",Perfect,SF015,8,SF015,,SF,1," 2/27/13"
"Faith Evans","Gone Already",PHMU1012,3,PHMU1012,,PH,1," 2/27/13"
"Faith Hill","Red Umbrella",PHMC0801,5,PHMC0801,,PH,1," 2/27/13"
"Faith Hill","This Kiss",SC1999NSC05,3,SC1999NSC05,,SC,1," 2/27/13"
"Faith No More",Easy,SC8237,11,SC8237,,SC,1," 2/27/13"
"Faith No More",Epic,SC8568,5,SC8568,,SC,1," 2/27/13"
"Faith No More","Falling To Pieces",SC8869,2,SC8869,,SC,1," 2/27/13"
"Faith Of The Heart","Stewart, Rod",PHT9904,9,PHT9904,,PH,1," 2/27/13"
"Faith, Adam","Poor Me",SF074,6,SF074,,SF,1," 2/27/13"
"Faith, Adam","What Do You Want",SF047,2,SF047,,SF,1," 2/27/13"
"Faithfull, Marianne","Ballad Of Lucy Jordan",SF147,6,SF147,,SF,1," 2/27/13"
Faithless,Injected,THR0205,14,THR0205,,TH,1," 2/27/13"
Falco,"Rock Me Amadeus (English Version)",SC8894,16,SC8894,,SC,1," 2/27/13"
Falco,"Rock Me Amadeus (German Version)",SC8894,8,SC8894,,SC,1," 2/27/13"
"FALL INTO ME","EMERSON DRIVE",TT161,3,TT161,,TT,1," 2/27/13"
Fallen,"Mclachlan, Sarah",PHM0401,1,PHM0401,,PH,1," 2/27/13"
Fallen,Mya,PHM0402,1,PHM0402,,PH,1," 2/27/13"
"Fallen Angel",Poison,PSJT147,3,PSJT147,,PS,1," 2/27/13"
"Falling In Love",Aerosmith,HV06A,6,HV06A,,HV,1," 2/27/13"
"Falling In Love (Uh Oh)","Estefan, Gloria",BS8417,16,BS8417,,BS,1," 2/27/13"
"Fallon, Jimmy","Idiot Boyfriend",CB30028,15,CB30028,,CB,1," 2/27/13"
"Falls On Me",Fuel,PHR0310,3,PHR0310,,PH,1," 2/27/13"
Fame,Fame,MMBH1-2,17,MMBH1-2,,MM,1," 2/27/13"
"Fame, Georgie","Ballad Of Bonnie And Clyde",SF070,2,SF070,,SF,1," 2/27/13"
"Family Force 5","Can You Feel It",PHMP1203,9,PHMP1203,,PH,1," 2/27/13"
"Family Force 5",Wobble,PHMP1202,8,PHMP1202,,PH,1," 2/27/13"
"Family Man","Hall & Oates",BS5317,2,BS5317,,BS,1," 2/27/13"
"Family Portrait",Pink,THP0301,14,THP0301,,TH,1," 2/27/13"
"Family Tree","Worley, Darryl",THC0302,12,THC0302,,TH,1," 2/27/13"
Fannypack,"Camel Toe",SC8834,11,SC8834,,SC,1," 2/27/13"
Fantasia,"I Believe",PHM0409,9,PHM0409,,PH,1," 2/27/13"
Fantasia,"Truth Is",PHU0502,2,PHU0502,,PH,1," 2/27/13"
"Fantasia wvocal","I Believe",PHM0409,18,PHM0409,,PH,1," 2/27/13"
Fantastics,"Try To Remember",SGB50,4,SGB50,,SG,1," 2/27/13"
Fantasy,"Carey, Mariah",DG04,6,DG04,,DG,1," 2/27/13"
"Far Behind",Candlebox,BS5417,1,BS5417,,BS,1," 2/27/13"
"Far East Movement feat Cataracs & Dev.","Like A G6",PHMP1011,2,PHMP1011,,PH,1," 2/27/13"
Fares,"Cindy Incidentally",SF040,8,SF040,,SF,1," 2/27/13"
"Fargo, Donna","Another Goodbye",SC8676,7,SC8676,,SC,1," 2/27/13"
"Fargo, Donna","Do I Love You",SC8411,1,SC8411,,SC,1," 2/27/13"
"Fargo, Donna","Don't Be Angry",SC8414,6,SC8414,,SC,1," 2/27/13"
"Fargo, Donna","Funny Face",CBEP452-1,12,CBEP452-1,,CB,1," 2/27/13"
"Fargo, Donna","Happiest Girl In The Whole USA, The",DKM2031,1,DKM2031,,DK,1," 2/27/13"
"Fargo, Donna","Happiest Girl In The Whole Usa, The",SC7524,15,SC7524,,SC,1," 2/27/13"
"Fargo, Donna","Happiest Girl In The Whole USA, The",DK059,17,DK059,,DK,1," 2/27/13"
"Fargo, Donna","Heartbreak Hotel",CB60134,9,CB60134,,CB,1," 2/27/13"
"Fargo, Donna","I'll Try A Little Bit Harder",SC8434,7,SC8434,,SC,1," 2/27/13"
"Fargo, Donna","It Do Feel Good",SC8564,5,SC8564,,SC,1," 2/27/13"
"Fargo, Donna","Little Girl Gone",SC8411,11,SC8411,,SC,1," 2/27/13"
"Fargo, Donna","Shame On Me",SC8558,11,SC8558,,SC,1," 2/27/13"
"Fargo, Donna","Somebody Special",SC8411,5,SC8411,,SC,1," 2/27/13"
"Fargo, Donna",Superman,CB80104,14,CB80104,,CB,1," 2/27/13"
"Fargo, Donna","That Was Yesterday",SC8792,11,SC8792,,SC,1," 2/27/13"
"Fargo, Donna","You Can't Be A Beacon",CB80107,11,CB80107,,CB,1," 2/27/13"
"Fargo, Donna","You Were Always There",SC8375,7,SC8375,,SC,1," 2/27/13"
"Farris, Dionne","Don't Ever Touch Me (Again)",SD017,6,SD017,,SD,1," 2/27/13"
"Farris, Dionne",Hopeless,SC8377,5,SC8377,,SC,1," 2/27/13"
"Farris, Dionne","I Know",MM6091,13,MM6091,,MM,1," 2/27/13"
"Farris, Dionne",Passion,SC8240,12,SC8240,,SC,1," 2/27/13"
"Farris, Rachel","I'm Not The Girl",THP0306,15,THP0306,,TH,1," 2/27/13"
Farther,Outspoken,THR0304,18,THR0304,,TH,1," 2/27/13"
Fascinated,"Company B",AH8014,16,AH8014,,AH,1," 2/27/13"
"Fast Food Rockers","Fast Food Song, The",SF206,4,SF206,,SF,1," 2/27/13"
"Fast Ryde","Make It Rain",PHMC1002,6,PHMC1002,,PH,1," 2/27/13"
"Fast Ryde","That Thang",PHMC0911,3,PHMC0911,,PH,1," 2/27/13"
"Fast Ryde","Top Down",PHMC1008,8,PHMC1008,,PH,1," 2/27/13"
Fastball,"Fire Escape",SC8481,5,SC8481,,SC,1," 2/27/13"
Fastball,"Out Of My Head",CB30008,14,CB30008,,CB,1," 2/27/13"
Fastball,"Way, The",SC8462,11,SC8462,,SC,1," 2/27/13"
Fastball,"You're An Ocean",SC8637,3,SC8637,,SC,1," 2/27/13"
"Fastball wvocal","Out Of My Head",PHM9909,15,PHM9909,,PH,1," 2/27/13"
"Faster Pussycat","House Of Pain",SC8734,6,SC8734,,SC,1," 2/27/13"
"Fat Boy Slim","Praise You",SF130,1,SF130,,SF,1," 2/27/13"
"Fat Boy Slim","Rockerfella Skank, The",SF122,3,SF122,,SF,1," 2/27/13"
"Fat Boys, The & Beach Boys, The","Wipe Out",DK064,4,DK064,,DK,1," 2/27/13"
"Fat Joe","All I Need",PHU0304,8,PHU0304,,PH,1," 2/27/13"
"Fat Joe & Ashanti","What's Luv",SC8797,15,SC8797,,SC,1," 2/27/13"
"Fat Joe & Ginuwine","Crush Tonight",PHU0301,3,PHU0301,,PH,1," 2/27/13"
"Fat Joe & Ginuwine wvocal","Crush Tonight",PHU0301,12,PHU0301,,PH,1," 2/27/13"
"Fat Joe & P Diddy","Girl I'm A Bad Boy",PHU0311,4,PHU0311,,PH,1," 2/27/13"
"Fat Joe feat J. Holiday","I Won't Tell",PHMU0803,6,PHMU0803,,PH,1," 2/27/13"
"Fat Joe feat. Chris Brown","Another Round",PHMU1201,3,PHMU1201,,PH,1," 2/27/13"
"Fat Larry's Band","Act Like You Know",SF067,6,SF067,,SF,1," 2/27/13"
"Fat Les",Jerusalem,SF168,14,SF168,,SF,1," 2/27/13"
"Fat Les","Naughty Christmas (Goblin In The Office)",SF128,15,SF128,,SF,1," 2/27/13"
"Fat Les",Vindaloo,SF121,8,SF121,,SF,1," 2/27/13"
"Fatback Band",Backstrokin',SF068,15,SF068,,SF,1," 2/27/13"
"Fatback Band","I Found Lovin",SF067,4,SF067,,SF,1," 2/27/13"
"Fatboy Slim","Praise You",SC8531,6,SC8531,,SC,1," 2/27/13"
"Fats Domino","I Want To Walk You Home",SC8191,15,SC8191,,SC,1," 2/27/13"
"Fats Domino","I'm Ready",SC8364,4,SC8364,,SC,1," 2/27/13"
"Fats Domino","Whole Lotta Loving",SC8364,2,SC8364,,SC,1," 2/27/13"
Favorites,"We Need A Little Christmas",CBEP462-3,12,CBEP462-3,,CB,1," 2/27/13"
Feeder,"Buck Rogers",SF176,1,SF176,,SF,1," 2/27/13"
"Feel So Numb","Zombie, Rob",TU089,6,TU089,,TU,1," 2/27/13"
"Feel The Need In Me","Detroit Emeralds, The",SF072,8,SF072,,SF,1," 2/27/13"
"Feel The Rain",Dreamstreet,TUM001,3,TUM001,,TU,1," 2/27/13"
"Feelin' Alright","Cocker, Joe",DG07,1,DG07,,DG,1," 2/27/13"
"Feelin' So Goodÿ","Lopez, Jennifer",THPP14,15,THPP14,,TH,1," 2/27/13"
"Feeling Good",Muse,SF187,14,SF187,,SF,1," 2/27/13"
"Feels Like The First Time",Foreigner,BS7517,17,BS7517,,BS,1," 2/27/13"
"Feels So Numb","Zombie, Rob",PHR0202,8,PHR0202,,PH,1," 2/27/13"
Feist,"Bad In Each Other",PHMP1204,5,PHMP1204,,PH,1," 2/27/13"
Feist,"How Come You Never Go There",PHMP1203,4,PHMP1203,,PH,1," 2/27/13"
"Feliciano, Jose","Cielito Lindo",MM6009,14,MM6009,,MM,1," 2/27/13"
"Feliciano, Jose","Feliz Navidad",SC7212,13,SC7212,,SC,1," 2/27/13"
"Fell In Love With A Girlÿ","White Stripes",THR0207,11,THR0207,,TH,1," 2/27/13"
Felony,"Fanatic, The",SC8571,3,SC8571,,SC,1," 2/27/13"
"Fender, Freddie","Before The Next Tear Drop Falls",SGB41,14,SGB41,,SG,1," 2/27/13"
"Fender, Freddie","Before The Next Teardrop Falls",SC7524,14,SC7524,,SC,1," 2/27/13"
"Fender, Freddie","Wasted Days And Wasted Nights",CBEP452-2,15,CBEP452-2,,CB,1," 2/27/13"
"Fender, Freddie","You'll Lose A Good Thing",SC8525,14,SC8525,,SC,1," 2/27/13"
"Fender, Freddy","Before The Next Teardrop Falls",CB80108,6,CB80108,,CB,1," 2/27/13"
"Fender, Freddy","Wasted Days And Wasted Nights",CB80108,11,CB80108,,CB,1," 2/27/13"
"Ferdinand, Franz","Take Me Out",SC8906,11,SC8906,,SC,1," 2/27/13"
"Ferdinand, Franz","This Fire",PHR0501,1,PHR0501,,PH,1," 2/27/13"
"Ferdinand, Franz wvocal","Take Me Out",PHR0411,16,PHR0411,,PH,1," 2/27/13"
Fergie,Finally,PHMP0806,6,PHMP0806,,PH,1," 2/27/13"
"Ferguson, Jay","Thunder Island",SC8393,14,SC8393,,SC,1," 2/27/13"
"Ferlin Husky",Gone,SC8392,12,SC8392,,SC,1," 2/27/13"
Fernando,Abba,SF071,15,SF071,,SF,1," 2/27/13"
Ferras,"Hollywood's Not America",PHMP0805,6,PHMP0805,,PH,1," 2/27/13"
"Ferrell, Rick","Different Point Of View",CB60223,11,CB60223,,CB,1," 2/27/13"
"Ferrell, Rick","Girl's Got It Goin' On, The",CB60215,15,CB60215,,CB,1," 2/27/13"
"Ferry, Bryan","Angel Eyes",SF147,9,SF147,,SF,1," 2/27/13"
"Ferry, Bryan","Let's Stick Together",BL15,5,BL15,,BL,1," 2/27/13"
Fever,"Presley, Elvis",KC006,7,KC006,,KC,1," 2/27/13"
"Fever, The","Brooks, Garth",RSZ610,11,RSZ610,,RS,1," 2/27/13"
"Fez, The","Steely Dan",RSZ608,15,RSZ608,,RS,1," 2/27/13"
Ffh,"Fly Away",SC8828,13,SC8828,,SC,1," 2/27/13"
"Fiddler On The Roof","Do You Love Me",SC2222,3,SC2222,,SC,1," 2/27/13"
"Fiddler On The Roof","If I Were A Rich Man",SGB50,10,SGB50,,SG,1," 2/27/13"
"Fiddler On The Roof",Matchmaker,MMBH1-4,17,MMBH1-4,,MM,1," 2/27/13"
"Fiddler On The Roof","Sunrise Sunset",MM6023,6,MM6023,,MM,1," 2/27/13"
"Field Mob","All I Know",PHU0308,3,PHU0308,,PH,1," 2/27/13"
"Field Mob","Sick Of Being Lonely",PHU0303,4,PHU0303,,PH,1," 2/27/13"
"Field Mob wvocal","All I Know",PHU0308,12,PHU0308,,PH,1," 2/27/13"
"Fields Of Gold","Cassidy, Eva",ZMP003,11,ZMP003,,ZM,1," 2/27/13"
"Fields Of Gold",Sting,TU078,9,TU078,,TU,1," 2/27/13"
"Fifth Dimension","Aquarius Let The Sun Shine In",CBEP472-6,6,CBEP472-6,,CB,1," 2/27/13"
"Fifth Dimension","One Less Bell To Answer",CBE3-17,8,CBE3-17,,CB,1," 2/27/13"
"Fifth Dimension","Up Up And Away",CBEP472-4,9,CBEP472-4,,CB,1," 2/27/13"
"Fifth Dimension","Wedding Bell Blues",CBEP472-6,12,CBEP472-6,,CB,1," 2/27/13"
"Fifth Dimension, The","Aquarius-Let The Sun Shine In",CBE2-16,9,CBE2-16,,CB,1," 2/27/13"
"Fifth Dimension, The","Stoned Soul Picnic",CBEP459-5,5,CBEP459-5,,CB,1," 2/27/13"
"Fifth Dimension, The","Up Up And Away",CBE2-17,12,CBE2-17,,CB,1," 2/27/13"
"Fifty Ways To Leave Your Lover","Simon & Garfunkel",HV05,4,HV05,,HV,1," 2/27/13"
"Fight For Your Right To Party","Beastie Boys, The",DG06,10,DG06,,DG,1," 2/27/13"
Fighter,"Aguilera, Christina",TU173,7,TU173,,TU,1," 2/27/13"
"Figured You Out",Nickelback,PHR0401,6,PHR0401,,PH,1," 2/27/13"
"Fill Her Up",Sting,TU078,10,TU078,,TU,1," 2/27/13"
Filter,"Best Thing",SF165,10,SF165,,SF,1," 2/27/13"
Filter,"Best Things, The",SC8607,11,SC8607,,SC,1," 2/27/13"
Filter,"Hey Man Nice Shot",SC8562,7,SC8562,,SC,1," 2/27/13"
Filter,"Hey Man, Nice Shot",SC8756,10,SC8756,,SC,1," 2/27/13"
Filter,"Take A Picture",MM6290,13,MM6290,,MM,1," 2/27/13"
Filter,"Where Do We Go From Here",CBEP477-6,14,CBEP477-6,,CB,1," 2/27/13"
Finatticz,"Don't Drop That Thun Thun",PHMU1211,5,PHMU1211,,PH,1," 2/27/13"
Finch,"What It Is To Burn",THMR0305,14,THMR0305,,TH,1," 2/27/13"
"Fine Again",Seether,THR0211,13,THR0211,,TH,1," 2/27/13"
"Fine Young Cannibals","Good Thing",BL31,11,BL31,,BL,1," 2/27/13"
"Fine Young Cannibals","She Drives Me Crazy",BL07,16,BL07,,BL,1," 2/27/13"
"Finger Eleven","One Thing",MM6420,13,MM6420,,MM,1," 2/27/13"
"Finger Eleven","Thousand Mile Wish",PHM0503,5,PHM0503,,PH,1," 2/27/13"
Fire,"Hendrix, Jimi",DG11,1,DG11,,DG,1," 2/27/13"
Fire,"Ohio Express, The",SF072,4,SF072,,SF,1," 2/27/13"
"Fire Down Below","Seger, Bob",HV05,10,HV05,,HV,1," 2/27/13"
"Fire In The Night",Alabama,BS8317,5,BS8317,,BS,1," 2/27/13"
"Fireballs, The","Bottle Of Wine",SC8136,2,SC8136,,SC,1," 2/27/13"
Firefall,"Just Remember I Love You",SC8188,9,SC8188,,SC,1," 2/27/13"
Firefall,"Stange Way",SC8207,11,SC8207,,SC,1," 2/27/13"
Firefall,"You Are The Woman",SC8181,6,SC8181,,SC,1," 2/27/13"
"Fireflies, The","You Were Mine",MM6421,2,MM6421,,MM,1," 2/27/13"
Firehouse,"Here For You",SD017,7,SD017,,SD,1," 2/27/13"
Firehouse,"Hold The Dream",SC8302,6,SC8302,,SC,1," 2/27/13"
Firehouse,"I Live My Life For You",SD013,14,SD013,,SD,1," 2/27/13"
Firehouse,"Love Of A Lifetime",CBEP458-4,11,CBEP458-4,,CB,1," 2/27/13"
Firehouse,"Mama Didn't Raise No Fool",SC8238,9,SC8238,,SC,1," 2/27/13"
Firehouse,"When I Look Into Your Eyes",SC8791,8,SC8791,,SC,1," 2/27/13"
"Fireman, The","Strait, George",HV09,7,HV09,,HV,1," 2/27/13"
Firm,Radioactive,SC8514,11,SC8514,,SC,1," 2/27/13"
Firm,"Satisfaction Guaranteed",SC8527,15,SC8527,,SC,1," 2/27/13"
Firm,"Star Trekkin'",SF042,3,SF042,,SF,1," 2/27/13"
"First Class","Beach Baby",SC8207,12,SC8207,,SC,1," 2/27/13"
"First Cut Is The Deepest","Crow, Sheryl",PHM0402,4,PHM0402,,PH,1," 2/27/13"
"First Date","Blink 182",THR0205,16,THR0205,,TH,1," 2/27/13"
"First Time Ever I Saw Your Face","Flack, Roberta",BS5017,6,BS5017,,BS,1," 2/27/13"
"Firstman, Joe","Can't Stop Loving You",PHR0409,4,PHR0409,,PH,1," 2/27/13"
"Firstman, Joe wvocal","Can't Stop Loving You",PHR0409,13,PHR0409,,PH,1," 2/27/13"
Fisher,"I Will Love You",SC8664,3,SC8664,,SC,1," 2/27/13"
"Fisher, Climie","Love Changes Everything",SF108,8,SF108,,SF,1," 2/27/13"
"Fisher, Eddie","Dungaree Doll",MM6156,9,MM6156,,MM,1," 2/27/13"
"Fisher, Eddie","Oh My Papa",MM6156,13,MM6156,,MM,1," 2/27/13"
"Fisher, Eddie","Oh! My Pa-Pa",CBE3-16,3,CBE3-16,,CB,1," 2/27/13"
"Fishin' In The Dark","Nitty Gritty Dirt Band, The",HV04,14,HV04,,HV,1," 2/27/13"
"Fist Of Rage","Kid Rock",TU098,8,TU098,,TU,1," 2/27/13"
"Fitz & The Tantrums","Don't Gotta Work It Out",PHMP1108,8,PHMP1108,,PH,1," 2/27/13"
"Fitz & The Tantrums",MoneyGrabber,PHMP1107,5,PHMP1107,,PH,1," 2/27/13"
"Fitzgerald & Armstrong","Let's Call The Whole Thing Off",MMSTA2-5,15,MMSTA2-5,,MM,1," 2/27/13"
"Fitzgerald, Ella","Cheek To Cheek",MMSTA04,15,MMSTA04,,MM,1," 2/27/13"
"Fitzgerald, Ella","Crazy He Calls Me",SGB037,11,SGB037,,SG,1," 2/27/13"
"Fitzgerald, Ella","How Deep Is The Ocean",MM6186,15,MM6186,,MM,1," 2/27/13"
"Fitzgerald, Ella","I Only Have Eyes For You",MM6334,10,MM6334,,MM,1," 2/27/13"
"Fitzgerald, Ella","It's Alright With Me",MM6334,11,MM6334,,MM,1," 2/27/13"
"Fitzgerald, Ella","Let's Face The Music And Dance",MM6186,7,MM6186,,MM,1," 2/27/13"
"Fitzgerald, Ella","On The Sunny Side Of The Street",SAVP07,11,SAVP07,,SA,1," 2/27/13"
"Fitzgerald, Ella","Puttin' On The Ritz",MMSTA2-3,17,MMSTA2-3,,MM,1," 2/27/13"
"Fitzgerald, Ella",Summertime,SAVP07,12,SAVP07,,SA,1," 2/27/13"
"Fitzgerald, Ella","Sweet Georgia Brown",MMSTA2-3,4,MMSTA2-3,,MM,1," 2/27/13"
"Fitzgerald, Ella","Tisket A Tasket, A",SC7553,14,SC7553,,SC,1," 2/27/13"
"Fitzgerald, Ella","Tisket, A Tasket, A",NSC2000-07,3,NSC2000-07,,NS,1," 2/27/13"
"Fitzgerald, Ella","Tisket, A-Tasket, A",SAVP36,11,SAVP36,,SA,1," 2/27/13"
"Fitzgerald, Ella","You Can Have Him",MM6186,14,MM6186,,MM,1," 2/27/13"
Five,"Everybody Get Up",SF126,3,SF126,,SF,1," 2/27/13"
Five,"Got The Feelin'",SF122,7,SF122,,SF,1," 2/27/13"
Five,"If You're Getting Down",SF144,13,SF144,,SF,1," 2/27/13"
Five,Invincible,SF171,5,SF171,,SF,1," 2/27/13"
Five,"Until The Time Is Through",SF129,4,SF129,,SF,1," 2/27/13"
Five,"When The Lights Go Out",PHM9808,4,PHM9808,,PH,1," 2/27/13"
"Five Blobs, The","Blob, The",SC8550,5,SC8550,,SC,1," 2/27/13"
"Five For Fighting","100 Years",SC8865,10,SC8865,,SC,1," 2/27/13"
"Five For Fighting",Chances,PHMP1001,5,PHMP1001,,PH,1," 2/27/13"
"Five For Fighting",Slice,PHMP1009,7,PHMP1009,,PH,1," 2/27/13"
"Five For Fighting",Superman,SGB066,15,SGB066,,SG,1," 2/27/13"
"Five For Fighting wvocal","100 Years",SC3400,10,SC3400,,SC,1," 2/27/13"
"Five Heartbeats","You're A Thousand Miles Away",MM6401,4,MM6401,,MM,1," 2/27/13"
"Five Keys, The","Glory Of Love, The",MM6421,5,MM6421,,MM,1," 2/27/13"
"Five Man Electrical Band",Signs,CBEP464-2,14,CBEP464-2,,CB,1," 2/27/13"
"Five Satins, The","In The Still Of The Night",DK003,18,DK003,,DK,1," 2/27/13"
"Five Satins, The","To The Aisle",SC8182,11,SC8182,,SC,1," 2/27/13"
Fixx,"One Thing Leads To Another",SC8696,15,SC8696,,SC,1," 2/27/13"
"Fixx, The","One Thing Leads To Another",SC8221,9,SC8221,,SC,1," 2/27/13"
"Fixx, The","Red Skies",SC8313,12,SC8313,,SC,1," 2/27/13"
"Fixx, The","Saved By Zero",SAVP40,15,SAVP40,,SA,1," 2/27/13"
"Fixx, The","Stand Or Fall",SC8518,11,SC8518,,SC,1," 2/27/13"
"Fk It",Eamon,PHM0402,9,PHM0402,,PH,1," 2/27/13"
"Flack & Priest","Set The Night To Music",MM6013,1,MM6013,,MM,1," 2/27/13"
"Flack, Robert & Donny Hathaway","Closer I Get To You, The",SC8482,6,SC8482,,SC,1," 2/27/13"
"Flack, Robert & Hathaway, Donny","Closer I Get To You, The",SC7574,14,SC7574,,SC,1," 2/27/13"
"Flack, Roberta","Closer I Get To You, The",MMRB01,2,MMRB01,,MM,1," 2/27/13"
"Flack, Roberta","Feel Like Makin' Love",DKM2017,6,DKM2017,,DK,1," 2/27/13"
"Flack, Roberta","Feel Like Making Love",MMRB2-3,3,MMRB2-3,,MM,1," 2/27/13"
"Flack, Roberta","First Time Ever I Saw Your Face, The",SAVP15,14,SAVP15,,SA,1," 2/27/13"
"Flack, Roberta","Killing Me Softly",DKM2030,4,DKM2030,,DK,1," 2/27/13"
"Flack, Roberta","Killing Me Softly (With His Song)",DK041,9,DK041,,DK,1," 2/27/13"
"Flack, Roberta","Killing Me Softly With His Song",SAVP13,8,SAVP13,,SA,1," 2/27/13"
"Flack, Roberta","You Make Me Feel Brand New",SC8318,14,SC8318,,SC,1," 2/27/13"
"Flack, Roberta & Donny Hathaway","Back Together Again",SF107,4,SF107,,SF,1," 2/27/13"
"Flack, Roberta & Maxi Priest","Set The Night To Music",CBEP471-3,2,CBEP471-3,,CB,1," 2/27/13"
"Flack, Roberta & Peabo Bryson","Tonight I Celebrate My Love",SC8482,9,SC8482,,SC,1," 2/27/13"
Flake,"Johnson, Jack",PHR0207,9,PHR0207,,PH,1," 2/27/13"
"Flaming Lips","She Don't Use Jelly",SC8562,15,SC8562,,SC,1," 2/27/13"
"Flamingos, The","I Only Have Eyes For You",MM6106,14,MM6106,,MM,1," 2/27/13"
"Flamingos, The","Your Other Love",MM6421,14,MM6421,,MM,1," 2/27/13"
Flashdance,"Cara, Irene",KJT08,6,KJT08,,KJ,1," 2/27/13"
"Flatt & Scruggs","Ballad Of Jed Clampett",CBE3-15,11,CBE3-15,,CB,1," 2/27/13"
"Flatt & Scruggs","I'll Go Steppin' Too",CB60060,12,CB60060,,CB,1," 2/27/13"
"Flatt & Scruggs","Mountain Dew",DK084,15,DK084,,DK,1," 2/27/13"
"Flatt & Scruggs","Preachin' Prayin' Singin'",CBEP476-2,16,CBEP476-2,,CB,1," 2/27/13"
"Flatt & Scruggs","Roll In My Sweet Baby's Arms",CBEP451-5,12,CBEP451-5,,CB,1," 2/27/13"
"Flatt & Scruggs","Salty Dog",CBEP451-4,3,CBEP451-4,,CB,1," 2/27/13"
"Flatts, Rascal","Love You Out Loud",CB60246,8,CB60246,,CB,1," 2/27/13"
"Flatts, Rascal","These Days",SD097,4,SD097,,SD,1," 2/27/13"
"Fleetwood Mac","Chain, The",SC8785,13,SC8785,,SC,1," 2/27/13"
"Fleetwood Mac","Chains, The",SC8510,13,SC8510,,SC,1," 2/27/13"
"Fleetwood Mac","Don't Stop",SGB032,13,SGB032,,SG,1," 2/27/13"
"Fleetwood Mac",Dreams,SC7534,12,SC7534,,SC,1," 2/27/13"
"Fleetwood Mac",Everywhere,BL16,10,BL16,,BL,1," 2/27/13"
"Fleetwood Mac","Go Your Own Way",SC8192,14,SC8192,,SC,1," 2/27/13"
"Fleetwood Mac","Gold Dust Woman",SC1999NSC01,13,SC1999NSC01,,SC,1," 2/27/13"
"Fleetwood Mac",Gypsy,SC8305,12,SC8305,,SC,1," 2/27/13"
"Fleetwood Mac","Hold Me",SC8785,11,SC8785,,SC,1," 2/27/13"
"Fleetwood Mac",Hypnotized,SGB04,7,SGB04,,SG,1," 2/27/13"
"Fleetwood Mac",Landslide,BL30,16,BL30,,BL,1," 2/27/13"
"Fleetwood Mac","Little Lies",SF147,7,SF147,,SF,1," 2/27/13"
"Fleetwood Mac","Never Going Back Again",SC8644,1,SC8644,,SC,1," 2/27/13"
"Fleetwood Mac","Oh Daddy",SC2377,5,SC2377,,SC,1," 2/27/13"
"Fleetwood Mac","Over My Head",SC8785,7,SC8785,,SC,1," 2/27/13"
"Fleetwood Mac",Peacekeeper,THP0306,12,THP0306,,TH,1," 2/27/13"
"Fleetwood Mac",Rhiannon,SC8188,12,SC8188,,SC,1," 2/27/13"
"Fleetwood Mac",Sara,SC8785,12,SC8785,,SC,1," 2/27/13"
"Fleetwood Mac","Say You Love Me",SC8785,14,SC8785,,SC,1," 2/27/13"
"Fleetwood Mac","Say You Will",MM6392,8,MM6392,,MM,1," 2/27/13"
"Fleetwood Mac","Second Hand News",SC8785,15,SC8785,,SC,1," 2/27/13"
"Fleetwood Mac","Silver Springs",SC8395,13,SC8395,,SC,1," 2/27/13"
"Fleetwood Mac","You Make Lovin' Fun",DK081,8,DK081,,DK,1," 2/27/13"
"Fleetwood Mac","You Make Loving Fun",SC7577,15,SC7577,,SC,1," 2/27/13"
Fleetwoods,"Mr Blue",MM6400,10,MM6400,,MM,1," 2/27/13"
"Fleetwoods, The","Come Softly To Me",DK059,9,DK059,,DK,1," 2/27/13"
"Fleetwoods, The","Mr. Blue",DK042,17,DK042,,DK,1," 2/27/13"
"Fleming & John","Ugly Girl",SC8565,11,SC8565,,SC,1," 2/27/13"
"Flip Flop Fly","Blues Brothers, The",TU102,4,TU102,,TU,1," 2/27/13"
"Flirts, The","Jukebox Don't Put Another Dime",SC8329,1,SC8329,,SC,1," 2/27/13"
"Flo Rida feat Ne-Yo","Be On You",PHMP0910,2,PHMP0910,,PH,1," 2/27/13"
"Flo Rida Feat Timbaland",Elevator,PHMU0805,3,PHMU0805,,PH,1," 2/27/13"
"Flo Rida Feat Will I AM","In The Ayer",PHMP0809,4,PHMP0809,,PH,1," 2/27/13"
"Flo RidaT-Pain",Low,PHMU0801,4,PHMU0801,,PH,1," 2/27/13"
Flobots,Handlebars,PHMP0808,9,PHMP0808,,PH,1," 2/27/13"
Flobots,Rise,PHMP0811,8,PHMP0811,,PH,1," 2/27/13"
"Flock Of Seagulls","I Ran So Far Away",SC8696,7,SC8696,,SC,1," 2/27/13"
"Flock Of Seagulls, A","I Ran",SC8207,14,SC8207,,SC,1," 2/27/13"
Floetry,Floetic,THH0301,11,THH0301,,TH,1," 2/27/13"
Floetry,"Say Yes",SC8834,5,SC8834,,SC,1," 2/27/13"
"Floetry wvocal","Say Yes",SC3371,12,SC3371,,SC,1," 2/27/13"
"Florence + The Machine","Breath Of Life",PHMP1208,1,PHMP1208,,PH,1," 2/27/13"
"Florence + The Machine","Dog Days Are Over",PHMP1011,3,PHMP1011,,PH,1," 2/27/13"
"Florence + The Machine","No Light, No Light",PHMP1202,3,PHMP1202,,PH,1," 2/27/13"
"Florence + The Machine","What The Water Gave Me",PHMP1112,4,PHMP1112,,PH,1," 2/27/13"
"Flowers Mean Forgiveness","Sinatra, Frank",JV0019,9,JV0019,,JV,1," 2/27/13"
"Floyd, Eddie","Knock On Wood",CBEP459-2,16,CBEP459-2,,CB,1," 2/27/13"
Fly,"Sugar Ray",PHM9709,7,PHM9709,,PH,1," 2/27/13"
"Fly Like An Eagle","Steve Miller Band, The",KC007,8,KC007,,KC,1," 2/27/13"
"Flying Burrito Brothers, The","Dark End Of The Street",DK035,18,DK035,,DK,1," 2/27/13"
"Flying Machine, The","Smile A Little Smile For Me",SC8364,8,SC8364,,SC,1," 2/27/13"
Flyleaf,"All Around Me",PHMP0804,7,PHMP0804,,PH,1," 2/27/13"
Flyleaf,Chasm,PHMP1007,7,PHMP1007,,PH,1," 2/27/13"
"Flynnville Train","Preachin' To The Choir",PHMC1011,9,PHMC1011,,PH,1," 2/27/13"
Flys,"Got You Where I Want You",PHT9812,9,PHT9812,,PH,1," 2/27/13"
"Fm(no Static At All)","Steely Dan",RSZ608,13,RSZ608,,RS,1," 2/27/13"
"Fogelberg, Dan","Hard To Say",SC8577,4,SC8577,,SC,1," 2/27/13"
"Fogelberg, Dan","Language Of Love, The",CBEP467-4,11,CBEP467-4,,CB,1," 2/27/13"
"Fogelberg, Dan","Leader Of The Band",SC8790,14,SC8790,,SC,1," 2/27/13"
"Fogelberg, Dan",Longer,SC7526,5,SC7526,,SC,1," 2/27/13"
"Fogelberg, Dan","Love Like This, A",SC8246,12,SC8246,,SC,1," 2/27/13"
"Fogelberg, Dan","Magic Every Moment",SC8246,13,SC8246,,SC,1," 2/27/13"
"Fogelberg, Dan","Make Love Stay",SC8634,6,SC8634,,SC,1," 2/27/13"
"Fogelberg, Dan","Run For The Roses",SC8207,13,SC8207,,SC,1," 2/27/13"
"Fogelberg, Dan","Same Old Lang Syne",SC8184,5,SC8184,,SC,1," 2/27/13"
"Fogerty, John",Centerfield,SC8264,3,SC8264,,SC,1," 2/27/13"
"Fogerty, John","Old Man Down The Road, The",SC7564,1,SC7564,,SC,1," 2/27/13"
"Fogerty, John",Premonition,SC8478,6,SC8478,,SC,1," 2/27/13"
Foghat,"Fool For The City",SC8539,14,SC8539,,SC,1," 2/27/13"
Foghat,"I Just Want To Make Love To You",SC8334,15,SC8334,,SC,1," 2/27/13"
Foghat,Slowride,SC8210,4,SC8210,,SC,1," 2/27/13"
"Folds, Ben",Brick,CHMP9804,4,CHMP9804,,CH,1," 2/27/13"
"Foley, Red","Alabama Jubilee",CBE4-13,6,CBE4-13,,CB,1," 2/27/13"
"Foley, Red","Chattanoogie Shoe Shine Boy",CBEP451-1,7,CBEP451-1,,CB,1," 2/27/13"
"Foley, Red","Smoke On The Water",CBE4-13,5,CBE4-13,,CB,1," 2/27/13"
"Foley, Red","Sugarfoot Rag",SC8445,3,SC8445,,SC,1," 2/27/13"
"Foley, Red","Tennessee Saturday Night",SC8592,10,SC8592,,SC,1," 2/27/13"
"Folk Implosion","Natural One",SC8254,9,SC8254,,SC,1," 2/27/13"
"Follow Me","Uncle Kracker",SF185,12,SF185,,SF,1," 2/27/13"
"Fontaine Sisters","Hearts Of Stone",CB5013-02,4,CB5013-02,,CB,1," 2/27/13"
"Fontana, Wayne & Mindbenders, The","Game Of Love, The",DK030,6,DK030,,DK,1," 2/27/13"
"Fontana, Wayne & The Mindbenders","Game Of Love",SF046,12,SF046,,SF,1," 2/27/13"
"Fontana, Wayne & The Mindbenders","Game Of Love, The",BL05,13,BL05,,BL,1," 2/27/13"
"Fontane Sisters","Hearts Of Stone",CBE3-16,8,CBE3-16,,CB,1," 2/27/13"
"Foo Fighters","All My Life",CBEP477-5,4,CBEP477-5,,CB,1," 2/27/13"
"Foo Fighters","Big Me",CBE4-09,4,CBE4-09,,CB,1," 2/27/13"
"Foo Fighters","Learn To Fly",CBE3-25,10,CBE3-25,,CB,1," 2/27/13"
"Foo Fighters",Low,THMR0310,3,THMR0310,,TH,1," 2/27/13"
"Foo Fighters","My Hero",SC1999NSC08,13,SC1999NSC08,,SC,1," 2/27/13"
"Foo Fighters","One, The",CBEP477-2,14,CBEP477-2,,CB,1," 2/27/13"
"Foo Fighters","These Days",PHMP1202,1,PHMP1202,,PH,1," 2/27/13"
"Foo Fighters","Times Like These",CBEP477-5,11,CBEP477-5,,CB,1," 2/27/13"
"Foo Fighters",Wheels,PHMP1001,3,PHMP1001,,PH,1," 2/27/13"
"Foo Fighters, The","All My Life",SC8789,9,SC8789,,SC,1," 2/27/13"
"Foo Fighters, The","Big Me",SF049,6,SF049,,SF,1," 2/27/13"
"Foo Fighters, The",Breakout,SF172,6,SF172,,SF,1," 2/27/13"
"Foo Fighters, The","Dig Mc",SC8254,3,SC8254,,SC,1," 2/27/13"
"Foo Fighters, The",Everlong,SC8598,10,SC8598,,SC,1," 2/27/13"
"Foo Fighters, The","I'll Be Coming Home Next Year",MM6325,11,MM6325,,MM,1," 2/27/13"
"Foo Fighters, The","I'll Stick Around",SC8638,6,SC8638,,SC,1," 2/27/13"
"Foo Fighters, The","Learn To Fly",PHM9912,9,PHM9912,,PH,1," 2/27/13"
"Foo Fighters, The","My Hero",SC8453,12,SC8453,,SC,1," 2/27/13"
"Foo Fighters, The","Next Year",SC8637,6,SC8637,,SC,1," 2/27/13"
"Foo Fighters, The","Stacked Actors",SC8595,10,SC8595,,SC,1," 2/27/13"
"Foo Fighters, The","The One",CB30021,13,CB30021,,CB,1," 2/27/13"
"Foo Fighters, The","This Is A Call",SC8199,10,SC8199,,SC,1," 2/27/13"
"Foo Fighters, The","Times Like These (Acoustic Version)",MM6390,5,MM6390,,MM,1," 2/27/13"
"Foo Fighters, The","Walking After You",MM6250,5,MM6250,,MM,1," 2/27/13"
"Foo Fighters, The wvocal","Learn To Fly",PHM9912,18,PHM9912,,PH,1," 2/27/13"
"Foo Fightersÿ","Times Like These",CB30035,11,CB30035,,CB,1," 2/27/13"
"Fool Such As I, A","Williams, Hank",JV0038,7,JV0038,,JV,1," 2/27/13"
Foolish,Ashanti,THH0205,13,THH0205,,TH,1," 2/27/13"
"Foolish Games",Jewel,PHM9708,2,PHM9708,,PH,1," 2/27/13"
Footloose,Footloose,MMBH1-4,4,MMBH1-4,,MM,1," 2/27/13"
"For A Little While","McGraw, Tim",TU100,7,TU100,,TU,1," 2/27/13"
"For All Time",Soluna,PHM0209,8,PHM0209,,PH,1," 2/27/13"
"For Lack Of Better Words","Restless Heart",SC3100,8,SC3100,,SC,1," 2/27/13"
"For My Broken Heart","McEntire, Reba",THMP014,8,THMP014,,TH,1," 2/27/13"
"For Once In My Life","Stevie Wonder",SF073,14,SF073,,SF,1," 2/27/13"
"For The Good Times","Price, Ray",KJT05,7,KJT05,,KJ,1," 2/27/13"
"For You",Staind,THR0204,10,THR0204,,TH,1," 2/27/13"
"For You I Will",Monica,HV06A,8,HV06A,,HV,1," 2/27/13"
"Force MD's","Tender Love",DK023,3,DK023,,DK,1," 2/27/13"
"Force Md's","Tender Love",SC8405,11,SC8405,,SC,1," 2/27/13"
"Ford & Star","I'll Never Be Free",SC8408,11,SC8408,,SC,1," 2/27/13"
"Ford, ''tennessee'' Ernie","Ballad Of Davy Crockett",CBE3-01,5,CBE3-01,,CB,1," 2/27/13"
"Ford, ''tennessee'' Ernie","Sixteen Tons",CBE01,10,CBE01,,CB,1," 2/27/13"
"Ford, ''Tennessee'' Ernie","Sixteen Tons",DK015,16,DK015,,DK,1," 2/27/13"
"Ford, Ford & Ozzy Osborne","Close My Eyes Forever",CBEP471-3,5,CBEP471-3,,CB,1," 2/27/13"
"Ford, Frankie","Sea Cruise",MM6006,10,MM6006,,MM,1," 2/27/13"
"Ford, Lita","Back To The Cave",SC8843,11,SC8843,,SC,1," 2/27/13"
"Ford, Lita","Kiss Me Deadly",DK028,17,DK028,,DK,1," 2/27/13"
"Ford, Lita","Shot Of Poison",SC8600,10,SC8600,,SC,1," 2/27/13"
"Ford, Lita & Ozzy Osbourn","Close My Eyes Forever",SC8346,6,SC8346,,SC,1," 2/27/13"
"Ford, Lita & Ozzy Osbourne","Close My Eyes Forever",SC8848,8,SC8848,,SC,1," 2/27/13"
"Ford, Mary & Les Paul","Vaya Con Dios",SC8521,6,SC8521,,SC,1," 2/27/13"
"Ford, Robin","Ain't Got Nothin' But The Blues",SGB027,4,SGB027,,SG,1," 2/27/13"
"Ford, Tennessee Ernie","Ballad Of Davy Crockett",CB5013-02,5,CB5013-02,,CB,1," 2/27/13"
"Ford, Tennessee Ernie","Country Junction",SC8506,5,SC8506,,SC,1," 2/27/13"
"Ford, Tennessee Ernie","Cry Of The Wild Goose",SC8445,9,SC8445,,SC,1," 2/27/13"
"Ford, Tennessee Ernie","Shot Gun Boogie",SC2155,3,SC2155,,SC,1," 2/27/13"
"Ford, Tennessee Ernie","Sixteen Tons",MM6122,12,MM6122,,MM,1," 2/27/13"
"Ford, Tennessee Ernie","Tennessee Local",CB60135,4,CB60135,,CB,1," 2/27/13"
"Ford, Tennessee Ernie","This Is My Country",CBEP469-4,16,CBEP469-4,,CB,1," 2/27/13"
"Ford, Tennessee Ernie & Kay Starr","Ain't Nobody's Business But My Own",CBEP471-5,17,CBEP471-5,,CB,1," 2/27/13"
"Ford, Willa","Did Ya Understand That",CB30017,9,CB30017,,CB,1," 2/27/13"
"Ford, Willa","Did Ya Understand Thatÿ",CBEP473-1,13,CBEP473-1,,CB,1," 2/27/13"
"Ford, Willa","I Wanna Be Bad",MM6345,13,MM6345,,MM,1," 2/27/13"
Foreigner,"Blue Morning Blue Day",MM6054,10,MM6054,,MM,1," 2/27/13"
Foreigner,"Cold As Ice",SC8648,11,SC8648,,SC,1," 2/27/13"
Foreigner,"Dirty White Boy",SGB14,6,SGB14,,SG,1," 2/27/13"
Foreigner,"Double Vision",SC8684,9,SC8684,,SC,1," 2/27/13"
Foreigner,"Feels Like The First Time",SC7578,15,SC7578,,SC,1," 2/27/13"
Foreigner,"Head Games",SC8721,5,SC8721,,SC,1," 2/27/13"
Foreigner,"Hot Blooded",SC8443,13,SC8443,,SC,1," 2/27/13"
Foreigner,"I Don't Want To Live Without You",DK047,8,DK047,,DK,1," 2/27/13"
Foreigner,"I Wanna Know What Love Is",SF013,1,SF013,,SF,1," 2/27/13"
Foreigner,"I Want To Know What Love Is",SC8354,15,SC8354,,SC,1," 2/27/13"
Foreigner,"Juke Box Hero",SC8721,6,SC8721,,SC,1," 2/27/13"
Foreigner,"Long, Long Way From Home",SC8721,1,SC8721,,SC,1," 2/27/13"
Foreigner,"Say You Will",SC8425,5,SC8425,,SC,1," 2/27/13"
Foreigner,"That Was Yesterday",SF021,3,SF021,,SF,1," 2/27/13"
Foreigner,"Until The End Of Time",SC8156,14,SC8156,,SC,1," 2/27/13"
Foreigner,Urgent,SC8527,5,SC8527,,SC,1," 2/27/13"
Foreigner,"Waiting For A Girl Like You",SC8368,14,SC8368,,SC,1," 2/27/13"
Foreigner,"With Heaven On Our Side",SC8302,1,SC8302,,SC,1," 2/27/13"
"Forester Sisters","You Again",SC1999NSC02,4,SC1999NSC02,,SC,1," 2/27/13"
"Forester Sisters, The","Don't You",SC8676,13,SC8676,,SC,1," 2/27/13"
"Forester Sisters, The","I Fell In Love Again Last Night",SC7551,1,SC7551,,SC,1," 2/27/13"
"Forester Sisters, The","Just In Case",CBE3-03,15,CBE3-03,,CB,1," 2/27/13"
"Forester Sisters, The","Leave It Alone",MM6034,15,MM6034,,MM,1," 2/27/13"
"Forester Sisters, The","Letter Home",SC8628,5,SC8628,,SC,1," 2/27/13"
"Forester Sisters, The","Lonely Alone",SC7569,12,SC7569,,SC,1," 2/27/13"
"Forester Sisters, The","Love Will",CB60103,9,CB60103,,CB,1," 2/27/13"
"Forester Sisters, The","Lyin' In His Arms Again",DK068,2,DK068,,DK,1," 2/27/13"
"Forester Sisters, The","Mama's Never Seen Those Eyes",CBE4-18,5,CBE4-18,,CB,1," 2/27/13"
"Forester Sisters, The",Men,DK098,16,DK098,,DK,1," 2/27/13"
"Forester Sisters, The","Nothing's Gonna Bother Me",CB60094,10,CB60094,,CB,1," 2/27/13"
"Forester Sisters, The","That's What You Do When You're In Love",SC7570,8,SC7570,,SC,1," 2/27/13"
"Forester Sisters, The","Too Much Fun",CB60097,8,CB60097,,CB,1," 2/27/13"
"Forester Sisters, The","What'll You Do About Me",CB60104,12,CB60104,,CB,1," 2/27/13"
Forever,"Kid Rock",THR0202,14,THR0202,,TH,1," 2/27/13"
"Forever And Ever Amen","Travis, Randy",KBA22922,6,KBA22922,,KB,1," 2/27/13"
"Forever And Ever, Amen","Travis, Randy",KJT06,11,KJT06,,KJ,1," 2/27/13"
"Forever Everyday","Womack, Lee Ann",THC0302,16,THC0302,,TH,1," 2/27/13"
"Forever In Blue Jeans","Diamond, Neil",AH7051,4,AH7051,,AH,1," 2/27/13"
"Forever Love","McEntire, Reba",THMP014,4,THMP014,,TH,1," 2/27/13"
"Forever The Sickest Kids","Whoa Oh! (Me vs. Everyone)",PHMP0809,6,PHMP0809,,PH,1," 2/27/13"
"Forever Young","Stewart, Rod",BS6717,5,BS6717,,BS,1," 2/27/13"
"Forever's As Far As I'll Go",Alabama,BS8317,6,BS8317,,BS,1," 2/27/13"
"Forget About Us","McGraw, Tim",TU100,8,TU100,,TU,1," 2/27/13"
"Forget Me Nots","Rushen, Patrice",AH8014,11,AH8014,,AH,1," 2/27/13"
"Formby, George","Leaning On A Lampost...",SF147,2,SF147,,SF,1," 2/27/13"
"Forsberg, Ebba","Hold Me",SC8487,12,SC8487,,SC,1," 2/27/13"
"Forte, Fabian","Turn Me Loose",SC8190,13,SC8190,,SC,1," 2/27/13"
Forthenight,Musiq,PHU0402,2,PHU0402,,PH,1," 2/27/13"
Fortunes,"You've Got Your Troubles",CBEP472-1,16,CBEP472-1,,CB,1," 2/27/13"
"Fortunes, The","Here Comes That Rainy Day Feeling",SC8221,15,SC8221,,SC,1," 2/27/13"
"Fortunes, The","Here Comes That Rainy Day Feeling Again",CBEP464-1,17,CBEP464-1,,CB,1," 2/27/13"
"Fortunes, The","You've Got Your Troubles",SC8651,14,SC8651,,SC,1," 2/27/13"
"Forty Hour Week",Alabama,BS8317,7,BS8317,,BS,1," 2/27/13"
"Foster & Lloyd","Crazy Over You",SC8541,6,SC8541,,SC,1," 2/27/13"
"Foster & Lloyd","Fair Shake",SC8525,4,SC8525,,SC,1," 2/27/13"
"Foster & Lloyd","Sure Thing",SC8582,12,SC8582,,SC,1," 2/27/13"
"Foster & Lloyd","What Do You Want From Me This Time",SC8567,1,SC8567,,SC,1," 2/27/13"
"Foster The People","Don't Stop (Color On The Walls)",PHMP1204,1,PHMP1204,,PH,1," 2/27/13"
"Foster The People","Pumped Up Kicks",PHMP1203,2,PHMP1203,,PH,1," 2/27/13"
"Foster, Radney","Closing Time",SC8275,6,SC8275,,SC,1," 2/27/13"
"Foster, Radney","Easier Said Than Done",CB60163,6,CB60163,,CB,1," 2/27/13"
"Foster, Radney","Everyday Angel",SD099,10,SD099,,SD,1," 2/27/13"
"Foster, Radney","Just Call Me Lonesome",CB60057,8,CB60057,,CB,1," 2/27/13"
"Foster, Radney","Labor Of Love",SC8129,9,SC8129,,SC,1," 2/27/13"
"Foster, Radney","Nobody Wins",SC8157,11,SC8157,,SC,1," 2/27/13"
"Foster, Radney","Running Kind, The",SC8287,10,SC8287,,SC,1," 2/27/13"
"Foster, Radney","Willin' To Walk",SC8160,12,SC8160,,SC,1," 2/27/13"
"Foster, Radney & Georgia Middleman","Scary Old World",SD106,12,SD106,,SD,1," 2/27/13"
"Foster, Radney & Green, Pat","Texas In 1880",SC8723,14,SC8723,,SC,1," 2/27/13"
"Foster, Stephen","Beautiful Dreamer",CBEP469-3,11,CBEP469-3,,CB,1," 2/27/13"
"Foundations, The","Baby, Now That I've Found You",SC8221,8,SC8221,,SC,1," 2/27/13"
"Foundations, The","Build Me Up Buttercup",DK076,11,DK076,,DK,1," 2/27/13"
"Fountains Of Wayne","Mexican Wine",SC3400,7,SC3400,,SC,1," 2/27/13"
"Fountains Of Wayne","Stacy's Mom",SC8905,7,SC8905,,SC,1," 2/27/13"
"Fountains Of Wayne wvocal","Mexican Wine",SC3400,15,SC3400,,SC,1," 2/27/13"
"Four Aces, The","Heart And Soul",SC8288,13,SC8288,,SC,1," 2/27/13"
"Four Aces, The","Heart Of My Heart",SAVP30,14,SAVP30,,SA,1," 2/27/13"
"Four Aces, The","Love Is A Many Splendored Thing",DK007,17,DK007,,DK,1," 2/27/13"
"Four Guys, The","Go Tell It On The Mountain We Wish You",CB60189,15,CB60189,,CB,1," 2/27/13"
"Four Lads, The","Standing On The Corner",SC8396,9,SC8396,,SC,1," 2/27/13"
"Four Pennies, The",Juliet,SF045,5,SF045,,SF,1," 2/27/13"
"Four Preps, The","26 Miles",SAVP30,3,SAVP30,,SA,1," 2/27/13"
"Four Preps, The","Big Man",SF062,3,SF062,,SF,1," 2/27/13"
"Four Preps, The","Down By The Station",SAVP40,4,SAVP40,,SA,1," 2/27/13"
"Four Preps, The",Greensleeves,DK037,16,DK037,,DK,1," 2/27/13"
"Four Preps, The","Organ Grinder's Swing",SAVP36,16,SAVP36,,SA,1," 2/27/13"
"Four Seasons","Big Girls Don't Cry",CB80044,14,CB80044,,CB,1," 2/27/13"
"Four Seasons","Can't Take My Eyes Off Of You",CBEP472-4,8,CBEP472-4,,CB,1," 2/27/13"
"Four Seasons",Dawn,CBE3-17,6,CBE3-17,,CB,1," 2/27/13"
"Four Seasons",Sherry,CB80044,12,CB80044,,CB,1," 2/27/13"
"Four Seasons","Tell It To The Rain",CBEP472-4,11,CBEP472-4,,CB,1," 2/27/13"
"Four Seasons","Walk Like A Man",CB80045,2,CB80045,,CB,1," 2/27/13"
"Four Seasons","Working My Way Back To You",CBEP472-2,12,CBEP472-2,,CB,1," 2/27/13"
"Four Seasons, The","Big Girls Don't Cry",DKM2002,13,DKM2002,,DK,1," 2/27/13"
"Four Seasons, The","Bye Bye Baby",CB90191,14,CB90191,,CB,1," 2/27/13"
"Four Seasons, The","Can't Take My Eyes Off Of You",CB90191,3,CB90191,,CB,1," 2/27/13"
"Four Seasons, The","Candy Girl",CB90191,15,CB90191,,CB,1," 2/27/13"
"Four Seasons, The",Dawn,SC8364,11,SC8364,,SC,1," 2/27/13"
"Four Seasons, The","Dawn (Go Away)",CB90191,4,CB90191,,CB,1," 2/27/13"
"Four Seasons, The","December '63",MMGCP9806,10,MMGCP9806,,MM,1," 2/27/13"
"Four Seasons, The","December '63 (Oh What A Night)",SGB035,7,SGB035,,SG,1," 2/27/13"
"Four Seasons, The","December '63-Oh What A Night",MMBK06,10,MMBK06,,MM,1," 2/27/13"
"Four Seasons, The","December 1963 (Oh What A Night)",CBEP474-2,5,CBEP474-2,,CB,1," 2/27/13"
"Four Seasons, The","December 1963 Oh What A Night",CBEP464-6,13,CBEP464-6,,CB,1," 2/27/13"
"Four Seasons, The","December' 63-Oh What A Night",MMCP2K06,10,MMCP2K06,,MM,1," 2/27/13"
"Four Seasons, The","Let's Hang On",SC7557,10,SC7557,,SC,1," 2/27/13"
"Four Seasons, The","Opus 17 (Don't Worry 'Bout Me)",CB90191,7,CB90191,,CB,1," 2/27/13"
"Four Seasons, The","Rag Doll",DK057,8,DK057,,DK,1," 2/27/13"
"Four Seasons, The",Ronnie,CB90191,9,CB90191,,CB,1," 2/27/13"
"Four Seasons, The",Sherry,SAVP08,16,SAVP08,,SA,1," 2/27/13"
"Four Seasons, The","Walk Like A Man",DK024,16,DK024,,DK,1," 2/27/13"
"Four Seasons, The","Who Loves You",CB90191,13,CB90191,,CB,1," 2/27/13"
"Four Seasons, The","Working My Way Back To You",CBE2-16,11,CBE2-16,,CB,1," 2/27/13"
"Four Tops","Reach Out I'll Be There",CBEP472-2,11,CBEP472-2,,CB,1," 2/27/13"
"Four Tops","Standing In The Shadows Of Love",CBEP472-4,10,CBEP472-4,,CB,1," 2/27/13"
"Four Tops, The","7 Rooms Of Gloom",CBE4-03,2,CBE4-03,,CB,1," 2/27/13"
"Four Tops, The","Ain't No Woman",SC7534,15,SC7534,,SC,1," 2/27/13"
"Four Tops, The","Ain't No Woman Like The One I Got",MM6303,15,MM6303,,MM,1," 2/27/13"
"Four Tops, The","Ain't No Woman Like The One I've Got",CBEP464-4,8,CBEP464-4,,CB,1," 2/27/13"
"Four Tops, The","Baby I Need Your Lovin'",CB80046,15,CB80046,,CB,1," 2/27/13"
"Four Tops, The","Baby, I Need Your Lovin'",SC7532,7,SC7532,,SC,1," 2/27/13"
"Four Tops, The","Baby, I Need Your Loving",MM6303,9,MM6303,,MM,1," 2/27/13"
"Four Tops, The",Bernadette,DK071,9,DK071,,DK,1," 2/27/13"
"Four Tops, The","I Believe In You & Me",MM6110,15,MM6110,,MM,1," 2/27/13"
"Four Tops, The","I Can't Help Myself",SC7202,14,SC7202,,SC,1," 2/27/13"
"Four Tops, The","I Can't Help Myself (Sugar Pie, Honey Bu",SC8110,10,SC8110,,SC,1," 2/27/13"
"Four Tops, The","If I Were A Carpenter",SF065,2,SF065,,SF,1," 2/27/13"
"Four Tops, The","It's The Same Old Song",DK006,12,DK006,,DK,1," 2/27/13"
"Four Tops, The","Keeper Of The Castle",SC8204,3,SC8204,,SC,1," 2/27/13"
"Four Tops, The","Reach Out, I'll Be There",DK006,8,DK006,,DK,1," 2/27/13"
"Four Tops, The","Standing In The Shadows Of Love",DK007,8,DK007,,DK,1," 2/27/13"
"Four Tops, The","Walk Away Renee",SC8110,4,SC8110,,SC,1," 2/27/13"
"Four Tops, The","When She Was My Girl",SF107,12,SF107,,SF,1," 2/27/13"
Fourmost,"Hello Little Girl",SF087,10,SF087,,SF,1," 2/27/13"
Fox,"Sleeping Single In A Single Bed",SF104,11,SF104,,SF,1," 2/27/13"
"Fox, George","I Gave You My Word",MM6199,11,MM6199,,MM,1," 2/27/13"
"Fox, Samantha","I Only Wanna Be With You",DKM2018,15,DKM2018,,DK,1," 2/27/13"
"Fox, Samantha","I Wanna Have Some Fun",SC8333,10,SC8333,,SC,1," 2/27/13"
"Fox, Samantha","Naughty Girls (Need Love Too)",DK042,4,DK042,,DK,1," 2/27/13"
"Fox, Samantha","Touch Me",SC8532,14,SC8532,,SC,1," 2/27/13"
"Foxworthy, Jeff","Here's Your Sign Christmas",CB60210,4,CB60210,,CB,1," 2/27/13"
"Foxworthy, Jeff","Redneck 12 Days Of Christmas",CBEP462-6,16,CBEP462-6,,CB,1," 2/27/13"
"Foxworthy, Jeff, Bill Engvall & Marty St","Blue Collar Dollar",CB60200,6,CB60200,,CB,1," 2/27/13"
"Foxx, Charles & Inez",Mockingbird,SC8206,3,SC8206,,SC,1," 2/27/13"
"Foxy Brown & The Letter M.","I Need A Man",THH0401,9,THH0401,,TH,1," 2/27/13"
"Foxy Lady","Hendrix, Jimi",DG01,1,DG01,,DG,1," 2/27/13"
Fragma,"Toca's Miracle",SF165,2,SF165,,SF,1," 2/27/13"
"Fragma Feat Maria Rubia","Everytime You Need Me",SF176,4,SF176,,SF,1," 2/27/13"
"Frampton, Peter","Baby I Love Your Way",SC8314,14,SC8314,,SC,1," 2/27/13"
"Frampton, Peter","Day In The Sun",SC8272,13,SC8272,,SC,1," 2/27/13"
"Frampton, Peter","I'm In You",CBEP474-6,9,CBEP474-6,,CB,1," 2/27/13"
"Frampton, Peter","Out Of The Blue",SC8238,6,SC8238,,SC,1," 2/27/13"
"Frampton, Peter","Show Me The Way",SC7576,13,SC7576,,SC,1," 2/27/13"
"Francis, Cleve","Love Or The Lack Thereof",SC8135,9,SC8135,,SC,1," 2/27/13"
"Francis, Cleve",Walkin',SC8317,12,SC8317,,SC,1," 2/27/13"
"Francis, Connie","Among My Souvenirs",CB60135,12,CB60135,,CB,1," 2/27/13"
"Francis, Connie","Don't Break The Heart That Loves You",CBEP455-5,11,CBEP455-5,,CB,1," 2/27/13"
"Francis, Connie","Everybody's Somebody's Fool",DK020,11,DK020,,DK,1," 2/27/13"
"Francis, Connie","Lipstick On Your Collar",CB5013-02,17,CB5013-02,,CB,1," 2/27/13"
"Francis, Connie","My Happiness",SC7557,14,SC7557,,SC,1," 2/27/13"
"Francis, Connie","My Heart Has A Mind Of It's Own",CBEP455-2,15,CBEP455-2,,CB,1," 2/27/13"
"Francis, Connie","My Heart Has A Mind Of Its Own",SC8415,15,SC8415,,SC,1," 2/27/13"
"Francis, Connie","Pretty Little Baby",SAVP10,13,SAVP10,,SA,1," 2/27/13"
"Francis, Connie","Stupid Cupid",CBEP454-2,10,CBEP454-2,,CB,1," 2/27/13"
"Francis, Connie","Tennessee Waltz, The",CB60134,12,CB60134,,CB,1," 2/27/13"
"Francis, Connie",Vacation,SAVP01,15,SAVP01,,SA,1," 2/27/13"
"Francis, Connie","Where The Boys Are",CBE2-13,11,CBE2-13,,CB,1," 2/27/13"
"Francis, Connie","Who's Sorry Now",SF014,10,SF014,,SF,1," 2/27/13"
"Francis, Connie wvocal","Lipstick On Your Collar",SC2079,15,SC2079,,SC,1," 2/27/13"
"Frank Ocean",Novacane,PHMU1112,4,PHMU1112,,PH,1," 2/27/13"
"Frank Ocean","Thinkin Bout You",PHMU1211,2,PHMU1211,,PH,1," 2/27/13"
"Frank Sinatra","Ain't She Sweet",CBEP469-1,15,CBEP469-1,,CB,1," 2/27/13"
"Frank Sinatra","High Hopes",CBEP469-5,12,CBEP469-5,,CB,1," 2/27/13"
"Frank Sinatra","It Had To Be You",CBEP469-6,8,CBEP469-6,,CB,1," 2/27/13"
"Frank Sinatra","Love & Marriage",SC8182,13,SC8182,,SC,1," 2/27/13"
"Frank Sinatra","My Way",SC8118,11,SC8118,,SC,1," 2/27/13"
"Frank Sinatra","New York, New York",SC8118,3,SC8118,,SC,1," 2/27/13"
"Frank Sinatra","On The Sunny Side Of The Street",CBEP469-5,4,CBEP469-5,,CB,1," 2/27/13"
"Frank Sinatra","Summer Wind",SC8118,13,SC8118,,SC,1," 2/27/13"
"Frank Sinatra","When You're Smiling (The Whole World Smi",CBEP469-5,1,CBEP469-5,,CB,1," 2/27/13"
Frankee,F.U.R.B.,PHM0406,8,PHM0406,,PH,1," 2/27/13"
"Frankenreiter, Donavon","It Don't Matter",PHR0411,6,PHR0411,,PH,1," 2/27/13"
"Frankenreiter, Donavon & Jack Johnson",Free,PHR0408,1,PHR0408,,PH,1," 2/27/13"
"Frankenreiter, Donavon wvocal","It Don't Matter",PHR0411,15,PHR0411,,PH,1," 2/27/13"
"Frankie Goes To Hollywood","Power Of Love",SF058,9,SF058,,SF,1," 2/27/13"
"Frankie Goes To Hollywood",Relax,SF001,13,SF001,,SF,1," 2/27/13"
"Frankie Goes To Hollywood","Two Tribes",SF056,9,SF056,,SF,1," 2/27/13"
"Frankie J","Don't Wanna Try",THMH0307,14,THMH0307,,TH,1," 2/27/13"
"Frankie J.","Don't Wanna Try",SC8827,9,SC8827,,SC,1," 2/27/13"
"Frankie J. wvocal","Don't Wanna Try",SC3368,11,SC3368,,SC,1," 2/27/13"
"Frankie Valli","My Eyes Adored You",SC8181,14,SC8181,,SC,1," 2/27/13"
"Franklin, Aretha","Ain't No Way",SC8776,5,SC8776,,SC,1," 2/27/13"
"Franklin, Aretha","Baby I Love You",CB90199,14,CB90199,,CB,1," 2/27/13"
"Franklin, Aretha","Chain Of Fools",SC7508,14,SC7508,,SC,1," 2/27/13"
"Franklin, Aretha","Day Dreaming",CB90199,15,CB90199,,CB,1," 2/27/13"
"Franklin, Aretha","Deeper Love, A",SF036,14,SF036,,SF,1," 2/27/13"
"Franklin, Aretha","Do Right Woman, Do Right Man",DK023,15,DK023,,DK,1," 2/27/13"
"Franklin, Aretha","Do Right Woman-Do Right Man",SC8776,7,SC8776,,SC,1," 2/27/13"
"Franklin, Aretha","Don't Play That Song",DK048,12,DK048,,DK,1," 2/27/13"
"Franklin, Aretha","Dr. Feelgood",MM6155,14,MM6155,,MM,1," 2/27/13"
"Franklin, Aretha","Freeway Of Love",SC8223,7,SC8223,,SC,1," 2/27/13"
"Franklin, Aretha","Here We Go Again",SC8478,14,SC8478,,SC,1," 2/27/13"
"Franklin, Aretha","House That Jack Built, The",SD026,13,SD026,,SD,1," 2/27/13"
"Franklin, Aretha","I Knew You Were Waiting",CB90199,12,CB90199,,CB,1," 2/27/13"
"Franklin, Aretha","I Never Loved A Man",MM6067,2,MM6067,,MM,1," 2/27/13"
"Franklin, Aretha","I Never Loved A Man The Way I Love You",CBEP459-5,13,CBEP459-5,,CB,1," 2/27/13"
"Franklin, Aretha","I Never Loved A Man(The Way I Love You)",SC1999NSC03,8,SC1999NSC03,,SC,1," 2/27/13"
"Franklin, Aretha","I'm In Love",SAVP38,6,SAVP38,,SA,1," 2/27/13"
"Franklin, Aretha","It Isn't, It Wasn't, It Ain't Never Gonn",CB90199,13,CB90199,,CB,1," 2/27/13"
"Franklin, Aretha","Natural Woman, A",CBE26,9,CBE26,,CB,1," 2/27/13"
"Franklin, Aretha",Respect,DK039,12,DK039,,DK,1," 2/27/13"
"Franklin, Aretha","Rock Steady",SC8600,13,SC8600,,SC,1," 2/27/13"
"Franklin, Aretha","Rose Is Still A Rose, A",SC3067,7,SC3067,,SC,1," 2/27/13"
"Franklin, Aretha","Share Your Love With Me",CBEP459-2,14,CBEP459-2,,CB,1," 2/27/13"
"Franklin, Aretha","Share Youre Love With Me",CB90199,9,CB90199,,CB,1," 2/27/13"
"Franklin, Aretha","Since You Been Gone (Sweet Sweet Baby)",MMRB2-5,6,MMRB2-5,,MM,1," 2/27/13"
"Franklin, Aretha","Sweet Sweet Baby Since You've Been Gone",CB90199,10,CB90199,,CB,1," 2/27/13"
"Franklin, Aretha",Think,MMRB05,15,MMRB05,,MM,1," 2/27/13"
"Franklin, Aretha","Until You Come Back To Me",CBE4-03,14,CBE4-03,,CB,1," 2/27/13"
"Franklin, Aretha","Who's Zoomin' Who",CB90199,11,CB90199,,CB,1," 2/27/13"
"Franklin, Aretha","Willing To Forgive",SD001,10,SD001,,SD,1," 2/27/13"
"Franklin, Aretha",Wonderful,THH0401,12,THH0401,,TH,1," 2/27/13"
"Franklin, Aretha & Elton John","Through The Storm",CBEP471-3,11,CBEP471-3,,CB,1," 2/27/13"
"Franklin, Aretha & G. Michael","I Knew You Were Waiting For Me",SF011,3,SF011,,SF,1," 2/27/13"
"Franklin, Aretha & George Michael","I Knew You Were Waiting",CBEP471-3,6,CBEP471-3,,CB,1," 2/27/13"
"Franklin, Aretha & George Michael","I Knew You Were Waiting For Me",BL07,10,BL07,,BL,1," 2/27/13"
"Franklin, Arethra","Ain't No Way",SC8841,13,SC8841,,SC,1," 2/27/13"
"Franklin, Arethra","Baby I Love You",SC8841,10,SC8841,,SC,1," 2/27/13"
"Franklin, Arethra","Chain Of Fools",SC8841,5,SC8841,,SC,1," 2/27/13"
"Franklin, Arethra","Day Dreaming",SC8841,3,SC8841,,SC,1," 2/27/13"
"Franklin, Arethra","Do Right Woman-Do Right Man",SC8841,1,SC8841,,SC,1," 2/27/13"
"Franklin, Arethra","Dr. Feelgood",SC8841,14,SC8841,,SC,1," 2/27/13"
"Franklin, Arethra","Freeway Of Love",SC8841,2,SC8841,,SC,1," 2/27/13"
"Franklin, Arethra","I Never Loved A Man (The Way That I Love",SC8841,15,SC8841,,SC,1," 2/27/13"
"Franklin, Arethra","Natural Woman, A",SC8841,8,SC8841,,SC,1," 2/27/13"
"Franklin, Arethra",Respect,SC8841,12,SC8841,,SC,1," 2/27/13"
"Franklin, Arethra","Rock Steady",SC8841,11,SC8841,,SC,1," 2/27/13"
"Franklin, Arethra","Rose Is Still A Rose, A",SC8841,7,SC8841,,SC,1," 2/27/13"
"Franklin, Arethra",Think,SC8841,4,SC8841,,SC,1," 2/27/13"
"Franklin, Arethra","Who's Zoomin' Who",SC8841,6,SC8841,,SC,1," 2/27/13"
"Franz Ferdinand","No You Girls",PHMP0906,5,PHMP0906,,PH,1," 2/27/13"
"Frazier River","Last Request",SC8341,4,SC8341,,SC,1," 2/27/13"
"Frazier River","She Got What She Deserves",MM6143,8,MM6143,,MM,1," 2/27/13"
"Frazier River","Tangled Up In Texas",SC8298,6,SC8298,,SC,1," 2/27/13"
"Freak Me",Silk,NT005,4,NT005,,NT,1," 2/27/13"
"Freak Nasty","Da' Dip",SC8476,5,SC8476,,SC,1," 2/27/13"
"Freak Power","Turn On, Tune In, Cop Out",SF166,4,SF166,,SF,1," 2/27/13"
"Freaking Outÿ",Adema,THR0209,17,THR0209,,TH,1," 2/27/13"
"Freberg, Stan","Nuttin' For Christmas",SC7212,14,SC7212,,SC,1," 2/27/13"
"Fred, John & His Playboy Band","Judy In Disguise",CBEP472-5,15,CBEP472-5,,CB,1," 2/27/13"
"Freddie & Dreamers, The","I'm Telling You Now",DK043,10,DK043,,DK,1," 2/27/13"
"Freddie & The Dreamers","I'm Telling You Now",SC1999NSC03,9,SC1999NSC03,,SC,1," 2/27/13"
"Freddie & The Dreamers","If You Gotta Make A Fool Of Somebody",SF038,12,SF038,,SF,1," 2/27/13"
"Freddie & The Dreamers","You Were Made For Me",SF045,2,SF045,,SF,1," 2/27/13"
"Freddie And The Dreamers","I'm Telling You Now",SC8686,14,SC8686,,SC,1," 2/27/13"
"Freddie Cannon","Way Down Yonder In New Orleans",SF064,13,SF064,,SF,1," 2/27/13"
Free,"All Right Now",DK047,16,DK047,,DK,1," 2/27/13"
Free,Mya,PHM0104,8,PHM0104,,PH,1," 2/27/13"
Free,"Powerman 5000",PHR0307,9,PHR0307,,PH,1," 2/27/13"
Free,"Wishing Well",SF040,15,SF040,,SF,1," 2/27/13"
"Free Fallin'","Petty, Tom",AMS1510,12,AMS1510,,AM,1," 2/27/13"
"Free Movement","I've Found Someone Of My Own",MM6368,10,MM6368,,MM,1," 2/27/13"
"Free To Decide","Cranberries, The",THM9609,8,THM9609,,TH,1," 2/27/13"
"Free, Brian & Assurance","Dare To Be A Daniel",CBEP478-4,12,CBEP478-4,,CB,1," 2/27/13"
"Free, Brian & Assurance","For God So Loved",CBEP466-5,16,CBEP466-5,,CB,1," 2/27/13"
"Free, Brian & Assurance","Jesus Came Out Alive",CBEP466-6,8,CBEP466-6,,CB,1," 2/27/13"
"Free, Brian & Assurance","Old Time Way",CBEP478-1,11,CBEP478-1,,CB,1," 2/27/13"
"Freebish, Dexter","Leaving Town",SC8649,13,SC8649,,SC,1," 2/27/13"
Freechild,Must,THR0211,18,THR0211,,TH,1," 2/27/13"
"Freeman, Bobby","C'mon And Swim",SC8330,13,SC8330,,SC,1," 2/27/13"
"Freeman, Bobby","Do You Wanna Dance",DK049,17,DK049,,DK,1," 2/27/13"
"Freemans, The","Hello In Heaven",CBEP466-3,17,CBEP466-3,,CB,1," 2/27/13"
"Freemans, The","Once Was Enough",CBEP466-3,4,CBEP466-3,,CB,1," 2/27/13"
"Freemans, The","Something Out Of Nothing",CBEP478-5,11,CBEP478-5,,CB,1," 2/27/13"
Freez,"Southern Freez",SF068,5,SF068,,SF,1," 2/27/13"
Freeze,"Pay The Girl",THP0304,17,THP0304,,TH,1," 2/27/13"
"Frehley, Ace","New York Groove",SC8397,10,SC8397,,SC,1," 2/27/13"
"French, Nikki","Total Eclipse Of The Heart",SF020,11,SF020,,SF,1," 2/27/13"
Frente!,"Bizarre Love Triangle",SC8374,14,SC8374,,SC,1," 2/27/13"
Frente!,"Labour Of Love",SC8363,13,SC8363,,SC,1," 2/27/13"
"Fresh Prince, The & Dj Jazzy Jeff","Parents Just Don't Understand",CBE4-10,2,CBE4-10,,CB,1," 2/27/13"
"Freshman, The","Verve Pipe, The",PHM9705,4,PHM9705,,PH,1," 2/27/13"
"Frey, Glen","Heat Is On, The",SC8420,6,SC8420,,SC,1," 2/27/13"
"Frey, Glen","I've Got Mine",SC8270,5,SC8270,,SC,1," 2/27/13"
"Frey, Glen","One You Love, The",AH8004,3,AH8004,,AH,1," 2/27/13"
"Frey, Glen","Party Town",AH8003,2,AH8003,,AH,1," 2/27/13"
"Fricke, Janie","Always Have Always Will",CB90113,10,CB90113,,CB,1," 2/27/13"
"Fricke, Janie","Always Have, Always Will",SC8767,6,SC8767,,SC,1," 2/27/13"
"Fricke, Janie","Do Me With Love",CB90113,8,CB90113,,CB,1," 2/27/13"
"Fricke, Janie","Don't Worry 'bout Me Baby",CB90113,3,CB90113,,CB,1," 2/27/13"
"Fricke, Janie","Down To My Last Broken Heart",CB90113,12,CB90113,,CB,1," 2/27/13"
"Fricke, Janie","Easy To Please",CB90113,13,CB90113,,CB,1," 2/27/13"
"Fricke, Janie","He's A Heartache (Looking For A Place To",SC8398,6,SC8398,,SC,1," 2/27/13"
"Fricke, Janie","I'll Need Someone To Hold Me When I Cry",CB90113,7,CB90113,,CB,1," 2/27/13"
"Fricke, Janie","It Ain't Easy Bein' Easy",SC1999NSC02,9,SC1999NSC02,,SC,1," 2/27/13"
"Fricke, Janie","Let's Stop Talking About It",CB90113,6,CB90113,,CB,1," 2/27/13"
"Fricke, Janie","She's Single Again",CB90113,5,CB90113,,CB,1," 2/27/13"
"Fricke, Janie","Tell Me A Lie",CBE4-17,14,CBE4-17,,CB,1," 2/27/13"
"Fricke, Janie","You Don't Know Love",CB90113,11,CB90113,,CB,1," 2/27/13"
"Fricke, Janie","Your Heart's Not In It",CB90113,9,CB90113,,CB,1," 2/27/13"
"Fricke, Janie & Johnny Duncan",Pride,CB90113,14,CB90113,,CB,1," 2/27/13"
"Fricke, Janie & Merle Haggard","Somebody Else's Fire",CB90113,15,CB90113,,CB,1," 2/27/13"
"Frickie, Janie","Don't Worry 'bout Me Baby",CB60122,12,CB60122,,CB,1," 2/27/13"
"Frickie, Janie","Down To My Last Broken Heart",SC7568,15,SC7568,,SC,1," 2/27/13"
"Frickie, Janie","He's A Heartache",CBE07,2,CBE07,,CB,1," 2/27/13"
"Frickie, Janie","I'll Need Someone To Hold Me When I Cry",MM6126,15,MM6126,,MM,1," 2/27/13"
"Frickie, Janie","It Ain't Easy Bein' Easy",CB60142,14,CB60142,,CB,1," 2/27/13"
"Frickie, Janie","Let's Stop Talkin' About It",CB60124,7,CB60124,,CB,1," 2/27/13"
"Frickie, Janie","She's Single Again",SC8414,14,SC8414,,SC,1," 2/27/13"
"Frickie, Janie","Tell Me A Lie",CB60056,14,CB60056,,CB,1," 2/27/13"
"Frickie, Janie","You Don't Know Love",SC8610,10,SC8610,,SC,1," 2/27/13"
Frida,"I Know There's Something Going On",SC8540,8,SC8540,,SC,1," 2/27/13"
"Friedman, Dean","Lucky Stars",SF104,6,SF104,,SF,1," 2/27/13"
"Friend And Lover","Reach Out In The Darkness",MM6095,1,MM6095,,MM,1," 2/27/13"
"Friend And Lover","Reach Out Of The Darkness",SC8686,15,SC8686,,SC,1," 2/27/13"
"Friend Of The Devil","Grateful Dead, The",AH8010,5,AH8010,,AH,1," 2/27/13"
"Friendly Persuasion","Pat Boone",SF063,7,SF063,,SF,1," 2/27/13"
"Friends & Family","Turner, Trik",THR0204,14,THR0204,,TH,1," 2/27/13"
"Friends In Low Places","Brooks, Garth",KJT06,2,KJT06,,KJ,1," 2/27/13"
"Friends In Low Places (Live Version W~ 3","Brooks, Garth",RSZ610,21,RSZ610,,RS,1," 2/27/13"
"Friends Will Be Friends",Queen,BS8017,10,BS8017,,BS,1," 2/27/13"
"Frizell, David & Shelly West","You're The Reason God Made Oklahoma",SC8128,15,SC8128,,SC,1," 2/27/13"
"Frizzell, David","I'm Gonna Hire A Wino",MM6189,14,MM6189,,MM,1," 2/27/13"
"Frizzell, David & Shelly West","You're The Reason God Made Oklahoma",CB60041,12,CB60041,,CB,1," 2/27/13"
"Frizzell, David & West, Shelly","You're The Reason God Made Oklahoma",SC7516,15,SC7516,,SC,1," 2/27/13"
"Frizzell, Lefty","Always Late",CBE2-02,9,CBE2-02,,CB,1," 2/27/13"
"Frizzell, Lefty","Always Late With Your Kisses",SC8383,15,SC8383,,SC,1," 2/27/13"
"Frizzell, Lefty","Don't Stay Away",CB90103,13,CB90103,,CB,1," 2/27/13"
"Frizzell, Lefty","Forever And Always",CB90103,15,CB90103,,CB,1," 2/27/13"
"Frizzell, Lefty","Give Me More More More Of Your Kisses",SC8509,1,SC8509,,SC,1," 2/27/13"
"Frizzell, Lefty","Give Me More, More, More",CB90103,11,CB90103,,CB,1," 2/27/13"
"Frizzell, Lefty","I Love You A Thousand Ways",CB60133,15,CB60133,,CB,1," 2/27/13"
"Frizzell, Lefty","I Overlooked An Orchid",CB20233,9,CB20233,,CB,1," 2/27/13"
"Frizzell, Lefty","I Want To Be With You Always",SC8445,15,SC8445,,SC,1," 2/27/13"
"Frizzell, Lefty","I'm An Old, Old Man",CB90103,14,CB90103,,CB,1," 2/27/13"
"Frizzell, Lefty","If You've Got The Money, Honey, I've Got",CB20233,12,CB20233,,CB,1," 2/27/13"
"Frizzell, Lefty","If You've Got The Money, I've Got The Ti",CB60027,13,CB60027,,CB,1," 2/27/13"
"Frizzell, Lefty","Long Black Veil",DK068,16,DK068,,DK,1," 2/27/13"
"Frizzell, Lefty","Long Black Veil, The",CB90103,12,CB90103,,CB,1," 2/27/13"
"Frizzell, Lefty","Look What Thoughts Will Do",CB90103,7,CB90103,,CB,1," 2/27/13"
"Frizzell, Lefty","Mom And Dad's Waltz",MM6126,12,MM6126,,MM,1," 2/27/13"
"Frizzell, Lefty","Saginaw Michigan",CB60025,10,CB60025,,CB,1," 2/27/13"
"Frizzell, Lefty","Saginaw, Michigan",CB20233,11,CB20233,,CB,1," 2/27/13"
"Frizzell, Lefty","She's Gone Gone Gone",SC7567,10,SC7567,,SC,1," 2/27/13"
"Frizzell, Lefty","Shine, Shave, Shower (It's Saturday)",CB90103,8,CB90103,,CB,1," 2/27/13"
"Frizzell, Lefty","Travellin' Blues",CB90103,10,CB90103,,CB,1," 2/27/13"
"From The Beginning","Emerson, Lake & Palmer",AH2005,6,AH2005,,AH,1," 2/27/13"
"From This Moment On","Twain, Shania",TUFP07,9,TUFP07,,TU,1," 2/27/13"
"From This Moment On (Country Duet)","Twain, Shania",RSZ605,19,RSZ605,,RS,1," 2/27/13"
"From This Moment On (Solo Mix)","Twain, Shania",PHT9810,5,PHT9810,,PH,1," 2/27/13"
Frozen,Madonna,PHM9804,1,PHM9804,,PH,1," 2/27/13"
"Fruit Bats","You're Too Weird",PHMP1110,6,PHMP1110,,PH,1," 2/27/13"
"Fuck Me Pumps","Winehouse, Amy",XXX001,2,XXX001,,XX,1," 2/27/13"
Fue,"Bad Day",CBEP477-3,3,CBEP477-3,,CB,1," 2/27/13"
Fuel,"Bad Day",SC8717,12,SC8717,,SC,1," 2/27/13"
Fuel,Bittersweet,SC8490,14,SC8490,,SC,1," 2/27/13"
Fuel,"Falls On Me",SC8855,6,SC8855,,SC,1," 2/27/13"
Fuel,"Hemorrhage (In My Hands)",CB30009,7,CB30009,,CB,1," 2/27/13"
Fuel,"Hemorrhage In My Hands",CBEP470-1,7,CBEP470-1,,CB,1," 2/27/13"
Fuel,Innocent,SC8694,10,SC8694,,SC,1," 2/27/13"
Fuel,"Last Time",CBEP477-3,14,CBEP477-3,,CB,1," 2/27/13"
Fuel,"Million Miles",PHR0403,8,PHR0403,,PH,1," 2/27/13"
Fuel,Shimmer,SC8465,11,SC8465,,SC,1," 2/27/13"
Fuel,"Won't Back Down",PHR0304,8,PHR0304,,PH,1," 2/27/13"
"Fuel wvocal","Falls On Me",SC3389,13,SC3389,,SC,1," 2/27/13"
Fugees,"Killing Me Softly",SAVP20,15,SAVP20,,SA,1," 2/27/13"
"Fugees, The","Killing Me Softly",MMRB2-2,15,MMRB2-2,,MM,1," 2/27/13"
"Fugees, The","Killing Me Softly (With His Song)",BL08,15,BL08,,BL,1," 2/27/13"
"Fugees, The","No Woman, No Cry",PHM9609,2,PHM9609,,PH,1," 2/27/13"
"Fugees, The & Lauryn Hill","Killing Me Softly",CB40018,12,CB40018,,CB,1," 2/27/13"
"Full Force Gale","Morrison, Van",BS7417,9,BS7417,,BS,1," 2/27/13"
"Full Monty, The","Big Black Man",SGB066,7,SGB066,,SG,1," 2/27/13"
"Full Monty, The","Big Black Man Wvocals",SGB066,8,SGB066,,SG,1," 2/27/13"
"Fumbling Towards Ecstasy","McLachlan, Sarah",PI051,2,PI051,,PI,1," 2/27/13"
"Fun, Fun, Fun","Beach Boys, The",BS8517,5,BS8517,,BS,1," 2/27/13"
Funkadelic,"One Nation Under A Groove",SC8386,1,SC8386,,SC,1," 2/27/13"
"Funky Nassau","Blues Brothers, The",TU102,5,TU102,,TU,1," 2/27/13"
Funkytown,"Lipps Inc.",AH8014,5,AH8014,,AH,1," 2/27/13"
"Funny Girl","Don't Rain On My Parade",MMBH1-2,6,MMBH1-2,,MM,1," 2/27/13"
"Funny Girl","Happy Days",MMBH1-5,17,MMBH1-5,,MM,1," 2/27/13"
"Funny Girl","My Man",MMBH1-2,15,MMBH1-2,,MM,1," 2/27/13"
"Funny Girl",People,SF008,15,SF008,,SF,1," 2/27/13"
"Funny Girl","Sadie Sadie",MM6175,5,MM6175,,MM,1," 2/27/13"
"Furtado, Nelly","I'm Like A Bird",SC8741,11,SC8741,,SC,1," 2/27/13"
"Furtado, Nelly","On The Radio",MM6359,9,MM6359,,MM,1," 2/27/13"
"Furtado, Nelly","On The Radio (Remember The Days)",CB30023,14,CB30023,,CB,1," 2/27/13"
"Furtado, Nelly",Powerless,SF211,14,SF211,,SF,1," 2/27/13"
"Furtado, Nelly","Powerless (Say What You Want)",THP0401,14,THP0401,,TH,1," 2/27/13"
"Furtado, Nelly","S##T On The Radio",SC8740,8,SC8740,,SC,1," 2/27/13"
"Furtado, Nelly",Try,MM6408,9,MM6408,,MM,1," 2/27/13"
"Furtado, Nelly","Turn Off The Light",SC8720,9,SC8720,,SC,1," 2/27/13"
"Furtado, Nelly","Turn Off The Lights",CB30015,14,CB30015,,CB,1," 2/27/13"
"Furtado, Nelly wvocal","Powerless (Say What You Want)",SC3389,16,SC3389,,SC,1," 2/27/13"
"Fury, Billy","Halfway To Paradise",SF038,5,SF038,,SF,1," 2/27/13"
"Fury, Billy","I'd Never Find Another You",SF038,8,SF038,,SF,1," 2/27/13"
"Fury, Billy",Jealousy,SF044,5,SF044,,SF,1," 2/27/13"
"Fury, Billy","When Will You Say I Love You",SF064,10,SF064,,SF,1," 2/27/13"
"Fury, Billy","Wonderous Place",SF138,13,SF138,,SF,1," 2/27/13"
Future,"Go Harder",PHMU1203,1,PHMU1203,,PH,1," 2/27/13"
Future,"Neva End",PHMU1301,1,PHMU1301,,PH,1," 2/27/13"
Future,"Same Damn Time",PHMU1211,6,PHMU1211,,PH,1," 2/27/13"
Future,"Turn On The Lights",PHMU1212,1,PHMU1212,,PH,1," 2/27/13"
"Future feat T.I.",Magic,PHMU1211,3,PHMU1211,,PH,1," 2/27/13"
"Future Leaders Of The World","Let Me Out",PHR0412,2,PHR0412,,PH,1," 2/27/13"
