"J Cole feat. Trey Songz","Can't Get Enough",PHMU1201,1,PHMU1201,PH,1," 2/27/13"
"J Geils Band","I Do",SC8715,4,SC8715,SC,1," 2/27/13"
"J Metro","My People",PHMU1007,9,PHMU1007,PH,1," 2/27/13"
J'son,"I'll Never Stop Loving You",SC8304,8,SC8304,SC,1," 2/27/13"
J-kwon,Tipsy,SC8865,2,SC8865,SC,1," 2/27/13"
J-Kwon,Tipsy,PHU0405,9,PHU0405,PH,1," 2/27/13"
J-Lo,"I'm Glad",SF206,15,SF206,SF,1," 2/27/13"
"J. Geils Band, The",Centerfold,CBE23,15,CBE23,CB,1," 2/27/13"
"J. Geils Band, The","Flame Thrower",SC8624,11,SC8624,SC,1," 2/27/13"
"J. Geils Band, The",Freeze-Frame,SD026,12,SD026,SD,1," 2/27/13"
"J. Geils Band, The","Love Stinks",SC8527,13,SC8527,SC,1," 2/27/13"
"J. Geils Band, The","Musta Got Lost",SC8231,3,SC8231,SC,1," 2/27/13"
"J. Holiday","It's Yours",PHMU0903,2,PHMU0903,PH,1," 2/27/13"
"J. Holiday",Suffocate,PHMU0801,5,PHMU0801,PH,1," 2/27/13"
J.Cole,"Who Dat",PHMU1008,3,PHMU1008,PH,1," 2/27/13"
"Ja Rule","Clap Back",PHU0403,2,PHU0403,PH,1," 2/27/13"
"Ja Rule","Clap Back, The",SC8858,9,SC8858,SC,1," 2/27/13"
"Ja Rule","Livin' It Up",PHM0202,7,PHM0202,PH,1," 2/27/13"
"Ja Rule","Murder Reigns",PHU0307,4,PHU0307,PH,1," 2/27/13"
"Ja Rule","Reign (Radio Version), The",SC3371,1,SC3371,SC,1," 2/27/13"
"Ja Rule","Thug Lovin'",PHU0302,3,PHU0302,PH,1," 2/27/13"
"Ja Rule & Ashanti","Always On Time",SC8735,7,SC8735,SC,1," 2/27/13"
"Ja Rule & Ashanti",Mesmerize,SF203,12,SF203,SF,1," 2/27/13"
"Ja Rule & Ashanti",Wonderful,PHU0412,9,PHU0412,PH,1," 2/27/13"
"Ja Rule & Bobby Brown","Thug Lovin'",SC8805,9,SC8805,SC,1," 2/27/13"
"Ja Rule & Charli Chuck Baltimore","Down A$$ Chick",SC8766,4,SC8766,SC,1," 2/27/13"
"Ja Rule & Fat Joe & Jadakiss","New York",PHU0502,3,PHU0502,PH,1," 2/27/13"
"Ja Rule & Lil' Mo","I Cry",SC8720,13,SC8720,SC,1," 2/27/13"
"Ja Rule & Mary J. Blige","Rainy Dayz",SC8752,6,SC8752,SC,1," 2/27/13"
"Ja Rule Feat. Milian, Christina","Between Me And You",SC8654,7,SC8654,SC,1," 2/27/13"
"Ja Rule wvocal","Reign (Radio Version), The",SC3371,9,SC3371,SC,1," 2/27/13"
"Ja Rule wvocal","Thug Lovin'",PHU0302,12,PHU0302,PH,1," 2/27/13"
"Jack Ingram","Barbie Doll",PHMC1008,4,PHMC1008,PH,1," 2/27/13"
"Jack Ingram",Free,PHMC1004,4,PHMC1004,PH,1," 2/27/13"
"Jack Ingram","Maybe She'll Get Lonely",PHMC0802,7,PHMC0802,PH,1," 2/27/13"
"Jack Ingram feat Patty Griffin","Seeing Stars",PHMC1001,9,PHMC1001,PH,1," 2/27/13"
"Jack's Mannequin","My Racing Thoughts",PHMP1110,4,PHMP1110,PH,1," 2/27/13"
"Jack's Mannequin","Release Me",PHMP1112,7,PHMP1112,PH,1," 2/27/13"
"Jackie Wilson Said","Dexy's Midnight Runners",AMS1508,3,AMS1508,AM,1," 2/27/13"
"Jacks, Terry","Seasons In The Sun",CBEP464-5,14,CBEP464-5,CB,1," 2/27/13"
"Jackson 5","Dancing Machine",CBEP468-1,1,CBEP468-1,CB,1," 2/27/13"
"Jackson Five, The",Abc,CBE2-19,2,CBE2-19,CB,1," 2/27/13"
"Jackson Five, The",ABC,DK034,7,DK034,DK,1," 2/27/13"
"Jackson Five, The",Abc,SC8863,12,SC8863,SC,1," 2/27/13"
"Jackson Five, The","Enjoy Yourself",SAVP38,2,SAVP38,SA,1," 2/27/13"
"Jackson Five, The","I Want You Back",DK031,9,DK031,DK,1," 2/27/13"
"Jackson Five, The","I'll Be There",CBEP463-2,14,CBEP463-2,CB,1," 2/27/13"
"Jackson Five, The","Love You Save, The",DK075,7,DK075,DK,1," 2/27/13"
"Jackson Five, The","Never Can Say Goodbye",SC8323,1,SC8323,SC,1," 2/27/13"
"Jackson, Alan","Another Good Reason Not To Drink",CB60176,1,CB60176,CB,1," 2/27/13"
"Jackson, Alan","Between The Devil And Me",SC8409,15,SC8409,SC,1," 2/27/13"
"Jackson, Alan","Blues Man, The",CHM0005,11,CHM0005,CH,1," 2/27/13"
"Jackson, Alan","Chasin' That Neon Rainbow",SC8200,9,SC8200,SC,1," 2/27/13"
"Jackson, Alan",Chatahoochie,MMCP2K08,4,MMCP2K08,MM,1," 2/27/13"
"Jackson, Alan",Chattahoochee,DKM2033,14,DKM2033,DK,1," 2/27/13"
"Jackson, Alan",Dallas,MMGCOU04,20,MMGCOU04,MM,1," 2/27/13"
"Jackson, Alan","Don't Rock The Jukebox",MM6002,13,MM6002,MM,1," 2/27/13"
"Jackson, Alan",Drive,SC8798,2,SC8798,SC,1," 2/27/13"
"Jackson, Alan","Drive (For Daddy Gene)",MM6358,13,MM6358,MM,1," 2/27/13"
"Jackson, Alan","Everything I Love",CB60146,14,CB60146,CB,1," 2/27/13"
"Jackson, Alan","Gone Country",SC8152,11,SC8152,SC,1," 2/27/13"
"Jackson, Alan","Gone Crazy",SGB17,10,SGB17,SG,1," 2/27/13"
"Jackson, Alan","Good Time",PHMC0807,4,PHMC0807,PH,1," 2/27/13"
"Jackson, Alan","Here In The Real World",SC8102,15,SC8102,SC,1," 2/27/13"
"Jackson, Alan",Home,CB60146,13,CB60146,CB,1," 2/27/13"
"Jackson, Alan","House With No Curtains, A",MMCOU201,20,MMCOU201,MM,1," 2/27/13"
"Jackson, Alan","I Don't Even Know Your Name",CBEP460-1,4,CBEP460-1,CB,1," 2/27/13"
"Jackson, Alan","I Only Want You For Christmas",CBEP462-6,8,CBEP462-6,CB,1," 2/27/13"
"Jackson, Alan","I'd Love You All Over Again",CBEP453-2,4,CBEP453-2,CB,1," 2/27/13"
"Jackson, Alan","I'll Go On Loving You",CB90004,14,CB90004,CB,1," 2/27/13"
"Jackson, Alan","I'll Try",CB60005,14,CB60005,CB,1," 2/27/13"
"Jackson, Alan","It Must Be Love",CB60200,14,CB60200,CB,1," 2/27/13"
"Jackson, Alan","It's Alright To Be A Redneck",SC8665,15,SC8665,SC,1," 2/27/13"
"Jackson, Alan","I'll Try",CBEP460-1,13,CBEP460-1,CB,1," 2/27/13"
"Jackson, Alan","Job Description",SC8236,4,SC8236,SC,1," 2/27/13"
"Jackson, Alan","Little Bitty",SC8819,12,SC8819,SC,1," 2/27/13"
"Jackson, Alan","Little Man",SC8546,11,SC8546,SC,1," 2/27/13"
"Jackson, Alan","Livin' On Love",SC8819,11,SC8819,SC,1," 2/27/13"
"Jackson, Alan","Love's Got A Hold On You",CB90003,9,CB90003,CB,1," 2/27/13"
"Jackson, Alan","Meat And Potato Man",CB60223,1,CB60223,CB,1," 2/27/13"
"Jackson, Alan","Mercury Blues",CB90003,14,CB90003,CB,1," 2/27/13"
"Jackson, Alan","Midnight In Montgomery",MM6034,9,MM6034,MM,1," 2/27/13"
"Jackson, Alan","Monday Morning Church",PHN0501,2,PHN0501,PH,1," 2/27/13"
"Jackson, Alan","Must've Had A Ball",SC8358,7,SC8358,SC,1," 2/27/13"
"Jackson, Alan","My Own Kind Of Hat",CB60193,13,CB60193,CB,1," 2/27/13"
"Jackson, Alan","Pop A Top",CHM0001,13,CHM0001,CH,1," 2/27/13"
"Jackson, Alan","Remember When",SC8847,7,SC8847,SC,1," 2/27/13"
"Jackson, Alan","Right On The Money",CB90004,15,CB90004,CB,1," 2/27/13"
"Jackson, Alan","Santa's Gonna Come In A Pick-Up Truck",CBEP462-6,1,CBEP462-6,CB,1," 2/27/13"
"Jackson, Alan","Santa's Gonna Come In A Pickup Truck",CB20158,7,CB20158,CB,1," 2/27/13"
"Jackson, Alan","She Just Started Liking Cheatin' Songs",CB60193,1,CB60193,CB,1," 2/27/13"
"Jackson, Alan","She's Got The Rhythm",CB90003,10,CB90003,CB,1," 2/27/13"
"Jackson, Alan","She's Got The Rhythm (And I Got The Blue",SC8819,15,SC8819,SC,1," 2/27/13"
"Jackson, Alan",Someday,MMGCOU05,17,MMGCOU05,MM,1," 2/27/13"
"Jackson, Alan","Someday When Things Are Good",CB90003,6,CB90003,CB,1," 2/27/13"
"Jackson, Alan","Song For The Life",CB60146,15,CB60146,CB,1," 2/27/13"
"Jackson, Alan","Summertime Blues",SD002,12,SD002,SD,1," 2/27/13"
"Jackson, Alan","Tall Tall Trees",MMGCOU03,18,MMGCOU03,MM,1," 2/27/13"
"Jackson, Alan","Tall, Tall Trees",SC8819,14,SC8819,SC,1," 2/27/13"
"Jackson, Alan","Tequila Sunrise",CB90003,15,CB90003,CB,1," 2/27/13"
"Jackson, Alan","That'd Be Alright",THC0304,12,THC0304,TH,1," 2/27/13"
"Jackson, Alan","There Goes",CHM9708,14,CHM9708,CH,1," 2/27/13"
"Jackson, Alan","To Do What I Do",SC8897,7,SC8897,SC,1," 2/27/13"
"Jackson, Alan","Tonight I Climbed The Wall",CB90003,11,CB90003,CB,1," 2/27/13"
"Jackson, Alan","Too Much Of A Good Thing",PHN0409,4,PHN0409,PH,1," 2/27/13"
"Jackson, Alan","Tropical Depression",MM6174,5,MM6174,MM,1," 2/27/13"
"Jackson, Alan","Walk On The Rocks",SC8351,13,SC8351,SC,1," 2/27/13"
"Jackson, Alan",Wanted,SC8215,11,SC8215,SC,1," 2/27/13"
"Jackson, Alan","When Love Comes Around",SC8753,15,SC8753,SC,1," 2/27/13"
"Jackson, Alan","When Somebody Loves You",CB60215,8,CB60215,CB,1," 2/27/13"
"Jackson, Alan","Where I Come From",SC8711,10,SC8711,SC,1," 2/27/13"
"Jackson, Alan","Where Were You",CBE3-11,11,CBE3-11,CB,1," 2/27/13"
"Jackson, Alan","Where Were You (When The World Stopped T",SC8819,8,SC8819,SC,1," 2/27/13"
"Jackson, Alan","Who Says You Can't Have It All",CB90003,13,CB90003,CB,1," 2/27/13"
"Jackson, Alan","Who's Cheatin Who",SC8376,3,SC8376,SC,1," 2/27/13"
"Jackson, Alan","Who's Cheatin' Who",CBEP460-5,14,CBEP460-5,CB,1," 2/27/13"
"Jackson, Alan","Work In Progress",SC8769,9,SC8769,SC,1," 2/27/13"
"Jackson, Alan",Www.memory,CBE2-10,2,CBE2-10,CB,1," 2/27/13"
"Jackson, Alan",www.memory,SD078,2,SD078,SD,1," 2/27/13"
"Jackson, Alan",Www.memory,SC8819,13,SC8819,SC,1," 2/27/13"
"Jackson, Alan","You Can't Give Up On Love",SC8137,15,SC8137,SC,1," 2/27/13"
"Jackson, Alan","You Can't Have It All",SC8112,15,SC8112,SC,1," 2/27/13"
"Jackson, Alan & Alison Krauss","Angles Cried, The",CB60210,10,CB60210,CB,1," 2/27/13"
"Jackson, Alan & George Strait","Designated Drinker",CB60229,11,CB60229,CB,1," 2/27/13"
"Jackson, Alan & George Strait","Murder On Music Row",MM6301,1,MM6301,MM,1," 2/27/13"
"Jackson, Alan & George Strait wvocal","Designated Drinker",SC3300,11,SC3300,SC,1," 2/27/13"
"Jackson, Alan & Jimmy Buffett","It's Five O'clock Somewhere",SC8837,10,SC8837,SC,1," 2/27/13"
"Jackson, Alan & Jimmy Buffett",Margaritaville,CB60192,11,CB60192,CB,1," 2/27/13"
"Jackson, Alan & Jimmy Buffett wvocal","It's Five O'clock Somewhere",PHN0309,13,PHN0309,PH,1," 2/27/13"
"Jackson, Alan & Strait, George","Designated Drinker",SC8745,13,SC8745,SC,1," 2/27/13"
"Jackson, Alan wvocal","Remember When",SC3382,9,SC3382,SC,1," 2/27/13"
"Jackson, Alan wvocal","Too Much Of A Good Thing",PHN0409,13,PHN0409,PH,1," 2/27/13"
"Jackson, Freddie","All Over You",DK074,6,DK074,DK,1," 2/27/13"
"Jackson, Freddie","I Don't Want To Lose Your Love",DK056,5,DK056,DK,1," 2/27/13"
"Jackson, Freddie","Jam Tonight",SC8755,13,SC8755,SC,1," 2/27/13"
"Jackson, Freddie","Love Me Down",SC8606,3,SC8606,SC,1," 2/27/13"
"Jackson, Freddie","Nice N' Slow",SC8405,6,SC8405,SC,1," 2/27/13"
"Jackson, Freddie","Rock Me Tonight",DK056,6,DK056,DK,1," 2/27/13"
"Jackson, Freddie","You Are My Lady",SC8322,3,SC8322,SC,1," 2/27/13"
"Jackson, Germain","Tell Me I'm Not Dreaming",DK046,5,DK046,DK,1," 2/27/13"
"Jackson, J. J.","But It's Alright",CBEP459-2,9,CBEP459-2,CB,1," 2/27/13"
"Jackson, Janet","All For You",CBEP470-1,10,CBEP470-1,CB,1," 2/27/13"
"Jackson, Janet",Alright,CB90174,8,CB90174,CB,1," 2/27/13"
"Jackson, Janet","Any Time, Any Place",CB90174,14,CB90174,CB,1," 2/27/13"
"Jackson, Janet","Black Cat",CB90174,13,CB90174,CB,1," 2/27/13"
"Jackson, Janet","Come Back To Me",CB90174,9,CB90174,CB,1," 2/27/13"
"Jackson, Janet",Control,DK018,3,DK018,DK,1," 2/27/13"
"Jackson, Janet","Doesn't Really Matter",CB30005,1,CB30005,CB,1," 2/27/13"
"Jackson, Janet",Escapade,CB90174,10,CB90174,CB,1," 2/27/13"
"Jackson, Janet",Everytime,SF129,6,SF129,SF,1," 2/27/13"
"Jackson, Janet","Go Deep",SF122,14,SF122,SF,1," 2/27/13"
"Jackson, Janet","I Get Lonely",CBEP458-5,15,CBEP458-5,CB,1," 2/27/13"
"Jackson, Janet","I Want You",PHU0405,7,PHU0405,PH,1," 2/27/13"
"Jackson, Janet",If,CB90174,6,CB90174,CB,1," 2/27/13"
"Jackson, Janet","Just A Little While",PHM0405,6,PHM0405,PH,1," 2/27/13"
"Jackson, Janet","Let's Wait Awhile",CB90174,7,CB90174,CB,1," 2/27/13"
"Jackson, Janet","Love Will Never Do (Without You)",CB90174,5,CB90174,CB,1," 2/27/13"
"Jackson, Janet","Miss You Much",CB90174,4,CB90174,CB,1," 2/27/13"
"Jackson, Janet",Nasty,SAVP41,8,SAVP41,SA,1," 2/27/13"
"Jackson, Janet","Pleasure Principle, The",SC8863,14,SC8863,SC,1," 2/27/13"
"Jackson, Janet","Rhythm Nation",CB90174,1,CB90174,CB,1," 2/27/13"
"Jackson, Janet",Runaway,SC8203,12,SC8203,SC,1," 2/27/13"
"Jackson, Janet","Someone To Call My Love",PHM0109,2,PHM0109,PH,1," 2/27/13"
"Jackson, Janet","Someone To Call My Lover",CBEP473-4,8,CBEP473-4,CB,1," 2/27/13"
"Jackson, Janet","That's The Way Love Goes",MM6021B,15,MM6021B,MM,1," 2/27/13"
"Jackson, Janet","Together Again",SF116,13,SF116,SF,1," 2/27/13"
"Jackson, Janet","Twenty Foreplay",SC8248,9,SC8248,SC,1," 2/27/13"
"Jackson, Janet","What Have You Done For Me",SF011,15,SF011,SF,1," 2/27/13"
"Jackson, Janet","What Have You Done For Me Lately",DK028,13,DK028,DK,1," 2/27/13"
"Jackson, Janet","When I Think Of You",CB90174,15,CB90174,CB,1," 2/27/13"
"Jackson, Janet","You Want This",SC8279,14,SC8279,SC,1," 2/27/13"
"Jackson, Jermaine & Whitney Houston","If You Say My Eyes Are Beautiful",SC8153,8,SC8153,SC,1," 2/27/13"
"Jackson, Joe","Breaking Us In Two",SC8588,6,SC8588,SC,1," 2/27/13"
"Jackson, Joe","Is She Really Going Out With Him",DK052,18,DK052,DK,1," 2/27/13"
"Jackson, Joe","It's Different For Girls",SF105,3,SF105,SF,1," 2/27/13"
"Jackson, Joe","Look Sharp!",SC8719,10,SC8719,SC,1," 2/27/13"
"Jackson, Joe","Steppin' Out",SC8719,11,SC8719,SC,1," 2/27/13"
"Jackson, Mahalia","We Shall Overcome",CBE3-14,15,CBE3-14,CB,1," 2/27/13"
"Jackson, Michael",Bad,SAVP09,4,SAVP09,SA,1," 2/27/13"
"Jackson, Michael","Beat It",DKM2030,5,DKM2030,DK,1," 2/27/13"
"Jackson, Michael","Billie Jean",CBEP467-6,16,CBEP467-6,CB,1," 2/27/13"
"Jackson, Michael","Black Or White",MM6008,15,MM6008,MM,1," 2/27/13"
"Jackson, Michael",Butterflies,CB30019,11,CB30019,CB,1," 2/27/13"
"Jackson, Michael",Childhood,SD015,4,SD015,SD,1," 2/27/13"
"Jackson, Michael",Cry,CB30018,3,CB30018,CB,1," 2/27/13"
"Jackson, Michael","Don't Stop Till You Get Enough",CBEP474-4,9,CBEP474-4,CB,1," 2/27/13"
"Jackson, Michael","Earth Song",BL20,7,BL20,BL,1," 2/27/13"
"Jackson, Michael","Gone Too Soon",SC2010,1,SC2010,SC,1," 2/27/13"
"Jackson, Michael","Heal The World",MM6000,15,MM6000,MM,1," 2/27/13"
"Jackson, Michael","Heaven Can Wait",CB30022,7,CB30022,CB,1," 2/27/13"
"Jackson, Michael","Human Nature",DK028,4,DK028,DK,1," 2/27/13"
"Jackson, Michael","I Just Can't Stop Loving You",SAVP14,8,SAVP14,SA,1," 2/27/13"
"Jackson, Michael","Man In The Mirror",SC8264,10,SC8264,SC,1," 2/27/13"
"Jackson, Michael","One More Chance",SF211,5,SF211,SF,1," 2/27/13"
"Jackson, Michael","P.Y.T. (Pretty Young Thing)",DK037,4,DK037,DK,1," 2/27/13"
"Jackson, Michael","Remember The Time",CBEP458-3,12,CBEP458-3,CB,1," 2/27/13"
"Jackson, Michael","Rock With You",PI005,9,PI005,PI,1," 2/27/13"
"Jackson, Michael","Rockin' Robin",DK077,6,DK077,DK,1," 2/27/13"
"Jackson, Michael","She's Out Of My Life",MM6368,7,MM6368,MM,1," 2/27/13"
"Jackson, Michael",Thriller,SC8086,12,SC8086,SC,1," 2/27/13"
"Jackson, Michael","Way You Make Me Feel, The",SC7549,15,SC7549,SC,1," 2/27/13"
"Jackson, Michael","Will You Be There",MM6027,14,MM6027,MM,1," 2/27/13"
"Jackson, Michael","You Are Not Alone",BL22,12,BL22,BL,1," 2/27/13"
"Jackson, Michael","You Rock My World",SC8726,15,SC8726,SC,1," 2/27/13"
"Jackson, Michael & Diana Ross","Ease On Down The Road",SAVP37,7,SAVP37,SA,1," 2/27/13"
"Jackson, Michael & Janet Jackson",Scream,CBEP471-4,14,CBEP471-4,CB,1," 2/27/13"
"Jackson, Michael & P. Mccartney","Girl Is Mine, The",SC8314,10,SC8314,SC,1," 2/27/13"
"Jackson, Michael & P. McCartney","Girl Is Mine, The",SAVP33,14,SAVP33,SA,1," 2/27/13"
"Jackson, Stonewall","B J The D J",CB80095,1,CB80095,CB,1," 2/27/13"
"Jackson, Stonewall","B. J. The D. J.",SC8419,13,SC8419,SC,1," 2/27/13"
"Jackson, Stonewall","Don't Be Angry",CB80095,14,CB80095,CB,1," 2/27/13"
"Jackson, Stonewall","Life To Go",SC8491,12,SC8491,SC,1," 2/27/13"
"Jackson, Stonewall",Waterloo,CB60132,11,CB60132,CB,1," 2/27/13"
"Jackson, Stonewall","Why I'm Walkin'",SC8509,13,SC8509,SC,1," 2/27/13"
"Jackson, Stonewall","Wound Time Can't Erase, A",SC8555,3,SC8555,SC,1," 2/27/13"
"Jackson, Wanda","In The Middle Of A Heartache",SC7567,14,SC7567,SC,1," 2/27/13"
"Jackson, Wanda","Right Or Wrong",SAVP40,14,SAVP40,SA,1," 2/27/13"
"Jackson, Wanda","Window Up Above, The",CBEP451-3,13,CBEP451-3,CB,1," 2/27/13"
"Jacksons, The","Blame It On The Boogie",BL24,4,BL24,BL,1," 2/27/13"
"Jacksons, The","I Want You Back",SC7548,2,SC7548,SC,1," 2/27/13"
"Jacksons, The","Shake Your Body",SF068,4,SF068,SF,1," 2/27/13"
Jackyl,"Lumberjack, The",SC8660,9,SC8660,SC,1," 2/27/13"
"Jacob Lyda","I'm Doing Alright",PHMC1109,5,PHMC1109,PH,1," 2/27/13"
Jada,"Break Up Song",PHMP1003,8,PHMP1003,PH,1," 2/27/13"
"Jadakiss & Anthony Hamilton",Why,PHU0410,9,PHU0410,PH,1," 2/27/13"
"Jadakiss & Mariah Carey","U Make Me Wanna",PHM0501,5,PHM0501,PH,1," 2/27/13"
"Jadakiss & Nate Dogg","Time's Up",PHU0408,9,PHU0408,PH,1," 2/27/13"
"Jadakiss feat Ayanna Irish","Can't Stop Me",PHMU0904,2,PHMU0904,PH,1," 2/27/13"
"Jadakiss feat Swizz Beatz & OJ Da Juicem","Whos Real",PHMU0908,3,PHMU0908,PH,1," 2/27/13"
Jade,"5432Yo! Time Is Up",MM6091,6,MM6091,MM,1," 2/27/13"
Jade,"Don't Walk Away",SC8374,10,SC8374,SC,1," 2/27/13"
Jade,"Every Day Of The Week",SC8150,14,SC8150,SC,1," 2/27/13"
"Jagged Edge",Baby,PHMU1105,9,PHMU1105,PH,1," 2/27/13"
"Jagged Edge",Goodbye,CB30019,13,CB30019,CB,1," 2/27/13"
"Jagged Edge",Promise,SC8673,8,SC8673,SC,1," 2/27/13"
"Jagged Edge","Walked Outta Heaven",THH0401,11,THH0401,TH,1," 2/27/13"
"Jagged Edge","Walked Outta Heaven (Radio Version)",SC8849,8,SC8849,SC,1," 2/27/13"
"Jagged Edge & Nelly","Where The Party's At",PHM0112,9,PHM0112,PH,1," 2/27/13"
"Jagged Edge wvocal","Walked Outta Heaven (Radio Version)",SC3388,16,SC3388,SC,1," 2/27/13"
"Jagger, Mick","God Gave Me Everything",SC8732,3,SC8732,SC,1," 2/27/13"
"Jagger, Mick","Visions Of Paradise",SC8744,15,SC8744,SC,1," 2/27/13"
"Jaggerz, The","Rapper, The",SC8204,12,SC8204,SC,1," 2/27/13"
Jaheim,Backtight,THH0401,14,THH0401,TH,1," 2/27/13"
Jaheim,"Could It Be",SC8688,13,SC8688,SC,1," 2/27/13"
Jaheim,"Diamond In Da Ruff",PHU0403,5,PHU0403,PH,1," 2/27/13"
Jaheim,Fabulous,PHU0301,2,PHU0301,PH,1," 2/27/13"
Jaheim,"Have You Ever",PHMU0806,9,PHMU0806,PH,1," 2/27/13"
Jaheim,"Ive Changed",PHMU0807,9,PHMU0807,PH,1," 2/27/13"
Jaheim,Never,PHMU0802,9,PHMU0802,PH,1," 2/27/13"
Jaheim,"Put That Woman First",THMH0308,5,THMH0308,TH,1," 2/27/13"
"Jaheim & Next",Anything,CB30022,4,CB30022,CB,1," 2/27/13"
"Jaheim & Tha Rayne",Fabulous,SC8805,11,SC8805,SC,1," 2/27/13"
"Jaheim wvocal",Fabulous,PHU0301,11,PHU0301,PH,1," 2/27/13"
Jaheimÿ,"Put That Woman First",CB30037,13,CB30037,CB,1," 2/27/13"
"Jailhouse Rock","Blues Brothers, The",TU102,9,TU102,TU,1," 2/27/13"
"Jailhouse Rock","Presley, Elvis",ZMP001,2,ZMP001,ZM,1," 2/27/13"
Jaimeson,Complete,SF208,11,SF208,SF,1," 2/27/13"
"Jake Owen","Alone With You",PHMC1201,1,PHMC1201,PH,1," 2/27/13"
"Jake Owen","Barefoot Blue Jean Night",PHMC1109,4,PHMC1109,PH,1," 2/27/13"
"Jake Owen","Don't Think I Can't Love You",PHMC0904,4,PHMC0904,PH,1," 2/27/13"
"Jake Owen","Eight Second Ride",PHMC0909,4,PHMC0909,PH,1," 2/27/13"
"Jake Owen","Something About A Woman",PHMC0804,8,PHMC0804,PH,1," 2/27/13"
"Jake Owen","Tell Me",PHMC1006,3,PHMC1006,PH,1," 2/27/13"
"Jam, The","Going Underground",SF029,15,SF029,SF,1," 2/27/13"
"Jam, The","Town Called Malice, A",SF105,11,SF105,SF,1," 2/27/13"
Jamaica,"Tell Me Where It Hurts",SC8487,15,SC8487,SC,1," 2/27/13"
Jambalaya,"Williams, Hank",JV0038,2,JV0038,JV,1," 2/27/13"
Jamelia,Superstar,SF210,12,SF210,SF,1," 2/27/13"
James,Laid,SC8856,12,SC8856,SC,1," 2/27/13"
James,"Sit Down",SF112,14,SF112,SF,1," 2/27/13"
"James Blunt","Stay The Night",PHMP1104,6,PHMP1104,PH,1," 2/27/13"
"James Brown","I Feel Good",SC8106,8,SC8106,SC,1," 2/27/13"
"James Brown","Papa Don't Take No Mess",SC8386,7,SC8386,SC,1," 2/27/13"
"James Durbin","Love Me Bad",PHMP1204,4,PHMP1204,PH,1," 2/27/13"
"James Gang","Funk #49",SC8724,10,SC8724,SC,1," 2/27/13"
"James Gang, The","Funk #49",DK1109,9,DK1109,DK,1," 2/27/13"
"James Gang, The","Walk Away",DK1109,10,DK1109,DK,1," 2/27/13"
"James Lann","Moving On",PHMC1005,9,PHMC1005,PH,1," 2/27/13"
"James Otto","For You",PHMC0810,9,PHMC0810,PH,1," 2/27/13"
"James Otto","Just Got Started Lovin' You",PHMC0804,3,PHMC0804,PH,1," 2/27/13"
"James Otto","These Are The Good Old Days",PHMC0902,7,PHMC0902,PH,1," 2/27/13"
"James Taylor","Don't Let Me Be Lonely Tonight",SC8188,1,SC8188,SC,1," 2/27/13"
"James Taylor","Fire And Rain",SF166,3,SF166,SF,1," 2/27/13"
"James Taylor","Sweet Baby James",SC8151,9,SC8151,SC,1," 2/27/13"
"James Wesley","Jackson Hole",PHMC1004,6,PHMC1004,PH,1," 2/27/13"
"James Wesley",Real,PHMC1009,1,PHMC1009,PH,1," 2/27/13"
"James, Brett","After All",SD105,11,SD105,SD,1," 2/27/13"
"James, Brett","Chasin' Amy",CB20344,11,CB20344,CB,1," 2/27/13"
"James, Brett","Chasing Amy",MM6362,8,MM6362,MM,1," 2/27/13"
"James, Brett","Chasin' Amy",CB60233,7,CB60233,CB,1," 2/27/13"
"James, Brett","Female Bonding",MM6101,2,MM6101,MM,1," 2/27/13"
"James, Brett","Worth The Fall",SC8239,10,SC8239,SC,1," 2/27/13"
"James, Elmore","Dust My Broom",SC8814,11,SC8814,SC,1," 2/27/13"
"James, Etta","At Last",SC8575,3,SC8575,SC,1," 2/27/13"
"James, Etta","Damn Your Eyes",MM6155,13,MM6155,MM,1," 2/27/13"
"James, Etta","Feel Like Breakin' Up...",MM6155,12,MM6155,MM,1," 2/27/13"
"James, Etta","I Just Wanna Make Love To You",SF034,12,SF034,SF,1," 2/27/13"
"James, Etta","I Just Want To Make Love To You",SC8600,15,SC8600,SC,1," 2/27/13"
"James, Etta","I'd Rather Go Blind",SC8814,10,SC8814,SC,1," 2/27/13"
"James, Etta","Sunday Kind Of Love",MM6393,2,MM6393,MM,1," 2/27/13"
"James, Harry & His Orchestra","You Made Me Love You",CBEP469-3,8,CBEP469-3,CB,1," 2/27/13"
"James, Joni","Why Don't You Believe Me",SC8415,10,SC8415,SC,1," 2/27/13"
"James, Rick","Give It To Me Baby",SC8333,3,SC8333,SC,1," 2/27/13"
"James, Rick","Super Freak",SC7542,13,SC7542,SC,1," 2/27/13"
"James, Rick",Superfreak,MMGCP9801,10,MMGCP9801,MM,1," 2/27/13"
"James, Sonny","Behind The Tear",SC8538,13,SC8538,SC,1," 2/27/13"
"James, Sonny","Born To Be With You",CB90090,8,CB90090,CB,1," 2/27/13"
"James, Sonny","Bright Lights, Big City",CB90090,12,CB90090,CB,1," 2/27/13"
"James, Sonny","Don't Keep Me Hangin' On",CBEP452-1,13,CBEP452-1,CB,1," 2/27/13"
"James, Sonny","Empty Arms",CB90090,11,CB90090,CB,1," 2/27/13"
"James, Sonny",Endlessly,CB80101,15,CB80101,CB,1," 2/27/13"
"James, Sonny","Heaven Says Hello",CB90090,7,CB90090,CB,1," 2/27/13"
"James, Sonny","I'll Never Find Another You",SC8555,15,SC8555,SC,1," 2/27/13"
"James, Sonny","It's The Little Things",SC7558,14,SC7558,SC,1," 2/27/13"
"James, Sonny","My Love",CB90090,14,CB90090,CB,1," 2/27/13"
"James, Sonny","Running Bear",CB60131,14,CB60131,CB,1," 2/27/13"
"James, Sonny","Since I Met You Baby",SC8392,1,SC8392,SC,1," 2/27/13"
"James, Sonny","Take Good Care Of Her",CB90090,5,CB90090,CB,1," 2/27/13"
"James, Sonny","World Of Our Own, A",CB90090,2,CB90090,CB,1," 2/27/13"
"James, Sonny","You're The Only World I Know",CB90090,13,CB90090,CB,1," 2/27/13"
"James, Sonny","Young Love",MMGCP9804,15,MMGCP9804,MM,1," 2/27/13"
"James, Tommy","Crystal Blue Persuasion",SGB049,4,SGB049,SG,1," 2/27/13"
"James, Tommy & Shondells","Crystal Blue Persuasion",CBE3-18,4,CBE3-18,CB,1," 2/27/13"
"James, Tommy & Shondells, The","Crimson And Clover",DK034,14,DK034,DK,1," 2/27/13"
"James, Tommy & Shondells, The","Crystal Blue Persuasion",DK083,8,DK083,DK,1," 2/27/13"
"James, Tommy & Shondells, The","Hanky Panky",DK066,12,DK066,DK,1," 2/27/13"
"James, Tommy & Shondells, The","I Think We're Alone Now",SC7560,9,SC7560,SC,1," 2/27/13"
"James, Tommy & The Shondells","Crimson And Clover",CBEP472-6,7,CBEP472-6,CB,1," 2/27/13"
"James, Tommy & The Shondells","Crystal Blue Persuasion",SC8679,15,SC8679,SC,1," 2/27/13"
"James, Tommy & The Shondells","Draggin' The Line",SC8439,2,SC8439,SC,1," 2/27/13"
"James, Tommy & The Shondells","Hanky Panky",MMOLD01,19,MMOLD01,MM,1," 2/27/13"
"James, Tommy & The Shondells","I Think We're Alone Now",CBEP472-4,15,CBEP472-4,CB,1," 2/27/13"
"James, Tommy & The Shondells","Mony Mony",SC8441,12,SC8441,SC,1," 2/27/13"
"Jamey Johnson",Heartache,PHMC1104,3,PHMC1104,PH,1," 2/27/13"
"Jamey Johnson","High Cost Of Living",PHMC0905,6,PHMC0905,PH,1," 2/27/13"
"Jamey Johnson",Macon,PHMC1009,5,PHMC1009,PH,1," 2/27/13"
"Jamey Johnson","My Way To You",PHMC0912,9,PHMC0912,PH,1," 2/27/13"
"Jamey Johnson","Playing The Part",PHMC1011,4,PHMC1011,PH,1," 2/27/13"
"Jamie Cullum",Wheels,PHMP1009,9,PHMP1009,PH,1," 2/27/13"
"Jamie Foxx","Fly Love",PHMU1107,6,PHMU1107,PH,1," 2/27/13"
"Jamie Foxx feat Drake","Fall For Your Type",PHMU1102,2,PHMU1102,PH,1," 2/27/13"
"Jamie Foxx Feat T-Pain","Blame It",PHMU0903,4,PHMU0903,PH,1," 2/27/13"
"Jamie O'Neal","Soldier Comin' Home",PHMC0910,9,PHMC0910,PH,1," 2/27/13"
"Jamie ONeal","Like A Woman",PHMC0902,6,PHMC0902,PH,1," 2/27/13"
"Jamie's Cryin'","Van Halen",AH8004,6,AH8004,AH,1," 2/27/13"
Jamiroquai,"Canned Heat",SF140,4,SF140,SF,1," 2/27/13"
Jamiroquai,"Virtual Insanity",SC8389,10,SC8389,SC,1," 2/27/13"
"Jan & Dean","Dead Man's Curve",SC8258,10,SC8258,SC,1," 2/27/13"
"Jan & Dean","Drag City",SC8202,10,SC8202,SC,1," 2/27/13"
"Jan & Dean","Little Old Lady From Pasadena, The",SC8202,15,SC8202,SC,1," 2/27/13"
"Jan & Dean","Surf City",SC8651,12,SC8651,SC,1," 2/27/13"
Jana,"Ooh Baby, Baby",SC8542,13,SC8542,SC,1," 2/27/13"
"Jana Kramer","I Won't Give Up",PHMC1105,9,PHMC1105,PH,1," 2/27/13"
Jane,"Barenaked Ladies",RSZ604,7,RSZ604,RS,1," 2/27/13"
"Jane's Addiction","Been Caught Stealing",SC8466,2,SC8466,SC,1," 2/27/13"
"Jane's Addiction","Irresistible Force",PHMP1201,3,PHMP1201,PH,1," 2/27/13"
"Jane's Addiction","Jane Says",SC8603,4,SC8603,SC,1," 2/27/13"
"Jane's Addiction","Just Because",PHR0309,4,PHR0309,PH,1," 2/27/13"
"Jane's Addiction","True Nature",THR0401,14,THR0401,TH,1," 2/27/13"
Janet,"All For You",MM6335,1,MM6335,MM,1," 2/27/13"
Janet,"Doesn't Really Matter",MMRB02,9,MMRB02,MM,1," 2/27/13"
Janet,"Go Deep",PHM9809,4,PHM9809,PH,1," 2/27/13"
Janet,"Son Of A Gun (P Diddy Remix)",PHM0202,5,PHM0202,PH,1," 2/27/13"
"Janet Jackson",Again,SC8113,12,SC8113,SC,1," 2/27/13"
"Janet Jackson","Because Of Love",SC8113,6,SC8113,SC,1," 2/27/13"
"Janet Jackson","Dosen't Really Matter",SF170,7,SF170,SF,1," 2/27/13"
"Janet Jackson",Feedback,PHMP0804,3,PHMP0804,PH,1," 2/27/13"
"Janet Jackson","Let's Wait Awhile",SC8126,15,SC8126,SC,1," 2/27/13"
"Janet Jackson",Luv,PHMU0805,2,PHMU0805,PH,1," 2/27/13"
"Janet Jackson","When I Think Of You",SC8391,14,SC8391,SC,1," 2/27/13"
"Janet, Joanna","Seven Little Steps",SC3334,6,SC3334,SC,1," 2/27/13"
"Janet, Joanna","Since I've Seen You Last",CB60232,8,CB60232,CB,1," 2/27/13"
January,Pilot,SF071,8,SF071,SF,1," 2/27/13"
Jarmels,"Little Bit Of Soap, A",MM6401,6,MM6401,MM,1," 2/27/13"
"Jaron and the Long Road to Love","That's Beautiful To Me",PHMC1011,7,PHMC1011,PH,1," 2/27/13"
"Jarreau, Al","Boogie Down",SC8667,6,SC8667,SC,1," 2/27/13"
"Jarreau, Al","Wait For The Magic",SC8244,11,SC8244,SC,1," 2/27/13"
"Jarreau, Al","We're In This Love Together",SAVP25,17,SAVP25,SA,1," 2/27/13"
"Jars Of Clay",Flood,SC8661,11,SC8661,SC,1," 2/27/13"
"Jason Aldean","Big Green Tractor",PHMC0908,1,PHMC0908,PH,1," 2/27/13"
"Jason Aldean","Crazy Town",PHMC1007,5,PHMC1007,PH,1," 2/27/13"
"Jason Aldean","The Truth",PHMC0912,4,PHMC0912,PH,1," 2/27/13"
"Jason Michael Carroll","Hurry Home",PHMC0910,7,PHMC0910,PH,1," 2/27/13"
"Jason Michael Carroll","I Can Sleep When I'm Dead",PHMC0806,7,PHMC0806,PH,1," 2/27/13"
"Jason Michael Carroll","Where I'm From",PHMC0902,9,PHMC0902,PH,1," 2/27/13"
"Jason Nelson","Shifting The Atmosphere",PHMU1211,8,PHMU1211,PH,1," 2/27/13"
Javier,Crazy,THH0309,8,THH0309,TH,1," 2/27/13"
Javine,"Real Things",SF207,13,SF207,SF,1," 2/27/13"
Javine,Surrender,SF211,11,SF211,SF,1," 2/27/13"
"Jay & Americans, The","Come A Little Bit Closer",DK051,17,DK051,DK,1," 2/27/13"
"Jay & Americans, The","This Magic Moment",DK016,13,DK016,DK,1," 2/27/13"
"Jay & Techniques, The","Keep The Ball Rollin'",SAVP27,4,SAVP27,SA,1," 2/27/13"
"Jay & The Americans","Cara Mia",MMGOLD04,9,MMGOLD04,MM,1," 2/27/13"
"Jay & The Americans","Come A Little Bit Closer",DKM2015,14,DKM2015,DK,1," 2/27/13"
"Jay & The Americans","She Cried",SC8686,5,SC8686,SC,1," 2/27/13"
"Jay & The Americans","This Magic Moment",DKM2026,12,DKM2026,DK,1," 2/27/13"
"Jay & The Techniques","Apples, Peaches, Pumpkin Pie",CBEP459-4,11,CBEP459-4,CB,1," 2/27/13"
"Jay Tee feat. Young Dru & Baby Bash","Show Girl",PHMU1212,8,PHMU1212,PH,1," 2/27/13"
"Jay Z","Dirt Off Your Shoulder",PHU0404,5,PHU0404,PH,1," 2/27/13"
"Jay Z feat Alicia Keys","Empire State Of Mind",PHMU0912,1,PHMU0912,PH,1," 2/27/13"
"Jay Z feat Mr. Hudson","Young Forever",PHMP1005,2,PHMP1005,PH,1," 2/27/13"
"Jay Z feat Young Jeezy","Real As It Gets",PHMU0912,8,PHMU0912,PH,1," 2/27/13"
Jay-Z,"99 Problems",SC8902,12,SC8902,SC,1," 2/27/13"
Jay-Z,"Big Pimpin'",SC8656,1,SC8656,SC,1," 2/27/13"
Jay-Z,"Can I Get A....",SC8612,11,SC8612,SC,1," 2/27/13"
Jay-Z,"Change Clothes",SC8864,6,SC8864,SC,1," 2/27/13"
Jay-Z,"Dirt Off Your Shoulder",SC8878,10,SC8878,SC,1," 2/27/13"
Jay-z,"Excuse Me Miss",PHU0305,3,PHU0305,PH,1," 2/27/13"
Jay-Z,"Excuse Me Miss",SC8822,9,SC8822,SC,1," 2/27/13"
Jay-Z,"Girls Girls Girls",SC8731,2,SC8731,SC,1," 2/27/13"
Jay-Z,"Just Wanna Love U (Give It 2 Me)",SC8659,8,SC8659,SC,1," 2/27/13"
Jay-Z,"Roc Boys",PHMU0801,6,PHMU0801,PH,1," 2/27/13"
"Jay-Z & Beyonce","03 Bonnie & Clyde",MM6380A,5,MM6380A,MM,1," 2/27/13"
"Jay-Z & Beyonce Knowles","'03 Bonnie & Clyde",SC8853,2,SC8853,SC,1," 2/27/13"
"Jay-Z & Beyonce Knowles","03 Bonnie & Clyde",PHU0301,5,PHU0301,PH,1," 2/27/13"
"Jay-Z & Beyonce Knowles","Modern Day Bonnie & Clyde",THH0302,10,THH0302,TH,1," 2/27/13"
"Jay-Z & Beyonce Knowles","Modern Day Bonnie And Clyde",SC8801,5,SC8801,SC,1," 2/27/13"
"Jay-Z & Beyonce Knowles wvocal","03 Bonnie & Clyde",PHU0301,14,PHU0301,PH,1," 2/27/13"
"Jay-Z & Swizz Beatz","On To The Next One",PHMU1004,2,PHMU1004,PH,1," 2/27/13"
"Jay-Z feat Pharrell","I Know",PHMU0803,2,PHMU0803,PH,1," 2/27/13"
"Jay-z wvocal","Excuse Me Miss",PHU0305,12,PHU0305,PH,1," 2/27/13"
"Jay-Z, Rihanna & Kanye West","Run This Town",PHMP0911,2,PHMP0911,PH,1," 2/27/13"
"Jayhawks, The","I'm Gonna Make You Love Me",SC8622,14,SC8622,SC,1," 2/27/13"
"Jayme Lynn Scott","Diggin' In",PHMC1010,8,PHMC1010,PH,1," 2/27/13"
"Jaynetts, The","Sally Go Round The Roses",CBEP459-4,17,CBEP459-4,CB,1," 2/27/13"
"Jazmine Sullivan","10 Seconds",PHMU1101,4,PHMU1101,PH,1," 2/27/13"
"Jazmine Sullivan","10 Seconds (MPX)",PHMU1101,13,PHMU1101,PH,1," 2/27/13"
"Jazmine Sullivan","Bust Your Windows",PHMU0901,2,PHMU0901,PH,1," 2/27/13"
"Jazmine Sullivan","Excuse Me",PHMU1104,8,PHMU1104,PH,1," 2/27/13"
"Jazmine Sullivan","In Love With Another Man",PHMU0906,9,PHMU0906,PH,1," 2/27/13"
"Jazmine Sullivan","Lions, Tigers & Bears",PHMU0902,8,PHMU0902,PH,1," 2/27/13"
"Jazmine Sullivan","Love Will Stay The Same",PHMU1008,9,PHMU1008,PH,1," 2/27/13"
"Jazzy Jeff & Fresh Prince","Boom Shake The Room",SF050,14,SF050,SF,1," 2/27/13"
"Jealous Again","Black Crowes, The",DG04,15,DG04,DG,1," 2/27/13"
"Jealous Guy","Lennon, John",RSZ607,16,RSZ607,RS,1," 2/27/13"
"Jean, Wyclef","Two Wrongs",PHU0211,4,PHU0211,PH,1," 2/27/13"
"Jean, Wyclef & Claudette Ortiz","Two Wrongs",SC8773,10,SC8773,SC,1," 2/27/13"
"Jean, Wyclef & Missy Elliott","Party To Damascus",PHU0401,4,PHU0401,PH,1," 2/27/13"
"Jean, Wyclef wvocal","Two Wrongs",PHU0211,13,PHU0211,PH,1," 2/27/13"
"Jeannie C Riley","Harper Valley Pta",SC8114,9,SC8114,SC,1," 2/27/13"
"Jeff Allen","A Little Less Lonely",PHMC1205,6,PHMC1205,PH,1," 2/27/13"
"Jeff Healy Band, The","Angel Eyes",SC7545,11,SC7545,SC,1," 2/27/13"
"Jeff Healy Band, The","Confidence Man",AH8017,3,AH8017,AH,1," 2/27/13"
"Jeff Healy Band, The","I Think I Love You Too Much",DK048,6,DK048,DK,1," 2/27/13"
"Jeff Healy Band, The","Lost In Your Eyes",SC8270,10,SC8270,SC,1," 2/27/13"
"Jefferson Airplane","Somebody To Love",DK011,15,DK011,DK,1," 2/27/13"
"Jefferson Airplane",Volunteers,SC8861,5,SC8861,SC,1," 2/27/13"
"Jefferson Airplane","White Rabbit",DK053,13,DK053,DK,1," 2/27/13"
"Jefferson Starship","Count On Me",SC8314,6,SC8314,SC,1," 2/27/13"
"Jefferson Starship","Find Your Way Back",SC8580,2,SC8580,SC,1," 2/27/13"
"Jefferson Starship",Jane,SC8658,4,SC8658,SC,1," 2/27/13"
"Jefferson Starship",Miracles,SC8658,15,SC8658,SC,1," 2/27/13"
"Jefferson Starship","Nothing's Gonna Stop Us Now",BL19,7,BL19,BL,1," 2/27/13"
"Jefferson Starship",Runaway,SC7561,4,SC7561,SC,1," 2/27/13"
"Jefferson, Paul","Check Please",MMGCOU03,11,MMGCOU03,MM,1," 2/27/13"
"Jefferson, Paul","Fear Of A Broken Heart",SC8311,8,SC8311,SC,1," 2/27/13"
"Jefferson, Paul","I Might Just Make It",MM6179,13,MM6179,MM,1," 2/27/13"
"Jelly Beans, The","I Wanna Love Him So Bad",SC8599,2,SC8599,SC,1," 2/27/13"
Jenai,"Cool Me Down",SD104,13,SD104,SD,1," 2/27/13"
Jenai,"South Side Stomp",CB60238,6,CB60238,CB,1," 2/27/13"
"Jenai wvocal","Cool Me Down",SC3342,13,SC3342,SC,1," 2/27/13"
Jenkins,"Blame It On Mama",MM6416,11,MM6416,MM,1," 2/27/13"
"Jenkins, The","Blame It On Mama",PHN0406,8,PHN0406,PH,1," 2/27/13"
"Jennifer Hudson","I Remember Me",PHMU1111,9,PHMU1111,PH,1," 2/27/13"
"Jennifer Hudson","If This Isnt Love",PHMU0902,2,PHMU0902,PH,1," 2/27/13"
"Jennifer Hudson",Spotlight,PHMU0809,2,PHMU0809,PH,1," 2/27/13"
"Jennifer Hudson","Where You At",PHMU1104,1,PHMU1104,PH,1," 2/27/13"
"Jennifer Hudson Feat Fantasia","I'm His Only Woman",PHMU0903,8,PHMU0903,PH,1," 2/27/13"
"Jennifer Lopez","Do It Well",PHMP0804,6,PHMP0804,PH,1," 2/27/13"
"Jennifer Lopez","Lets Get Loud",SF168,15,SF168,SF,1," 2/27/13"
"Jennings & Carter","I Got You",MM6314,2,MM6314,MM,1," 2/27/13"
"Jennings & Nelson","Always On My Mind",CB90042,10,CB90042,CB,1," 2/27/13"
"Jennings & Nelson","Angel Flying Too Close To The Ground",CB90042,14,CB90042,CB,1," 2/27/13"
"Jennings & Nelson","Are You Sure Hank Done It This Way",CB90042,2,CB90042,CB,1," 2/27/13"
"Jennings & Nelson","Blue Eyes Crying In The Rain",CB90042,11,CB90042,CB,1," 2/27/13"
"Jennings & Nelson","City Of New Orleans",CB90042,15,CB90042,CB,1," 2/27/13"
"Jennings & Nelson","Good Hearted Woman, A",CB90042,1,CB90042,CB,1," 2/27/13"
"Jennings & Nelson","Good Ol' Boys",CB90042,3,CB90042,CB,1," 2/27/13"
"Jennings & Nelson","I'm A Ramblin' Man",CB90042,4,CB90042,CB,1," 2/27/13"
"Jennings & Nelson","I've Always Been Crazy",CB90042,5,CB90042,CB,1," 2/27/13"
"Jennings & Nelson","Lovin' Her Was Easier",CB90042,6,CB90042,CB,1," 2/27/13"
"Jennings & Nelson","Luckenbach, Texas",CB90042,7,CB90042,CB,1," 2/27/13"
"Jennings & Nelson","Mammas Don't Let Your Babies Grow Up To",CB90042,8,CB90042,CB,1," 2/27/13"
"Jennings & Nelson","On The Road Again",CB90042,12,CB90042,CB,1," 2/27/13"
"Jennings & Nelson","Whiskey River",CB90042,13,CB90042,CB,1," 2/27/13"
"Jennings & Nelson","Wurlitzer Prize, The",CB90042,9,CB90042,CB,1," 2/27/13"
"Jennings, Nelson, Cash & Kristofferson",Highwayman,SC8561,11,SC8561,SC,1," 2/27/13"
"Jennings, Waylon",Amanda,SC8431,12,SC8431,SC,1," 2/27/13"
"Jennings, Waylon",America,SC7569,4,SC7569,SC,1," 2/27/13"
"Jennings, Waylon","Are You Sure Hank Done It This Way",SC8276,9,SC8276,SC,1," 2/27/13"
"Jennings, Waylon",Clyde,SC7551,12,SC7551,SC,1," 2/27/13"
"Jennings, Waylon","Come With Me",CB60168,8,CB60168,CB,1," 2/27/13"
"Jennings, Waylon","Cowboy Movies",SC8309,12,SC8309,SC,1," 2/27/13"
"Jennings, Waylon","Drinkin' And Dreamin'",SC7568,6,SC7568,SC,1," 2/27/13"
"Jennings, Waylon","Dukes Of Hazzard Theme",SC8365,1,SC8365,SC,1," 2/27/13"
"Jennings, Waylon","Good Hearted Woman",SAVP04,5,SAVP04,SA,1," 2/27/13"
"Jennings, Waylon","Good Hearted Woman, A",DK006,17,DK006,DK,1," 2/27/13"
"Jennings, Waylon","Good Ol' Boys",SC8435,21,SC8435,SC,1," 2/27/13"
"Jennings, Waylon","Good Ol' Boys (Theme From The Dukes Of H",SC2163,7,SC2163,SC,1," 2/27/13"
"Jennings, Waylon","I Ain't Living Long Like This",SC8604,9,SC8604,SC,1," 2/27/13"
"Jennings, Waylon","I'm A Ramblin' Man",MM6088,13,MM6088,MM,1," 2/27/13"
"Jennings, Waylon","I've Always Been Crazy",CB60056,12,CB60056,CB,1," 2/27/13"
"Jennings, Waylon","Lonesome Orn'ry And Mean",DK063,15,DK063,DK,1," 2/27/13"
"Jennings, Waylon","Lovin' Her Was Easier",CB60122,2,CB60122,CB,1," 2/27/13"
"Jennings, Waylon","Lucille (You Won't Do Your Daddy's Will)",CB60167,7,CB60167,CB,1," 2/27/13"
"Jennings, Waylon","Luckenbach, Texas",CBE04,13,CBE04,CB,1," 2/27/13"
"Jennings, Waylon","Od Hearted Woman, A",CB80103,1,CB80103,CB,1," 2/27/13"
"Jennings, Waylon","Only Daddy That'll Walk The Line",SC8419,1,SC8419,SC,1," 2/27/13"
"Jennings, Waylon","Rose In Paradise",SC8494,3,SC8494,SC,1," 2/27/13"
"Jennings, Waylon","The Eagle",CB60232,10,CB60232,CB,1," 2/27/13"
"Jennings, Waylon","Theme From The Dukes Of Hazzard (Good Ol",SC7591,8,SC7591,SC,1," 2/27/13"
"Jennings, Waylon",Wrong,CB60147,15,CB60147,CB,1," 2/27/13"
"Jennings, Waylon","You Can Have Her",SC8647,10,SC8647,SC,1," 2/27/13"
"Jenny and Ashley",Indescribable,PHMC1104,9,PHMC1104,PH,1," 2/27/13"
"Jensen, Gordon","Warm Kind Of Family Feeling",CB70003,12,CB70003,CB,1," 2/27/13"
Jeopardy,"Greg Kihn Band, The",AH8421,5,AH8421,AH,1," 2/27/13"
"Jerad Finck",Runaway,PHMP1110,5,PHMP1110,PH,1," 2/27/13"
Jeremih,"Birthday Sex",PHMU0909,2,PHMU0909,PH,1," 2/27/13"
Jeremih,"Break Up To Make Up",PHMU1002,9,PHMU1002,PH,1," 2/27/13"
Jeremih,"Imma Star (Everywhere We Are)",PHMU0911,1,PHMU0911,PH,1," 2/27/13"
"Jeremih feat 50 Cent","Down On Me",PHMU1101,6,PHMU1101,PH,1," 2/27/13"
"Jeremih feat 50 Cent","Down On Me (MPX)",PHMU1101,15,PHMU1101,PH,1," 2/27/13"
"Jeremih feat Ludacris","I Like",PHMU1009,2,PHMU1009,PH,1," 2/27/13"
Jeremy,"Pearl Jam",RSZ601,8,RSZ601,RS,1," 2/27/13"
"Jeremy McComb",Cold,PHMC0903,7,PHMC0903,PH,1," 2/27/13"
"Jerrod Niemann","Lover, Lover",PHMC1006,2,PHMC1006,PH,1," 2/27/13"
"Jerrod Niemann","Only God Could Love You More",PHMC1302,1,PHMC1302,PH,1," 2/27/13"
"Jerrod Niemann","What Do You Want",PHMC1012,3,PHMC1012,PH,1," 2/27/13"
"Jerry Lee Lewis","What Made Milwaukee Famous",SC8183,8,SC8183,SC,1," 2/27/13"
"Jerry, Mungo","In The Summertime",BL28,5,BL28,BL,1," 2/27/13"
Jerusalem,"Earle, Steve",TU185,6,TU185,TU,1," 2/27/13"
"Jesse McCartney","How Do You Sleep",PHMP0903,3,PHMP0903,PH,1," 2/27/13"
"Jesse McCartney",Leavin',PHMP0806,4,PHMP0806,PH,1," 2/27/13"
"Jesse McCartney feat T Pain","Body Language",PHMP0912,4,PHMP0912,PH,1," 2/27/13"
"Jessica Andrews",Everything,PHMC0903,2,PHMC0903,PH,1," 2/27/13"
"Jessica Harp","Boy Like Me",PHMC0905,8,PHMC0905,PH,1," 2/27/13"
"Jessica King","Come Spring",CBEP478-5,14,CBEP478-5,CB,1," 2/27/13"
"Jessica Simpson","Remember That",PHMC0901,4,PHMC0901,PH,1," 2/27/13"
"Jessie James","I Look So Good (Without You)",PHMP0911,7,PHMP0911,PH,1," 2/27/13"
"Jessie James",Wanted,PHMP0907,2,PHMP0907,PH,1," 2/27/13"
Jesters,"So Strange",MM6409,11,MM6409,MM,1," 2/27/13"
"Jesus Christ Superstar","I Don't Know How To Love Him",MMBH1-3,12,MMBH1-3,MM,1," 2/27/13"
"Jesus He Knows Me","Collins, Phil",BS8617,10,BS8617,BS,1," 2/27/13"
"Jesus Is Just Alright","Doobie Brothers, The",DG11,11,DG11,DG,1," 2/27/13"
"Jesus Jones","Real, Real, Real",SAVP23,12,SAVP23,SA,1," 2/27/13"
"Jesus Jones","Right Here Right Now",SC8486,15,SC8486,SC,1," 2/27/13"
Jet,"Are You Gonna Be My Girl",SC8865,14,SC8865,SC,1," 2/27/13"
Jet,"Cold Hard Bitch",PHR0405,4,PHR0405,PH,1," 2/27/13"
Jet,"Look What You've Done",MM6412,12,MM6412,MM,1," 2/27/13"
Jet,"Rollover D.j.",PHM0410,7,PHM0410,PH,1," 2/27/13"
"Jethro Tull",Aqualung,DK093,3,DK093,DK,1," 2/27/13"
"Jethro Tull","Bungle In The Jungle",SC8322,7,SC8322,SC,1," 2/27/13"
"Jethro Tull","Cross-Eyed Mary",SC8840,10,SC8840,SC,1," 2/27/13"
"Jethro Tull","Living In The Past",SC7562,6,SC7562,SC,1," 2/27/13"
"Jethro Tull","Locomotive Breath",DK093,11,DK093,DK,1," 2/27/13"
"Jethro Tull",Teacher,DK1112,3,DK1112,DK,1," 2/27/13"
"Jets, The","Crush On You",SC8178,6,SC8178,SC,1," 2/27/13"
"Jets, The","Make It Real",DK033,4,DK033,DK,1," 2/27/13"
"Jets, The","Rocket 2 U",DK023,4,DK023,DK,1," 2/27/13"
"Jets, The","You Got It All",DK047,1,DK047,DK,1," 2/27/13"
"Jett, Joan","Bad Reputation",SC2285,2,SC2285,SC,1," 2/27/13"
"Jett, Joan","Cherry Bomb",SC2285,3,SC2285,SC,1," 2/27/13"
"Jett, Joan","Fake Friends",SC2285,5,SC2285,SC,1," 2/27/13"
"Jett, Joan","I Hate Myself For Loving You",SC8467,15,SC8467,SC,1," 2/27/13"
"Jett, Joan","I Love Rock & Roll",MMBK03,9,MMBK03,MM,1," 2/27/13"
"Jett, Joan","I Love Rock 'n' Roll",MMCP2K03,9,MMCP2K03,MM,1," 2/27/13"
"Jett, Joan","Light Of Day",SC2285,4,SC2285,SC,1," 2/27/13"
"Jett, Joan &  Blackhearts, The","I Love Rock 'N Roll",DK027,11,DK027,DK,1," 2/27/13"
"Jett, Joan & The Blackhearts","Crimson And Clover",SC8621,15,SC8621,SC,1," 2/27/13"
"Jett, Joan & The Blackhearts","Dirty Deeds Done Dirt Cheap",SGB032,10,SGB032,SG,1," 2/27/13"
"Jett, Joan & The Blackhearts","Do You Wanna Touch Me Oh Yeah",SC8333,8,SC8333,SC,1," 2/27/13"
"Jett, Joan & The Blackhearts","I Hate Myself For Loving You",SF013,15,SF013,SF,1," 2/27/13"
"Jett, Joan & The Blackhearts","I Love Rock & Roll",BL02,7,BL02,BL,1," 2/27/13"
"Jett, Joan & The Blackhearts","I Love Rock 'n Roll",MM6046,1,MM6046,MM,1," 2/27/13"
"Jett, Joan & The Blackhearts","I Love Rock 'N Roll",SC2285,6,SC2285,SC,1," 2/27/13"
"Jett, Joan & The Blackhearts","I Love Rock 'n Roll",MMGCP9803,9,MMGCP9803,MM,1," 2/27/13"
"Jett, Joan & The Blackhearts","I Love Rock 'N Roll",SC7203,14,SC7203,SC,1," 2/27/13"
Jewel,"Angel Standing By",SC2169,7,SC2169,SC,1," 2/27/13"
Jewel,"Break Me",CB30024,3,CB30024,CB,1," 2/27/13"
Jewel,Don't,SC2169,4,SC2169,SC,1," 2/27/13"
Jewel,"Down So Long",SC8531,9,SC8531,SC,1," 2/27/13"
Jewel,"Foolish Games",CBE2-29,10,CBE2-29,CB,1," 2/27/13"
Jewel,Hands,SC8499,12,SC8499,SC,1," 2/27/13"
Jewel,"I'm Sensitive",SC2169,5,SC2169,SC,1," 2/27/13"
Jewel,Intuition,SC8834,13,SC8834,SC,1," 2/27/13"
Jewel,Jupiter,SC8548,11,SC8548,SC,1," 2/27/13"
Jewel,"Morning Song",SC2169,3,SC2169,SC,1," 2/27/13"
Jewel,"Near You Always",SC2169,2,SC2169,SC,1," 2/27/13"
Jewel,"Serve The Ego",CB30032,9,CB30032,CB,1," 2/27/13"
Jewel,Stand,THP0312,16,THP0312,TH,1," 2/27/13"
Jewel,"Standing Still",MM6352,12,MM6352,MM,1," 2/27/13"
Jewel,"Sweet Home Alabama",SC8806,2,SC8806,SC,1," 2/27/13"
Jewel,"This Way",SC8752,12,SC8752,SC,1," 2/27/13"
Jewel,"What's Simple Is True (Radio Version)",SC8581,8,SC8581,SC,1," 2/27/13"
Jewel,"Who Will Give You Soul",PHM9606,7,PHM9606,PH,1," 2/27/13"
Jewel,"Who Will Save Your Soul",SC8787,15,SC8787,SC,1," 2/27/13"
Jewel,"You Were Meant For Me",CBEP458-4,14,CBEP458-4,CB,1," 2/27/13"
"Jewel Akens","Birds & The Bees, The",SC8353,15,SC8353,SC,1," 2/27/13"
"Jewel, Buddy","Help Pour Out The Rain (Lacey's Song)",CB20553,12,CB20553,CB,1," 2/27/13"
"Jewel, Buddy","Pour Out The Rain",MM6391,3,MM6391,MM,1," 2/27/13"
"Jewell, Buddy","Help Pour Out The Rain",CBE4-27,12,CBE4-27,CB,1," 2/27/13"
"Jewell, Buddy","Help Pour Out The Rain (Lacey's Song)",SC8833,8,SC8833,SC,1," 2/27/13"
"Jewell, Buddy","One Step At A Time",SC8881,9,SC8881,SC,1," 2/27/13"
"Jewell, Buddy","Sweet Southern Comfort",PHN0401,4,PHN0401,PH,1," 2/27/13"
"Jewell, Buddy wvocal","Help Pour Out The Rain",PHN0308,16,PHN0308,PH,1," 2/27/13"
"Jewell, Buddy wvocal","Help Pour Out The Rain (Lacey's Song)",SC3370,16,SC3370,SC,1," 2/27/13"
"Jewell, Buddy wvocal","One Step At A Time",SC3416,13,SC3416,SC,1," 2/27/13"
"Jewell, Buddy wvocal","Sweet Southern Comfort",SC3387,10,SC3387,SC,1," 2/27/13"
Jewish,"Havah Nagilah",MM6110,6,MM6110,MM,1," 2/27/13"
"Jewish Favorites","Adon Olam",SC8166,3,SC8166,SC,1," 2/27/13"
"Jewish Favorites","Al Kol Eleh",SC8166,11,SC8166,SC,1," 2/27/13"
"Jewish Favorites",Dayenu,SC8166,12,SC8166,SC,1," 2/27/13"
"Jewish Favorites",Halleluya,SC8166,6,SC8166,SC,1," 2/27/13"
"Jewish Favorites","Hanukah Medley",SC8166,7,SC8166,SC,1," 2/27/13"
"Jewish Favorites",Hatikva,SC8166,5,SC8166,SC,1," 2/27/13"
"Jewish Favorites","Havah Nagilah",SC8166,14,SC8166,SC,1," 2/27/13"
"Jewish Favorites","Haveinu Shalom Aleichem",SC8166,1,SC8166,SC,1," 2/27/13"
"Jewish Favorites","Jerushalayim Shel Zahav",SC8166,8,SC8166,SC,1," 2/27/13"
"Jewish Favorites","Oif N Pripitchok",SC8166,9,SC8166,SC,1," 2/27/13"
"Jewish Favorites","Ose Shalom",SC8166,10,SC8166,SC,1," 2/27/13"
"Jewish Favorites","Rojenkes Mit Mandlin",SC8166,15,SC8166,SC,1," 2/27/13"
"Jewish Favorites","Shalom Aleichem",SC8166,2,SC8166,SC,1," 2/27/13"
"Jewish Favorites","Siman Tov",SC8166,13,SC8166,SC,1," 2/27/13"
"Jewish Favorites",Tzena,SC8166,4,SC8166,SC,1," 2/27/13"
Jewish-Traditional,"Hava Nagila",SC7598,3,SC7598,SC,1," 2/27/13"
Jezebel,"Wright, Chely",PHN0203,5,PHN0203,PH,1," 2/27/13"
"Jibbs feat Lloyd","The Dedication(Ay DJ)",PHMU0908,5,PHMU0908,PH,1," 2/27/13"
Jigsaw,"Sky High",SC8641,4,SC8641,SC,1," 2/27/13"
"Jill Scott feat Anthony Hamilton","So In Love",PHMU1107,8,PHMU1107,PH,1," 2/27/13"
"Jim & Jesse","Knoxville Girl",CBE3-15,14,CBE3-15,CB,1," 2/27/13"
"Jim & Jesse","Old Slew Foot",CB60060,14,CB60060,CB,1," 2/27/13"
"Jim Brickman & Adam Crossley","Beautiful World (We're All Here)",PHMP1002,6,PHMP1002,PH,1," 2/27/13"
"Jim Brickman feat Matt Giraud","Thank You",PHMP1011,9,PHMP1011,PH,1," 2/27/13"
"Jim Brickman feat Rush Of Fools","Never Far Away",PHMP0904,2,PHMP0904,PH,1," 2/27/13"
"Jim Jones feat Noe & Brittney Taylor","Na Na Nana Na Na",PHMU0906,6,PHMU0906,PH,1," 2/27/13"
"Jim Reeves","Billy Bayou",SC8392,11,SC8392,SC,1," 2/27/13"
"Jim Reeves","This Is It",SC8383,4,SC8383,SC,1," 2/27/13"
"Jim Reeves & Patsy Cline","Have You Ever Been Lonely",SC8128,1,SC8128,SC,1," 2/27/13"
"Jim Stafford","Wildwood Weed",SC8114,13,SC8114,SC,1," 2/27/13"
"Jimi Hendrix","Purple Haze",SC8172,12,SC8172,SC,1," 2/27/13"
"Jimmie Rodgers","Kisses Sweeter Than Wine",SC8196,1,SC8196,SC,1," 2/27/13"
"Jimmie Rodgers","Oh Oh I'm Falling In Love Again",SC8396,8,SC8396,SC,1," 2/27/13"
"Jimmie's Chicken Shack","Do Right (Rv)",SC8593,3,SC8593,SC,1," 2/27/13"
"Jimmy Castor Bunch, The","Bertha Butt Boogie Part 1, The",SC8824,9,SC8824,SC,1," 2/27/13"
"Jimmy Eat World","A Praise Chorus",THR0302,13,THR0302,TH,1," 2/27/13"
"Jimmy Eat World","In The Middle",MM6363,8,MM6363,MM,1," 2/27/13"
"Jimmy Eat World","Middle, The",SC8740,13,SC8740,SC,1," 2/27/13"
"Jimmy Eat World",Pain,PHR0412,9,PHR0412,PH,1," 2/27/13"
"Jimmy Eat World","Praise Chorus, A",SC8793,11,SC8793,SC,1," 2/27/13"
"Jimmy Eat World",Sweetness,CBEP477-1,13,CBEP477-1,CB,1," 2/27/13"
"Jimmy Eat World",Work,PHR0503,1,PHR0503,PH,1," 2/27/13"
"Jimmy Mack","Martha & The Vandellas",DG09,4,DG09,DG,1," 2/27/13"
"Jimmy Wayne","I Will",PHMC0901,7,PHMC0901,PH,1," 2/27/13"
"Jimmy Wayne","I'll Be That",PHMC0908,8,PHMC0908,PH,1," 2/27/13"
"Jimmy White","Katy Did",PHMC1106,8,PHMC1106,PH,1," 2/27/13"
"Jive Five, The","My True Story",MMRB05,19,MMRB05,MM,1," 2/27/13"
"Jive Five, the","What Time Is It",MM6421,11,MM6421,MM,1," 2/27/13"
"Jive Walkin'","Bee Gees, The",KBA22842,8,KBA22842,KB,1," 2/27/13"
"Jo Boxers","Boxer Beat",SF111,9,SF111,SF,1," 2/27/13"
"Jo Dee Messina","I'm Done",PHMC0806,6,PHMC0806,PH,1," 2/27/13"
"Jo Jo","Leave (Get Out)",MM6417,8,MM6417,MM,1," 2/27/13"
Jodeci,"Come & Talk To Me",SAVP24,10,SAVP24,SA,1," 2/27/13"
Jodeci,"Forever My Lady",SAVP25,16,SAVP25,SA,1," 2/27/13"
Jodeci,"Get On Up",SC8349,10,SC8349,SC,1," 2/27/13"
Jodeci,"I'm Still Waiting",SAVP39,9,SAVP39,SA,1," 2/27/13"
Jodeci,"Love U 4 Life",SC8220,10,SC8220,SC,1," 2/27/13"
Jodeci,Stay,SAVP23,13,SAVP23,SA,1," 2/27/13"
"Jody Booth","Gold Digger",PHMC1107,6,PHMC1107,PH,1," 2/27/13"
Joe,"All The Things",MM6150,9,MM6150,MM,1," 2/27/13"
Joe,Closer,PHMU1109,5,PHMU1109,PH,1," 2/27/13"
Joe,"Dear Joe",PHMU1112,1,PHMU1112,PH,1," 2/27/13"
Joe,"Don't Wanna Be A Player",SC8381,1,SC8381,SC,1," 2/27/13"
Joe,"E.R. ( Emergency Room)",PHMU0810,5,PHMU0810,PH,1," 2/27/13"
Joe,"I Wanna Know",MMRB2-3,16,MMRB2-3,MM,1," 2/27/13"
Joe,"Let's Stay Home Tonight",CB30019,4,CB30019,CB,1," 2/27/13"
Joe,Majic,PHMU0909,4,PHMU0909,PH,1," 2/27/13"
Joe,"More & More",PHU0403,7,PHU0403,PH,1," 2/27/13"
Joe,"My Love",PHMU0803,7,PHMU0803,PH,1," 2/27/13"
Joe,"What If A Woman",CBEP473-4,13,CBEP473-4,CB,1," 2/27/13"
Joe,"Worst Case Scenario",PHMU1004,6,PHMU1004,PH,1," 2/27/13"
"Joe & G-Unit","Ride Wit U",PHU0406,9,PHU0406,PH,1," 2/27/13"
"Joe & Mystikal",Stutter,SC8680,6,SC8680,SC,1," 2/27/13"
"Joe & Tony Stampley","If It Ain't One Thing It's Another",CB60235,14,CB60235,CB,1," 2/27/13"
"Joe Cocker","Delta Lady",SF070,4,SF070,SF,1," 2/27/13"
"Joe Cocker","Have A Little Faith In Me",SC8164,7,SC8164,SC,1," 2/27/13"
"Joe Dee Messina","That's God",PHMC1004,7,PHMC1004,PH,1," 2/27/13"
"Joe Frank Hamilton & Reynolds","Fallin' In Love",SC8181,13,SC8181,SC,1," 2/27/13"
"Joe Jeffrey Group","My Pledge Of Love",SC8251,7,SC8251,SC,1," 2/27/13"
"Joe Jonas","See No More",PHMP1109,5,PHMP1109,PH,1," 2/27/13"
"Joe Nichols","It Ain't No Crime",PHMC0804,4,PHMC0804,PH,1," 2/27/13"
"Joe Zelek Band",Moonshinin,PHMC1112,8,PHMC1112,PH,1," 2/27/13"
"Joel, Billy","A Matter Of Trust",SC8761,10,SC8761,SC,1," 2/27/13"
"Joel, Billy","Alexa The Downeaster",SC8715,15,SC8715,SC,1," 2/27/13"
"Joel, Billy","All About Soul",MM6038,14,MM6038,MM,1," 2/27/13"
"Joel, Billy",Allentown,SC8605,11,SC8605,SC,1," 2/27/13"
"Joel, Billy","An Innocent Man",BL28,13,BL28,BL,1," 2/27/13"
"Joel, Billy","And So It Goes",SC8821,11,SC8821,SC,1," 2/27/13"
"Joel, Billy","Ballad Of Billy The Kid, The",SC8874,1,SC8874,SC,1," 2/27/13"
"Joel, Billy","Big Shot",MM6051,13,MM6051,MM,1," 2/27/13"
"Joel, Billy","Captain Jack",SC8668,13,SC8668,SC,1," 2/27/13"
"Joel, Billy","Don't Ask Me Why",SC8605,7,SC8605,SC,1," 2/27/13"
"Joel, Billy","Entertainer, The",DK1105,9,DK1105,DK,1," 2/27/13"
"Joel, Billy","For The Longest Time",CBE3-21,11,CBE3-21,CB,1," 2/27/13"
"Joel, Billy","Goodnight Saigon",SC8715,8,SC8715,SC,1," 2/27/13"
"Joel, Billy",Honesty,SC8605,13,SC8605,SC,1," 2/27/13"
"Joel, Billy","I Go To Extremes",PI003,3,PI003,PI,1," 2/27/13"
"Joel, Billy","Innocent Man, An",SC8573,3,SC8573,SC,1," 2/27/13"
"Joel, Billy","It's Still Rock & Roll To Me",SC7542,15,SC7542,SC,1," 2/27/13"
"Joel, Billy","It's Still Rock 'n' Roll To Me",MMCP2K05,7,MMCP2K05,MM,1," 2/27/13"
"Joel, Billy","It's Still Rock And Roll To Me",SC7204,1,SC7204,SC,1," 2/27/13"
"Joel, Billy","Just The Way You Are",MMCP2K05,18,MMCP2K05,MM,1," 2/27/13"
"Joel, Billy","Keeping The Faith",SC8667,14,SC8667,SC,1," 2/27/13"
"Joel, Billy","Keepin' The Faith",CBEP467-5,2,CBEP467-5,CB,1," 2/27/13"
"Joel, Billy","Leave A Tender Moment Alone",MM6051,15,MM6051,MM,1," 2/27/13"
"Joel, Billy","Longest Time, The",SC8609,14,SC8609,SC,1," 2/27/13"
"Joel, Billy",Lullabye,DK1105,3,DK1105,DK,1," 2/27/13"
"Joel, Billy","Lullabye (Goodnight My Angel)",SC8761,1,SC8761,SC,1," 2/27/13"
"Joel, Billy","Lullabye (Goodnight, My Angel)",SC8113,14,SC8113,SC,1," 2/27/13"
"Joel, Billy","Matter Of Trust, A",SGB026,10,SGB026,SG,1," 2/27/13"
"Joel, Billy","Miami 2017 (Seen The Lights Go Out On Br",SC8763,8,SC8763,SC,1," 2/27/13"
"Joel, Billy","Movin' Out",DK1105,13,DK1105,DK,1," 2/27/13"
"Joel, Billy","Movin' Out (Anthony's Song)",SC8573,15,SC8573,SC,1," 2/27/13"
"Joel, Billy","My Life",SC8605,12,SC8605,SC,1," 2/27/13"
"Joel, Billy","New York State Of Mind",CBE3-20,12,CBE3-20,CB,1," 2/27/13"
"Joel, Billy","Only The Good Die Young",SC8605,15,SC8605,SC,1," 2/27/13"
"Joel, Billy","Piano Man",SGB054,14,SGB054,SG,1," 2/27/13"
"Joel, Billy",Pressure,SC8605,5,SC8605,SC,1," 2/27/13"
"Joel, Billy","River Of Dreams, The",SC8121,9,SC8121,SC,1," 2/27/13"
"Joel, Billy","Scenes From An Italian Restaurant",AH8008,16,AH8008,AH,1," 2/27/13"
"Joel, Billy",Shameless,SC8266,11,SC8266,SC,1," 2/27/13"
"Joel, Billy","She's Always A Woman",DK1105,15,DK1105,DK,1," 2/27/13"
"Joel, Billy","She's Always A Woman To Me",CBEP474-5,3,CBEP474-5,CB,1," 2/27/13"
"Joel, Billy","She's Got A Way",SC8605,6,SC8605,SC,1," 2/27/13"
"Joel, Billy",Stiletto,SC8552,12,SC8552,SC,1," 2/27/13"
"Joel, Billy","Stranger, The",SC8840,5,SC8840,SC,1," 2/27/13"
"Joel, Billy","Tell Her About It",CBEP467-2,15,CBEP467-2,CB,1," 2/27/13"
"Joel, Billy","This Is The Time",SC8761,13,SC8761,SC,1," 2/27/13"
"Joel, Billy","To Make You Feel My Love",SC8395,1,SC8395,SC,1," 2/27/13"
"Joel, Billy","Uptown Girl",CBE4-05,15,CBE4-05,CB,1," 2/27/13"
"Joel, Billy",Vienna,AH8017,15,AH8017,AH,1," 2/27/13"
"Joel, Billy","We Didn't Start The Fire",SC8605,9,SC8605,SC,1," 2/27/13"
"Joel, Billy","You May Be Right",SC8427,11,SC8427,SC,1," 2/27/13"
"Joel, Billy","You're Only Human",SC8808,1,SC8808,SC,1," 2/27/13"
"Joel, Billy & Ray Charles","Baby Grand",SC8761,12,SC8761,SC,1," 2/27/13"
"Joel, Billy & Tony Bennett","New York State Of Mind",SC8761,15,SC8761,SC,1," 2/27/13"
"Joey & Rory","Play The Song",PHMC0907,4,PHMC0907,PH,1," 2/27/13"
"John & Dee","Don't Go Breaking My Heart",SF023,14,SF023,SF,1," 2/27/13"
"John & Dee","True Love",SF005,14,SF005,SF,1," 2/27/13"
"John & Rimes","Written In The Stars",PHT9903,6,PHT9903,PH,1," 2/27/13"
"John Denver","Back Home Again",SC8385,10,SC8385,SC,1," 2/27/13"
"John Legend","Hey Girl",PHMU1204,4,PHMU1204,PH,1," 2/27/13"
"John Legend & The Roots",Shine,PHMU1102,3,PHMU1102,PH,1," 2/27/13"
"John Legend feat Andre 3000","Green Light",PHMU0811,3,PHMU0811,PH,1," 2/27/13"
"John Michael Montgomery","If You Ever Went Away",PHMC0903,8,PHMC0903,PH,1," 2/27/13"
"John Rich","Country Done Come To Town",PHMC1009,3,PHMC1009,PH,1," 2/27/13"
"John Rich","Shuttin' Detroit Down",PHMC0905,1,PHMC0905,PH,1," 2/27/13"
"John Secada","Just Another Day",SF168,8,SF168,SF,1," 2/27/13"
"John The Revelator","Blues Brothers, The",TU102,10,TU102,TU,1," 2/27/13"
"John Travolta","Greased Lightnin'",BL13,7,BL13,BL,1," 2/27/13"
"John, Elton","Are You Ready For Love",SF208,10,SF208,SF,1," 2/27/13"
"John, Elton",Believe,CBEP458-1,13,CBEP458-1,CB,1," 2/27/13"
"John, Elton","Bennie & The Jets",SC7575,14,SC7575,SC,1," 2/27/13"
"John, Elton","Bennie And The Jets",CB90171,2,CB90171,CB,1," 2/27/13"
"John, Elton","Bitch Is Back, The",MMGCP9803,13,MMGCP9803,MM,1," 2/27/13"
"John, Elton",Blessed,SF039,15,SF039,SF,1," 2/27/13"
"John, Elton","Blue Eyes",SC8621,4,SC8621,SC,1," 2/27/13"
"John, Elton",Blues,DK1111,11,DK1111,DK,1," 2/27/13"
"John, Elton","Border Song",SC8666,4,SC8666,SC,1," 2/27/13"
"John, Elton","Can You Feel The Love Tonight",CBEP457-1,4,CBEP457-1,CB,1," 2/27/13"
"John, Elton","Candle In The Wind",DK023,17,DK023,DK,1," 2/27/13"
"John, Elton","Circle Of Life",BL36,10,BL36,BL,1," 2/27/13"
"John, Elton","Crocodile Rock",SAVP15,19,SAVP15,SA,1," 2/27/13"
"John, Elton",Daniel,SAVP16,15,SAVP16,SA,1," 2/27/13"
"John, Elton","Don't Go Breakin' My Heart",MMBK07,3,MMBK07,MM,1," 2/27/13"
"John, Elton","Don't Go Breaking My Heart",CB90171,6,CB90171,CB,1," 2/27/13"
"John, Elton","Don't Let The Sun Go Down On Me",SC8666,15,SC8666,SC,1," 2/27/13"
"John, Elton","Don't Wanna Go On With You Like That",SC2162,8,SC2162,SC,1," 2/27/13"
"John, Elton","Empty Garden",SD022,10,SD022,SD,1," 2/27/13"
"John, Elton","Empty Garden (Hey Hey Johnny)",SC8687,1,SC8687,SC,1," 2/27/13"
"John, Elton","Friends Never Say Goodbye",MM6316,12,MM6316,MM,1," 2/27/13"
"John, Elton","Funeral For A Friend-Love Lies Bleeding",AH8017,11,AH8017,AH,1," 2/27/13"
"John, Elton","Goodbye Yellow Brick Road",SAVP16,16,SAVP16,SA,1," 2/27/13"
"John, Elton",Harmony,SGB22,8,SGB22,SG,1," 2/27/13"
"John, Elton","Honky Cat",SC8861,13,SC8861,SC,1," 2/27/13"
"John, Elton","I Don't Wanna Go On With You Like That",DK1111,10,DK1111,DK,1," 2/27/13"
"John, Elton","I Don't Want To Go On With You Like That",CB90171,8,CB90171,CB,1," 2/27/13"
"John, Elton","I Want Love",SC8730,13,SC8730,SC,1," 2/27/13"
"John, Elton","I'm Still Standing",SC8666,10,SC8666,SC,1," 2/27/13"
"John, Elton","Island Girl",CBEP474-1,16,CBEP474-1,CB,1," 2/27/13"
"John, Elton","Last Song, The",MM6112,14,MM6112,MM,1," 2/27/13"
"John, Elton",Levon,MM6051,8,MM6051,MM,1," 2/27/13"
"John, Elton","Little Jeannie",CB90171,10,CB90171,CB,1," 2/27/13"
"John, Elton","Love Lies Bleeding",SGB05,14,SGB05,SG,1," 2/27/13"
"John, Elton","Love Lies Bleeding (Radio Version)",SC8840,8,SC8840,SC,1," 2/27/13"
"John, Elton","Lucy In The Sky With Diamonds",CB90171,11,CB90171,CB,1," 2/27/13"
"John, Elton","Made In England",SF029,2,SF029,SF,1," 2/27/13"
"John, Elton","Madman Across The Water",SC8821,14,SC8821,SC,1," 2/27/13"
"John, Elton","Mama Can't Buy You Love",SAVP37,13,SAVP37,SA,1," 2/27/13"
"John, Elton","Mona Lisas & Mad Hatters",SC8763,1,SC8763,SC,1," 2/27/13"
"John, Elton",Nikita,BL31,12,BL31,BL,1," 2/27/13"
"John, Elton","One, The",SAVP37,16,SAVP37,SA,1," 2/27/13"
"John, Elton","Philadelphia Freedom",SAVP17,14,SAVP17,SA,1," 2/27/13"
"John, Elton","Recover Your Soul",SC8452,14,SC8452,SC,1," 2/27/13"
"John, Elton","Rocket Man",CB90171,13,CB90171,CB,1," 2/27/13"
"John, Elton",Sacrifice,BL15,3,BL15,BL,1," 2/27/13"
"John, Elton","Sad Songs Say So Much",DK1111,13,DK1111,DK,1," 2/27/13"
"John, Elton","Saturday Night's Alright (For Fighting)",DK041,13,DK041,DK,1," 2/27/13"
"John, Elton","Simple Life",MM6021B,3,MM6021B,MM,1," 2/27/13"
"John, Elton","Simple Life, The",SAVP22,14,SAVP22,SA,1," 2/27/13"
"John, Elton","Someday Out Of The Blue",SC8601,8,SC8601,SC,1," 2/27/13"
"John, Elton","Someone Saved My Life Tonight",SC8207,15,SC8207,SC,1," 2/27/13"
"John, Elton","Something About The Way",PHM9710,3,PHM9710,PH,1," 2/27/13"
"John, Elton","Something About The Way You Look Tonight",BL32,11,BL32,BL,1," 2/27/13"
"John, Elton","Sorry Seems To Be The Hardest Word",CBE4-03,15,CBE4-03,CB,1," 2/27/13"
"John, Elton","Take Me To The Pilot",SC8666,13,SC8666,SC,1," 2/27/13"
"John, Elton","This Train Don't Stop",MM6359,3,MM6359,MM,1," 2/27/13"
"John, Elton","This Train Don't Stop There Anymore",SC8747,8,SC8747,SC,1," 2/27/13"
"John, Elton","Tiny Dancer",SC7575,11,SC7575,SC,1," 2/27/13"
"John, Elton","Wake Up Wendy",SGB12,5,SGB12,SG,1," 2/27/13"
"John, Elton","You Can Make History",SC8325,8,SC8325,SC,1," 2/27/13"
"John, Elton","Your Song",PI004,18,PI004,PI,1," 2/27/13"
"John, Elton & Dee, Kiki","Don't Go Breakin' My Heart",SC7575,15,SC7575,SC,1," 2/27/13"
"John, Elton & Eric Clapton","Runaway Train",SC8302,10,SC8302,SC,1," 2/27/13"
"John, Elton & Kiki Dee","Don't Go Breakin' My Heart",MMCP2K07,3,MMCP2K07,MM,1," 2/27/13"
"John, Elton & Kiki Dee","Don't Go Breaking My Heart",BL01,14,BL01,BL,1," 2/27/13"
"John, Elton & Leann Rimes","Written In The Stars",CBEP471-3,17,CBEP471-3,CB,1," 2/27/13"
"John, Elton & LeAnne Rimes","Written In The Stars",SGB11,13,SGB11,SG,1," 2/27/13"
"John, Elton & Mary Blige","I Guess That's Why They Call It The Blue",MM6325,14,MM6325,MM,1," 2/27/13"
"John, Elton & The Backstreet Boys","Friends Never Say Goodbye",SC8645,8,SC8645,SC,1," 2/27/13"
"John, Olivia Newton","Have You Ever Been Mellow",SC8368,1,SC8368,SC,1," 2/27/13"
"John, Olivia Newton","Have You Never Been Mellow",CBE3-19,12,CBE3-19,CB,1," 2/27/13"
"John, Olivia Newton","Heart Attack",SC8552,5,SC8552,SC,1," 2/27/13"
"John, Olivia Newton","Hopelessly Devoted To You",SC2164,7,SC2164,SC,1," 2/27/13"
"John, Olivia Newton","I Honestly Love You",PI004,12,PI004,PI,1," 2/27/13"
"John, Olivia Newton","If You Love Me (Let Me Know)",SC2164,8,SC2164,SC,1," 2/27/13"
"John, Olivia Newton","Let Me Be There",SC2164,5,SC2164,SC,1," 2/27/13"
"John, Olivia Newton","Little More Love, A",SC8410,14,SC8410,SC,1," 2/27/13"
"John, Olivia Newton",Magic,CBE3-19,4,CBE3-19,CB,1," 2/27/13"
"John, Olivia Newton","Make A Move On Me",MM6046,3,MM6046,MM,1," 2/27/13"
"John, Olivia Newton",Physical,SC8425,12,SC8425,SC,1," 2/27/13"
"John, Olivia Newton","Please Mister Please",SC8292,5,SC8292,SC,1," 2/27/13"
"John, Olivia Newton",Xanadu,SF105,15,SF105,SF,1," 2/27/13"
"John, Olivia Newton & John Travolta","Summer Nights",MMGCP9807,14,MMGCP9807,MM,1," 2/27/13"
"John, Olivia Newton & John Travolta","We Go Together",MM6107,14,MM6107,MM,1," 2/27/13"
"John, Olivia Newton & John Travolta","You're The One I Want",SF003,7,SF003,SF,1," 2/27/13"
"John, Olivia Newton & John Travolta","You're The One That I Want",MMGCP9807,18,MMGCP9807,MM,1," 2/27/13"
"John, Olivia Newton & Richards",Suddenly,MM6053,7,MM6053,MM,1," 2/27/13"
"John, Robert","Sad Eyes",DK034,6,DK034,DK,1," 2/27/13"
"Johnnie & Joe","Over The Mountain, Across The Sea",MM6149,8,MM6149,MM,1," 2/27/13"
Johnny,"Let's Get The Mood Right",MM6173,9,MM6173,MM,1," 2/27/13"
"Johnny Angel","Fabares, Shelley",KJT09,20,KJT09,KJ,1," 2/27/13"
"Johnny Cash","Ballad Of A Teenage Queen",SC8383,9,SC8383,SC,1," 2/27/13"
"Johnny Cash","Boy Named Sue, A",SC8114,3,SC8114,SC,1," 2/27/13"
"Johnny Cash","Get Rhythm",SC8392,3,SC8392,SC,1," 2/27/13"
"Johnny Cash","Guess Things Happen That Way",SC8158,1,SC8158,SC,1," 2/27/13"
"Johnny Cash","One Piece At A Time",SC8144,7,SC8144,SC,1," 2/27/13"
"Johnny Hates Jazz","Shattered Dreams",BL19,8,BL19,BL,1," 2/27/13"
"Johnny Otis Show, The","Hand Jive",CBEP455-1,1,CBEP455-1,CB,1," 2/27/13"
"Johnny Otis Show, The","Willie And The Hand Jive",CBE2-19,14,CBE2-19,CB,1," 2/27/13"
"Johnny Rivers","Rockin' Pneumonia & Boogie Woogie Flu",SC8108,9,SC8108,SC,1," 2/27/13"
"Johnson Holly",Americanos,SF054,6,SF054,SF,1," 2/27/13"
"Johnson, Carolyn Dawn",Complicated,MM6339,14,MM6339,MM,1," 2/27/13"
"Johnson, Carolyn Dawn","Die Of A Broken Heart",PHN0408,7,PHN0408,PH,1," 2/27/13"
"Johnson, Carolyn Dawn",Georgia,CB60207,14,CB60207,CB,1," 2/27/13"
"Johnson, Carolyn Dawn","I Don't Want You To Go",MM6354,10,MM6354,MM,1," 2/27/13"
"Johnson, Carolyn Dawn","Little Bit Of This, Little Bit Of That",CB60311,14,CB60311,CB,1," 2/27/13"
"Johnson, Carolyn Dawn","One Day Closer To You",SC8774,6,SC8774,SC,1," 2/27/13"
"Johnson, Carolyn Dawn","Simple Life",PHN0402,9,PHN0402,PH,1," 2/27/13"
"Johnson, Carolyn Dawn","Some Mother's Son",SC8759,15,SC8759,SC,1," 2/27/13"
"Johnson, G. & Chairmen Of The Board","Carolina Girls",SC8251,13,SC8251,SC,1," 2/27/13"
"Johnson, Holly",Americanos,SF059,6,SF059,SF,1," 2/27/13"
"Johnson, Jack",Bubbletoes,THP0302,16,THP0302,TH,1," 2/27/13"
"Johnson, Jack",Flake,CB30029,11,CB30029,CB,1," 2/27/13"
"Johnson, Jack","Horizon Has Been Defeated, The",THMR0307,16,THMR0307,TH,1," 2/27/13"
"Johnson, Marv","You've Got What It Takes",MM6055,13,MM6055,MM,1," 2/27/13"
"Johnson, Michael","Bluer Than Blue",SC7559,3,SC7559,SC,1," 2/27/13"
"Johnson, Michael","Give Me Wings",DK057,13,DK057,DK,1," 2/27/13"
"Johnson, Michael","Moon Is Still Over Her Shoulder, The",SC8767,7,SC8767,SC,1," 2/27/13"
"Johnson, Michael","Second Hand Heart",SC7556,14,SC7556,SC,1," 2/27/13"
"Johnson, Puff","Forever More",SC8290,10,SC8290,SC,1," 2/27/13"
"Johnson, Robert","Sweet Home Chicago",SC8814,16,SC8814,SC,1," 2/27/13"
"Johnson, Syleena","Guess What",THH0304,12,THH0304,TH,1," 2/27/13"
"Johnson, Syleena","Tonight I'm Gonna Let Go",PHU0212,5,PHU0212,PH,1," 2/27/13"
"Johnson, Syleena wvocal","Tonight I'm Gonna Let Go",PHU0212,14,PHU0212,PH,1," 2/27/13"
Jojo,"Baby It's You",PHM0412,8,PHM0412,PH,1," 2/27/13"
Jojo,"Leave (Get Out)",PHM0408,4,PHM0408,PH,1," 2/27/13"
"Joli, France","Come To Me",CBEP468-3,15,CBEP468-3,CB,1," 2/27/13"
"Jolie & The Wanted","Party On The Patio",CB60231,13,CB60231,CB,1," 2/27/13"
"Jolie & The Wanted","When I Look Into Your Eyes I'm Beautiful",CB60220,13,CB60220,CB,1," 2/27/13"
"Jolie & Wanted",Boom,SC8677,11,SC8677,SC,1," 2/27/13"
"Jolie & Wanted","I Would",SC8646,5,SC8646,SC,1," 2/27/13"
"Jolie & Wanted","Party On The Patio",CB60229,13,CB60229,CB,1," 2/27/13"
"Jolson, Al","Beautiful Dreamer",DK038,17,DK038,DK,1," 2/27/13"
"Jolson, Al","My Mammy",CBEP469-6,6,CBEP469-6,CB,1," 2/27/13"
"Jolson, Al","Rock-a-Bye Your Baby With A Dixie Melody",MMSTA2-4,4,MMSTA2-4,MM,1," 2/27/13"
"Jolson, Al",Swanee,SAVP06,4,SAVP06,SA,1," 2/27/13"
"Jolson, Al","Toot, Toot, Tootsie (Goodbye)",CBEP469-1,6,CBEP469-1,CB,1," 2/27/13"
"Jolson, Al","You Made Me Love You",DK091,17,DK091,DK,1," 2/27/13"
"Jon B","Comfortable Swagg",PHMU1207,9,PHMU1207,PH,1," 2/27/13"
"Jon B","Only One",PHMU1205,8,PHMU1205,PH,1," 2/27/13"
"Jon B","Pretty Girl",SD020,9,SD020,SD,1," 2/27/13"
"Jon B","They Don't Know",SC8473,10,SC8473,SC,1," 2/27/13"
"Jon B & Babyface","Someone To Love",SD015,6,SD015,SD,1," 2/27/13"
"Jon B.","Don't Talk",SC8688,5,SC8688,SC,1," 2/27/13"
"Jon McLaughlin","If Only I",PHMP1208,8,PHMP1208,PH,1," 2/27/13"
"Jon McLaughlin feat Sara Bareilles","Summer Is Over",PHMP1204,9,PHMP1204,PH,1," 2/27/13"
"Jonas Brothers","When You Look Me In The Eyes",PHMP0805,2,PHMP0805,PH,1," 2/27/13"
"Jonathan Butler","I Stand On Your Word",PHMU1302,8,PHMU1302,PH,1," 2/27/13"
"Jonathan Singleton & The Grove","Livin' In Paradise",PHMC0906,8,PHMC0906,PH,1," 2/27/13"
"Jones & Kershaw","Never Bit A Bullet Like This Before",SC8215,1,SC8215,SC,1," 2/27/13"
"Jones & Wynette","Golden Ring",SC8511,6,SC8511,SC,1," 2/27/13"
"Jones & Wynette","If God Met You",SC8408,4,SC8408,SC,1," 2/27/13"
"Jones & Wynette","Near You",SC8511,12,SC8511,SC,1," 2/27/13"
"Jones & Wynette","Two Story House",SC8408,14,SC8408,SC,1," 2/27/13"
"Jones & Wynette","We're Gonna Hold On",CB60041,14,CB60041,CB,1," 2/27/13"
"Jones, Billy","Yes! We Have No Bananas",CBEP469-3,5,CBEP469-3,CB,1," 2/27/13"
"Jones, Carol Elizabeth","Comin' Down From God",CBEP476-5,14,CBEP476-5,CB,1," 2/27/13"
"Jones, Catherine Zeta","All That Jazz",MM6387,15,MM6387,MM,1," 2/27/13"
"Jones, Catherine Zeta","And All That Jazz",SC8827,7,SC8827,SC,1," 2/27/13"
"Jones, Donell","U Know What's Up",SC8595,1,SC8595,SC,1," 2/27/13"
"Jones, Donell","You Know That I Love You",SC8805,14,SC8805,SC,1," 2/27/13"
"Jones, Donell","You Should Know",SC8357,14,SC8357,SC,1," 2/27/13"
"Jones, George","50,000 Names",CB60228,12,CB60228,CB,1," 2/27/13"
"Jones, George","Ain't Love A Lot Like That",CB60183,1,CB60183,CB,1," 2/27/13"
"Jones, George","Bartender's Blues",CB90075,7,CB90075,CB,1," 2/27/13"
"Jones, George","Billy B. Bad",SC8351,3,SC8351,SC,1," 2/27/13"
"Jones, George",Choices,CBEP461-4,16,CBEP461-4,CB,1," 2/27/13"
"Jones, George","Cold Hard Truth, The",CB60182,9,CB60182,CB,1," 2/27/13"
"Jones, George","Cture Of Me (without You), A",CB80103,10,CB80103,CB,1," 2/27/13"
"Jones, George","Door, The",CB80108,14,CB80108,CB,1," 2/27/13"
"Jones, George","Finally Friday",SC8142,11,SC8142,SC,1," 2/27/13"
"Jones, George","Girl I Used To Know, A",SC7567,13,SC7567,SC,1," 2/27/13"
"Jones, George","Good Year For The Roses, A",SC8342,7,SC8342,SC,1," 2/27/13"
"Jones, George","Grand Tour, The",MM6122,11,MM6122,MM,1," 2/27/13"
"Jones, George","He Stopped Loving Her Today",DK073,15,DK073,DK,1," 2/27/13"
"Jones, George","Her Name Is...",SC8647,5,SC8647,SC,1," 2/27/13"
"Jones, George","High Tech Redneck",MM6089,7,MM6089,MM,1," 2/27/13"
"Jones, George","High-Tech Redneck",CB90155,3,CB90155,CB,1," 2/27/13"
"Jones, George","Honky Tonk Myself To Death",SC8243,1,SC8243,SC,1," 2/27/13"
"Jones, George","Honky Tonk Song",MM6169,11,MM6169,MM,1," 2/27/13"
"Jones, George","Honky-Tonk Myself To Death",CB90155,8,CB90155,CB,1," 2/27/13"
"Jones, George","I Always Get Lucky With You",CB60167,8,CB60167,CB,1," 2/27/13"
"Jones, George","I Don't Need Your Rockin' Chair",SC8158,15,SC8158,SC,1," 2/27/13"
"Jones, George","I'll Share My World With You",SC8592,14,SC8592,SC,1," 2/27/13"
"Jones, George","I've Still Got Some Hurtin' Left To Do",SC8282,15,SC8282,SC,1," 2/27/13"
"Jones, George","If Drinkin' Don't Kill Me Her Memory Wil",CB90075,11,CB90075,CB,1," 2/27/13"
"Jones, George","Just One More",SC8383,5,SC8383,SC,1," 2/27/13"
"Jones, George","Just One More Chance",SC2134,4,SC2134,SC,1," 2/27/13"
"Jones, George","Love Bug",SC8682,12,SC8682,SC,1," 2/27/13"
"Jones, George","Man He Was, The",MM6347,12,MM6347,MM,1," 2/27/13"
"Jones, George","Once You've Had The Best",CB90155,13,CB90155,CB,1," 2/27/13"
"Jones, George","One I Loved Back Then, The",CB90075,13,CB90075,CB,1," 2/27/13"
"Jones, George","Our Bed Of Roses",CB60211,4,CB60211,CB,1," 2/27/13"
"Jones, George","Picture Of Me Without You, A",CB90075,10,CB90075,CB,1," 2/27/13"
"Jones, George","Race Is On, The",CBEP451-5,16,CBEP451-5,CB,1," 2/27/13"
"Jones, George","Real Deal",CB60183,7,CB60183,CB,1," 2/27/13"
"Jones, George","Right Left Hand, The",CBE2-01,12,CBE2-01,CB,1," 2/27/13"
"Jones, George","She Loved A Lot In Her Time",CB90155,12,CB90155,CB,1," 2/27/13"
"Jones, George","She Thinks I Still Care",DK066,17,DK066,DK,1," 2/27/13"
"Jones, George","She's My Rock",SC8628,11,SC8628,SC,1," 2/27/13"
"Jones, George","Sinners & Saints",SC8630,5,SC8630,SC,1," 2/27/13"
"Jones, George","Sinners And Saints",CB60182,14,CB60182,CB,1," 2/27/13"
"Jones, George","Still Doin' Time",SC8365,11,SC8365,SC,1," 2/27/13"
"Jones, George","Take Me",CB90155,11,CB90155,CB,1," 2/27/13"
"Jones, George","Tell Me My Lying Eyes Are Wrong",SC8604,15,SC8604,SC,1," 2/27/13"
"Jones, George","Tender Years",SC8365,5,SC8365,SC,1," 2/27/13"
"Jones, George","Tennessee Whiskey",SC7555,13,SC7555,SC,1," 2/27/13"
"Jones, George","Visit, The",SC8296,11,SC8296,SC,1," 2/27/13"
"Jones, George","Walk Through This World With Me",SC2425,8,SC2425,SC,1," 2/27/13"
"Jones, George","Walls Can Fall",SC8301,11,SC8301,SC,1," 2/27/13"
"Jones, George","When The Grass Grows Over Me",CB90155,14,CB90155,CB,1," 2/27/13"
"Jones, George","When The Last Curtain Falls",CB60191,14,CB60191,CB,1," 2/27/13"
"Jones, George","White Lightnin'",SC8208,11,SC8208,SC,1," 2/27/13"
"Jones, George","White Lightning",SC2425,5,SC2425,SC,1," 2/27/13"
"Jones, George","Who's Gonna Fill Their Shoes",CB60124,15,CB60124,CB,1," 2/27/13"
"Jones, George","Why Baby Why",SC8365,6,SC8365,SC,1," 2/27/13"
"Jones, George","Window Up Above, The",CB90155,15,CB90155,CB,1," 2/27/13"
"Jones, George","Wine Colored Roses",CB90155,1,CB90155,CB,1," 2/27/13"
"Jones, George","Writing On The Wall",CB90155,10,CB90155,CB,1," 2/27/13"
"Jones, George","Wrong's What I Do Best",SC8306,8,SC8306,SC,1," 2/27/13"
"Jones, George","You Comb Her Hair",SC7567,11,SC7567,SC,1," 2/27/13"
"Jones, George","You Never Know Just How Good You've Got",CB60190,12,CB60190,CB,1," 2/27/13"
"Jones, George & A. Jackson","Good Year For The Roses, A",SC8265,15,SC8265,SC,1," 2/27/13"
"Jones, George & Garth Brooks","Beer Run",SC8729,8,SC8729,SC,1," 2/27/13"
"Jones, George & Garth Brooks wvocal","Beer Run",PHN0201,11,PHN0201,PH,1," 2/27/13"
"Jones, George & Tammy Wynette","Golden Ring",CBEP471-5,7,CBEP471-5,CB,1," 2/27/13"
"Jones, George & Tammy Wynette","Two Story House",CBEP471-5,13,CBEP471-5,CB,1," 2/27/13"
"Jones, George & Tammy Wynette","We're Gonna Hold On",CBEP471-5,11,CBEP471-5,CB,1," 2/27/13"
"Jones, George & Tammy Wynette wvocal","We're Gonna Hold On",SC2425,2,SC2425,SC,1," 2/27/13"
"Jones, George & Tammy Wynetteÿ","Golden Ring",CB80110,3,CB80110,CB,1," 2/27/13"
"Jones, George & Tammy Wynetteÿ","We're Gonna Hold On",CB80104,11,CB80104,CB,1," 2/27/13"
"Jones, George & Wynette, Tammy","Golden Ring",CBE2-02,2,CBE2-02,CB,1," 2/27/13"
"Jones, George & Wynette, Tammy","We're Gonna Hold On",CBE2-02,5,CBE2-02,CB,1," 2/27/13"
"Jones, George wvocal","She Thinks I Still Care",SC2431,9,SC2431,SC,1," 2/27/13"
"Jones, Grace","Pull Up To The Bumper",SF075,15,SF075,SF,1," 2/27/13"
"Jones, Howard","Everlasting Love",SC8634,3,SC8634,SC,1," 2/27/13"
"Jones, Howard","Life In One Day",SC8671,5,SC8671,SC,1," 2/27/13"
"Jones, Howard","Lift Me Up",SC8270,12,SC8270,SC,1," 2/27/13"
"Jones, Howard","No One Is To Blame",SC7549,2,SC7549,SC,1," 2/27/13"
"Jones, Howard","Things Can Only Get Better",MM6135,2,MM6135,MM,1," 2/27/13"
"Jones, Howard","What Is Love",BL27,9,BL27,BL,1," 2/27/13"
"Jones, Jack",Alfie,MM6085,11,MM6085,MM,1," 2/27/13"
"Jones, Jack","Somewhere My Love",SGB059,10,SGB059,SG,1," 2/27/13"
"Jones, Jimmy","Good Timin'",DK030,14,DK030,DK,1," 2/27/13"
"Jones, Jimmy","Handy Man",SC8429,5,SC8429,SC,1," 2/27/13"
"Jones, Jimmy",Handyman,SF043,2,SF043,SF,1," 2/27/13"
"Jones, Jive","Me, Myself & I",PHM0112,6,PHM0112,PH,1," 2/27/13"
"Jones, Joe","You Talk Too Much",MM6043,3,MM6043,MM,1," 2/27/13"
"Jones, Kacey","Every Man I Love Is Either Married, Gay,",CB20296,12,CB20296,CB,1," 2/27/13"
"Jones, Kacey","I Though He Was Mr. Right, But He Left",CB60236,15,CB60236,CB,1," 2/27/13"
"Jones, Kacey","Til Dale Earnhardt Wins Cup #8",CB60220,15,CB60220,CB,1," 2/27/13"
"Jones, Kacey & Delbert McClinton","You're The Reason Our Kids Are Ugly",CB20266,8,CB20266,CB,1," 2/27/13"
"Jones, Kacey & Delbert Mcclinton","You're The Reason Our Kids Are Ugly",CB60217,5,CB60217,CB,1," 2/27/13"
"Jones, Kasey","Every Man I Love Is Either Married, Gay,",CB60224,15,CB60224,CB,1," 2/27/13"
"Jones, Norah","Cold Cold Heart",CB90157,3,CB90157,CB,1," 2/27/13"
"Jones, Norah","Come Away With Me",MM6376,15,MM6376,MM,1," 2/27/13"
"Jones, Norah","Don't Know Why",MM6393,15,MM6393,MM,1," 2/27/13"
"Jones, Norah","Feelin' The Same Way",THMH0307,18,THMH0307,TH,1," 2/27/13"
"Jones, Norah","Feeling The Same Way",MM6393,7,MM6393,MM,1," 2/27/13"
"Jones, Norah","I'll Be Your Baby",CB90157,5,CB90157,CB,1," 2/27/13"
"Jones, Norah","I've Got To See You Again",MM6393,11,MM6393,MM,1," 2/27/13"
"Jones, Norah",Lonestar,CB90157,7,CB90157,CB,1," 2/27/13"
"Jones, Norah","Nearness Of You, The",CB90157,14,CB90157,CB,1," 2/27/13"
"Jones, Norah",Nightingale,CB90157,8,CB90157,CB,1," 2/27/13"
"Jones, Norah","One Flight Down",CB90157,9,CB90157,CB,1," 2/27/13"
"Jones, Norah","Painter Song",CB90157,10,CB90157,CB,1," 2/27/13"
"Jones, Norah","Shoot The Moon",CB90157,12,CB90157,CB,1," 2/27/13"
"Jones, Norah",Sunrise,SC8865,4,SC8865,SC,1," 2/27/13"
"Jones, Norah","Those Sweet Words",SC8906,9,SC8906,SC,1," 2/27/13"
"Jones, Norah","Turn Me On",MM6393,1,MM6393,MM,1," 2/27/13"
"Jones, Norah","What Am I To You",PHM0408,6,PHM0408,PH,1," 2/27/13"
"Jones, Norah & Dolly Parton","Creepin' In",SC8877,12,SC8877,SC,1," 2/27/13"
"Jones, Norah wvocal",Sunrise,SC3400,12,SC3400,SC,1," 2/27/13"
"Jones, Quincy","You Put A Move On My Heart",SC8281,1,SC8281,SC,1," 2/27/13"
"Jones, Quincy, Babyface, Tamia & Portrai","Slow Jams",SC8277,11,SC8277,SC,1," 2/27/13"
"Jones, Quincy, Debarge & Garrett","I'm Yours",SC2214,4,SC2214,SC,1," 2/27/13"
"Jones, Rickie Lee","Chuck E.'s In Love",SC8378,15,SC8378,SC,1," 2/27/13"
"Jones, Rickie Lee","Danny's All-Star Joint",SC8410,7,SC8410,SC,1," 2/27/13"
"Jones, Sammy","Chevy Van",SC7559,5,SC7559,SC,1," 2/27/13"
"Jones, Shae","Bad Boy",PHM9907,7,PHM9907,PH,1," 2/27/13"
"Jones, Shae wvocal","Bad Boy",PHM9907,17,PHM9907,PH,1," 2/27/13"
"Jones, Spike","All I Want For Christmas Is My Two Front",SC7212,15,SC7212,SC,1," 2/27/13"
"Jones, Spike","Yes We Have No Bananas",DK085,15,DK085,DK,1," 2/27/13"
"Jones, Tom","Daughter Of Darkness",MM6242,6,MM6242,MM,1," 2/27/13"
"Jones, Tom",Delilah,SAVP05,19,SAVP05,SA,1," 2/27/13"
"Jones, Tom","Green Green Grass Of Home",DK037,13,DK037,DK,1," 2/27/13"
"Jones, Tom","Green, Green Grass Of Home",SAVP19,3,SAVP19,SA,1," 2/27/13"
"Jones, Tom","Green, Green Grass Of Home, The",BL28,7,BL28,BL,1," 2/27/13"
"Jones, Tom","Help Yourself",MM6075,13,MM6075,MM,1," 2/27/13"
"Jones, Tom","I (who Have Nothing)",MMSTA2-3,8,MMSTA2-3,MM,1," 2/27/13"
"Jones, Tom","I Believe",DK093,18,DK093,DK,1," 2/27/13"
"Jones, Tom","I Who Have Nothing",MMSTA01,15,MMSTA01,MM,1," 2/27/13"
"Jones, Tom","I'll Never Fall In Love Again",DK087,11,DK087,DK,1," 2/27/13"
"Jones, Tom","I'm Coming Home",SF065,1,SF065,SF,1," 2/27/13"
"Jones, Tom","It's Not Unusual",SC7538,13,SC7538,SC,1," 2/27/13"
"Jones, Tom",Kiss,SC8718,12,SC8718,SC,1," 2/27/13"
"Jones, Tom","Love Me Tonight",PI001,16,PI001,PI,1," 2/27/13"
"Jones, Tom","Most Beautiful Girl, The",MM6367,14,MM6367,MM,1," 2/27/13"
"Jones, Tom","Say You'll Stay Until Tomorrow",MM6242,5,MM6242,MM,1," 2/27/13"
"Jones, Tom","She's A Lady",CBE3-19,10,CBE3-19,CB,1," 2/27/13"
"Jones, Tom",Thunderball,SC8468,3,SC8468,SC,1," 2/27/13"
"Jones, Tom",Til,SF051,5,SF051,SF,1," 2/27/13"
"Jones, Tom","What's New Pussycat",MMSTA03,19,MMSTA03,MM,1," 2/27/13"
"Jones, Tom","With These Hands",DK098,14,DK098,DK,1," 2/27/13"
"Jonesÿ, Tom","Green Green Grass Of Home",CBEP472-4,7,CBEP472-4,CB,1," 2/27/13"
"Joplin, Janis","Cry Baby",DK1114,6,DK1114,DK,1," 2/27/13"
"Joplin, Janis","Down On Me",SC8204,13,SC8204,SC,1," 2/27/13"
"Joplin, Janis","Me & Bobby McGee",DK006,6,DK006,DK,1," 2/27/13"
"Joplin, Janis","Me & Bobby Mcgee",DKM2004,14,DKM2004,DK,1," 2/27/13"
"Joplin, Janis","Me And Bobby McGee",SAVP41,13,SAVP41,SA,1," 2/27/13"
"Joplin, Janis","Me And Bobby Mcgee",SC8591,13,SC8591,SC,1," 2/27/13"
"Joplin, Janis","Mercedes Benz",CBE4-03,10,CBE4-03,CB,1," 2/27/13"
"Joplin, Janis","Piece Of My Heart",MMGCP9803,12,MMGCP9803,MM,1," 2/27/13"
"Joplin, Janis",Summertime,SC8591,5,SC8591,SC,1," 2/27/13"
"Joplin, Janis","Try (Just A Little Bit Harder)",SC8591,1,SC8591,SC,1," 2/27/13"
"Jordan, Montell",Falling,SC8337,12,SC8337,SC,1," 2/27/13"
"Jordan, Montell","Get It On Tonight",CB30001,8,CB30001,CB,1," 2/27/13"
"Jordan, Montell","Get It On Tonite",SC8587,12,SC8587,SC,1," 2/27/13"
"Jordan, Montell","This Is How We Do It",MMCP2K01,17,MMCP2K01,MM,1," 2/27/13"
"Jordan, Montell","What's On Tonight",SC8357,8,SC8357,SC,1," 2/27/13"
"Jordan, Sass","You Don't Have To Remind Me",SC8338,1,SC8338,SC,1," 2/27/13"
Jordi,"Me Estoy Volviendo Loco",SC2197,7,SC2197,SC,1," 2/27/13"
"Jordin Sparks","S.O.S. (Let The Music Play)",PHMP0912,5,PHMP0912,PH,1," 2/27/13"
"Jordin Sparks & Whitney Houston",Celebrate,PHMU1208,5,PHMU1208,PH,1," 2/27/13"
"Jordin Sparks Feat Chris Brown","No Air",PHMP0804,1,PHMP0804,PH,1," 2/27/13"
"Joseph & Dreamcoat","Any Dream Will Do",SGB50,9,SGB50,SG,1," 2/27/13"
"Joseph & The Amazing Technicolor Dreamco","Any Dream Will Do",SC8547,14,SC8547,SC,1," 2/27/13"
"Joseph And The Amazing Technicolor","Close Every Door",SC2233,6,SC2233,SC,1," 2/27/13"
"Josh Abbott Band feat Kacey Musgraves","Oh, Tonight",PHMC1110,4,PHMC1110,PH,1," 2/27/13"
"Josh Gracin","We Weren't Crazy",PHMC0802,6,PHMC0802,PH,1," 2/27/13"
"Josh Joplin Group","Camera One",CBEP473-4,9,CBEP473-4,CB,1," 2/27/13"
"Josh Joplin Group, The","Camera One",CB30011,13,CB30011,CB,1," 2/27/13"
"Josh Kelley","To Remember",PHMP0901,8,PHMP0901,PH,1," 2/27/13"
"Josh Thompson","Beer On The Table",PHMC0910,6,PHMC0910,PH,1," 2/27/13"
"Josh Turner","Everything Is Fine",PHMC0812,7,PHMC0812,PH,1," 2/27/13"
"Josh Turner","I Wouldn't Be A Man",PHMC1101,6,PHMC1101,PH,1," 2/27/13"
"Josh Turner","I Wouldn't Be A Man (MPX)",PHMC1101,15,PHMC1101,PH,1," 2/27/13"
"Josh Turner","Why Don't We Just Dance",PHMC0912,6,PHMC0912,PH,1," 2/27/13"
"Josh Turner Feat Trisha Yearwood","Another Try",PHMC0804,5,PHMC0804,PH,1," 2/27/13"
Josie,"Steely Dan",RSZ608,12,RSZ608,RS,1," 2/27/13"
"Joss Stone","Drive All Night",PHMU1110,4,PHMU1110,PH,1," 2/27/13"
"Joss Stone",Somehow,PHMU1203,9,PHMU1203,PH,1," 2/27/13"
"Joss Stone, The Roots & Betty Wright","Whisper In The Wind",PHMU1202,9,PHMU1202,PH,1," 2/27/13"
Journey,"After The Fall",SC8721,13,SC8721,SC,1," 2/27/13"
Journey,"Any Way You Want It",SC8832,9,SC8832,SC,1," 2/27/13"
Journey,Anytime,SC8658,10,SC8658,SC,1," 2/27/13"
Journey,"Anyway You Want It",SC8223,1,SC8223,SC,1," 2/27/13"
Journey,"Be Good To Yourself",SC8721,15,SC8721,SC,1," 2/27/13"
Journey,"Don't Stop Believin'",SC7577,9,SC7577,SC,1," 2/27/13"
Journey,Faithfully,MM6110,13,MM6110,MM,1," 2/27/13"
Journey,"Feeling That Way",SC8658,9,SC8658,SC,1," 2/27/13"
Journey,"Girl Can't Help It",SC8832,13,SC8832,SC,1," 2/27/13"
Journey,"Girl Can't Help It, The",SC8721,9,SC8721,SC,1," 2/27/13"
Journey,"I'll Be Alright Without You",SC8832,15,SC8832,SC,1," 2/27/13"
Journey,"If He Should Break Your Heart",SC8460,8,SC8460,SC,1," 2/27/13"
Journey,"Just The Same Way",SC8721,8,SC8721,SC,1," 2/27/13"
Journey,Lights,SGB026,8,SGB026,SG,1," 2/27/13"
Journey,"Lovin' Touchin' Squeezin'",SC8832,1,SC8832,SC,1," 2/27/13"
Journey,"Lovin', Touchin', Squeezin'",SC2269,1,SC2269,SC,1," 2/27/13"
Journey,"Lovin, Touchin', Squeezin'",SC8197,15,SC8197,SC,1," 2/27/13"
Journey,"Message Of Love",SC8340,13,SC8340,SC,1," 2/27/13"
Journey,"Only The Young",SC8641,12,SC8641,SC,1," 2/27/13"
Journey,"Open Arms",SC8192,13,SC8192,SC,1," 2/27/13"
Journey,"Remember Me",SGB11,8,SGB11,SG,1," 2/27/13"
Journey,"Send Her My Love",SC8393,2,SC8393,SC,1," 2/27/13"
Journey,"Separate Ways (Worlds Apart)",SC8832,8,SC8832,SC,1," 2/27/13"
Journey,"Still They Ride",SC8721,10,SC8721,SC,1," 2/27/13"
Journey,"Stone In Love",SC8721,11,SC8721,SC,1," 2/27/13"
Journey,Suzanne,SC8832,12,SC8832,SC,1," 2/27/13"
Journey,"Walks Like A Lady",SC8721,14,SC8721,SC,1," 2/27/13"
Journey,"Wheel In The Sky",SC8259,10,SC8259,SC,1," 2/27/13"
Journey,"When You Love A Woman",SC8325,15,SC8325,SC,1," 2/27/13"
Journey,"Who's Crying Now",SGB054,13,SGB054,SG,1," 2/27/13"
Journey,"With Your Love",PHR0111,4,PHR0111,PH,1," 2/27/13"
"Journey To The Center Of The Mind","Amboy Dukes, The",DG07,9,DG07,DG,1," 2/27/13"
"JT Hodges","Hunt You Down",PHMC1110,2,PHMC1110,PH,1," 2/27/13"
"JT Hodges","Sleepy Little Town",PHMC1212,1,PHMC1212,PH,1," 2/27/13"
"Judas Priest","Breaking The Law",SC8516,9,SC8516,SC,1," 2/27/13"
"Judas Priest","Hell Bent For Leather",SC8660,15,SC8660,SC,1," 2/27/13"
"Judas Priest","Living After Midnight",SC8631,15,SC8631,SC,1," 2/27/13"
"Judas Priest","The Green Manalishi (With The Two-Pronge",SC8756,8,SC8756,SC,1," 2/27/13"
"Judas Priest","Turbo Lover",SC8830,2,SC8830,SC,1," 2/27/13"
"Judas Priest","You've Got Another Thing Comin'",SC8252,8,SC8252,SC,1," 2/27/13"
"Judd, Cledus T","Cledus The Karaoke King",CB90099,15,CB90099,CB,1," 2/27/13"
"Judd, Cledus T","Coronary Life",CB90099,6,CB90099,CB,1," 2/27/13"
"Judd, Cledus T","Did I Shave My Back For This",CB90099,13,CB90099,CB,1," 2/27/13"
"Judd, Cledus T","Every Bulb In The House Is Blown",CB90099,12,CB90099,CB,1," 2/27/13"
"Judd, Cledus T","Grandpa Got Runned Over By A John Deere",CB90099,14,CB90099,CB,1," 2/27/13"
"Judd, Cledus T","Hip Hop To Honky Tonk",CB90099,10,CB90099,CB,1," 2/27/13"
"Judd, Cledus T","How Do You Milk A Cow",CB90099,5,CB90099,CB,1," 2/27/13"
"Judd, Cledus T","If Shania Was Mine",CB90099,2,CB90099,CB,1," 2/27/13"
"Judd, Cledus T","Jackson (Alan That Is)",CB90099,11,CB90099,CB,1," 2/27/13"
"Judd, Cledus T","My Cellmate Thinks I'm Sexy",CB20266,12,CB20266,CB,1," 2/27/13"
"Judd, Cledus T","Shania I'm Broke",CB90099,9,CB90099,CB,1," 2/27/13"
"Judd, Cledus T","She's Got A Butt Bigger Than The Beatles",CB90099,7,CB90099,CB,1," 2/27/13"
"Judd, Cledus T","She's Inflatable",CB90099,4,CB90099,CB,1," 2/27/13"
"Judd, Cledus T","Where The Grass Don't Grow",CB90099,8,CB90099,CB,1," 2/27/13"
"Judd, Cledus T","Wives Do It All The Time",CB90099,3,CB90099,CB,1," 2/27/13"
"Judd, Cledus T.",Breath,SC8764,4,SC8764,SC,1," 2/27/13"
"Judd, Cledus T.","Cledus The Karaoke King",SC8739,14,SC8739,SC,1," 2/27/13"
"Judd, Cledus T.","Did I Shave My Back For This",SC8739,15,SC8739,SC,1," 2/27/13"
"Judd, Cledus T.","How Do You Milk A Cow",SC8739,1,SC8739,SC,1," 2/27/13"
"Judd, Cledus T.","It's A Great Day To Be A Guy",SC8769,15,SC8769,SC,1," 2/27/13"
"Judd, Cledus T.","My Cellmate Thinks I'm Sexy",CB60217,1,CB60217,CB,1," 2/27/13"
"Judd, Cledus T.",Plowboy,SC8739,4,SC8739,SC,1," 2/27/13"
"Judd, Cledus T. & Toby Keith","I Love Nascar",SC8897,11,SC8897,SC,1," 2/27/13"
"Judd, Wynonna","Always Will",SC8463,12,SC8463,SC,1," 2/27/13"
"Judd, Wynonna","Can't Nobody Love You",SD068,12,SD068,SD,1," 2/27/13"
"Judd, Wynonna","Can't Nobody Love You Like I Do",SC8584,2,SC8584,SC,1," 2/27/13"
"Judd, Wynonna","Come Some Rainy Day",MM6226,14,MM6226,MM,1," 2/27/13"
"Judd, Wynonna","Come Some Rainy Night",MMCOU201,13,MMCOU201,MM,1," 2/27/13"
"Judd, Wynonna","Don't Look Back",SC8267,11,SC8267,SC,1," 2/27/13"
"Judd, Wynonna",Freedom,CB90044,15,CB90044,CB,1," 2/27/13"
"Judd, Wynonna","Girls With Guitars",MMGCOU01,13,MMGCOU01,MM,1," 2/27/13"
"Judd, Wynonna","Going Nowhere",SC8623,3,SC8623,SC,1," 2/27/13"
"Judd, Wynonna",Healing,SC8306,5,SC8306,SC,1," 2/27/13"
"Judd, Wynonna","Heaven Help My Heart",CB60001,14,CB60001,CB,1," 2/27/13"
"Judd, Wynonna","I Saw The Light",MM6017,12,MM6017,MM,1," 2/27/13"
"Judd, Wynonna","Is It Over Yet",SC8278,12,SC8278,SC,1," 2/27/13"
"Judd, Wynonna","It's Never Easy To Say Goodbye",SC8291,1,SC8291,SC,1," 2/27/13"
"Judd, Wynonna","Let's Make A Baby King",MM6041,13,MM6041,MM,1," 2/27/13"
"Judd, Wynonna","Little Bit Of Love Goes A Long Long Way,",CB60117,3,CB60117,CB,1," 2/27/13"
"Judd, Wynonna","Little Bit Of Love, A",MM6010,14,MM6010,MM,1," 2/27/13"
"Judd, Wynonna","My Angel Is Here",MM6168,15,MM6168,MM,1," 2/27/13"
"Judd, Wynonna","My Strongest Weakness",MM6012,13,MM6012,MM,1," 2/27/13"
"Judd, Wynonna","No One Else On Earth",MMGCOU03,15,MMGCOU03,MM,1," 2/27/13"
"Judd, Wynonna","Only Love",MM6029,15,MM6029,MM,1," 2/27/13"
"Judd, Wynonna","Rock Bottom",CB60141,10,CB60141,CB,1," 2/27/13"
"Judd, Wynonna","She Is His Only Need",CB60108,15,CB60108,CB,1," 2/27/13"
"Judd, Wynonna","Somebody To Love You",MM6183,14,MM6183,MM,1," 2/27/13"
"Judd, Wynonna","Tell Me Why",MM6022,14,MM6022,MM,1," 2/27/13"
"Judd, Wynonna","Testify To Love",SC2402,5,SC2402,SC,1," 2/27/13"
"Judd, Wynonna","To Be Loved By You",SC8253,13,SC8253,SC,1," 2/27/13"
"Judd, Wynonna","When Love Starts Talkin'",MMCOU202,8,MMCOU202,MM,1," 2/27/13"
"Judd, Wynonna","When Love Starts Talking",SC8409,14,SC8409,SC,1," 2/27/13"
"Judd, Wynonna","Without Your Love I'm Goin' Nowhere",MM6311,4,MM6311,MM,1," 2/27/13"
"Judd, Wynonna","Woman To Woman",SD056,14,SD056,SD,1," 2/27/13"
"Judd, Wynonna And Naomi","Flies On The Butter",SC8857,15,SC8857,SC,1," 2/27/13"
"Judd, Wynonna wvocal","No One Else On Earth",SC2016,10,SC2016,SC,1," 2/27/13"
"Judds, The","Beautiful Star Of Bethlehem",CBEP462-4,3,CBEP462-4,CB,1," 2/27/13"
"Judds, The","Born To Be Blue",SC8213,13,SC8213,SC,1," 2/27/13"
"Judds, The","Change Of Heart",CB60126,14,CB60126,CB,1," 2/27/13"
"Judds, The","Cry Myself To Sleep",SC8728,6,SC8728,SC,1," 2/27/13"
"Judds, The","Don't Be Cruel",SC8494,11,SC8494,SC,1," 2/27/13"
"Judds, The","Girl's Night Out",SC7592,14,SC7592,SC,1," 2/27/13"
"Judds, The","Girl's Night Out, A",MMCOU205,16,MMCOU205,MM,1," 2/27/13"
"Judds, The","Girls Night Out",CB90010,8,CB90010,CB,1," 2/27/13"
"Judds, The","Give A Little Love",CBEP452-6,14,CBEP452-6,CB,1," 2/27/13"
"Judds, The",Grandpa,DK014,14,DK014,DK,1," 2/27/13"
"Judds, The","Guardian Angel, The",CB60094,8,CB60094,CB,1," 2/27/13"
"Judds, The","Had A Dream For The Heart",SC7570,2,SC7570,SC,1," 2/27/13"
"Judds, The","Have Mercy",DK057,14,DK057,DK,1," 2/27/13"
"Judds, The","I Know Where I'm Going",SC8375,9,SC8375,SC,1," 2/27/13"
"Judds, The","John Deere Tractor",CB60098,8,CB60098,CB,1," 2/27/13"
"Judds, The","Let Me Tell You About Love",CB90010,10,CB90010,CB,1," 2/27/13"
"Judds, The","Love Can Build A Bridge",MMGCOU02,17,MMGCOU02,MM,1," 2/27/13"
"Judds, The","Love Is Alive",CBE07,15,CBE07,CB,1," 2/27/13"
"Judds, The","Mama He's Crazy",CB60011,9,CB60011,CB,1," 2/27/13"
"Judds, The","Maybe Your Baby's Got The Blues",CBE4-18,15,CBE4-18,CB,1," 2/27/13"
"Judds, The","One Hundred & Two",CB60101,3,CB60101,CB,1," 2/27/13"
"Judds, The","One Hundred And Two",SC8628,14,SC8628,SC,1," 2/27/13"
"Judds, The","One Man Woman",SC8133,13,SC8133,SC,1," 2/27/13"
"Judds, The","Rock N' Roll Angels",CB60094,7,CB60094,CB,1," 2/27/13"
"Judds, The","Rockin' With The Rhythm Of The Rain",SC7592,1,SC7592,SC,1," 2/27/13"
"Judds, The","Stuck In Love",CHM0006,14,CHM0006,CH,1," 2/27/13"
"Judds, The","Turn It Loose",CB90010,14,CB90010,CB,1," 2/27/13"
"Judds, The","Why Not Me",CB60039,15,CB60039,CB,1," 2/27/13"
"Judds, The","Young Love",CB90010,15,CB90010,CB,1," 2/27/13"
"Judy Garland","Rock-A-Bye Your Baby",SC8124,1,SC8124,SC,1," 2/27/13"
"Juelz Santana feat Chris Brown","Back To the Crib",PHMU1003,2,PHMU1003,PH,1," 2/27/13"
"Jukebox Heroÿÿÿ",Foreigner,BS7517,4,BS7517,BS,1," 2/27/13"
"Jukebox In My Mind",Alabama,BS8317,10,BS8317,BS,1," 2/27/13"
"Julia Burton","What A Woman Wants",PHMC0904,6,PHMC0904,PH,1," 2/27/13"
"Julia Price","Hardest Part",PHMP1211,6,PHMP1211,PH,1," 2/27/13"
"Julianne Hough","Is That So Wrong",PHMC1103,6,PHMC1103,PH,1," 2/27/13"
"Julianne Hough","My Hallelujah Song",PHMC0812,4,PHMC0812,PH,1," 2/27/13"
"Julianne Hough","That Song In My Head",PHMC0806,5,PHMC0806,PH,1," 2/27/13"
"Jump 5","All I Can Do",MM6413,12,MM6413,MM,1," 2/27/13"
"Jump 5","God Bless The U.S.A.",MM6404,12,MM6404,MM,1," 2/27/13"
"Jump 5","Shining Star",MM6404,4,MM6404,MM,1," 2/27/13"
"Jump 5","Spinning Around",MM6413,14,MM6413,MM,1," 2/27/13"
"Jump Jive N Wail","Brian Setzer Orchestra, The",AMS1509,2,AMS1509,AM,1," 2/27/13"
"Jump N The Saddle Band","Curly Shuffle, The",SC8176,12,SC8176,SC,1," 2/27/13"
Jumper,"Third Eye Blind",PHT9810,3,PHT9810,PH,1," 2/27/13"
"Jumpin Jumpin","Destiny's Child",TU022,7,TU022,TU,1," 2/27/13"
"Jumpin' Gene Simmons","Haunted House",SC7212,3,SC7212,SC,1," 2/27/13"
"Jumping Jack Flash","Rolling Stones, The",BS9217,9,BS9217,BS,1," 2/27/13"
"Junior Senior","Move Your Feet",MM6392,11,MM6392,MM,1," 2/27/13"
"Junior Senior","Rhythm Bandits",SF207,6,SF207,SF,1," 2/27/13"
"Just A Little","Beau Brummels, The",LC0007,14,LC0007,LC,1," 2/27/13"
"Just Don't Want To Be Lonely","Main Ingredient",HV06B,1,HV06B,HV,1," 2/27/13"
"Just Got Paid","Kemp, Johnny",AH8014,9,AH8014,AH,1," 2/27/13"
"Just Like A Pill",Pink,PHM0208,1,PHM0208,PH,1," 2/27/13"
"Just Like Jesse James",Cher,RSZ606,17,RSZ606,RS,1," 2/27/13"
"Just Like Starting Over","Lennon, John",RSZ607,8,RSZ607,RS,1," 2/27/13"
"Just Missed The Train","Clarkson, Kelly",TU210,6,TU210,TU,1," 2/27/13"
"Just My Imagination","Temptations, The",JV0005,8,JV0005,JV,1," 2/27/13"
"Just Once","Ingram, James",BS5317,13,BS5317,BS,1," 2/27/13"
"Just Push Play",Aerosmith,TU089,8,TU089,TU,1," 2/27/13"
"Just The Two Of Us","Smith, Will",PHM9808,1,PHM9808,PH,1," 2/27/13"
"Just The Way You Are","Joel, Billy",KBA22842,5,KBA22842,KB,1," 2/27/13"
"Just What I Do","Trick Pony",THC0205,11,THC0205,TH,1," 2/27/13"
"Just What The Doctor Ordered","Nugent, Ted",DG03,14,DG03,DG,1," 2/27/13"
"Just When I Needed You Most","Parton, Dolly",TU172,9,TU172,TU,1," 2/27/13"
"Justice, Jimmy","When My Little Girl Is Smiling",SF064,14,SF064,SF,1," 2/27/13"
"Justin Bieber","Love Me",PHMP1003,2,PHMP1003,PH,1," 2/27/13"
"Justin Bieber","One Less Lonely Girl",PHMP1002,2,PHMP1002,PH,1," 2/27/13"
"Justin Moore","How I Got To Be This Way",PHMC1008,2,PHMC1008,PH,1," 2/27/13"
"Justin TimberlakeBeyonce","Until The End Of Time",PHMP0801,2,PHMP0801,PH,1," 2/27/13"
Juvenile,"Drop That Thang",PHMU1009,3,PHMU1009,PH,1," 2/27/13"
Juvenile,"Got Get It",PHMU1001,7,PHMU1001,PH,1," 2/27/13"
Juvenile,"In My Life",PHU0403,9,PHU0403,PH,1," 2/27/13"
Juvenile,"Slow Motion",PHU0407,3,PHU0407,PH,1," 2/27/13"
"Juvenile & Mannie Fresh","In My Life",SC8864,11,SC8864,SC,1," 2/27/13"
"Juvenile & Soulja Slim","Slow Motion",SC8879,13,SC8879,SC,1," 2/27/13"
"Juvenile & Wacko & Skip","Nolia Clap",PHU0412,3,PHU0412,PH,1," 2/27/13"
"Juvenile, Manny Fresh & L'il Wayne","Back That Azz Up",SC8612,14,SC8612,SC,1," 2/27/13"
"Juvenile, Manny Fresh & L'il Wayne","Back That Thang Up",SC7586,2,SC7586,SC,1," 2/27/13"
Jypsi,"Mister Officer",PHMC0911,4,PHMC0911,PH,1," 2/27/13"
