W.A.S.P.,"Animal (F### Like A Beast)",SC8869,9,SC8869,SC,1," 2/27/13"
"W.k., Andrew","Party Hard",SC8803,3,SC8803,SC,1," 2/27/13"
"W.K., Andrew","Party Hard",SC3311,7,SC3311,SC,1," 2/27/13"
"W.k., Andrew","Party Hard",SC8758,14,SC8758,SC,1," 2/27/13"
"Wade Bowen","Saturday Night",PHMC1202,4,PHMC1202,PH,1," 2/27/13"
"Wade In The Water","Cassidy, Eva",ZMP003,4,ZMP003,ZM,1," 2/27/13"
Wagner,"Bridal Chorus (Instrumental)",SC2181,6,SC2181,SC,1," 2/27/13"
"Wagner, Jack","All I Need",SC7564,12,SC7564,SC,1," 2/27/13"
"Wagoner, Porter","Big Wind",CB90087,6,CB90087,CB,1," 2/27/13"
"Wagoner, Porter","Carroll County Accident, The",CB90087,5,CB90087,CB,1," 2/27/13"
"Wagoner, Porter","Cold Hard Facts Of Life, The",SC8555,9,SC8555,SC,1," 2/27/13"
"Wagoner, Porter","Company's Comin'",CB90087,14,CB90087,CB,1," 2/27/13"
"Wagoner, Porter","Eat Drink And Be Merry",SC8400,8,SC8400,SC,1," 2/27/13"
"Wagoner, Porter","Eat, Drink And Be Merry (For Tomorrow Yo",CB90087,7,CB90087,CB,1," 2/27/13"
"Wagoner, Porter","Green, Green Grass Of Home",CB90087,15,CB90087,CB,1," 2/27/13"
"Wagoner, Porter","I'll Go Down Swinging",CB80095,15,CB80095,CB,1," 2/27/13"
"Wagoner, Porter","I've Enjoyed As Much Of This As I Can St",CB90087,9,CB90087,CB,1," 2/27/13"
"Wagoner, Porter","Misery Loves Company",CBEP451-4,16,CBEP451-4,CB,1," 2/27/13"
"Wagoner, Porter","Satisfied Mind, A",CB90087,4,CB90087,CB,1," 2/27/13"
"Wagoner, Porter","Skid Row Joe",CB80097,14,CB80097,CB,1," 2/27/13"
"Wagoner, Porter","Sorrow On The Rocks",CB90087,11,CB90087,CB,1," 2/27/13"
"Wagoner, Porter","Tryin' To Forget The Blues",CB90087,8,CB90087,CB,1," 2/27/13"
"Wagoner, Porter","Y'all Come",CB90087,1,CB90087,CB,1," 2/27/13"
"Wagoner, Porter","Your Old Love Letters",CB90087,10,CB90087,CB,1," 2/27/13"
"Wagoner, Porter & Dolly Parton","Before I Met You",CB90083,13,CB90083,CB,1," 2/27/13"
"Wagoner, Porter & Dolly Parton","Better Move It On Home",CB90083,8,CB90083,CB,1," 2/27/13"
"Wagoner, Porter & Dolly Parton","Burning The Midnight Oil",CB90083,14,CB90083,CB,1," 2/27/13"
"Wagoner, Porter & Dolly Parton","Daddy Was An Old Time Preacher Man",CB90083,5,CB90083,CB,1," 2/27/13"
"Wagoner, Porter & Dolly Parton","Forty Miles From Poplar Bluff",CB90083,12,CB90083,CB,1," 2/27/13"
"Wagoner, Porter & Dolly Parton","Holding On To Nothin'",CB90083,2,CB90083,CB,1," 2/27/13"
"Wagoner, Porter & Dolly Parton","If Teardrops Were Pennies",CB90083,7,CB90083,CB,1," 2/27/13"
"Wagoner, Porter & Dolly Parton","If You Go I'll Follow You",CB90083,15,CB90083,CB,1," 2/27/13"
"Wagoner, Porter & Dolly Parton","Jeannie's Afraid Of The Dark",CB90083,3,CB90083,CB,1," 2/27/13"
"Wagoner, Porter & Dolly Parton","Last Thing On My Mind",MM6314,1,MM6314,MM,1," 2/27/13"
"Wagoner, Porter & Dolly Parton","Last Thing On My Mind, The",CB90083,1,CB90083,CB,1," 2/27/13"
"Wagoner, Porter & Dolly Parton","Making Plans",CB90083,11,CB90083,CB,1," 2/27/13"
"Wagoner, Porter & Dolly Parton","Please Don't Stop Loving Me",CB90083,10,CB90083,CB,1," 2/27/13"
"Wagoner, Porter & Dolly Parton","Tomorrow Is Forever",CB90083,6,CB90083,CB,1," 2/27/13"
"Wagoner, Porter & Dolly Parton","We'll Get Ahead Someday",CBEP471-5,9,CBEP471-5,CB,1," 2/27/13"
"Wagoner, Porter & Dolly Parton","Your Love",CB90083,9,CB90083,CB,1," 2/27/13"
"Wainwright Iii, Loudon","Dead Skunk",SC8174,13,SC8174,SC,1," 2/27/13"
"Wainwright, Rufus",Hallelujah,SC8850,12,SC8850,SC,1," 2/27/13"
"Waite, John",Change,SC8624,4,SC8624,SC,1," 2/27/13"
"Waite, John","How Did I Get By Without You",SC8164,15,SC8164,SC,1," 2/27/13"
"Waite, John","Missing You",CBEP467-4,16,CBEP467-4,CB,1," 2/27/13"
"Waite, Tom","Piano Has Been Drinking, The",MM6189,2,MM6189,MM,1," 2/27/13"
"Waiting For A Girl Like You",Foreigner,BS7517,8,BS7517,BS,1," 2/27/13"
"Waiting For Tonightÿ","Lopez, Jennifer",THPP14,16,THPP14,TH,1," 2/27/13"
Waitresses,"Christmas Wrapping",SC8780,5,SC8780,SC,1," 2/27/13"
"Waitresses, The","I Know What Boys Like",SC8333,14,SC8333,SC,1," 2/27/13"
"Wake Up Alone","Winehouse, Amy",XXX001,7,XXX001,XX,1," 2/27/13"
"Wake Up Everybody","Melvin, Harold & The Bluenotes",DG07,12,DG07,DG,1," 2/27/13"
"Wake Up Little Susie","Everly Brothers, The",KJT09,18,KJT09,KJ,1," 2/27/13"
"Wakely, Jimmy","One Has My Name The Other Has My Heart",SC8445,8,SC8445,SC,1," 2/27/13"
"Wakely, Jimmy","One Has My Name, The Other Has My Heart",CBEP451-1,16,CBEP451-1,CB,1," 2/27/13"
"Walk Away","Aguilera, Christina",TU173,16,TU173,TU,1," 2/27/13"
"Walk Away",Epidemic,THR0210,18,THR0210,TH,1," 2/27/13"
"Walk Me Home","Moore, Mandy",TU002,14,TU002,TU,1," 2/27/13"
"Walk Me Home (RV)","Moore, Mandy",SC3180,1,SC3180,SC,1," 2/27/13"
"Walk On",U2,TU107,15,TU107,TU,1," 2/27/13"
"Walk On The Wild Side","Reed, Lou",AH8013,1,AH8013,AH,1," 2/27/13"
"Walk This Way",Aerosmith,PI038,11,PI038,PI,1," 2/27/13"
"Walker Brothers, The","Sun Ain't Gonna Shine Anymore, The",SC8221,1,SC8221,SC,1," 2/27/13"
"Walker, Billy","Charlie's Shoes",SC8445,13,SC8445,SC,1," 2/27/13"
"Walker, Butch","My Way",CBEP477-2,16,CBEP477-2,CB,1," 2/27/13"
"Walker, Charlie","Pick Me Up On Your Way Down",CB60132,8,CB60132,CB,1," 2/27/13"
"Walker, Charlie","Who Will Buy The Wine",SC8509,6,SC8509,SC,1," 2/27/13"
"Walker, Clay","Bury The Shovel",MM6176,14,MM6176,MM,1," 2/27/13"
"Walker, Clay","Chain of Love, The",SD071,2,SD071,SD,1," 2/27/13"
"Walker, Clay","Chain Of Love, The",SC8578,14,SC8578,SC,1," 2/27/13"
"Walker, Clay","Dreaming With My Eyes Open",MM6062,15,MM6062,MM,1," 2/27/13"
"Walker, Clay","Dreaming With My Eyes Wide Open",SC8129,14,SC8129,SC,1," 2/27/13"
"Walker, Clay","Few Questions, A",MM6389,10,MM6389,MM,1," 2/27/13"
"Walker, Clay","Hypnotize The Moon",CB90007,8,CB90007,CB,1," 2/27/13"
"Walker, Clay","I Can't Sleep",SC8880,12,SC8880,SC,1," 2/27/13"
"Walker, Clay","I Don't Know How Love Starts",SC8317,1,SC8317,SC,1," 2/27/13"
"Walker, Clay","I Won't Have The Heart",SC8256,10,SC8256,SC,1," 2/27/13"
"Walker, Clay","If I Could Make A Living",CBE3-08,13,CBE3-08,CB,1," 2/27/13"
"Walker, Clay","If You Ever Feel Like Lovin' Me Again",PHN0112,8,PHN0112,PH,1," 2/27/13"
"Walker, Clay","If You Ever Feel Like Loving",CB60222,4,CB60222,CB,1," 2/27/13"
"Walker, Clay","Jesus Was A Country Boy",MM6418,11,MM6418,MM,1," 2/27/13"
"Walker, Clay","Live Laugh Love",CHT9914,7,CHT9914,CH,1," 2/27/13"
"Walker, Clay","Live Until I Die",MM6035,14,MM6035,MM,1," 2/27/13"
"Walker, Clay","Live, Laugh, Love",CB60180,12,CB60180,CB,1," 2/27/13"
"Walker, Clay","My Heart Will Never Know",CB90007,7,CB90007,CB,1," 2/27/13"
"Walker, Clay","Once In A Lifetime Love",CBEP463-6,10,CBEP463-6,CB,1," 2/27/13"
"Walker, Clay","One Two I Love You",CB90007,11,CB90007,CB,1," 2/27/13"
"Walker, Clay","One, Two, I Love You",SC8376,10,SC8376,SC,1," 2/27/13"
"Walker, Clay","Only On Days That End In Y",MM6148,8,MM6148,MM,1," 2/27/13"
"Walker, Clay","Ordinary People",CB90007,14,CB90007,CB,1," 2/27/13"
"Walker, Clay","Rumor Has It",CHM9703,16,CHM9703,CH,1," 2/27/13"
"Walker, Clay","Say No More",SD083,6,SD083,SD,1," 2/27/13"
"Walker, Clay","She's Always Right",SC8524,9,SC8524,SC,1," 2/27/13"
"Walker, Clay","Then What",MMCOU202,18,MMCOU202,MM,1," 2/27/13"
"Walker, Clay","This Woman & This Man",SC8229,9,SC8229,SC,1," 2/27/13"
"Walker, Clay","Watch This",MMCOU203,14,MMCOU203,MM,1," 2/27/13"
"Walker, Clay","What's It To You",SC8175,13,SC8175,SC,1," 2/27/13"
"Walker, Clay","Where Do I Fit In The Picture",SC8177,14,SC8177,SC,1," 2/27/13"
"Walker, Clay","White Palace",MM6093,15,MM6093,MM,1," 2/27/13"
"Walker, Clay","Who Needs You Baby",SC8198,7,SC8198,SC,1," 2/27/13"
"Walker, Clay","You're Beginning To Get To Me",CB90007,15,CB90007,CB,1," 2/27/13"
"Walker, Clay wvocal","Few Questions, A",PHN0308,17,PHN0308,PH,1," 2/27/13"
"Walker, Jerry Jeff","Up Against The Wall You Redneck",SC8333,15,SC8333,SC,1," 2/27/13"
"Walker, Joe Louis","Blues Of The Month Club",MM6155,7,MM6155,MM,1," 2/27/13"
"Walker, Junior & All Stars, The","What Does It Take To Win Your Love",DK075,10,DK075,DK,1," 2/27/13"
"Walker, Junior & The All Stars",Shotgun,SC8218,11,SC8218,SC,1," 2/27/13"
"Walker, Junior & The All Stars","What Does It Take To Win Your Love",CBEP459-6,10,CBEP459-6,CB,1," 2/27/13"
"Walker, Mike","Homey Do",CB60220,6,CB60220,CB,1," 2/27/13"
"Walker, Mike","Honey Do",SC8714,3,SC8714,SC,1," 2/27/13"
"Walker, Mike","If There's A Chance To Say I Love You",CB60234,13,CB60234,CB,1," 2/27/13"
"Walker, Mike","Stones In The Road",CB60227,8,CB60227,CB,1," 2/27/13"
"Walker, Mike","Who's Your Daddy",CB60231,2,CB60231,CB,1," 2/27/13"
"Walker, T. Bone","Call It Stormy Monday",SC7597,7,SC7597,SC,1," 2/27/13"
"Walker, T. Bone","Stormy Monday",SC8327,14,SC8327,SC,1," 2/27/13"
"Walker, Tamara","Angel Eyes",CB60222,13,CB60222,CB,1," 2/27/13"
"Walker, Tamara","Askin' Too Much",CB60195,7,CB60195,CB,1," 2/27/13"
"Walker, Tamara","Circle Of Love",CB60311,15,CB60311,CB,1," 2/27/13"
"Walker, Tamara","Didn't We Love",CB60207,6,CB60207,CB,1," 2/27/13"
"Walker, Tamara","If Only",CB60244,9,CB60244,CB,1," 2/27/13"
"Walkin Blues","Royal Crown Revue",AMS1509,6,AMS1509,AM,1," 2/27/13"
"Walking In Memphis",Lonestar,TU228,16,TU228,TU,1," 2/27/13"
"Walking In My Blue Jeans","Hawkins, Sophie B.",THP0109,17,THP0109,TH,1," 2/27/13"
"WALKING ON THE WATER","ATOMIC KITTEN",TT214,16,TT214,TT,1," 2/27/13"
"Walking Shoes","Tucker, Tanya",THMP035,10,THMP035,TH,1," 2/27/13"
"WALL OF SHAME","COURSE OF NATURE",TT171,17,TT171,TT,1," 2/27/13"
"Wall Of Voo Doo","Mexican Radio",SC8313,3,SC8313,SC,1," 2/27/13"
"Wallace, Jerry","If You Leave Me Tonight I'll Cry",SC7555,15,SC7555,SC,1," 2/27/13"
"Wallace, Jerry","In The Misty Moonlight",CB60129,15,CB60129,CB,1," 2/27/13"
"Wallace, Jerry","Primrose Lane",CBE2-06,12,CBE2-06,CB,1," 2/27/13"
Wallflowers,Heroes,SC1999NSC08,6,SC1999NSC08,SC,1," 2/27/13"
Wallflowers,"One Headlight",CBE3-28,2,CBE3-28,CB,1," 2/27/13"
"Wallflowers, The","6Th Avenue Heartache",SC8308,15,SC8308,SC,1," 2/27/13"
"Wallflowers, The","Difference, The",CBE4-10,14,CBE4-10,CB,1," 2/27/13"
"Wallflowers, The",Heroes,SC8469,12,SC8469,SC,1," 2/27/13"
"Wallflowers, The","One Headlight",MM6188,9,MM6188,MM,1," 2/27/13"
"Wallflowers, The","Sixth Avenue Heartache",PHM9610,7,PHM9610,PH,1," 2/27/13"
"Wallflowers, The",Sleepwalker,SC8649,3,SC8649,SC,1," 2/27/13"
"Wallflowers, The","When You're On Top",CBEP477-2,15,CBEP477-2,CB,1," 2/27/13"
"Walsh, Joe","All Night Long",SC8322,6,SC8322,SC,1," 2/27/13"
"Walsh, Joe","Life's Been Good",SC8430,10,SC8430,SC,1," 2/27/13"
"Walsh, Joe","Ordinary Average Guy",SC8763,7,SC8763,SC,1," 2/27/13"
"Walsh, Joe","Rocky Mountain Way",PI005,4,PI005,PI,1," 2/27/13"
"Walsh, Joe & Steve Earle","Honey Don't",SC8324,5,SC8324,SC,1," 2/27/13"
"Walters, Jamie","Hold On",SC8187,12,SC8187,SC,1," 2/27/13"
"Walters, Jamie",Why,SC8195,4,SC8195,SC,1," 2/27/13"
"Wanderer, The",Dion,SF084,14,SF084,SF,1," 2/27/13"
"Wang Chung","Dance Hall Days",SC8201,7,SC8201,SC,1," 2/27/13"
"Wang Chung","Everybody Have Fun Tonight",SC8456,8,SC8456,SC,1," 2/27/13"
"Wanna Make You Cry","Bates, Jeff",TU228,17,TU228,TU,1," 2/27/13"
Wannabe,"Spice Girls, The",HV06A,12,HV06A,HV,1," 2/27/13"
War,"Cisco Kid, The",SC8227,12,SC8227,SC,1," 2/27/13"
War,"Low Rider",SC8231,11,SC8231,SC,1," 2/27/13"
War,"Slippin' Into Darkness",DK1109,7,DK1109,DK,1," 2/27/13"
War,"Spill The Wine",SGB054,9,SGB054,SG,1," 2/27/13"
War,"Why Can't We Be Friends",SC8456,9,SC8456,SC,1," 2/27/13"
"War Pigs","Black Sabbath",DG02,3,DG02,DG,1," 2/27/13"
"Ward, Anita","Ring My Bell",CBE2-21,15,CBE2-21,CB,1," 2/27/13"
"Ward, Chris","Fall Reaching",MM6168,12,MM6168,MM,1," 2/27/13"
"Ward, Chris","When You Get To Be You",SC8351,9,SC8351,SC,1," 2/27/13"
"Warden, Monte","It's Only Love",CB60178,10,CB60178,CB,1," 2/27/13"
"Warden, Monte",Someday,CB60172,13,CB60172,CB,1," 2/27/13"
"Wariner & Larson","That's How You Know When Love's Right",SC8511,8,SC8511,SC,1," 2/27/13"
"Wariner, Steve","All Roads Lead To You",SC8647,9,SC8647,SC,1," 2/27/13"
"Wariner, Steve","B-B-Burnin' Up I Go Wrong",SC8483,14,SC8483,SC,1," 2/27/13"
"Wariner, Steve","Burnin' The Roadhouse Down",CB90034,15,CB90034,CB,1," 2/27/13"
"Wariner, Steve","Can I Come Over Tonight",CB60172,4,CB60172,CB,1," 2/27/13"
"Wariner, Steve","Crash Course In The Blues",SC8219,15,SC8219,SC,1," 2/27/13"
"Wariner, Steve","Domino Theory, The",SC8359,10,SC8359,SC,1," 2/27/13"
"Wariner, Steve",Drive,MM6080,13,MM6080,MM,1," 2/27/13"
"Wariner, Steve","Drivin' And Cryin'",SC8219,10,SC8219,SC,1," 2/27/13"
"Wariner, Steve","Every Little Whisper",CB90034,13,CB90034,CB,1," 2/27/13"
"Wariner, Steve","Faith In You",CB60197,13,CB60197,CB,1," 2/27/13"
"Wariner, Steve","Heart Trouble",SC8483,11,SC8483,SC,1," 2/27/13"
"Wariner, Steve","Holes In The Floor Of Heaven",CBE13,15,CBE13,CB,1," 2/27/13"
"Wariner, Steve","I Got Dreams",SC8647,11,SC8647,SC,1," 2/27/13"
"Wariner, Steve","I'm Already Taken",SC8549,14,SC8549,SC,1," 2/27/13"
"Wariner, Steve","I'm Your Man",CB60311,7,CB60311,CB,1," 2/27/13"
"Wariner, Steve","If I Didn't Love You",MM6028,12,MM6028,MM,1," 2/27/13"
"Wariner, Steve","In A Heartbeat",CB60170,8,CB60170,CB,1," 2/27/13"
"Wariner, Steve","It Won't Be Over You",SC8260,9,SC8260,SC,1," 2/27/13"
"Wariner, Steve","Leave Him Out Of This",SC8359,7,SC8359,SC,1," 2/27/13"
"Wariner, Steve","Life's Highway",SC8398,5,SC8398,SC,1," 2/27/13"
"Wariner, Steve","Like A River To The Sea",SC8161,13,SC8161,SC,1," 2/27/13"
"Wariner, Steve",Lynda,SC8483,4,SC8483,SC,1," 2/27/13"
"Wariner, Steve","Precious Thing",CB60143,4,CB60143,CB,1," 2/27/13"
"Wariner, Steve","Road Trippin'",CB90034,12,CB90034,CB,1," 2/27/13"
"Wariner, Steve","Small Town Girl",SC8483,6,SC8483,SC,1," 2/27/13"
"Wariner, Steve","Snow Fall On The Sand",SD104,12,SD104,SD,1," 2/27/13"
"Wariner, Steve","Snowfall On The Sand",SC8816,15,SC8816,SC,1," 2/27/13"
"Wariner, Steve","Some Fools Never Learn",SC8385,14,SC8385,SC,1," 2/27/13"
"Wariner, Steve","Starting Over Again",SC8697,3,SC8697,SC,1," 2/27/13"
"Wariner, Steve","There For Awhile",CB90034,4,CB90034,CB,1," 2/27/13"
"Wariner, Steve","Tip Of My Fingers, The",CBE3-08,7,CBE3-08,CB,1," 2/27/13"
"Wariner, Steve","Tips Of My Fingers, The",SC8265,10,SC8265,SC,1," 2/27/13"
"Wariner, Steve","Two Teardrops",SC8524,12,SC8524,SC,1," 2/27/13"
"Wariner, Steve","Weekend, The",SC8483,5,SC8483,SC,1," 2/27/13"
"Wariner, Steve","What I Didn't Do",SC8345,11,SC8345,SC,1," 2/27/13"
"Wariner, Steve","When I Could Come Home To You",SC8144,1,SC8144,SC,1," 2/27/13"
"Wariner, Steve","Where Did I Go Wrong",SC8483,13,SC8483,SC,1," 2/27/13"
"Wariner, Steve","Woman Loves, A",SC8352,13,SC8352,SC,1," 2/27/13"
"Wariner, Steve","You Can Dream Of Me",SC7556,6,SC7556,SC,1," 2/27/13"
"Wariner, Steve & Garth Brooks","Burnin' The Roadhouse Down",CB60095,15,CB60095,CB,1," 2/27/13"
"Wariner, Steve & Garth Brooks","Katie Wants A Fast One",SC8630,14,SC8630,SC,1," 2/27/13"
"Wariner, Steve wvocal","Snowfall On The Sand",SC3358,17,SC3358,SC,1," 2/27/13"
"Warm Love","Morrison, Van",BS7417,8,BS7417,BS,1," 2/27/13"
"Warnes, Jennifer","I Know A Heartache When I See One",CBE3-21,7,CBE3-21,CB,1," 2/27/13"
"Warnes, Jennifer","Right Time Of The Night",MM6098,8,MM6098,MM,1," 2/27/13"
"Warnes, Jennifer & Bill Medley","I've Had The Time Of My Life",CBEP471-1,9,CBEP471-1,CB,1," 2/27/13"
"Warnes, Jennifer & Bill Medley","Time Of My Life",SAVP18,5,SAVP18,SA,1," 2/27/13"
"Warnes, Jennifer & Joe Cocker","Up Where We Belong",SF110,10,SF110,SF,1," 2/27/13"
Warrant,"Cherry Pie",SC7579,12,SC7579,SC,1," 2/27/13"
Warrant,"Down Boys",SC8597,13,SC8597,SC,1," 2/27/13"
Warrant,Heaven,SC8314,12,SC8314,SC,1," 2/27/13"
Warrant,"I Saw Red",SC8346,11,SC8346,SC,1," 2/27/13"
Warrant,"Sometimes She Cries",SC8373,15,SC8373,SC,1," 2/27/13"
Warrant,"Uncle Tom's Cabin",SC8406,9,SC8406,SC,1," 2/27/13"
"Warren Brothers & Sara Evans","That's The Beat Of A Heart",CHM0010,9,CHM0010,CH,1," 2/27/13"
"Warren Brothers, The","Better Man, A",SD061,12,SD061,SD,1," 2/27/13"
"Warren Brothers, The",Guilty,SD057,14,SD057,SD,1," 2/27/13"
"Warren Brothers, The","Hey Mr. President",SC3365,7,SC3365,SC,1," 2/27/13"
"Warren Brothers, The","Hey, Mr. President",THMC0307,19,THMC0307,TH,1," 2/27/13"
"Warren Brothers, The","It Ain't Me",CB60223,4,CB60223,CB,1," 2/27/13"
"Warren Brothers, The","Move On",SC8655,12,SC8655,SC,1," 2/27/13"
"Warren Brothers, The","She Wants To Rock",CB60176,11,CB60176,CB,1," 2/27/13"
"Warren Brothers, The","That's The Beat Of A Heart",CB60198,7,CB60198,CB,1," 2/27/13"
"Warren Brothers, The","Where Does It Hurt",SD085,11,SD085,SD,1," 2/27/13"
"Warren Brothers, The & Sara Evans","That's The Beat Of A Heart",SC8614,15,SC8614,SC,1," 2/27/13"
"Warren Brothers, Theÿ","Hey Mr. President",CB60310,1,CB60310,CB,1," 2/27/13"
"Warren G & Nate Dogg",Regulate,SC8279,12,SC8279,SC,1," 2/27/13"
"Warren Zevon","Werewolves Of London",SGB054,12,SGB054,SG,1," 2/27/13"
"Warwick, Dionne",Alfie,DK025,18,DK025,DK,1," 2/27/13"
"Warwick, Dionne","Anyone Who Had A Heart",MMRB01,10,MMRB01,MM,1," 2/27/13"
"Warwick, Dionne","Deja Vu",SC8410,12,SC8410,SC,1," 2/27/13"
"Warwick, Dionne","Do You Know The Way To San Jose",DK016,10,DK016,DK,1," 2/27/13"
"Warwick, Dionne","Don't Make Me Over",MMRB02,11,MMRB02,MM,1," 2/27/13"
"Warwick, Dionne",Heartbreaker,DK051,10,DK051,DK,1," 2/27/13"
"Warwick, Dionne","I Say A Little Prayer",SC8513,14,SC8513,SC,1," 2/27/13"
"Warwick, Dionne","I'll Never Fall In Love Again",DK010,10,DK010,DK,1," 2/27/13"
"Warwick, Dionne","I'll Never Love This Way Again",SC8417,1,SC8417,SC,1," 2/27/13"
"Warwick, Dionne","That's What Friends Are For",CBE22,5,CBE22,CB,1," 2/27/13"
"Warwick, Dionne","Then Came You",SC8293,12,SC8293,SC,1," 2/27/13"
"Warwick, Dionne","Trains & Boats & Planes",SC7554,2,SC7554,SC,1," 2/27/13"
"Warwick, Dionne","Valley Of The Dolls",SC8450,8,SC8450,SC,1," 2/27/13"
"Warwick, Dionne","Walk On By",DK065,10,DK065,DK,1," 2/27/13"
"Warwick, Dionne","You'll Never Get To Heaven (If You Break",SC8651,8,SC8651,SC,1," 2/27/13"
"Warwick, Dionne & Friends","That's What Friends Are For",MMGCP9807,15,MMGCP9807,MM,1," 2/27/13"
"Warwick, Dionne & The Spinners","Then Came You",CBEP464-5,10,CBEP464-5,CB,1," 2/27/13"
"Was Not Was","Walk The Dinosaur",SC8176,14,SC8176,SC,1," 2/27/13"
"Washington, Dinah","This Bitter Earth",MM6334,14,MM6334,MM,1," 2/27/13"
"Washington, Dinah","Trust In Me",MM6334,13,MM6334,MM,1," 2/27/13"
"Washington, Dinah","What A Difference A Day Makes",MM6005,5,MM6005,MM,1," 2/27/13"
"Washington, Dinah & Brook Benton","Baby (You've Got What It Takes)",CBEP471-1,5,CBEP471-1,CB,1," 2/27/13"
"Washington, Dinah & Brook Benton","Baby, You've Got What It Takes",CBEP459-3,8,CBEP459-3,CB,1," 2/27/13"
"Washington, Grover Jr. & Bill Withers","Just The Two Of Us",SC8126,9,SC8126,SC,1," 2/27/13"
"Washington, Keith","When You Love Somebody",SC8244,9,SC8244,SC,1," 2/27/13"
Wasp,"I Wanna Be Somebody",SC8713,15,SC8713,SC,1," 2/27/13"
"Waste Of Good Whiskey","Stampley, Tony",TU127,17,TU127,TU,1," 2/27/13"
"Wasting My Time",Default,TU089,18,TU089,TU,1," 2/27/13"
"Wasting Time","Kid Rock",TU098,15,TU098,TU,1," 2/27/13"
"Watchin' The Wheels","Lennon, John",RSZ607,12,RSZ607,RS,1," 2/27/13"
"Waters, Crystal","100% Pure Love",SC8140,6,SC8140,SC,1," 2/27/13"
"Waters, Crystal","Gypsy Woman (La Da Dee)",SF112,12,SF112,SF,1," 2/27/13"
"Waters, Crystal","Say...if You Feel Alright",SC8357,15,SC8357,SC,1," 2/27/13"
"Waters, Ethel","Am I Blue",DK1107,5,DK1107,DK,1," 2/27/13"
"Waters, Muddy","Got My Mojo Workin'",SC8327,6,SC8327,SC,1," 2/27/13"
"Waters, Muddy","Hoochie Coochie Man",MM6144,11,MM6144,MM,1," 2/27/13"
"Waters, Muddy","Mannish Boy",SC8675,12,SC8675,SC,1," 2/27/13"
"Waters, Muddy","Rollin' & Tumblin'",SC8339,6,SC8339,SC,1," 2/27/13"
"Watley, Jody","Don't You Want Me",DK064,2,DK064,DK,1," 2/27/13"
"Watley, Jody",Everything,MM6030,8,MM6030,MM,1," 2/27/13"
"Watley, Jody","Looking For A New Love",CBE3-22,10,CBE3-22,CB,1," 2/27/13"
"Watley, Jody","Real Love",SC8606,12,SC8606,SC,1," 2/27/13"
"Watley, Jody","Real Love, The",PI003,4,PI003,PI,1," 2/27/13"
"Watley, Jody","Some Kind Of Lover",DK027,2,DK027,DK,1," 2/27/13"
"Watson, Dale","Country My Ass",SC8794,12,SC8794,SC,1," 2/27/13"
"Watson, Dale wvocal","Country My Ass",SC3340,13,SC3340,SC,1," 2/27/13"
"Watson, Gene","Drinkin' My Way Back Home",CB90081,13,CB90081,CB,1," 2/27/13"
"Watson, Gene","Farewell Party",SC7555,6,SC7555,SC,1," 2/27/13"
"Watson, Gene","Forever Again",CB90081,14,CB90081,CB,1," 2/27/13"
"Watson, Gene","Fourteen Carat Mind",CBE2-03,15,CBE2-03,CB,1," 2/27/13"
"Watson, Gene","Got No Reason Now For Goin' Home",SC8567,15,SC8567,SC,1," 2/27/13"
"Watson, Gene","Got No Reason Now For Going Home",CB90081,15,CB90081,CB,1," 2/27/13"
"Watson, Gene","I Don't Need A Thing At All",SC8642,2,SC8642,SC,1," 2/27/13"
"Watson, Gene","Love In The Hot Afternoon",SC8461,9,SC8461,SC,1," 2/27/13"
"Watson, Gene","Next To Nothin'",CB60225,8,CB60225,CB,1," 2/27/13"
"Watson, Gene","Nothing Sure Looked Good On You",SC7569,15,SC7569,SC,1," 2/27/13"
"Watson, Gene","Old Man And His Horn, The",SC8558,15,SC8558,SC,1," 2/27/13"
"Watson, Gene","Old Porch Swing",SC8243,5,SC8243,SC,1," 2/27/13"
"Watson, Gene","Paper Roses",SC8541,4,SC8541,SC,1," 2/27/13"
"Watson, Gene","Paper Rosie",CB60168,13,CB60168,CB,1," 2/27/13"
"Watson, Gene","Pick The Wildwood Flower",CB90081,8,CB90081,CB,1," 2/27/13"
"Watson, Gene","Should I Come Home (Or Should I Go Crazy",CBEP452-3,15,CBEP452-3,CB,1," 2/27/13"
"Watson, Gene","Should I Come Home Or Should I Just Go C",SC8517,15,SC8517,SC,1," 2/27/13"
"Watson, Gene","Sometimes I Get Lucky And Forget",CB90081,12,CB90081,CB,1," 2/27/13"
"Watson, Gene","Speak Softly (You're Talking To My Heart",CB90081,10,CB90081,CB,1," 2/27/13"
"Watson, Gene","Where Love Begins",SC8558,9,SC8558,SC,1," 2/27/13"
"Watson, Gene","You Could Know As Much About A Stranger",CB90081,7,CB90081,CB,1," 2/27/13"
"Watson, Gene","You Gave Me A Mountain",SC8324,8,SC8324,SC,1," 2/27/13"
"Watson, Gene","You're Out Doing What I'm Here Doing Wit",CB90081,11,CB90081,CB,1," 2/27/13"
"Watson, Johnny (Guitar)","Ain't That A Bitch",SGB066,13,SGB066,SG,1," 2/27/13"
"Way Down","Presley, Elvis",ZMP002,10,ZMP002,ZM,1," 2/27/13"
"Way Of Love, The",Cher,RSZ606,5,RSZ606,RS,1," 2/27/13"
"Way You Love Me, The","Hill, Faith",TUFP08,12,TUFP08,TU,1," 2/27/13"
"Waylon Jennings","Lucille (You Won't Do Your Daddy's Will)",SC8365,15,SC8365,SC,1," 2/27/13"
"Waylon Jennings","Only Daddy That'll Walk The Line",SC8365,2,SC8365,SC,1," 2/27/13"
"Waylon Jennings","Rainy Day Woman",SC8365,13,SC8365,SC,1," 2/27/13"
"Waylon Jennings","Wurlitzer Prize, The",SC8365,8,SC8365,SC,1," 2/27/13"
"Wayne Brady",F.W.B.,PHMU0904,6,PHMU0904,PH,1," 2/27/13"
"Wayne Brady",Ordinary,PHMU0812,6,PHMU0812,PH,1," 2/27/13"
"Wayne, Jimmy","I Love You This Much",THC0312,20,THC0312,TH,1," 2/27/13"
"Wayne, Jimmy","Paper Angels",PHN0502,4,PHN0502,PH,1," 2/27/13"
"Wayne, Jimmy","Stay Gone",THC0306,12,THC0306,TH,1," 2/27/13"
"Wayne, Jimmy","You Are",PHN0410,9,PHN0410,PH,1," 2/27/13"
"Wayne, Jimmy wvocal","Stay Gone",SC3358,12,SC3358,SC,1," 2/27/13"
"We All Sleep Alone",Cher,RSZ606,4,RSZ606,RS,1," 2/27/13"
"We Are All Made Of Stars",Moby,TU125,17,TU125,TU,1," 2/27/13"
"We Are The Champions",Queen,BS8017,6,BS8017,BS,1," 2/27/13"
"We Are The World","Various Artists",KC001,3,KC001,KC,1," 2/27/13"
"We Didn't Start The Fire","Joel, Billy",BS9117,9,BS9117,BS,1," 2/27/13"
"We Don't Talk Anymore","Richard, Cliff",PX07,11,PX07,PX,1," 2/27/13"
"We Five","You Were On My Mind",DK021,17,DK021,DK,1," 2/27/13"
"We Go Together",Grease,KC009,1,KC009,KC,1," 2/27/13"
"We Shall Be Free","Brooks, Garth",RSZ609,18,RSZ609,RS,1," 2/27/13"
"We The Kings","Secret Valentine",PHMP0902,3,PHMP0902,PH,1," 2/27/13"
"We The Kings feat Demi Lovato","We'll Be A Dream",PHMP1007,2,PHMP1007,PH,1," 2/27/13"
"We Will Rock You",Queen,PI009,13,PI009,PI,1," 2/27/13"
"We've Got Tonight","Seger, Bob",HV05,12,HV05,HV,1," 2/27/13"
"Wearin' O' The Green","Irish Songs",TU104,23,TU104,TU,1," 2/27/13"
"Weather Girls, The","It's Raining Men",SC8650,14,SC8650,SC,1," 2/27/13"
"Weather Girls. The","It's Raining Men",DK073,4,DK073,DK,1," 2/27/13"
Weathered,Creed,TU089,19,TU089,TU,1," 2/27/13"
Weathered,"Creed w~vocal",PS1562,2,PS1562,PS,1," 2/27/13"
"Weaver, Patty","Joy To The World",CBE3-14,11,CBE3-14,CB,1," 2/27/13"
"Weavers, The","Goodnight Irene",CB5013-02,10,CB5013-02,CB,1," 2/27/13"
"Webb, Marti","Take That Look Off Your Face",SF110,7,SF110,SF,1," 2/27/13"
"WebbieLil Boosie",Independent,PHMU0802,3,PHMU0802,PH,1," 2/27/13"
"Weber, Joan","Let Me Go Lover",CBE3-16,15,CBE3-16,CB,1," 2/27/13"
"Weber, Joan","Let Me Go, Lover!",CB5013-01,14,CB5013-01,CB,1," 2/27/13"
"Webstar & Jim Jones feat Juelz Santana","Dancin On Me",PHMU0907,6,PHMU0907,PH,1," 2/27/13"
"Wedding Songs","Wedding March",SC2181,7,SC2181,SC,1," 2/27/13"
"Wedding Songs","Wedding Song, The",SC2181,2,SC2181,SC,1," 2/27/13"
Weezer,"Buddy Holly",SC8156,4,SC8156,SC,1," 2/27/13"
Weezer,"Dope Nose",SC8758,13,SC8758,SC,1," 2/27/13"
Weezer,"Hash Pipe",SC8699,3,SC8699,SC,1," 2/27/13"
Weezer,Hashpipe,SGB65,4,SGB65,SG,1," 2/27/13"
Weezer,"Island In The Sun",MM6352,7,MM6352,MM,1," 2/27/13"
Weezer,"Keep Fishin'",PHR0210,4,PHR0210,PH,1," 2/27/13"
Weezer,Photograph,SC8735,9,SC8735,SC,1," 2/27/13"
Weezer,"Say It Ain't So",SC8562,2,SC8562,SC,1," 2/27/13"
Weezer,"Undone-The Sweater Song",SC8638,15,SC8638,SC,1," 2/27/13"
"Weight, The","Band, The",KJT07,14,KJT07,KJ,1," 2/27/13"
"Welch, Bob","Ebony Eyes",SC8588,12,SC8588,SC,1," 2/27/13"
"Welch, Bob","Sentimental Lady",SC8583,14,SC8583,SC,1," 2/27/13"
"Welch, Larry","Since I Fell For You",DK086,15,DK086,DK,1," 2/27/13"
"Welch, Lenny","Since I Fell For You",DKM2003,12,DKM2003,DK,1," 2/27/13"
"Welcome To The Jungle","Guns 'N Roses",PI038,6,PI038,PI,1," 2/27/13"
"Welk, Lawrence","Alley Cat",SC8330,5,SC8330,SC,1," 2/27/13"
"Well All Right","Holly, Buddy",BS5617,8,BS5617,BS,1," 2/27/13"
"Wells, Junior","Messin' With The Kid",SC8675,14,SC8675,SC,1," 2/27/13"
"Wells, Kitty","Amigo's Guitar",SC7567,12,SC7567,SC,1," 2/27/13"
"Wells, Kitty","Heartbreak Usa",CB60132,10,CB60132,CB,1," 2/27/13"
"Wells, Kitty","Heartbreak USA",CBEP451-3,10,CBEP451-3,CB,1," 2/27/13"
"Wells, Kitty","Heartbreak Usa",SC8367,13,SC8367,SC,1," 2/27/13"
"Wells, Kitty","I Can't Stop Loving You",CBE4-13,14,CBE4-13,CB,1," 2/27/13"
"Wells, Kitty","It Wasn't God Who Made Honky Tonk Angels",CB60020,15,CB60020,CB,1," 2/27/13"
"Wells, Kitty","Makin' Believe",SC7558,3,SC7558,SC,1," 2/27/13"
"Wells, Kitty","Mommy For A Day",SC8367,2,SC8367,SC,1," 2/27/13"
"Wells, Kitty",Password,SC8367,4,SC8367,SC,1," 2/27/13"
"Wells, Kitty","Searching For Someone Like You",SC8538,1,SC8538,SC,1," 2/27/13"
"Wells, Kitty","Will You Lawyer Talk To God",SC8367,7,SC8367,SC,1," 2/27/13"
"Wells, Kitty","You Don't Hear",SC8367,3,SC8367,SC,1," 2/27/13"
"Wells, Kitty & Red Foley","One By One",SC8592,4,SC8592,SC,1," 2/27/13"
"Wells, Mary","Don't Mess With Bill",MM6361,7,MM6361,MM,1," 2/27/13"
"Wells, Mary","My Guy",CBE19,12,CBE19,CB,1," 2/27/13"
"Wells, Mary","One Who Really Loves You, The",MMRB05,12,MMRB05,MM,1," 2/27/13"
"Wells, Mary","Two Lovers",MMRB2-5,10,MMRB2-5,MM,1," 2/27/13"
"Wells, Mary","You Beat Me To The Punch",DK077,12,DK077,DK,1," 2/27/13"
"Welsh, Lenny","Since I Fell For You",MMGCP9810,8,MMGCP9810,MM,1," 2/27/13"
"West End","Live I Lost, The",SF036,10,SF036,SF,1," 2/27/13"
"West Side Story","Gee Officer Krupke",MMBH1-5,14,MMBH1-5,MM,1," 2/27/13"
"West Side Story","I Feel Pretty",MM6015,11,MM6015,MM,1," 2/27/13"
"West Side Story",Maria,SGB50,16,SGB50,SG,1," 2/27/13"
"West Side Story","Something's Coming",MM6100A,7,MM6100A,MM,1," 2/27/13"
"West Side Story",Somewhere,MMBH1-1,7,MMBH1-1,MM,1," 2/27/13"
"West Side Story",Tonight,SAVP07,14,SAVP07,SA,1," 2/27/13"
"West, Dottie","Are You Happy Baby",SC7555,14,SC7555,SC,1," 2/27/13"
"West, Dottie","Before The Ring On Your Finger Turns Gre",SC8579,1,SC8579,SC,1," 2/27/13"
"West, Dottie","Come See Me And Come Lonely",CB90085,10,CB90085,CB,1," 2/27/13"
"West, Dottie","Country Sunshine",SC8506,13,SC8506,SC,1," 2/27/13"
"West, Dottie","Every Word I Write",CB90085,8,CB90085,CB,1," 2/27/13"
"West, Dottie","Here Comes My Baby",CBE3-02,7,CBE3-02,CB,1," 2/27/13"
"West, Dottie","Last Time I Saw Him",CB90085,3,CB90085,CB,1," 2/27/13"
"West, Dottie","Last Time I Saw Him, The",CB60131,9,CB60131,CB,1," 2/27/13"
"West, Dottie","Lesson In Leavin', A",CBEP452-3,12,CBEP452-3,CB,1," 2/27/13"
"West, Dottie","Reaching Out To Hold You",CB90085,11,CB90085,CB,1," 2/27/13"
"West, Dottie","Sometimes When We Touch",SC7537,9,SC7537,SC,1," 2/27/13"
"West, Dottie","Tonight You Belong To Me",CB90085,9,CB90085,CB,1," 2/27/13"
"West, Dottie","What Are We Doin' In Love",CB60139,9,CB60139,CB,1," 2/27/13"
"West, Dottie","When It's Just You And Me",CB90085,7,CB90085,CB,1," 2/27/13"
"West, Dottie","Would You Hold It Against Me",SC8592,1,SC8592,SC,1," 2/27/13"
"West, Dottie","You're Not Easy To Forget",CB90085,6,CB90085,CB,1," 2/27/13"
"West, Dottie & Kenny Rogers","All I Ever Need Is You",CB90085,14,CB90085,CB,1," 2/27/13"
"West, Dottie & Kenny Rogers","Anyone Who Isn't Me Tonight",CB90085,12,CB90085,CB,1," 2/27/13"
"West, Dottie & Kenny Rogers","Til I Make It On My Own",CB90085,13,CB90085,CB,1," 2/27/13"
"West, Dottie & Kenny Rogers","What Are We Doin' In Love",CB90085,15,CB90085,CB,1," 2/27/13"
"West, Dottie & Rogers, Kenny","What Are We Doin' In Love",CBE2-02,3,CBE2-02,CB,1," 2/27/13"
"West, Kanye","Jesus Walks",PHU0407,7,PHU0407,PH,1," 2/27/13"
"West, Kanye","The New Workout Plan",PHU0501,5,PHU0501,PH,1," 2/27/13"
"West, Kayne & Syleena Johnson","All Falls Down",PHU0406,3,PHU0406,PH,1," 2/27/13"
"West, Keith","Excerpt From A Teenage Opera",SF069,8,SF069,SF,1," 2/27/13"
"West, Shelley & David Frizzell","You're The Reason God Made Oklahoma",CBEP471-6,7,CBEP471-6,CB,1," 2/27/13"
"West, Shelly","Jose Cuervo",CBE06,14,CBE06,CB,1," 2/27/13"
"Westerburg, Paul","Love Untold",SC8295,14,SC8295,SC,1," 2/27/13"
"Western Flyer","Cherokee Highway",SC8171,3,SC8171,SC,1," 2/27/13"
"Western Flyer","His Memory",SC8224,6,SC8224,SC,1," 2/27/13"
"Western Flyer","Lost In You",SC8351,4,SC8351,SC,1," 2/27/13"
"Western Flyer","She Should've Been Mine",SC8301,9,SC8301,SC,1," 2/27/13"
"Western Flyer","Western Flyer",CB60158,12,CB60158,CB,1," 2/27/13"
"Western Flyer","What Will You Do With M E",MM6168,14,MM6168,MM,1," 2/27/13"
Westlife,"Hey Whatever",SF209,13,SF209,SF,1," 2/27/13"
Westlife,"If I Let You Go",SF146,11,SF146,SF,1," 2/27/13"
Westlife,Mandy,SF211,7,SF211,SF,1," 2/27/13"
Westlife,"Miss You Nights",SF199,11,SF199,SF,1," 2/27/13"
Westlife,"Swear It Again",MM6310,6,MM6310,MM,1," 2/27/13"
Westlife,"Sweat It Again",CBEP470-4,13,CBEP470-4,CB,1," 2/27/13"
Westlife,Tonight,SF203,15,SF203,SF,1," 2/27/13"
Westlife,"World Of Our Own",CB30028,11,CB30028,CB,1," 2/27/13"
"Weston, Kim","Take Me In Your Arms And Rock Me",CBEP459-2,10,CBEP459-2,CB,1," 2/27/13"
"Westside Connection & Nate Dogg","Gangsta Nation",SC8864,5,SC8864,SC,1," 2/27/13"
"Westside Connection & Nate Dogg wvocal","Gangsta Nation",SC3401,10,SC3401,SC,1," 2/27/13"
"Wet Wet Wet","Angel Eyes",SF054,5,SF054,SF,1," 2/27/13"
"Wet Wet Wet","Love Is All Around",SC8132,13,SC8132,SC,1," 2/27/13"
"Wet Wet Wet","Somewhere Somehow",SF166,9,SF166,SF,1," 2/27/13"
"Wet Willie","Keep On Smilin'",CBE2-12,15,CBE2-12,CB,1," 2/27/13"
"Wet Willie","Street Corner Serenade",SC8479,7,SC8479,SC,1," 2/27/13"
"Wet Willie",Weekend,SC8479,11,SC8479,SC,1," 2/27/13"
"Wet, Wet, Wet","Angel Eyes",SF059,5,SF059,SF,1," 2/27/13"
"Wet, Wet, Wet","Don't Want To Forgive Me Now",SF027,9,SF027,SF,1," 2/27/13"
"Wet, Wet, Wet","Good Night Girl",SF002,9,SF002,SF,1," 2/27/13"
"Wet, Wet, Wet","Julia Says",SF020,6,SF020,SF,1," 2/27/13"
"Wet, Wet, Wet","Love Is All Around",SD001,7,SD001,SD,1," 2/27/13"
"Wet, Wet, Wet","Wishing I Was Lucky",SF108,5,SF108,SF,1," 2/27/13"
Wham,"Bad Boys",SF111,11,SF111,SF,1," 2/27/13"
Wham,"Careless Whisper",SF004,14,SF004,SF,1," 2/27/13"
Wham,"Club Tropicana",BL09,14,BL09,BL,1," 2/27/13"
Wham,"Everything She Wants",SAVP33,12,SAVP33,SA,1," 2/27/13"
Wham,Freedom,DK052,9,DK052,DK,1," 2/27/13"
Wham,"Last Christmas",SF003,8,SF003,SF,1," 2/27/13"
Wham,"Wake Me Up Before You Go Go",SF015,13,SF015,SF,1," 2/27/13"
Wham,"Wake Me Up Before You Go-Go",DK009,3,DK009,DK,1," 2/27/13"
"Wham & George Michael","Careless Whisper",CBEP467-4,17,CBEP467-4,CB,1," 2/27/13"
Wham!,"Everything She Wants",CBEP467-6,5,CBEP467-6,CB,1," 2/27/13"
Wham!,"Wake Me Up Before You Go-Go",CBEP467-5,5,CBEP467-5,CB,1," 2/27/13"
"What A Girl Wants","Aguilera, Christina",TU182,16,TU182,TU,1," 2/27/13"
"What A Good Boy","Barenaked Ladies",RSZ604,11,RSZ604,RS,1," 2/27/13"
"What A Wonderful World","Armstrong, Louis",AH2000,3,AH2000,AH,1," 2/27/13"
"What A Wonderful World","Cassidy, Eva",ZMP003,6,ZMP003,ZM,1," 2/27/13"
"What A Wonderful World","Cliff Richard",SF187,7,SF187,SF,1," 2/27/13"
"What About Us",Brandy,THP0204,10,THP0204,TH,1," 2/27/13"
"What Comes Around","III Nino",THR0204,18,THR0204,TH,1," 2/27/13"
"What Do You Say","McEntire, Reba",THMP014,1,THMP014,TH,1," 2/27/13"
"What Does It Take","Walker, Junior",SF073,8,SF073,SF,1," 2/27/13"
"What It Is To Burnÿ",Finch,THR0305,14,THR0305,TH,1," 2/27/13"
"What She's Doing Now","Brooks, Garth",RSZ609,16,RSZ609,RS,1," 2/27/13"
"What Would You Do","City High",TUFP20,18,TUFP20,TU,1," 2/27/13"
"What'd I Say","Charles, Ray",JV0025,3,JV0025,JV,1," 2/27/13"
"What's Love Got To Do With It","Turner, Tina",BS3817,12,BS3817,BS,1," 2/27/13"
"What's Luv","Fat & Ashanti",THH0205,11,THH0205,TH,1," 2/27/13"
"What's Your Mama's Name","Tucker, Tanya",THMP035,3,THMP035,TH,1," 2/27/13"
Whatever,"Oasis w~vocal",BS5217,8,BS5217,BS,1," 2/27/13"
"Whatever Gets You Thru The Night","Lennon, John",RSZ607,1,RSZ607,RS,1," 2/27/13"
"Whatever We Imagine","Ingram, James",BS5317,15,BS5317,BS,1," 2/27/13"
"Whatley, Jody","Don't You Want Me",SC7559,14,SC7559,SC,1," 2/27/13"
"Whatley, Jody","Looking For A New Love",SC7547,7,SC7547,SC,1," 2/27/13"
"Whatley, Jody","When A Man Loves A Woman",SAVP18,13,SAVP18,SA,1," 2/27/13"
"Whatmore, Sarah",Automatic,SF202,9,SF202,SF,1," 2/27/13"
Wheat,"I Met A Girl",PHR0408,2,PHR0408,PH,1," 2/27/13"
Wheatus,"Little Respect, A",SF180,7,SF180,SF,1," 2/27/13"
Wheatus,"Teenage Dirtbag",SC3220,7,SC3220,SC,1," 2/27/13"
"When A Man Loves A Woman","Parnell, Leroy",AH2002,13,AH2002,AH,1," 2/27/13"
"When A Man Loves A Woman","Sledge, Percy",JV0025,10,JV0025,JV,1," 2/27/13"
"When A Woman Loves A Man","Parnell, Leroy",AH8016,13,AH8016,AH,1," 2/27/13"
"When Harry Met Sally","It Had To Be You",MMBH1-5,13,MMBH1-5,MM,1," 2/27/13"
"When I Fall","Barenaked Ladies",RSZ604,9,RSZ604,RS,1," 2/27/13"
"When I Fall In Love","Cole, Natalie",BS3917,6,BS3917,BS,1," 2/27/13"
"When I Fall In Love","Ronstadt, Linda",KJT05,19,KJT05,KJ,1," 2/27/13"
"When I Said I Do","Black, Clint",TUFP08,14,TUFP08,TU,1," 2/27/13"
"When I'm With You",Sheriff,AMS1501,2,AMS1501,AM,1," 2/27/13"
"When In Rome","Promise, The",SC8894,6,SC8894,SC,1," 2/27/13"
"When Irish Eyes Are Smiling","Irish Songs",TU104,24,TU104,TU,1," 2/27/13"
"When I'm Gone","3 Doors Down",PHR0212,4,PHR0212,PH,1," 2/27/13"
"When Somebody Loves You","Jackson, Alan",TUFP26,15,TUFP26,TU,1," 2/27/13"
"WHEN THE LIGHTS GO DOWN","FAITH HILL",TT161,20,TT161,TT,1," 2/27/13"
"When The Music's Over","Doors, The",BS7617,11,BS7617,BS,1," 2/27/13"
"When We Dance","Police, The",TU078,18,TU078,TU,1," 2/27/13"
"When Will I Be Loved","Ronstadt, Linda",KJT08,9,KJT08,KJ,1," 2/27/13"
"When You Look At Me","Milian, Christina",TU137,18,TU137,TU,1," 2/27/13"
"When You Love Someone","Adams, Bryan",TU174,18,TU174,TU,1," 2/27/13"
"When You're In Love With A Beautiful Wom","Dr. Hook",PX06,3,PX06,PX,1," 2/27/13"
"Whenever God Shines His Light","Morrison, Van",BS7417,14,BS7417,BS,1," 2/27/13"
"Where Are You Now","Black, Clint",PI213,2,PI213,PI,1," 2/27/13"
"Where Do We Go","No Mercy",THM9609,5,THM9609,TH,1," 2/27/13"
"Where Do We Go From Here",Filter,THR0210,10,THR0210,TH,1," 2/27/13"
"Where Does My Heart Beat","Dion, Celine",BS9317,4,BS9317,BS,1," 2/27/13"
"Where I Come From","Jackson, Alan",TU101,19,TU101,TU,1," 2/27/13"
"Where My Girls At","Destiny's Child",TU022,8,TU022,TU,1," 2/27/13"
"Where The Blacktop Ends","Urban, Keith",TUFP26,16,TUFP26,TU,1," 2/27/13"
"Where The Green Grass Grows","McGraw, Tim",TU100,21,TU100,TU,1," 2/27/13"
"Where The Party At","Jagged Edge",THH0205,18,THH0205,TH,1," 2/27/13"
"Where The Streets Have No Name",U2,TU107,16,TU107,TU,1," 2/27/13"
"Where Were You","Jackson, Alan",TU101,20,TU101,TU,1," 2/27/13"
"Where Your Road Leads (duet)","Brooks, Garth",RSZ610,13,RSZ610,RS,1," 2/27/13"
"Wherever I Lay My Hat","Young, Paul",PX14,5,PX14,PX,1," 2/27/13"
"Wherever You Are","Chesnutt, Mark",SC3100,6,SC3100,SC,1," 2/27/13"
Whigfield,"Saturday Night",SD013,9,SD013,SD,1," 2/27/13"
Whigfield,"Think Of You",SF027,8,SF027,SF,1," 2/27/13"
"While You Loved Me","Rascal Flatts",TUFP26,17,TUFP26,TU,1," 2/27/13"
"Whisnants, The","Is Anything Too Hard For God",CBEP478-6,16,CBEP478-6,CB,1," 2/27/13"
Whisper,Evanescence,TU217,11,TU217,TU,1," 2/27/13"
"Whispers, The","It's A Love Thing",BL12,9,BL12,BL,1," 2/27/13"
"Whispers, The","Make Sweet Love To Me",SC8164,14,SC8164,SC,1," 2/27/13"
"White Lion",Wait,SC8406,4,SC8406,SC,1," 2/27/13"
"White Lion","When The Children Cry",SC8346,9,SC8346,SC,1," 2/27/13"
"White Plains","My Baby Loves Lovin",SF168,6,SF168,SF,1," 2/27/13"
"White Plains","My Baby Loves Lovin'",SC7559,7,SC7559,SC,1," 2/27/13"
"White Rabbit","Jefferson Airplane",KJT07,20,KJT07,KJ,1," 2/27/13"
"White Room",Cream,BS5517,7,BS5517,BS,1," 2/27/13"
"White Stripes, The","Fell In Love With A Girl",SC8789,3,SC8789,SC,1," 2/27/13"
"White Stripes, The","Hardest Button To Button, The",THR0312,11,THR0312,TH,1," 2/27/13"
"White Stripes, The","I Just Don't Know What To Do With Myself",PHR0405,5,PHR0405,PH,1," 2/27/13"
"White Stripes, The","Seven Nation Army",THMR0306,14,THMR0306,TH,1," 2/27/13"
"White Stripes, The wvocal","Seven Nation Army",SC3375,15,SC3375,SC,1," 2/27/13"
"White Town","Your Woman",SC8377,13,SC8377,SC,1," 2/27/13"
"White Zombie","More Human Than Human",SC8830,15,SC8830,SC,1," 2/27/13"
"White, Barry","Can't Get Enough Of Your Love",MM6055,11,MM6055,MM,1," 2/27/13"
"White, Barry","I'm Gonna Love You Just A Little More",SAVP31,13,SAVP31,SA,1," 2/27/13"
"White, Barry","Never Never Gonna Give You Up",MM6055,5,MM6055,MM,1," 2/27/13"
"White, Barry","You See The Trouble With Me",BL25,5,BL25,BL,1," 2/27/13"
"White, Barry","You're My First, My Last, My Everything",MMRB2-5,17,MMRB2-5,MM,1," 2/27/13"
"White, Barry","You're The First, The Last, My Everythin",CBEP468-1,17,CBEP468-1,CB,1," 2/27/13"
"White, Bryan","Bad Day To Let You Go",SC8451,7,SC8451,SC,1," 2/27/13"
"White, Bryan","Between Now And Forever",MM6145,9,MM6145,MM,1," 2/27/13"
"White, Bryan","Eugene You Genius",MM6073,9,MM6073,MM,1," 2/27/13"
"White, Bryan","God Gave Me You",CHM0001,20,CHM0001,CH,1," 2/27/13"
"White, Bryan","How Long",SC8652,10,SC8652,SC,1," 2/27/13"
"White, Bryan","I'm Not Supposed To Love You Anymore",CBEP460-5,16,CBEP460-5,CB,1," 2/27/13"
"White, Bryan","Look At Me Now",SC8309,6,SC8309,SC,1," 2/27/13"
"White, Bryan","Love Is The Right Place",CHM9710,16,CHM9710,CH,1," 2/27/13"
"White, Bryan","One Small Miracle",MMCOU204,17,MMCOU204,MM,1," 2/27/13"
"White, Bryan","Rebecca Lynn",SD021,6,SD021,SD,1," 2/27/13"
"White, Bryan","Sittin' On Go",CBEP460-6,4,CBEP460-6,CB,1," 2/27/13"
"White, Bryan","So Much For Pretending",SC8303,15,SC8303,SC,1," 2/27/13"
"White, Bryan","Someone Else's Star",CBEP453-5,15,CBEP453-5,CB,1," 2/27/13"
"White, Bryan","That's Another Song",CHM9701,15,CHM9701,CH,1," 2/27/13"
"White, Bryan","Tree Of Hearts",SD054,13,SD054,SD,1," 2/27/13"
"White, Bryan","You're Still Beautiful To Me",CB60178,13,CB60178,CB,1," 2/27/13"
"White, Bryan & Corrs","Looking Through Your Eyes",SC2187,8,SC2187,SC,1," 2/27/13"
"White, Karyn","Can I Stay With You",SD007,11,SD007,SD,1," 2/27/13"
"White, Karyn",Superwoman,DK059,2,DK059,DK,1," 2/27/13"
"White, Lari","Don't Fence Me In",MM6140,13,MM6140,MM,1," 2/27/13"
"White, Lari","John Wayne Walking Away",SC8533,9,SC8533,SC,1," 2/27/13"
"White, Lari","Lay Around And Love On You",SC8245,1,SC8245,SC,1," 2/27/13"
"White, Lari","Lead Me Not",CB60112,12,CB60112,CB,1," 2/27/13"
"White, Lari","Now I Know",SD004,10,SD004,SD,1," 2/27/13"
"White, Lari","Ready Willing And Able",SC8224,7,SC8224,SC,1," 2/27/13"
"White, Lari","Stepping Stone",SD052,14,SD052,SD,1," 2/27/13"
"White, Lari","Take Me",SC8488,12,SC8488,SC,1," 2/27/13"
"White, Lari","Test, The",SC8256,5,SC8256,SC,1," 2/27/13"
"White, Lari","That'a How You Know When Your In Love",SD014,7,SD014,SD,1," 2/27/13"
"White, Lari","That's How You Know (When You're In Love",SC8194,15,SC8194,SC,1," 2/27/13"
"White, Lari","That's My Baby",CB60118,15,CB60118,CB,1," 2/27/13"
"White, Lari","What A Woman Wants",CB60119,12,CB60119,CB,1," 2/27/13"
"White, Lari","Wild At Heart",SC8285,5,SC8285,SC,1," 2/27/13"
"White, Lari",Wishes,SC8321,4,SC8321,SC,1," 2/27/13"
"White, Tony Joe","Polk Salad Annie",SAVP28,17,SAVP28,SA,1," 2/27/13"
Whites,"Hangin' Around",CB60123,15,CB60123,CB,1," 2/27/13"
Whites,"Keep On The Sunnyside",CBE3-15,13,CBE3-15,CB,1," 2/27/13"
Whitesnake,"Fool For Your Lovin'",SF021,1,SF021,SF,1," 2/27/13"
Whitesnake,"Fool For Your Loving",SC8585,2,SC8585,SC,1," 2/27/13"
Whitesnake,"Give Me All Your Love",SC8716,15,SC8716,SC,1," 2/27/13"
Whitesnake,"Here I Go Again",DK047,14,DK047,DK,1," 2/27/13"
Whitesnake,"Is This Love",SC8373,13,SC8373,SC,1," 2/27/13"
Whitesnake,"Slide It In",SC8716,12,SC8716,SC,1," 2/27/13"
Whitesnake,"Slow An' Easy",SC8597,3,SC8597,SC,1," 2/27/13"
Whitesnake,"Still Of The Night",SC8406,1,SC8406,SC,1," 2/27/13"
"Whiting, Margaret & Jimmy Wakely","Slippin' Around",SC8592,3,SC8592,SC,1," 2/27/13"
"Whiting, Margaret & Jimmy Wakely","Slipping Around",CBEP471-5,6,CBEP471-5,CB,1," 2/27/13"
"Whitley & Morgan","Til A Tear Becomes A Rose",CB60041,10,CB60041,CB,1," 2/27/13"
"Whitley, Keith","Don't Close Your Eyes",SC7524,13,SC7524,SC,1," 2/27/13"
"Whitley, Keith","Hard Livin'",CB90098,12,CB90098,CB,1," 2/27/13"
"Whitley, Keith","Heartbreak Highway",CB90098,8,CB90098,CB,1," 2/27/13"
"Whitley, Keith","Homecoming '63",SC7570,11,SC7570,SC,1," 2/27/13"
"Whitley, Keith","I Wonder Do You Ever Think Of Me",SC8345,9,SC8345,SC,1," 2/27/13"
"Whitley, Keith","I Wonder Do You Think Of Me",CB90098,4,CB90098,CB,1," 2/27/13"
"Whitley, Keith","I'm No Stranger To The Rain",CB60028,12,CB60028,CB,1," 2/27/13"
"Whitley, Keith","I'm Over You",CBE4-20,11,CBE4-20,CB,1," 2/27/13"
"Whitley, Keith","It Ain't Nothin'",CBE4-20,13,CBE4-20,CB,1," 2/27/13"
"Whitley, Keith","Miami My Amy",SC8537,2,SC8537,SC,1," 2/27/13"
"Whitley, Keith","Miami, My Amy",CB90098,9,CB90098,CB,1," 2/27/13"
"Whitley, Keith","Some Old Side Road",CB90098,15,CB90098,CB,1," 2/27/13"
"Whitley, Keith","Somebody's Doin' Me Right",CB90098,7,CB90098,CB,1," 2/27/13"
"Whitley, Keith","Talk Me To Texas",CB60143,7,CB60143,CB,1," 2/27/13"
"Whitley, Keith","Talk To Me Texas",CB90098,6,CB90098,CB,1," 2/27/13"
"Whitley, Keith","Ten Feet Away",SC1999NSC02,12,SC1999NSC02,SC,1," 2/27/13"
"Whitley, Keith","There's A New Kid In Town",CBEP462-4,14,CBEP462-4,CB,1," 2/27/13"
"Whitley, Keith","When You Say Nothing At All",SC7592,15,SC7592,SC,1," 2/27/13"
"Whitley, Keith","Would These Arms Be In Your Way",CB90098,14,CB90098,CB,1," 2/27/13"
"Whitley, Keith & Earl Thomas Conley","Brotherly Love",CB60112,14,CB60112,CB,1," 2/27/13"
"Whitley, Kieth & Lorrie Morgan","Til A Tear Becomes A Rose",SC8128,6,SC8128,SC,1," 2/27/13"
"Whitman, Slim","Indian Love Call",SC8538,11,SC8538,SC,1," 2/27/13"
"Whitney Duncan","Skinny Dippin'",PHMC0909,3,PHMC0909,PH,1," 2/27/13"
"Whitney Houston","Could I Have This Kiss Forever",SF170,6,SF170,SF,1," 2/27/13"
"Whitney Houston","Didn't We Almost Have It All",SF057,14,SF057,SF,1," 2/27/13"
"Whitney Houston","I Believe In You & Me",SC8369,7,SC8369,SC,1," 2/27/13"
"Whitney Houston","I Didnt Know My Own Strength",PHMU0912,7,PHMU0912,PH,1," 2/27/13"
"Whitney Houston","I Have Nothing",SC8371,6,SC8371,SC,1," 2/27/13"
"Whitney Houston","I Look To You",PHMU0911,2,PHMU0911,PH,1," 2/27/13"
"Whitney Houston","I'm Your Baby Tonight",SC8366,7,SC8366,SC,1," 2/27/13"
"Whitney Houston","Million Dollar Bill",PHMU0911,4,PHMU0911,PH,1," 2/27/13"
"Whitney Houston","Run To You",SC8111,6,SC8111,SC,1," 2/27/13"
"Whitney Houston","Saving All My Love For You",SF056,14,SF056,SF,1," 2/27/13"
"Whitney Houston","You Give Good Love",SC8362,14,SC8362,SC,1," 2/27/13"
"Whitney Houston & Geaorge Michael","If I Told You That",SF167,3,SF167,SF,1," 2/27/13"
"Whitney Houston with R Kelly","I Look To You",PHMU1212,3,PHMU1212,PH,1," 2/27/13"
Who,"Eminence Front",SC8684,3,SC8684,SC,1," 2/27/13"
Who,"I Can See For Miles",SGB64,9,SGB64,SG,1," 2/27/13"
Who,"Magic Bus",SGB062,7,SGB062,SG,1," 2/27/13"
Who,"My Generation",SGB64,12,SGB64,SG,1," 2/27/13"
"Who Do You Love Now","Riva Feat Danni Minogue",SF187,3,SF187,SF,1," 2/27/13"
"Who I Am","Andrews, Jessica",TUFP08,16,TUFP08,TU,1," 2/27/13"
"Who Let The Dogs Out","Baja Men",TU002,15,TU002,TU,1," 2/27/13"
"Who Threw The Overalls In Mrs. Murphy's","Irish Songs",TU104,25,TU104,TU,1," 2/27/13"
"Who Wants To Live Forever",Queen,BS8017,15,BS8017,BS,1," 2/27/13"
"Who Will Save Your Soul","Jewel & Natalie Imbruglia",BS6417,7,BS6417,BS,1," 2/27/13"
"Who Wouldn't Wanna Be Me","Urban, Keith w~vocal",THC0310,7,THC0310,TH,1," 2/27/13"
"Who's Cheatin' Who","Jackson, Alan",TU101,21,TU101,TU,1," 2/27/13"
"Who's Got My Back",Creed,TU105,18,TU105,TU,1," 2/27/13"
"Who's Got My Back","Creed w~vocal",PS1562,6,PS1562,PS,1," 2/27/13"
"Who's Making Love","Blues Brothers, The",TU102,22,TU102,TU,1," 2/27/13"
"Who's Sorry Now","Lee, Brenda",AH2013,3,AH2013,AH,1," 2/27/13"
"Who, The","Anyway Anyhow Anywhere",DK1110,8,DK1110,DK,1," 2/27/13"
"Who, The","Behind Blue Eyes",SC8624,6,SC8624,SC,1," 2/27/13"
"Who, The","Happy Jack",DK1110,9,DK1110,DK,1," 2/27/13"
"Who, The","I Can See For Miles",DK1110,10,DK1110,DK,1," 2/27/13"
"Who, The","I Can't Explain",SC8575,2,SC8575,SC,1," 2/27/13"
"Who, The","I'm A Boy",DK1110,15,DK1110,DK,1," 2/27/13"
"Who, The","Magic Bus",DK1110,11,DK1110,DK,1," 2/27/13"
"Who, The","My Generation",SC8221,13,SC8221,SC,1," 2/27/13"
"Who, The","Pictures Of Lily",DK1110,13,DK1110,DK,1," 2/27/13"
"Who, The","Pinball Wizard",SGB063,6,SGB063,SG,1," 2/27/13"
"Who, The","Squeeze Box",CBEP474-6,15,CBEP474-6,CB,1," 2/27/13"
"Who, The",Substitute,DK1110,14,DK1110,DK,1," 2/27/13"
"Who, The","Who Are You",SC8539,11,SC8539,SC,1," 2/27/13"
"Who, The","Won't Get Fooled Again",SF040,7,SF040,SF,1," 2/27/13"
"Who, The","You Better You Bet",SC8586,7,SC8586,SC,1," 2/27/13"
Whodini,"Freaks Come Out At Night",SC8875,15,SC8875,SC,1," 2/27/13"
"Whoever You Are","Geggy Tah",BS3917,9,BS3917,BS,1," 2/27/13"
"Whoever's In New England","McEntire, Reba",THMP014,5,THMP014,TH,1," 2/27/13"
"Whole Lotta Love","Led Zeppelin",PI009,5,PI009,PI,1," 2/27/13"
"Whole New World, A","Bryson, Peabo & Regina Belle",BS5317,11,BS5317,BS,1," 2/27/13"
"Whose Bed Have Your Boots Been Under","Twain, Shania",BS9517,5,BS9517,BS,1," 2/27/13"
"Why Can't This Be Love","Van Halen",AH2000,8,AH2000,AH,1," 2/27/13"
"Why Do I Feel So Sad","Keyes, Alicia",THH0210,18,THH0210,TH,1," 2/27/13"
"Why Do We Want What We Know We Can't Hav","McEntire, Reba",THMP033,18,THMP033,TH,1," 2/27/13"
"Why Don't We Get Drunk","Buffett, Jimmy",AMS2001,19,AMS2001,AM,1," 2/27/13"
"Why Don't You Do Right","Lee, Peggy",MM6393,12,MM6393,MM,1," 2/27/13"
"Why I Haven't I Heard From You","McEntire, Reba",THMP014,12,THMP014,TH,1," 2/27/13"
"Why I Love Youÿ",B2k,THH0212,12,THH0212,TH,1," 2/27/13"
"Why'd You Come In Here","Parton, Dolly",DG08,13,DG08,DG,1," 2/27/13"
"Wicks, Chuck","All I Ever Wanted",PHMC0808,9,PHMC0808,PH,1," 2/27/13"
"Wide Open Spaces","Dixie Chicks, The",TUFP08,17,TUFP08,TU,1," 2/27/13"
Widelife,"All Things",MM6405,14,MM6405,MM,1," 2/27/13"
"Widespread Panic","Hope In A Hopeless World",SC8377,8,SC8377,SC,1," 2/27/13"
"Wiggins, John & Audrey","Has Anybody Seen Amy",SC8141,8,SC8141,SC,1," 2/27/13"
"Wiggins, John & Audrey","Memory Making Night",SC8163,10,SC8163,SC,1," 2/27/13"
"Wiggins, John & Audrey","She's In The Bedroom Crying",SC8152,7,SC8152,SC,1," 2/27/13"
"Wilburn Brothers","Hurt Her Once For Me",SC8428,6,SC8428,SC,1," 2/27/13"
"Wilburn Brothers, The","Roll Muddy River",CBE3-01,14,CBE3-01,CB,1," 2/27/13"
"Wilburns, The","Moved Up, Moved Out, Moved On",CBEP478-3,9,CBEP478-3,CB,1," 2/27/13"
Wilco,"Dawned On Me",PHMP1203,1,PHMP1203,PH,1," 2/27/13"
Wilco,"You Never Know",PHMP0910,5,PHMP0910,PH,1," 2/27/13"
"WILD BOYS","DURAN DURAN",FC003,4,FC003,FC,1," 2/27/13"
"Wild Cherry","Play That Funky Music",SC8386,14,SC8386,SC,1," 2/27/13"
"Wild Child",Enya,THP0206,15,THP0206,TH,1," 2/27/13"
"Wild Horses","I Will Survive",CB60226,9,CB60226,CB,1," 2/27/13"
"Wild Horses","Rolling Stones, The",BS9217,16,BS9217,BS,1," 2/27/13"
"Wild Horses","You Gotta Ride",CB60247,15,CB60247,CB,1," 2/27/13"
"Wild Horses, The","I Will Survive",SD090,10,SD090,SD,1," 2/27/13"
"Wild Night","Morrison, Van",BS7417,13,BS7417,BS,1," 2/27/13"
"Wild Orchid","At Night I Pray",SC8337,3,SC8337,SC,1," 2/27/13"
"Wild Orchid",Supernatural,SC8395,5,SC8395,SC,1," 2/27/13"
"Wild Rover, The","Irish Songs",TU104,26,TU104,TU,1," 2/27/13"
"Wild Thing","Troggs, The",KJT01,13,KJT01,KJ,1," 2/27/13"
Wildchild,"Renegade Masters `98",SF118,3,SF118,SF,1," 2/27/13"
"Wilde, Kim","Keep Me Hanging On",SF001,5,SF001,SF,1," 2/27/13"
"Wilde, Kim","Kids In America",SF037,12,SF037,SF,1," 2/27/13"
"Wilde, Kim","You Keep Me Hanging On",MM6042,11,MM6042,MM,1," 2/27/13"
"Wilde, Marty","Sea Of Love",SF062,14,SF062,SF,1," 2/27/13"
"Wilder, Matthew","Break My Stride",SC8227,13,SC8227,SC,1," 2/27/13"
Wildfire,"Rough Edges",CBEP476-3,13,CBEP476-3,CB,1," 2/27/13"
Wildflower,Skylark,HV09,12,HV09,HV,1," 2/27/13"
Wildflowers,"Parton, Dolly & Emmylou",TU172,18,TU172,TU,1," 2/27/13"
"Wilkinson, Amanda","Gone From Love Too Long",SC3392,16,SC3392,SC,1," 2/27/13"
Wilkinsons,"26 Cents",SC1999NSC05,5,SC1999NSC05,SC,1," 2/27/13"
"Wilkinsons, The","26 Cents",SC8470,12,SC8470,SC,1," 2/27/13"
"Wilkinsons, The","Boy Oh Boy",CB60173,14,CB60173,CB,1," 2/27/13"
"Wilkinsons, The","Fly The Angel Song",SC8496,12,SC8496,SC,1," 2/27/13"
"Wilkinsons, The","I Wanna Be That Girl",SC8690,13,SC8690,SC,1," 2/27/13"
"Wilkinsons, The","Jimmy's Got A Girlfriend",SC8590,15,SC8590,SC,1," 2/27/13"
"Wilkinsons, The","Outside Providence",PHN0209,9,PHN0209,PH,1," 2/27/13"
"Wilkinsons, The","Shame On Me",MM6309,15,MM6309,MM,1," 2/27/13"
"Wilkinsons, The","Yodelin' Blues, The",CB60174,15,CB60174,CB,1," 2/27/13"
"Will 2 Power","I'm Not In Love",MM6045,2,MM6045,MM,1," 2/27/13"
"Will Downing","Love Suggestions",PHMU1002,5,PHMU1002,PH,1," 2/27/13"
"Will Downing","Something Special",PHMU0909,7,PHMU0909,PH,1," 2/27/13"
"Will Peppers","I Hope Heaven Has A Dirt Road",PHMC1009,9,PHMC1009,PH,1," 2/27/13"
"Will Smith","Black Suits Comin' (Nod Ya Head)",CB30024,1,CB30024,CB,1," 2/27/13"
"Will To Power","Baby I Love Your Way",SF006,13,SF006,SF,1," 2/27/13"
"Will You Marry Me",Alabama,TUFP26,18,TUFP26,TU,1," 2/27/13"
"Will You Still Love Me",Chicago,HV09,9,HV09,HV,1," 2/27/13"
"Will Young","Don't Let Me Down",SF200,13,SF200,SF,1," 2/27/13"
"Will Young","Leave Right Now",PHMP1007,8,PHMP1007,PH,1," 2/27/13"
"will.i.am & Nicki Minaj","Check It Out",PHMP1012,3,PHMP1012,PH,1," 2/27/13"
"Wille Nelson","Pretty Paper",SC8185,12,SC8185,SC,1," 2/27/13"
"Wille Nelson","Whiskey River",SC8158,13,SC8158,SC,1," 2/27/13"
"Williams & Chayanne","You Are My Home",SC8484,13,SC8484,SC,1," 2/27/13"
"Williams & Mcknight","Love Is",MM6025,2,MM6025,MM,1," 2/27/13"
"Williams & McKnight","Love Is",SC2011,5,SC2011,SC,1," 2/27/13"
"Williams & Mcknight","Love Is",DK1104,7,DK1104,DK,1," 2/27/13"
"Williams (Three Hanks)","Move It On Over",SC8341,11,SC8341,SC,1," 2/27/13"
"Williams Jr, Hank","Why Can't We All Just Get A Long Neck",SC8877,8,SC8877,SC,1," 2/27/13"
"Williams Jr., Hank","America Will Survive",CBE4-25,5,CBE4-25,CB,1," 2/27/13"
"Williams Jr., Hank","Big Top Women",SC8769,11,SC8769,SC,1," 2/27/13"
"Williams Jr., Hank","If Heaven Ain't Alot Like Dixie",CBE3-05,11,CBE3-05,CB,1," 2/27/13"
"Williams Jr., Hank & Kid Rock","F Word (Live Tv Version), The",SC8769,7,SC8769,SC,1," 2/27/13"
"Williams Jr., Hank & Kid Rock","F Word, The (Live TV Version)",SC3318,7,SC3318,SC,1," 2/27/13"
"Williams Riley","Country Livin'",PHMC1001,6,PHMC1001,PH,1," 2/27/13"
"Williams, Andy","Almost There",BL35,8,BL35,BL,1," 2/27/13"
"Williams, Andy","Aloha One",SAVP02,9,SAVP02,SA,1," 2/27/13"
"Williams, Andy","Born Free",SC7538,11,SC7538,SC,1," 2/27/13"
"Williams, Andy",Butterfly,SF047,7,SF047,SF,1," 2/27/13"
"Williams, Andy","Can't Get Used To Losing You",DKM2032,11,DKM2032,DK,1," 2/27/13"
"Williams, Andy",Charade,SAVP05,1,SAVP05,SA,1," 2/27/13"
"Williams, Andy","Danny Boy",SAVP19,10,SAVP19,SA,1," 2/27/13"
"Williams, Andy","Days Of Wine And Roses",SAVP02,7,SAVP02,SA,1," 2/27/13"
"Williams, Andy","Days Of Wine And Roses, The",CBE3-15,3,CBE3-15,CB,1," 2/27/13"
"Williams, Andy","Dear Heart",CBE3-15,5,CBE3-15,CB,1," 2/27/13"
"Williams, Andy","Exodus Song, The",SAVP06,13,SAVP06,SA,1," 2/27/13"
"Williams, Andy","Hawaiian Wedding Song",SAVP02,8,SAVP02,SA,1," 2/27/13"
"Williams, Andy","It's The Most Wonderful Day Of The Year",CBEP462-3,7,CBEP462-3,CB,1," 2/27/13"
"Williams, Andy","It's The Most Wonderful Time Of The Year",CB60185,1,CB60185,CB,1," 2/27/13"
"Williams, Andy","Little Drummer Boy, The",CB60185,13,CB60185,CB,1," 2/27/13"
"Williams, Andy","Lonely Street",SC8804,13,SC8804,SC,1," 2/27/13"
"Williams, Andy","Love Is A Many Splendored Thing",CBEP454-1,4,CBEP454-1,CB,1," 2/27/13"
"Williams, Andy","Love Me With All Your Heart",MM6182,15,MM6182,MM,1," 2/27/13"
"Williams, Andy","Moon River",SC7518,12,SC7518,SC,1," 2/27/13"
"Williams, Andy",More,CBE2-14,7,CBE2-14,CB,1," 2/27/13"
"Williams, Andy","Music To Watch The Girls By",SAVP05,3,SAVP05,SA,1," 2/27/13"
"Williams, Andy","Somewhere, My Love (Laura's Theme)",DK025,9,DK025,DK,1," 2/27/13"
"Williams, Andy","Speak Softly",SAVP19,15,SAVP19,SA,1," 2/27/13"
"Williams, Andy","Speak Softly, Love (Godfather Theme)",DK082,13,DK082,DK,1," 2/27/13"
"Williams, Andy","Sweet Little Jesus Boy",CB60185,11,CB60185,CB,1," 2/27/13"
"Williams, Andy","Theme From The Godfather",SAVP13,15,SAVP13,SA,1," 2/27/13"
"Williams, Andy","Three Coins In The Fountain",CBE4-01,7,CBE4-01,CB,1," 2/27/13"
"Williams, Andy","Twelve Days Of Christmas, The",CB60185,4,CB60185,CB,1," 2/27/13"
"Williams, Andy","Where Do I Begin",SAVP05,5,SAVP05,SA,1," 2/27/13"
"Williams, Andy","Where Do I Begin (Theme From Love Story)",SC7538,15,SC7538,SC,1," 2/27/13"
"Williams, Billy","I'm Gonna Sit Right Down & Write Myself",SC8521,8,SC8521,SC,1," 2/27/13"
"Williams, Christopher","All I See",SAVP26,17,SAVP26,SA,1," 2/27/13"
"Williams, Cynda","Harlem Blues",SC8405,10,SC8405,SC,1," 2/27/13"
"Williams, Dar","What Do You Hear In These Sounds",PHM9810,6,PHM9810,PH,1," 2/27/13"
"Williams, Deniece","It's Gonna Take A Miracle",SC8492,9,SC8492,SC,1," 2/27/13"
"Williams, Deniece","Let's Hear It For The Boy",MMGCP9803,17,MMGCP9803,MM,1," 2/27/13"
"Williams, Deniece",Silly,SC8754,4,SC8754,SC,1," 2/27/13"
"Williams, Don",Amanda,CB90071,10,CB90071,CB,1," 2/27/13"
"Williams, Don","Back In My Younger Days",CB60128,4,CB60128,CB,1," 2/27/13"
"Williams, Don","Come Early Morning",SC8442,6,SC8442,SC,1," 2/27/13"
"Williams, Don","Falling Again",SC8676,3,SC8676,SC,1," 2/27/13"
"Williams, Don","Good Ole Boys Like Me",SC8442,3,SC8442,SC,1," 2/27/13"
"Williams, Don","Gypsy Woman",BL33,14,BL33,BL,1," 2/27/13"
"Williams, Don","Heartbeat In The Darkness",SC8442,2,SC8442,SC,1," 2/27/13"
"Williams, Don","I Believe In You",DK071,15,DK071,DK,1," 2/27/13"
"Williams, Don","I Recall A Gypsy Woman",SF014,15,SF014,SF,1," 2/27/13"
"Williams, Don","I Wouldn't Want To Live If You Didn't Lo",SC8372,8,SC8372,SC,1," 2/27/13"
"Williams, Don","I'm Just A Country Boy",CB90071,12,CB90071,CB,1," 2/27/13"
"Williams, Don","If Hollywood Don't Need You",SC8332,8,SC8332,SC,1," 2/27/13"
"Williams, Don","It Must Be Love",SC8442,13,SC8442,SC,1," 2/27/13"
"Williams, Don","It's Who You Love",SC8321,9,SC8321,SC,1," 2/27/13"
"Williams, Don","Lord Have Mercy On A Country Boy",DK074,5,DK074,DK,1," 2/27/13"
"Williams, Don","Lord I Hope This Day Is Good",SC8208,9,SC8208,SC,1," 2/27/13"
"Williams, Don","Lord, I Hope This Day Is Good",CBE3-05,14,CBE3-05,CB,1," 2/27/13"
"Williams, Don","Love Is On A Roll",CB90071,15,CB90071,CB,1," 2/27/13"
"Williams, Don","Love Me Over Again",CB90071,14,CB90071,CB,1," 2/27/13"
"Williams, Don","Love Me Tonight",SC8335,8,SC8335,SC,1," 2/27/13"
"Williams, Don","My Rifle My Pony And Me",SC8271,15,SC8271,SC,1," 2/27/13"
"Williams, Don","Nobody But You",SC8697,10,SC8697,SC,1," 2/27/13"
"Williams, Don","One Good Well",SC7556,10,SC7556,SC,1," 2/27/13"
"Williams, Don","Say It Again",SC8372,5,SC8372,SC,1," 2/27/13"
"Williams, Don","She Never Knew Me",SC8558,14,SC8558,SC,1," 2/27/13"
"Williams, Don","Some Broken Hearts Never Mend",SC8421,8,SC8421,SC,1," 2/27/13"
"Williams, Don","Stay Young",CB90071,7,CB90071,CB,1," 2/27/13"
"Williams, Don","That's The Thing About Love",SC8372,1,SC8372,SC,1," 2/27/13"
"Williams, Don","Then It's Love",SC8582,11,SC8582,SC,1," 2/27/13"
"Williams, Don","Til The Rivers All Run Dry",SC8442,7,SC8442,SC,1," 2/27/13"
"Williams, Don","True Love",CB60144,12,CB60144,CB,1," 2/27/13"
"Williams, Don","Tulsa Time",CB90071,13,CB90071,CB,1," 2/27/13"
"Williams, Don","Turn Out The Light And Love Me Tonight",CB80109,13,CB80109,CB,1," 2/27/13"
"Williams, Don","Walkin' A Broken Heart",SC8541,7,SC8541,SC,1," 2/27/13"
"Williams, Don","You're My Best Friend",SC8424,10,SC8424,SC,1," 2/27/13"
"Williams, Hank","Cold Cold Heart",DK011,17,DK011,DK,1," 2/27/13"
"Williams, Hank","Dear John",CBE4-13,7,CBE4-13,CB,1," 2/27/13"
"Williams, Hank","Hey Good Lookin'",DK005,14,DK005,DK,1," 2/27/13"
"Williams, Hank","Hey, Good Lookin'",SC7208,13,SC7208,SC,1," 2/27/13"
"Williams, Hank","Honky Tonk Blues",CBEP451-1,17,CBEP451-1,CB,1," 2/27/13"
"Williams, Hank","Honky Tonkin'",CB90145,3,CB90145,CB,1," 2/27/13"
"Williams, Hank","I Can't Help It If I Still In Love With",CB90145,4,CB90145,CB,1," 2/27/13"
"Williams, Hank","I Can't Help It If I'm Still In Love Wit",DK005,16,DK005,DK,1," 2/27/13"
"Williams, Hank","I'll Never Get Out Of This World Alive",SC8592,15,SC8592,SC,1," 2/27/13"
"Williams, Hank","I'm So Lonesome I Could Cry",DK008,15,DK008,DK,1," 2/27/13"
"Williams, Hank",Jambalaya,CB60015,6,CB60015,CB,1," 2/27/13"
"Williams, Hank","Jambalaya (On The Bayou)",DK064,18,DK064,DK,1," 2/27/13"
"Williams, Hank","Jambalaya On The Bayou",SAVP11,15,SAVP11,SA,1," 2/27/13"
"Williams, Hank",Kaw-Liga,DK065,18,DK065,DK,1," 2/27/13"
"Williams, Hank","Long Gone Lonesome Blues",CB90145,12,CB90145,CB,1," 2/27/13"
"Williams, Hank","Lovesick Blues",SAVP04,11,SAVP04,SA,1," 2/27/13"
"Williams, Hank","Mansion On The Hill",DK071,18,DK071,DK,1," 2/27/13"
"Williams, Hank","Mind Your Own Business",CBE3-01,1,CBE3-01,CB,1," 2/27/13"
"Williams, Hank","Moanin' The Blues",CBE3-01,9,CBE3-01,CB,1," 2/27/13"
"Williams, Hank","Move It On Over",CB90145,14,CB90145,CB,1," 2/27/13"
"Williams, Hank","My Bucket's Got A Hole In It",CB90145,15,CB90145,CB,1," 2/27/13"
"Williams, Hank","Settin' The Woods On Fire",SC7567,9,SC7567,SC,1," 2/27/13"
"Williams, Hank","Take These Chains From My Heart",SC7589,15,SC7589,SC,1," 2/27/13"
"Williams, Hank","Wedding Bells",SC8491,13,SC8491,SC,1," 2/27/13"
"Williams, Hank","Why Don't You Love Me",CBEP451-1,15,CBEP451-1,CB,1," 2/27/13"
"Williams, Hank","Your Cheatin' Heart",DK010,17,DK010,DK,1," 2/27/13"
"Williams, Hank & Hank Jr.","There's A Tear In My Beer",SC7592,6,SC7592,SC,1," 2/27/13"
"Williams, Hank Iii","I Don't Know",SC8677,5,SC8677,SC,1," 2/27/13"
"Williams, Hank III","I Don't Know",SD082,10,SD082,SD,1," 2/27/13"
"Williams, Hank Iii","I Don't Know",CB60217,9,CB60217,CB,1," 2/27/13"
"Williams, Hank Jr.","Ain't Misbehavin'",CB90064,13,CB90064,CB,1," 2/27/13"
"Williams, Hank Jr.","Ain't Nobody's Business",CB60016,14,CB60016,CB,1," 2/27/13"
"Williams, Hank Jr.","All Jokes Aside",CB60202,13,CB60202,CB,1," 2/27/13"
"Williams, Hank Jr.","All My Rowdy Friends Are Coming Over",SC7510,8,SC7510,SC,1," 2/27/13"
"Williams, Hank Jr.","All My Rowdy Friends Have Settled Down",SC7591,1,SC7591,SC,1," 2/27/13"
"Williams, Hank Jr.","America Will Survive",SC8733,15,SC8733,SC,1," 2/27/13"
"Williams, Hank Jr.","Born To Boogie",CBE2-12,10,CBE2-12,CB,1," 2/27/13"
"Williams, Hank Jr.","Both Sides Of Goodbye",SC8243,14,SC8243,SC,1," 2/27/13"
"Williams, Hank Jr.","Cajun Baby",SC8403,12,SC8403,SC,1," 2/27/13"
"Williams, Hank Jr.","Country Boy Can Survive, A",SC8431,14,SC8431,SC,1," 2/27/13"
"Williams, Hank Jr.","Country State Of Mind",CB60056,10,CB60056,CB,1," 2/27/13"
"Williams, Hank Jr.","Dixie On My Mind",SC8424,11,SC8424,SC,1," 2/27/13"
"Williams, Hank Jr.","Don Juan D'bubba",SC8315,9,SC8315,SC,1," 2/27/13"
"Williams, Hank Jr.","Don't Give Us A Reason",CB90064,14,CB90064,CB,1," 2/27/13"
"Williams, Hank Jr.","Everything Comes Down To Money And Love",SC8278,15,SC8278,SC,1," 2/27/13"
"Williams, Hank Jr.","Family Tradition",CB60016,10,CB60016,CB,1," 2/27/13"
"Williams, Hank Jr.","Finders Are Keepers",SC7569,2,SC7569,SC,1," 2/27/13"
"Williams, Hank Jr.","Gonna Go Huntin' Tonight",SC7551,9,SC7551,SC,1," 2/27/13"
"Williams, Hank Jr.","Heaven Can't Be Found",SC8628,10,SC8628,SC,1," 2/27/13"
"Williams, Hank Jr.","Hey Good Lookin'",SC7536,13,SC7536,SC,1," 2/27/13"
"Williams, Hank Jr.","Hotel Whiskey",CB90064,11,CB90064,CB,1," 2/27/13"
"Williams, Hank Jr.","Houston We Have A Problem",SC8280,1,SC8280,SC,1," 2/27/13"
"Williams, Hank Jr.","I Ain't Goin' Peacefully",SC8291,7,SC8291,SC,1," 2/27/13"
"Williams, Hank Jr.","I'm For Love",SC8517,6,SC8517,SC,1," 2/27/13"
"Williams, Hank Jr.","I'm One Of You",THC0312,16,THC0312,TH,1," 2/27/13"
"Williams, Hank Jr.","I'm So Lonesome I Could Cry",SC7539,7,SC7539,SC,1," 2/27/13"
"Williams, Hank Jr.","If Heaven Ain't A Lot Like Dixie",CB60122,13,CB60122,CB,1," 2/27/13"
"Williams, Hank Jr.","If It Will It Will",CB60145,11,CB60145,CB,1," 2/27/13"
"Williams, Hank Jr.","Jambalaya (On The Bayou)",SC7544,1,SC7544,SC,1," 2/27/13"
"Williams, Hank Jr.","Leave Them Boys Alone",SC8403,2,SC8403,SC,1," 2/27/13"
"Williams, Hank Jr.","Naked Women And Beer",CB60199,1,CB60199,CB,1," 2/27/13"
"Williams, Hank Jr.","Old Habits",SC8403,5,SC8403,SC,1," 2/27/13"
"Williams, Hank Jr.","Queen Of My Heart",SC8403,6,SC8403,SC,1," 2/27/13"
"Williams, Hank Jr.","South Woulda Won, The",CB90064,15,CB90064,CB,1," 2/27/13"
"Williams, Hank Jr.","Stoned At The Jukebox",SC7551,14,SC7551,SC,1," 2/27/13"
"Williams, Hank Jr.","Texas Woman",SC8403,10,SC8403,SC,1," 2/27/13"
"Williams, Hank Jr.","There's A Tear In My Beer",MM6189,15,MM6189,MM,1," 2/27/13"
"Williams, Hank Jr.","This Ain't Dallas",SC8610,13,SC8610,SC,1," 2/27/13"
"Williams, Hank Jr.","Whiskey Bent And Hell Bound",CB90064,10,CB90064,CB,1," 2/27/13"
"Williams, Hank Jr.","Women I've Never Had",SC8461,13,SC8461,SC,1," 2/27/13"
"Williams, Hank Jr. & Hank Sr.","There's A Tear In My Beer",CB60128,5,CB60128,CB,1," 2/27/13"
"Williams, Hank Sr.","Baby, We're Really In Love",CB90067,11,CB90067,CB,1," 2/27/13"
"Williams, Hank Sr.","Crazy Heart",CB90067,9,CB90067,CB,1," 2/27/13"
"Williams, Hank Sr.","Dear John",CB90067,7,CB90067,CB,1," 2/27/13"
"Williams, Hank Sr.","Half As Much",CB90067,1,CB90067,CB,1," 2/27/13"
"Williams, Hank Sr.","Honky Tonk Blues",CB90067,2,CB90067,CB,1," 2/27/13"
"Williams, Hank Sr.","Howlin' At The Moon",CB90067,8,CB90067,CB,1," 2/27/13"
"Williams, Hank Sr.","I'l Never Get Out Of This World Alive",CB90067,10,CB90067,CB,1," 2/27/13"
"Williams, Hank Sr.","I'm A Long Gone Daddy",CB90067,12,CB90067,CB,1," 2/27/13"
"Williams, Hank Sr.","Lonesome Whistle",CB90067,14,CB90067,CB,1," 2/27/13"
"Williams, Hank Sr.","Mind Your Own Business",CB90067,6,CB90067,CB,1," 2/27/13"
"Williams, Hank Sr.","Nobody's Lonesome For Me",CB90067,15,CB90067,CB,1," 2/27/13"
"Williams, Hank Sr.","Settin' The Woods On Fire",CB90067,3,CB90067,CB,1," 2/27/13"
"Williams, Hank Sr.","Wedding Bells",CB90067,4,CB90067,CB,1," 2/27/13"
"Williams, Hank Sr.","You Win Again",CB90067,5,CB90067,CB,1," 2/27/13"
"Williams, Hank Sr.","You're Gonna Change Or I'm Gonna Leave",CB90067,13,CB90067,CB,1," 2/27/13"
"Williams, Jr, Hank","Why Can't We All Just Get A Long Neck",PHN0406,6,PHN0406,PH,1," 2/27/13"
"Williams, Jr., Hank","I'm One Of You",SC3382,5,SC3382,SC,1," 2/27/13"
"Williams, Jr., Hank","Why Can't We All Just Get A Long Neck",SC3406,8,SC3406,SC,1," 2/27/13"
"Williams, Jr., Hank wvocal","I'm One Of You",SC3382,13,SC3382,SC,1," 2/27/13"
"Williams, Larry","Bony Maronie",MM6074,11,MM6074,MM,1," 2/27/13"
"Williams, Larry","Short Fat Fannie",SC8521,9,SC8521,SC,1," 2/27/13"
"Williams, Lucinda","Right In Time",SC8487,13,SC8487,SC,1," 2/27/13"
"Williams, Lucinda",Righteously,THMP0310,9,THMP0310,TH,1," 2/27/13"
"Williams, Maurice",Stay,DK048,16,DK048,DK,1," 2/27/13"
"Williams, Robbie",Angel,PHM9911,5,PHM9911,PH,1," 2/27/13"
"Williams, Robbie",Angels,SF116,12,SF116,SF,1," 2/27/13"
"Williams, Robbie","Come Undone",SF204,16,SF204,SF,1," 2/27/13"
"Williams, Robbie",Feel,MM6384,3,MM6384,MM,1," 2/27/13"
"Williams, Robbie",Freedom,SF061,7,SF061,SF,1," 2/27/13"
"Williams, Robbie","Have You Met Miss Jones",SF180,4,SF180,SF,1," 2/27/13"
"Williams, Robbie","Karma Killer",SF140,15,SF140,SF,1," 2/27/13"
"Williams, Robbie","Lazy Days",SF114,5,SF114,SF,1," 2/27/13"
"Williams, Robbie","Let Me Entertain You",SF119,1,SF119,SF,1," 2/27/13"
"Williams, Robbie",Millenium,SF125,3,SF125,SF,1," 2/27/13"
"Williams, Robbie",Millennium,SC8542,12,SC8542,SC,1," 2/27/13"
"Williams, Robbie","No Regrets",SF127,1,SF127,SF,1," 2/27/13"
"Williams, Robbie","Rock Dj",SF169,16,SF169,SF,1," 2/27/13"
"Williams, Robbie","Sexed Up",SF210,11,SF210,SF,1," 2/27/13"
"Williams, Robbie","She's The One",SF148,16,SF148,SF,1," 2/27/13"
"Williams, Robbie","Something Beautiful",SF207,14,SF207,SF,1," 2/27/13"
"Williams, Robbie",Supreme,SF171,10,SF171,SF,1," 2/27/13"
"Williams, Robbie","Win Some Lose Some",SF146,3,SF146,SF,1," 2/27/13"
"Williams, Robbie & Kylie Minogue",Kids,SF172,9,SF172,SF,1," 2/27/13"
"Williams, Robbie wvocal",Angel,PHM9911,14,PHM9911,PH,1," 2/27/13"
"Williams, Tex","Smoke! Smoke! Smoke! That Cigarette",CBEP451-1,3,CBEP451-1,CB,1," 2/27/13"
"Williams, Tex & His Western Caravan","Smoke! Smoke! Smoke! That Cigarette",SC7567,15,SC7567,SC,1," 2/27/13"
"Williams, V. & B. Mcknight","Love Is",MMRB02,16,MMRB02,MM,1," 2/27/13"
"Williams, Vanessa","Colors Of The Wind",CBEP458-3,8,CBEP458-3,CB,1," 2/27/13"
"Williams, Vanessa",Dreamin',SC8366,5,SC8366,SC,1," 2/27/13"
"Williams, Vanessa",Happiness,SC8395,4,SC8395,SC,1," 2/27/13"
"Williams, Vanessa","Just For Tonight",SC8363,11,SC8363,SC,1," 2/27/13"
"Williams, Vanessa","Oh How The Years Go By",SC8440,1,SC8440,SC,1," 2/27/13"
"Williams, Vanessa","Save The Best For Last",SC7206,14,SC7206,SC,1," 2/27/13"
"Williams, Vanessa","Sweetest Days, The",SC2014,7,SC2014,SC,1," 2/27/13"
"Williams, Vanessa","Way That You Love Me, The",SD013,12,SD013,SD,1," 2/27/13"
"Williams, Vanessa","Where Do We Go From Here",PHM9608,9,PHM9608,PH,1," 2/27/13"
"Williams, Vanessa","Work To Do",SAVP26,8,SAVP26,SA,1," 2/27/13"
"Williams, Vanessa","You Can't Run",SC8209,6,SC8209,SC,1," 2/27/13"
"Williams, Vanessa & Brian Mcknight","Love Is",SC8119,12,SC8119,SC,1," 2/27/13"
"Williams, Vanessa & Chayanne","You Are My Home",SC2187,6,SC2187,SC,1," 2/27/13"
"Williams, Vanessa L.","Do You Hear What I Hear",SC8781,8,SC8781,SC,1," 2/27/13"
"Williamson, Sonny Boy","Bring It On Home",SC8339,9,SC8339,SC,1," 2/27/13"
"Willie Nelson","The Scientist",PHMC1205,4,PHMC1205,PH,1," 2/27/13"
"Willie Nelson, Sheryl Crow & Lukas Nelso","Come On Up To The House",PHMC1208,5,PHMC1208,PH,1," 2/27/13"
"Willis, Bob","Faded Love",DK074,18,DK074,DK,1," 2/27/13"
"Willis, Bob","San Antonio Rose",DK075,18,DK075,DK,1," 2/27/13"
"Willis, Kelly","Heaven's Just A Sin Away",SC8269,9,SC8269,SC,1," 2/27/13"
"Willis, Kelly","If I Left You",SD102,13,SD102,SD,1," 2/27/13"
"Willmon, Trent","Beer Man",MM6411,13,MM6411,MM,1," 2/27/13"
"Willmon, Trent","Dixie Rose Deluxe's Honky Tonk",PHN0411,5,PHN0411,PH,1," 2/27/13"
"Willmon, Trent wvocal","Dixie Rose Deluxe's Honky Tonk",PHN0411,14,PHN0411,PH,1," 2/27/13"
Willow,"Whip My Hair",PHMU1012,2,PHMU1012,PH,1," 2/27/13"
"Wills, Bob","A Big Ball In Cowtown",CB90104,13,CB90104,CB,1," 2/27/13"
"Wills, Bob","Bubbles In My Beer",CB90104,2,CB90104,CB,1," 2/27/13"
"Wills, Bob","Faded Love",DKM2018,12,DKM2018,DK,1," 2/27/13"
"Wills, Bob","Heart To Heart Talk",CB90104,5,CB90104,CB,1," 2/27/13"
"Wills, Bob","I Ain't Got Nobody (And Nobody Cares For",CB90104,9,CB90104,CB,1," 2/27/13"
"Wills, Bob","Ida Red Like To Boogie",CB90104,8,CB90104,CB,1," 2/27/13"
"Wills, Bob","Maiden's Prayer",CB90104,3,CB90104,CB,1," 2/27/13"
"Wills, Bob","Milk Cow Blues",CB90104,4,CB90104,CB,1," 2/27/13"
"Wills, Bob","San Antonio Rose",SAVP04,18,SAVP04,SA,1," 2/27/13"
"Wills, Bob","St Louis Blues",CB90104,11,CB90104,CB,1," 2/27/13"
"Wills, Bob","Stay A Little Longer",CB90104,14,CB90104,CB,1," 2/27/13"
"Wills, Bob","Sugar Moon",CB90104,12,CB90104,CB,1," 2/27/13"
"Wills, Bob","Take Me Back Totulsa",CB90104,7,CB90104,CB,1," 2/27/13"
"Wills, Bob","Time Changes Everything",CB90104,6,CB90104,CB,1," 2/27/13"
"Wills, Bob","Wabash Blues",CB90104,15,CB90104,CB,1," 2/27/13"
"Wills, Bob & His Texas Playboys","Stay A Little Longer",CBE4-13,3,CBE4-13,CB,1," 2/27/13"
"Wills, Bob & The Texas Playboys","New San Antonio Rose",SC8555,14,SC8555,SC,1," 2/27/13"
"Wills, David","There's A Song On The Jukebox",SC8642,9,SC8642,SC,1," 2/27/13"
"Wills, Mark","19 Somethin'",CB60242,9,CB60242,CB,1," 2/27/13"
"Wills, Mark","Almost Doesn't Count",MM6304,12,MM6304,MM,1," 2/27/13"
"Wills, Mark","And The Crowd Goes Wild",SC8842,9,SC8842,SC,1," 2/27/13"
"Wills, Mark","Back At One",CHM0002,13,CHM0002,CH,1," 2/27/13"
"Wills, Mark","Crowd Goes Wild, And The",MM6395,2,MM6395,MM,1," 2/27/13"
"Wills, Mark","Don't Laugh At Me",CBE2-09,11,CBE2-09,CB,1," 2/27/13"
"Wills, Mark","Everything There Is To Know About You",SC8646,15,SC8646,SC,1," 2/27/13"
"Wills, Mark","High Low And In Between",SD032,13,SD032,SD,1," 2/27/13"
"Wills, Mark","I Do",CHM9806,19,CHM9806,CH,1," 2/27/13"
"Wills, Mark","I Do (Cherish You)",CBEP463-5,4,CBEP463-5,CB,1," 2/27/13"
"Wills, Mark","I Do Cherish You",SC8495,7,SC8495,SC,1," 2/27/13"
"Wills, Mark","I Do(Cherish You)",SC1999NSC05,11,SC1999NSC05,SC,1," 2/27/13"
"Wills, Mark","I Want To Know",CB60207,13,CB60207,CB,1," 2/27/13"
"Wills, Mark","I Want To Know Everything There Is",SD077,13,SD077,SD,1," 2/27/13"
"Wills, Mark","Jacob's Ladder",MM6158,15,MM6158,MM,1," 2/27/13"
"Wills, Mark","Loving Ever Minute",PHN0109,9,PHN0109,PH,1," 2/27/13"
"Wills, Mark","Loving Every Minute",MM6344,5,MM6344,MM,1," 2/27/13"
"Wills, Mark","Nineteen Somethin'",THC0301,16,THC0301,TH,1," 2/27/13"
"Wills, Mark","Nineteen Something",SD101,3,SD101,SD,1," 2/27/13"
"Wills, Mark","Places I've Never Been",CHM9707,13,CHM9707,CH,1," 2/27/13"
"Wills, Mark","Rich Man",CB60196,15,CB60196,CB,1," 2/27/13"
"Wills, Mark","She's In Love",SC8546,12,SC8546,SC,1," 2/27/13"
"Wills, Mark","That's A Woman",SC3394,2,SC3394,SC,1," 2/27/13"
"Wills, Mark","When You Think Of Me",THC0306,15,THC0306,TH,1," 2/27/13"
"Wills, Mark","Wish You Were Here",MMCP2K08,12,MMCP2K08,MM,1," 2/27/13"
"Wills, Mark","Your Own Little Corner Of My Heart",CB20069,11,CB20069,CB,1," 2/27/13"
"Wills, Mark & Jamie O'neal","I'm Not Gonna Do Anything Without You",MM6358,5,MM6358,MM,1," 2/27/13"
"Wills, Mark wvocal","Nineteen Somethin'",SC3340,11,SC3340,SC,1," 2/27/13"
"Wills, Mark wvocal","When You Think Of Me",SC3358,10,SC3358,SC,1," 2/27/13"
Wilshire,Special,THP0309,7,THP0309,TH,1," 2/27/13"
"Wilson Phillips",Daniel,SC8318,4,SC8318,SC,1," 2/27/13"
"Wilson Phillips","Good Vibrations",PHMP1207,9,PHMP1207,PH,1," 2/27/13"
"Wilson Phillips","Hold On",DK057,1,DK057,DK,1," 2/27/13"
"Wilson Phillips",Impulsive,SC8279,5,SC8279,SC,1," 2/27/13"
"Wilson Phillips","Release Me",DK071,1,DK071,DK,1," 2/27/13"
"Wilson Phillips","You Won't See Me Cry",MM6027,10,MM6027,MM,1," 2/27/13"
"Wilson Phillips","You're In Love",SC8363,5,SC8363,SC,1," 2/27/13"
"Wilson Pickett","In The Midnight Hour",SC8110,7,SC8110,SC,1," 2/27/13"
"Wilson, A.","Show And Tell",DK054,16,DK054,DK,1," 2/27/13"
"Wilson, Al","Show And Tell",MMRB2-5,5,MMRB2-5,MM,1," 2/27/13"
"Wilson, Ann & Mike Reno","Almost Paradise",CBEP467-3,14,CBEP467-3,CB,1," 2/27/13"
"Wilson, Brian","Your Imagination",SC8473,9,SC8473,SC,1," 2/27/13"
"Wilson, Frank J.","Last Kiss",SC8108,12,SC8108,SC,1," 2/27/13"
"Wilson, Gretchen","Here For The Party",SC8880,15,SC8880,SC,1," 2/27/13"
"Wilson, Gretchen",Homewrecker,SC8880,14,SC8880,SC,1," 2/27/13"
"Wilson, Gretchen","Pocahontas Proud",SC8897,13,SC8897,SC,1," 2/27/13"
"Wilson, Gretchen","Redneck Woman",SC8877,14,SC8877,SC,1," 2/27/13"
"Wilson, Gretchen","When I Think About Cheatin'",SC8881,15,SC8881,SC,1," 2/27/13"
"Wilson, Gretchen","When It Rains",SC8897,6,SC8897,SC,1," 2/27/13"
"Wilson, Gretchen wvocal","When I Think About Cheatin'",SC3416,9,SC3416,SC,1," 2/27/13"
"Wilson, Jackie","Baby Workout",CBEP459-1,16,CBEP459-1,CB,1," 2/27/13"
"Wilson, Jackie","Higher & Higher",SF018,4,SF018,SF,1," 2/27/13"
"Wilson, Jackie","Higher And Higher",MMRB2-1,17,MMRB2-1,MM,1," 2/27/13"
"Wilson, Jackie","I Get The Sweetest Feeling",SF018,15,SF018,SF,1," 2/27/13"
"Wilson, Jackie","Lonely Teardrops",CBEP454-5,15,CBEP454-5,CB,1," 2/27/13"
"Wilson, Jackie","Reet Petite",SF048,7,SF048,SF,1," 2/27/13"
"Wilson, Jackie","That's Why",MM6156,15,MM6156,MM,1," 2/27/13"
"Wilson, Jackie","That's Why (I Love You So)",MMRB03,13,MMRB03,MM,1," 2/27/13"
"Wilson, Jackie","Your Love Keeps Lifting Me Higher And Hi",CBEP459-5,2,CBEP459-5,CB,1," 2/27/13"
"Wilson, Jennifer","Jingle Bells",CB60187,11,CB60187,CB,1," 2/27/13"
"Wilson, Meri","Peter The Meter Reader",SC8333,2,SC8333,SC,1," 2/27/13"
"Wilson, Meri","Telephone Man",SC8117,6,SC8117,SC,1," 2/27/13"
"Wilson, Nancy","Best Is Yet To Come, The",MM6334,8,MM6334,MM,1," 2/27/13"
"Wilson, Nancy","I Wish You Love",MM6142,7,MM6142,MM,1," 2/27/13"
"Wilson, Nancy","Satin Doll",MMSTA03,18,MMSTA03,MM,1," 2/27/13"
"Wilsons, The","Monday Without You",SC8423,9,SC8423,SC,1," 2/27/13"
"Winans, Mario & P. Diddy","I Don't Wanna Know (Radio Version)",SC3408,8,SC3408,SC,1," 2/27/13"
"Winans, The","It's Time",SC2045,5,SC2045,SC,1," 2/27/13"
"Wind Beneath My Wings, The","Midler, Bette",BS5017,11,BS5017,BS,1," 2/27/13"
"Wine Into Water","Brown, T. Graham",SC3100,2,SC3100,SC,1," 2/27/13"
Winger,"Headed For A Heartbreak",SC7565,15,SC7565,SC,1," 2/27/13"
Winger,"Miles Away",SC8346,12,SC8346,SC,1," 2/27/13"
Winger,Seventeen,SC8597,5,SC8597,SC,1," 2/27/13"
Wings,"Listen To What The Man Said",SC8231,1,SC8231,SC,1," 2/27/13"
Wings,"Maybe I'm Amazed",MM6042,13,MM6042,MM,1," 2/27/13"
Wings,"Silly Love Songs",CBEP474-2,12,CBEP474-2,CB,1," 2/27/13"
Wings,"With A Little Luck",CBEP474-4,5,CBEP474-4,CB,1," 2/27/13"
"Winter Wonderland","Humperdinck, Engelbert",BS8817,14,BS8817,BS,1," 2/27/13"
"Winter, Edgar","Free Ride",DK1109,6,DK1109,DK,1," 2/27/13"
"Winter, Edgar, Group","Free Ride",CBE4-04,1,CBE4-04,CB,1," 2/27/13"
"Winter, Johnny","Mojo Boogie",SC8339,10,SC8339,SC,1," 2/27/13"
"Winwood, Steve","Back In The High Life",SD003,11,SD003,SD,1," 2/27/13"
"Winwood, Steve","Don't You Know What The Night Can Do",SD003,9,SD003,SD,1," 2/27/13"
"Winwood, Steve","Finer Things, The",SC8378,14,SC8378,SC,1," 2/27/13"
"Winwood, Steve","Higher Love",SD003,8,SD003,SD,1," 2/27/13"
"Winwood, Steve","Holding On",CBE4-07,9,CBE4-07,CB,1," 2/27/13"
"Winwood, Steve","Roll With It",SD003,7,SD003,SD,1," 2/27/13"
"Winwood, Steve",Valerie,SC8413,14,SC8413,SC,1," 2/27/13"
"Winwood, Steve","While You See A Chance",SC8894,15,SC8894,SC,1," 2/27/13"
Wiseguys,"Ooh La La",SF142,12,SF142,SF,1," 2/27/13"
"Wiseman, Mac","Dust On The Bible",CBEP476-1,16,CBEP476-1,CB,1," 2/27/13"
"Wiseman, Mac","Footprints In The Snow",CBEP476-4,13,CBEP476-4,CB,1," 2/27/13"
"Wiseman, Mac","I Wonder How The Old Folks Are At Home",CBEP476-2,6,CBEP476-2,CB,1," 2/27/13"
"Wiseman, Mac","Jimmie Brown The Newsboy",CBEP476-3,15,CBEP476-3,CB,1," 2/27/13"
"Wish I Didn't Miss You","Stone, Angie",TU137,19,TU137,TU,1," 2/27/13"
"Wish You Were Here","Pink Floyd",DG02,2,DG02,DG,1," 2/27/13"
"Wishing On A Star","Royce, Rose",SF072,7,SF072,SF,1," 2/27/13"
"Wishing You Were Somehow Here Again","Phantom Of The Opera, The",PS1185,17,PS1185,PS,1," 2/27/13"
"Witchy Woman","Eagles, The",BS9017,16,BS9017,BS,1," 2/27/13"
"With Arms Wide Open",Creed,THR0008,11,THR0008,TH,1," 2/27/13"
"With Arms Wide Open","Creed w~vocal",PS1562,9,PS1562,PS,1," 2/27/13"
"With Heaven On Our Side",Foreigner,BS7517,3,BS7517,BS,1," 2/27/13"
"With One Look","Sunset Boulevard",KC008,12,KC008,KC,1," 2/27/13"
"With Or Without You",U2,TU107,17,TU107,TU,1," 2/27/13"
"With You","Linkin Park",TU105,19,TU105,TU,1," 2/27/13"
"With You I'm Born Again","Preston, Billy & Syreeta",BS3817,11,BS3817,BS,1," 2/27/13"
"Withers, Bill","Ain't No Sunshine",BL36,12,BL36,BL,1," 2/27/13"
"Withers, Bill","Lean On Me",BL30,13,BL30,BL,1," 2/27/13"
"Withers, Bill","Lovely Day",SC8573,4,SC8573,SC,1," 2/27/13"
"Withers, Bill","Use Me",SC8297,11,SC8297,SC,1," 2/27/13"
"Withers, Bill wvocal","Lean On Me",SC2336A,13,SC2336A,SC,1," 2/27/13"
"Witherspoon, Jimmy","Ain't Nobody's Business",SC8327,7,SC8327,SC,1," 2/27/13"
"Without Me",Eminem,TU125,18,TU125,TU,1," 2/27/13"
"Without You","Dixie Chicks, The",RSZ603,13,RSZ603,RS,1," 2/27/13"
"Without You","Motley Crue",PI009,12,PI009,PI,1," 2/27/13"
"Without Your Love","Daltry, Roger",AMS1502,2,AMS1502,AM,1," 2/27/13"
"Witter, Steve","All My Life",CB60171,13,CB60171,CB,1," 2/27/13"
Wizard,"See My Baby Jive",SF024,9,SF024,SF,1," 2/27/13"
"Wizard Of Oz","Ding! Dong! The Witch Is Dead",CBE3-15,8,CBE3-15,CB,1," 2/27/13"
"Wizard Of Oz","Over The Rainbow",MMBH1-5,1,MMBH1-5,MM,1," 2/27/13"
"Wizard Of Oz","We're Off To See The Wizard",CBE3-15,10,CBE3-15,CB,1," 2/27/13"
"Wizard Of Oz, The","Ding-Dong! The Witch Is Dead",SAVP36,7,SAVP36,SA,1," 2/27/13"
"Wizard Of Oz, The","If I Only Had A Heart",SAVP36,5,SAVP36,SA,1," 2/27/13"
"Wizard Of Oz, The","Merry Old Land Of Oz",SAVP36,8,SAVP36,SA,1," 2/27/13"
"Wizard Of Oz, The","We're Off To See The Wizard",SAVP36,6,SAVP36,SA,1," 2/27/13"
Wizzard,"Angel Fingers",SF035,15,SF035,SF,1," 2/27/13"
"Womack & Womack",Teardrops,SF009,7,SF009,SF,1," 2/27/13"
"Womack, Lee Ann","Am I The Only Thing You've Done Wrong",CB60220,2,CB60220,CB,1," 2/27/13"
"Womack, Lee Ann","Ashes By Now",CB60206,14,CB60206,CB,1," 2/27/13"
"Womack, Lee Ann","Blame It On Me",CB20383,12,CB20383,CB,1," 2/27/13"
"Womack, Lee Ann",Buckaroo,CHM9807,19,CHM9807,CH,1," 2/27/13"
"Womack, Lee Ann","Does My Ring Burn Your Finger",SC8733,14,SC8733,SC,1," 2/27/13"
"Womack, Lee Ann","Don't Tell Me",CHM0001,17,CHM0001,CH,1," 2/27/13"
"Womack, Lee Ann","Don't Tell Me (Radio Version)",SC8584,7,SC8584,SC,1," 2/27/13"
"Womack, Lee Ann","Fool, The",CHM9708,16,CHM9708,CH,1," 2/27/13"
"Womack, Lee Ann","Forever Everyday",SC8794,14,SC8794,SC,1," 2/27/13"
"Womack, Lee Ann","He'll Be Back",SC8802,13,SC8802,SC,1," 2/27/13"
"Womack, Lee Ann","I Hope You Can Dance",CB60197,5,CB60197,CB,1," 2/27/13"
"Womack, Lee Ann","I Hope You Dance",CHM0006,15,CHM0006,CH,1," 2/27/13"
"Womack, Lee Ann","I May Hate Myself In The Morning",PHN0501,4,PHN0501,PH,1," 2/27/13"
"Womack, Lee Ann","I Need You",CB60310,13,CB60310,CB,1," 2/27/13"
"Womack, Lee Ann","I'll Think Of A Reason Later",CB60150,15,CB60150,CB,1," 2/27/13"
"Womack, Lee Ann","Little Past Little Rock, A",CBE4-22,10,CBE4-22,CB,1," 2/27/13"
"Womack, Lee Ann","Never Again Again",MM6196,7,MM6196,MM,1," 2/27/13"
"Womack, Lee Ann","Never Again, Again",CHM9705F,16,CHM9705F,CH,1," 2/27/13"
"Womack, Lee Ann","Now You See Me Now You Don't",SC8546,7,SC8546,SC,1," 2/27/13"
"Womack, Lee Ann","Some Things I Know",CB60177,5,CB60177,CB,1," 2/27/13"
"Womack, Lee Ann","Something Worth Leaving Behind",CB60235,9,CB60235,CB,1," 2/27/13"
"Womack, Lee Ann","Stronger Than I Am",CB60221,12,CB60221,CB,1," 2/27/13"
"Womack, Lee Ann","Why They Call It Falling",SC8698,13,SC8698,SC,1," 2/27/13"
"Womack, Lee Ann","Wrong Girl, The",MM6407,14,MM6407,MM,1," 2/27/13"
"Womack, Lee Ann","You've Got To Talk To Me",CHM9801,19,CHM9801,CH,1," 2/27/13"
"Womack, Lee Ann & Sons Of The Desert","I Hope You Dance",MM6304,3,MM6304,MM,1," 2/27/13"
"Womack, Lee Ann wvocal","Forever Everyday",SC3340,14,SC3340,SC,1," 2/27/13"
Woman,"Lennon, John",RSZ607,10,RSZ607,RS,1," 2/27/13"
"Woman In Me, The","Twain, Shania",RSZ605,13,RSZ605,RS,1," 2/27/13"
"Won By One","Dead Man Walking",CBEP478-6,11,CBEP478-6,CB,1," 2/27/13"
"Won By One","Somewhere In Gloryland",CBEP478-4,10,CBEP478-4,CB,1," 2/27/13"
"Won By One","When I Reached Up",CBEP478-2,16,CBEP478-2,CB,1," 2/27/13"
"Won't You Be My Neighbor","Mr. Rogers",DG04,9,DG04,DG,1," 2/27/13"
"Wonder, Stevie","Boogie On Reggae Woman",SC8866,10,SC8866,SC,1," 2/27/13"
"Wonder, Stevie","Don't You Worry 'Bout A Thing",DK070,8,DK070,DK,1," 2/27/13"
"Wonder, Stevie","Don't You Worry About A Thing",SC8870,9,SC8870,SC,1," 2/27/13"
"Wonder, Stevie","Don't You Worry `bout A Thing",SC8866,14,SC8866,SC,1," 2/27/13"
"Wonder, Stevie","For Once In My Life",SC8866,11,SC8866,SC,1," 2/27/13"
"Wonder, Stevie","Happy Birthday",SC8866,13,SC8866,SC,1," 2/27/13"
"Wonder, Stevie","Higher Ground",DK1108,14,DK1108,DK,1," 2/27/13"
"Wonder, Stevie","I Just Called To Say I Love You",DKM2018,10,DKM2018,DK,1," 2/27/13"
"Wonder, Stevie","I Was Made To Love Her",DK1108,15,DK1108,DK,1," 2/27/13"
"Wonder, Stevie","I Wish",CBEP474-3,9,CBEP474-3,CB,1," 2/27/13"
"Wonder, Stevie","If You Really Love me",SGB22,2,SGB22,SG,1," 2/27/13"
"Wonder, Stevie","If You Really Love Me",CBE4-03,8,CBE4-03,CB,1," 2/27/13"
"Wonder, Stevie","Isn't She Lovely",DK071,8,DK071,DK,1," 2/27/13"
"Wonder, Stevie",Lately,SC8860,11,SC8860,SC,1," 2/27/13"
"Wonder, Stevie","Living For The City (Radio Version)",SC8866,15,SC8866,SC,1," 2/27/13"
"Wonder, Stevie","Master Blaster (Jammin')",SC8866,7,SC8866,SC,1," 2/27/13"
"Wonder, Stevie","My Cherie Amour",DK066,10,DK066,DK,1," 2/27/13"
"Wonder, Stevie","Part Time Lover",SAVP11,9,SAVP11,SA,1," 2/27/13"
"Wonder, Stevie","Part-Time Lover",CBEP467-6,9,CBEP467-6,CB,1," 2/27/13"
"Wonder, Stevie","Ribbon In The Sky",SC8860,10,SC8860,SC,1," 2/27/13"
"Wonder, Stevie","Signed Sealed Delivered I'm Yours",CBE4-03,1,CBE4-03,CB,1," 2/27/13"
"Wonder, Stevie","Signed, Sealed, Delivered I'm Yours",SC8866,8,SC8866,SC,1," 2/27/13"
"Wonder, Stevie","Sir Duke",SAVP17,19,SAVP17,SA,1," 2/27/13"
"Wonder, Stevie",Superstition,SC8824,13,SC8824,SC,1," 2/27/13"
"Wonder, Stevie","These Three Words",SC8244,3,SC8244,SC,1," 2/27/13"
"Wonder, Stevie","Uptight (Everything's All Right)",DK075,11,DK075,DK,1," 2/27/13"
"Wonder, Stevie","Uptight (Everything's Alright)",SC8866,9,SC8866,SC,1," 2/27/13"
"Wonder, Stevie","Uptight Everything's Alright",CBEP459-5,1,CBEP459-5,CB,1," 2/27/13"
"Wonder, Stevie","Yester Me Yester You Yesterday",CBEP459-1,7,CBEP459-1,CB,1," 2/27/13"
"Wonder, Stevie","Yester Me, Yester You, Yesterday",MMRB04,3,MMRB04,MM,1," 2/27/13"
"Wonder, Stevie","Yester-Me Yester-You Yesterday",BL34,12,BL34,BL,1," 2/27/13"
"Wonder, Stevie","You Are The Sunshine Of My Life",MMRB05,18,MMRB05,MM,1," 2/27/13"
"Wonder, Stevie","You Make Me Feel Like Dancing",CBEP474-3,1,CBEP474-3,CB,1," 2/27/13"
"Wonder, Stevie & India.Arie","Christmas Song, The",SC8899,2,SC8899,SC,1," 2/27/13"
"Wonder, Wayne","No Letting Go",THP0306,18,THP0306,TH,1," 2/27/13"
"Wonder, Wayne","Perfect Proposal",SC8858,6,SC8858,SC,1," 2/27/13"
"Wonderful Tonight","Clapton, Eric",BS5517,14,BS5517,BS,1," 2/27/13"
Wonders,"That Thing You Do",SC8337,2,SC8337,SC,1," 2/27/13"
"Wood, Brenton","Gimme Little Sign",SC8513,10,SC8513,SC,1," 2/27/13"
"Wood, Jeff","Use Mine",MM6196,4,MM6196,MM,1," 2/27/13"
"Wood, Jeff","You Just Get One",CB60007,7,CB60007,CB,1," 2/27/13"
"Woodward, Lucy","Dumb Girls",CB30037,14,CB30037,CB,1," 2/27/13"
"Wooley, Sheb","Purple People Eater",MMOLD02,15,MMOLD02,MM,1," 2/27/13"
"Wooley, Sheb","Purple People Eater, The",CBEP454-2,12,CBEP454-2,CB,1," 2/27/13"
"Word, The","Beatles, The",DG11,2,DG11,DG,1," 2/27/13"
"Words Are Not Enough",Steps,SF185,9,SF185,SF,1," 2/27/13"
"Words Get In The Way","Estefan, Gloria",BS8417,14,BS8417,BS,1," 2/27/13"
"Words Of Love","Holly, Buddy",BS5617,7,BS5617,BS,1," 2/27/13"
"Work In Progress","Jackson, Alan",TU127,18,TU127,TU,1," 2/27/13"
"Work It","Elliot, Missy",TU173,17,TU173,TU,1," 2/27/13"
"Work It Out","Beyonce Knowles",TU137,20,TU137,TU,1," 2/27/13"
"Work It Out","Knowles, Beyonce",THH0211,18,THH0211,TH,1," 2/27/13"
"Workin' For The Weekend",Loverboy,DG03,3,DG03,DG,1," 2/27/13"
"Working Class Hero","Lennon, John",RSZ607,14,RSZ607,RS,1," 2/27/13"
"World Without Love, A","Peter & Gordon",KC007,4,KC007,KC,1," 2/27/13"
"World's Greatest, The","Kelly, R.",THP0203,12,THP0203,TH,1," 2/27/13"
"Worley, Darryl","Awful Beautiful Life",MM6418,10,MM6418,MM,1," 2/27/13"
"Worley, Darryl","Awful, Beautiful Life",PHN0411,9,PHN0411,PH,1," 2/27/13"
"Worley, Darryl","Family Tree",CB60243,10,CB60243,CB,1," 2/27/13"
"Worley, Darryl","Good Day To Run, A",SD078,14,SD078,SD,1," 2/27/13"
"Worley, Darryl","Good Day To Run, A.",SC8652,14,SC8652,SC,1," 2/27/13"
"Worley, Darryl","Have You Forgotten",THC0306,11,THC0306,TH,1," 2/27/13"
"Worley, Darryl","Have You Forgotton",PHN0306,4,PHN0306,PH,1," 2/27/13"
"Worley, Darryl","I Miss My Friend",CB20344,9,CB20344,CB,1," 2/27/13"
"Worley, Darryl","I Need A Breather",SC8833,11,SC8833,SC,1," 2/27/13"
"Worley, Darryl","I Will Hold My Ground",SC3392,15,SC3392,SC,1," 2/27/13"
"Worley, Darryl","Second Wind",MM6339,9,MM6339,MM,1," 2/27/13"
"Worley, Darryl",Sideways,SC8745,12,SC8745,SC,1," 2/27/13"
"Worley, Darryl","Tennessee River Run",SC8837,13,SC8837,SC,1," 2/27/13"
"Worley, Darryl","When You Need My Love",MM6304,15,MM6304,MM,1," 2/27/13"
"Worley, Darryl wvocal","Awful, Beautiful Life",PHN0411,18,PHN0411,PH,1," 2/27/13"
"Worley, Darryl wvocal","Family Tree",SC3340,12,SC3340,SC,1," 2/27/13"
"Worley, Darryl wvocal","I Need A Breather",SC3372,13,SC3372,SC,1," 2/27/13"
"Worleyl, Darryl","Family Tree",SC8794,13,SC8794,SC,1," 2/27/13"
Would,"Alice In Chains",TU129,17,TU129,TU,1," 2/27/13"
"Would You Lay With Me","Tucker, Tanya",THMP035,7,THMP035,TH,1," 2/27/13"
"Wouldn't It Be Nice","Beach Boys, The",BS8517,13,BS8517,BS,1," 2/27/13"
"Wreckoning, The",Boomkat,SC3356,8,SC3356,SC,1," 2/27/13"
"Wreckoning, The","Boomkat wvocal",SC3356,16,SC3356,SC,1," 2/27/13"
"Wreckx 'n Effect","Rump Shaker",SC7586,10,SC7586,SC,1," 2/27/13"
"Wright, Betty","Clean Up Woman",SC8323,13,SC8323,SC,1," 2/27/13"
"Wright, Chely","Back Of The Bottom Drawer",MM6411,12,MM6411,MM,1," 2/27/13"
"Wright, Chely","He's A Good Ol' Boy",SC8219,13,SC8219,SC,1," 2/27/13"
"Wright, Chely",Horoscope,SC8764,5,SC8764,SC,1," 2/27/13"
"Wright, Chely","I Already Do",CHM9806,20,CHM9806,CH,1," 2/27/13"
"Wright, Chely","It Was",CHM0001,19,CHM0001,CH,1," 2/27/13"
"Wright, Chely",Jezebel,MM6354,15,MM6354,MM,1," 2/27/13"
"Wright, Chely","Just Another Heartache",CHM9804,20,CHM9804,CH,1," 2/27/13"
"Wright, Chely","Listenin' To The Radio",SC8224,9,SC8224,SC,1," 2/27/13"
"Wright, Chely","Love He Left Behind, The",SC8294,9,SC8294,SC,1," 2/27/13"
"Wright, Chely","Love That We Lost, The",SC8247,6,SC8247,SC,1," 2/27/13"
"Wright, Chely","Never Love You Enough",CB60223,9,CB60223,CB,1," 2/27/13"
"Wright, Chely","Right In The Middle Of It",SC8250,15,SC8250,SC,1," 2/27/13"
"Wright, Chely","Sea Of Cowboy Hats",CB60141,14,CB60141,CB,1," 2/27/13"
"Wright, Chely","She Went Out For Cigarettes",SC8653,15,SC8653,SC,1," 2/27/13"
"Wright, Chely","Shut Up & Drive",SC8388,10,SC8388,SC,1," 2/27/13"
"Wright, Chely","Shut Up And Drive",MM6213,15,MM6213,MM,1," 2/27/13"
"Wright, Chely","Single White Female",MMCP2K08,13,MMCP2K08,MM,1," 2/27/13"
"Wright, Chely","Til I Was Loved By You",SC8149,14,SC8149,SC,1," 2/27/13"
"Wright, Cheryl","It Was",SC8570,4,SC8570,SC,1," 2/27/13"
"Wright, Cheryl","Shut Up And Drive",CHM9709,16,CHM9709,CH,1," 2/27/13"
"Wright, Clay","Shut Up And Drive",MMCOU203,4,MMCOU203,MM,1," 2/27/13"
"Wright, Gary","Don't Try To Own Me",SC8302,2,SC8302,SC,1," 2/27/13"
"Wright, Gary","Dream Weaver",SC8178,13,SC8178,SC,1," 2/27/13"
"Wright, Gary","Love Is Alive",SC8227,11,SC8227,SC,1," 2/27/13"
"Wright, Michelle","Answer Is Yes, The",SC8341,7,SC8341,SC,1," 2/27/13"
"Wright, Michelle","Change, The",CB60119,6,CB60119,CB,1," 2/27/13"
"Wright, Michelle","He Would Be Sixteen",CB60107,15,CB60107,CB,1," 2/27/13"
"Wright, Michelle","New Kind Of Love",CB60096,10,CB60096,CB,1," 2/27/13"
"Wright, Michelle","Nobody's Girl",SC8303,3,SC8303,SC,1," 2/27/13"
"Wright, Michelle","One Good Man",MM6064,12,MM6064,MM,1," 2/27/13"
"Wright, Michelle","One Time Around",CB60104,15,CB60104,CB,1," 2/27/13"
"Wright, Michelle","Take It Like A Man",SC8112,12,SC8112,SC,1," 2/27/13"
"Wright, Michelle & Jim Brickman","Your Love",CB60196,5,CB60196,CB,1," 2/27/13"
"Wrong Again","McBride, Martina",SC3100,5,SC3100,SC,1," 2/27/13"
"Wrong Impression","Imbruglia, Natalie",THP0204,14,THP0204,TH,1," 2/27/13"
"Wrong Night","McEntire, Reba",THMP014,3,THMP014,TH,1," 2/27/13"
www.Memory,"Jackson, Alan",TUFP08,18,TUFP08,TU,1," 2/27/13"
WWW.Memory,"Jackson, Alan",TU101,22,TU101,TU,1," 2/27/13"
"Wyatt, Keke & Avant","Nothing In This World",CB30019,12,CB30019,CB,1," 2/27/13"
"Wycle,f Jean & Missy Elliot","Party To Damascus",SF212,13,SF212,SF,1," 2/27/13"
"Wyclef Jean",Pussycat,SF199,9,SF199,SF,1," 2/27/13"
"Wyclef, Jean",Bubblegoose,SGB12,10,SGB12,SG,1," 2/27/13"
"Wyclef, Jean & Blige, Mary J.",911,SC8654,4,SC8654,SC,1," 2/27/13"
"Wyclef, Jean & Mary J. Blige",911,SC2374,4,SC2374,SC,1," 2/27/13"
"Wyclif, Jean","Gone Til November",SF121,15,SF121,SF,1," 2/27/13"
"Wynette & Houston","My Elusive Dreams",MM6122,13,MM6122,MM,1," 2/27/13"
"Wynette & Parton","Silver Threads & Golden Needles",MM6041,11,MM6041,MM,1," 2/27/13"
"Wynette, Holly","My Future Ex Boyfriend",CB60233,3,CB60233,CB,1," 2/27/13"
"Wynette, Tammy","Another Lonely Song",SC1999NSC02,14,SC1999NSC02,SC,1," 2/27/13"
"Wynette, Tammy","Apartment #9",CB90072,5,CB90072,CB,1," 2/27/13"
"Wynette, Tammy",D-I-V-O-R-C-E,BL33,6,BL33,BL,1," 2/27/13"
"Wynette, Tammy",D.I.V.O.R.C.E,SF102,15,SF102,SF,1," 2/27/13"
"Wynette, Tammy",D.i.v.o.r.c.e.,SC7507,5,SC7507,SC,1," 2/27/13"
"Wynette, Tammy",D.I.V.O.R.C.E.,DKM2027,11,DKM2027,DK,1," 2/27/13"
"Wynette, Tammy",D.i.v.o.r.c.e.,CBE02,12,CBE02,CB,1," 2/27/13"
"Wynette, Tammy",D.I.V.O.R.C.E.,DK003,17,DK003,DK,1," 2/27/13"
"Wynette, Tammy","Girl Thang",CB60112,15,CB60112,CB,1," 2/27/13"
"Wynette, Tammy","Good Lovin'",SC8412,2,SC8412,SC,1," 2/27/13"
"Wynette, Tammy","He Loves Me All The Way",MM6094,2,MM6094,MM,1," 2/27/13"
"Wynette, Tammy","I Don't Wanna Play House",SC7589,14,SC7589,SC,1," 2/27/13"
"Wynette, Tammy","I'll See Him Through",CB90072,7,CB90072,CB,1," 2/27/13"
"Wynette, Tammy","Kids Say The Darndest Things",SC8561,15,SC8561,SC,1," 2/27/13"
"Wynette, Tammy","One Of A Kind",CB60136,9,CB60136,CB,1," 2/27/13"
"Wynette, Tammy","Run, Woman, Run",SC8604,11,SC8604,SC,1," 2/27/13"
"Wynette, Tammy","Singing My Song",CB90072,14,CB90072,CB,1," 2/27/13"
"Wynette, Tammy","Stand By Your Man",MMGCP9804,12,MMGCP9804,MM,1," 2/27/13"
"Wynette, Tammy","Till I Can Make It On My Own",CBE3-02,10,CBE3-02,CB,1," 2/27/13"
"Wynette, Tammy","Till I Get It Right",CB90072,12,CB90072,CB,1," 2/27/13"
"Wynette, Tammy","Ways To Love A Man, The",CB90072,15,CB90072,CB,1," 2/27/13"
"Wynette, Tammy",Womanhood,CB90072,13,CB90072,CB,1," 2/27/13"
"Wynette, Tammy","You And Me",CB80110,11,CB80110,CB,1," 2/27/13"
"Wynette, Tammy","Your Good Girl's Gonna Go Bad",CBEP451-6,7,CBEP451-6,CB,1," 2/27/13"
"Wynette, Tammy & George Jones","Near You",MM6314,14,MM6314,MM,1," 2/27/13"
"Wynette, Tammy & George Jones","Two Story House",MM6314,9,MM6314,MM,1," 2/27/13"
"Wynette, Tammy & Wynonna Judd","Girl Thang",SC8213,11,SC8213,SC,1," 2/27/13"
"Wynette, Tammy wvocal","Stand By Your Man",SC2432,14,SC2432,SC,1," 2/27/13"
"Wynnette, Holly","My Future Ex-Boyfriend",SC8753,14,SC8753,SC,1," 2/27/13"
Wynonna,"Can't Love Nobody Love You Like I Do",CB60193,4,CB60193,CB,1," 2/27/13"
Wynonna,"Can't Nobody Love You Like I Do",CHM0004,18,CHM0004,CH,1," 2/27/13"
Wynonna,"Come Some Rainy Day",CB20102,9,CB20102,CB,1," 2/27/13"
Wynonna,Freedom,CB20102,10,CB20102,CB,1," 2/27/13"
Wynonna,"Girls With Guitars",SC8129,13,SC8129,SC,1," 2/27/13"
Wynonna,"Going Nowhere",SD075,11,SD075,SD,1," 2/27/13"
Wynonna,"Heaven Help Me",THC0312,19,THC0312,TH,1," 2/27/13"
Wynonna,"Heaven Help My Heart",CBEP460-1,15,CBEP460-1,CB,1," 2/27/13"
Wynonna,"I Saw The Light",CBE09,15,CBE09,CB,1," 2/27/13"
Wynonna,"Let's Make A Baby King",CBEP462-6,15,CBEP462-6,CB,1," 2/27/13"
Wynonna,"My Angel Is Here",CBEP463-4,15,CBEP463-4,CB,1," 2/27/13"
Wynonna,"My Strongest Weakness",SC7524,9,SC7524,SC,1," 2/27/13"
Wynonna,"No One Else On Earth",SC8165,14,SC8165,SC,1," 2/27/13"
Wynonna,"Only Love",SC8167,11,SC8167,SC,1," 2/27/13"
Wynonna,"She Is His Only Need",SC8175,10,SC8175,SC,1," 2/27/13"
Wynonna,"Somebody To Love You",SC8351,7,SC8351,SC,1," 2/27/13"
Wynonna,"Tell Me Why",SC8177,12,SC8177,SC,1," 2/27/13"
Wynonna,"To Be Loved By You",CBEP460-4,14,CBEP460-4,CB,1," 2/27/13"
Wynonna,"What The World Needs",CBE4-27,13,CBE4-27,CB,1," 2/27/13"
Wynonna,"What The World Needs Now",SC3370,2,SC3370,SC,1," 2/27/13"
Wynonna,"When Love Starts Talking",CBEP460-6,10,CBEP460-6,CB,1," 2/27/13"
Wynonna,"Without Your Love I'm Going Nowhere",CB60203,12,CB60203,CB,1," 2/27/13"
Wynonna,"Woman To Woman",CB20102,8,CB20102,CB,1," 2/27/13"
"Wynonna & Naomi Judd","Flies On The Butter",PHN0405,3,PHN0405,PH,1," 2/27/13"
"Wynonna & Naomi Judd","Flies On The Butter (You Can't Go Home A",SC3387,1,SC3387,SC,1," 2/27/13"
"Wynonna & Naomi Judd wvocal","Flies On The Butter (You Can't Go Home A",SC3387,9,SC3387,SC,1," 2/27/13"
"Wynonna wvocal","Heaven Help Me",SC3386,14,SC3386,SC,1," 2/27/13"
"Wynonna wvocal","What The World Needs",PHN0308,13,PHN0308,PH,1," 2/27/13"
"Wynonna wvocal","What The World Needs Now",SC3370,10,SC3370,SC,1," 2/27/13"
