L'trimm,"Cars With The Boom",SC8656,9,SC8656,SC,1," 2/27/13"
"L. A. Guns","Ballad Of Jayne, The",SC8373,9,SC8373,SC,1," 2/27/13"
L.f.o.,"Summer Girls",NSC2000-01,6,NSC2000-01,NS,1," 2/27/13"
"L.l. Cool J","Mama Said Knock You Out",SC8656,8,SC8656,SC,1," 2/27/13"
"L.L. Cool J wvocal",Headsprung,PHU0409,16,PHU0409,PH,1," 2/27/13"
"L.L. Cool J.","Going Back To Cali",SC8875,1,SC8875,SC,1," 2/27/13"
"L.L. Cool J.",Headsprung,PHU0409,7,PHU0409,PH,1," 2/27/13"
"L.L. Cool J.","I'm Bad",SC8875,4,SC8875,SC,1," 2/27/13"
L.t.d.,"Every Time I Turn Around",SC7574,8,SC7574,SC,1," 2/27/13"
L.t.d.,"Love Ballad",SC8824,12,SC8824,SC,1," 2/27/13"
"La Bouche","Be My Lover",SC8233,13,SC8233,SC,1," 2/27/13"
"La Bouche","Fallin' In Love",PHM9611,8,PHM9611,PH,1," 2/27/13"
"La Bouche","Sweet Dreams",PHM9605,8,PHM9605,PH,1," 2/27/13"
"La Cage Aux Folles","Best Of Times, The",MMBH1-1,16,MMBH1-1,MM,1," 2/27/13"
"La Cage Aux Folles","I Am What I Am",MMBH1-3,8,MMBH1-3,MM,1," 2/27/13"
"La Mentira",Intocable,SC7106,5,SC7106,SC,1," 2/27/13"
"La Retirada",Mariachi,SC7108,12,SC7108,SC,1," 2/27/13"
"La Roux","In For The Kill",PHMP1101,8,PHMP1101,PH,1," 2/27/13"
"La Roux","In For The Kill (MPX)",PHMP1101,17,PHMP1101,PH,1," 2/27/13"
"La Rouxe","Bullet Proof",PHMP1003,5,PHMP1003,PH,1," 2/27/13"
Labelle,Superlover,PHMU0903,6,PHMU0903,PH,1," 2/27/13"
"Labelle, Patti","I Don't Do Duets",SC8244,6,SC8244,SC,1," 2/27/13"
"Labelle, Patti","If Only You Knew",SC8405,14,SC8405,SC,1," 2/27/13"
"Labelle, Patti","Lady Marmalade",MMRB04,1,MMRB04,MM,1," 2/27/13"
"LaBelle, Patti","Lady Marmalade",CBEP468-6,6,CBEP468-6,CB,1," 2/27/13"
"Labelle, Patti","Lady Marmalade",SC7549,11,SC7549,SC,1," 2/27/13"
"Labelle, Patti","Love, Need And Want You",SC8606,9,SC8606,SC,1," 2/27/13"
"Labelle, Patti","My Love, Sweet Love",SC8286,2,SC8286,SC,1," 2/27/13"
"Labelle, Patti","New Attitude",DK028,15,DK028,DK,1," 2/27/13"
"LaBelle, Patti","New Day",PHU0407,1,PHU0407,PH,1," 2/27/13"
"Labelle, Patti","When You Talk About Love",SC8423,15,SC8423,SC,1," 2/27/13"
"Labelle, Patti","When You've Been Blessed",SC8318,15,SC8318,SC,1," 2/27/13"
"LaBelle, Patti & Michael McDonald","On My Own",SF110,11,SF110,SF,1," 2/27/13"
"Labelle, Patti & Ronald Isley","Gotta Go Solo",PHU0503,8,PHU0503,PH,1," 2/27/13"
Lace,"I Want A Man",SC8560,13,SC8560,SC,1," 2/27/13"
Lace,"Kiss 'em All",CB60201,10,CB60201,CB,1," 2/27/13"
Lace,"You Could've Had Me",CB60199,5,CB60199,CB,1," 2/27/13"
"Lady Antebellum","Friday Night",PHMC1203,4,PHMC1203,PH,1," 2/27/13"
"Lady Antebellum","I Was Here",PHMC0909,7,PHMC0909,PH,1," 2/27/13"
"Lady Antebellum","Lookin For A Good Time",PHMC0809,4,PHMC0809,PH,1," 2/27/13"
"Lady Antebellum","Love Don't Live Here",PHMC0803,9,PHMC0803,PH,1," 2/27/13"
"Lady Eleanor",Lindisfarne,SF071,9,SF071,SF,1," 2/27/13"
"Lady Is A Tramp, The","Sinatra, Frank",KJT05,20,KJT05,KJ,1," 2/27/13"
"Lady Picture Show","Stone Temple Pilots",PHM9702,5,PHM9702,PH,1," 2/27/13"
Lagrimas,"La Tropa F",SC7106,4,SC7106,SC,1," 2/27/13"
"Lagrimas De Alegria",Fares,SC7105,1,SC7105,SC,1," 2/27/13"
"Laine, Frankie","A Woman In Love",SF062,4,SF062,SF,1," 2/27/13"
"Lamar, Holly","So This Is Life",CB60236,9,CB60236,CB,1," 2/27/13"
"Lamar, Holly","These Are The Days",SC8784,11,SC8784,SC,1," 2/27/13"
"Lamar, Holly",Unkissed,CB60247,3,CB60247,CB,1," 2/27/13"
"Lambert, Miranda","Me And Charlie Talking",SC8907,14,SC8907,SC,1," 2/27/13"
"Lamond, George","Que Te Vas",SC2211,4,SC2211,SC,1," 2/27/13"
"Lamontagne, Ray",Trouble,PHR0502,1,PHR0502,PH,1," 2/27/13"
"Lampa, Rachael",Blessed,CBE4-29,4,CBE4-29,CB,1," 2/27/13"
"Lampa, Rachael","Live For You",SC8661,5,SC8661,SC,1," 2/27/13"
"Lampa, Rachael","No Greater Love",SC8828,15,SC8828,SC,1," 2/27/13"
"Land Of Confusion","Collins, Phil",BS8617,14,BS8617,BS,1," 2/27/13"
Landslide,"Fleetwood Mac",TU060,4,TU060,TU,1," 2/27/13"
"Landslide (Album Version)","Dixie Chicks",TU185,7,TU185,TU,1," 2/27/13"
"Lane, Cristy","One Day At A Time",DK077,15,DK077,DK,1," 2/27/13"
"Lane, Cristy","Simple Little Words",SC7568,10,SC7568,SC,1," 2/27/13"
"Lane, Frankie","Answer Me",SF062,5,SF062,SF,1," 2/27/13"
"Lane, Frankie","Making Memories",AH8012,4,AH8012,AH,1," 2/27/13"
"Lane, Frankie","Rain Rain Rain",SF063,3,SF063,SF,1," 2/27/13"
"Lane, Frankie",Rawhide,SAVP08,15,SAVP08,SA,1," 2/27/13"
"Lang Kd","Constant Craving",SF054,9,SF054,SF,1," 2/27/13"
"Lang, Johnny","Lie To Me",SC8562,12,SC8562,SC,1," 2/27/13"
"Lang, Johnny","Still Rainin'",SC8515,11,SC8515,SC,1," 2/27/13"
"Lang, K.d.","Big Big Love",CB60152,12,CB60152,CB,1," 2/27/13"
"Lang, K.d.","Constant Craving",CB60152,10,CB60152,CB,1," 2/27/13"
"Lang, K.d.","Down To My Last Cigarette",CBE4-22,6,CBE4-22,CB,1," 2/27/13"
"Lang, K.D.",Helpless,PHR0411,9,PHR0411,PH,1," 2/27/13"
"Lang, K.d.","I'm Down To My Last Cigarette",DK091,2,DK091,DK,1," 2/27/13"
"Lang, K.d.","If I Were You",SC8220,6,SC8220,SC,1," 2/27/13"
"Lang, K.d.","Joker, The",SC8389,11,SC8389,SC,1," 2/27/13"
"Lang, K.d.","Lock Stock And Teardrops",CB60103,15,CB60103,CB,1," 2/27/13"
"Lang, K.d.","Miss Chatelaine",SC8270,3,SC8270,SC,1," 2/27/13"
"Lang, K.d.",Sexuality,SC8257,4,SC8257,SC,1," 2/27/13"
"Lang, K.d.",Summerfling,MM6313,11,MM6313,MM,1," 2/27/13"
"Lang, K.d.","Three Days",CB60111,15,CB60111,CB,1," 2/27/13"
"Lang, K.d.","Trail Of Broken Hearts",CB60152,11,CB60152,CB,1," 2/27/13"
"Lang, K.D. wvocal",Helpless,PHR0411,18,PHR0411,PH,1," 2/27/13"
"Lanza, Mario","Be My Love",SAVP30,16,SAVP30,SA,1," 2/27/13"
Lareau,"Don't Let Me Go",PHMP1004,7,PHMP1004,PH,1," 2/27/13"
Laredo,"Cagle, Chris",TUFP26,1,TUFP26,TU,1," 2/27/13"
"Larry Sparks","Smoky Mountain Memories",CBEP476-1,4,CBEP476-1,CB,1," 2/27/13"
"Larsen, Blaine","How Do You Get That Lonely",PHN0503,6,PHN0503,PH,1," 2/27/13"
"Larson, Brie","She Said",PHM0503,9,PHM0503,PH,1," 2/27/13"
"Larson, Nicolette","Lotta Love",SC7547,4,SC7547,SC,1," 2/27/13"
"Las Ketchup","Ketchup Song, The",SC8793,15,SC8793,SC,1," 2/27/13"
"Las Ketchup","Ketchup Song, The (Spanish)",MM6376,16,MM6376,MM,1," 2/27/13"
"Las Ketchup wvocal","Ketchup Song, The",PHM0301,17,PHM0301,PH,1," 2/27/13"
Lasgo,Pray,SF200,4,SF200,SF,1," 2/27/13"
Lasgo,Something,THP0303,17,THP0303,TH,1," 2/27/13"
"Last Beautiful Girl","Matchbox 20",PHR0112,9,PHR0112,PH,1," 2/27/13"
"Last Beautiful Girl","Matchbox Twenty",THP0112,18,THP0112,TH,1," 2/27/13"
"Last Dj, The","Petty, Tom & The Heartbreakers",PHR0212,3,PHR0212,PH,1," 2/27/13"
"Last Kiss","Pearl Jam",RSZ601,15,RSZ601,RS,1," 2/27/13"
"Last Night I Didn't Get To Sleep At All","5th Dimension, The",DG05,11,DG05,DG,1," 2/27/13"
"Last Night Of The World, The","Miss Saigon",KC008,10,KC008,KC,1," 2/27/13"
"Last Night Was Made For Love","Billy Fury",SF066,6,SF066,SF,1," 2/27/13"
"Last Nite","Strokes, The",PHR0203,2,PHR0203,PH,1," 2/27/13"
"Last One To Know","McEntire, Reba",THMP014,16,THMP014,TH,1," 2/27/13"
"Last Thing I Need First Thing This Morni","Nelson, Willie",TU208,10,TU208,TU,1," 2/27/13"
"Last Time",Fuel,TU089,9,TU089,TU,1," 2/27/13"
"Last Time, The",Fuel,THR0203,16,THR0203,TH,1," 2/27/13"
"Last Train To San Fernando","Johnny Duncan & Bluegrass",SF063,8,SF063,SF,1," 2/27/13"
"Last Waltz, The","Humperdinck, Engelbert",JV0032,5,JV0032,JV,1," 2/27/13"
Lately,Jodeci,NT005,3,NT005,NT,1," 2/27/13"
Lately,"Samantha Mumba",SF185,4,SF185,SF,1," 2/27/13"
Lateralus,Tool,TU089,10,TU089,TU,1," 2/27/13"
"Lathan Moore","Nothin' Like A Woman",PHMC1207,8,PHMC1207,PH,1," 2/27/13"
"Latimer, Kenny","For You",MMRB2-2,10,MMRB2-2,MM,1," 2/27/13"
"Lattimore, Kenny","For You",MM6203,12,MM6203,MM,1," 2/27/13"
"Lattimore, Kenny","If I Lose My Woman",SC8519,15,SC8519,SC,1," 2/27/13"
"Lattimore, Kenny","Never Too Busy",SC8290,6,SC8290,SC,1," 2/27/13"
"Lattimore, Lennyÿ& Chante Moore","You Don't Have To Cry",CB30038,4,CB30038,CB,1," 2/27/13"
"Lattisaw, Stacy","Love On A Two Way Street",SC8754,15,SC8754,SC,1," 2/27/13"
"Laugh Laugh","Beau Brummels, The",LC0007,15,LC0007,LC,1," 2/27/13"
"Lauper, Cyndi","All Through The Night",SC8297,15,SC8297,SC,1," 2/27/13"
"Lauper, Cyndi","Girls Just Wanna Have Fun",BL02,11,BL02,BL,1," 2/27/13"
"Lauper, Cyndi","I Drove All Night",SC8552,13,SC8552,SC,1," 2/27/13"
"Lauper, Cyndi","Money Changes Everything",SC8634,9,SC8634,SC,1," 2/27/13"
"Lauper, Cyndi","Time After Time",SAVP14,13,SAVP14,SA,1," 2/27/13"
"Lauper, Cyndi","True Colors",SAVP14,14,SAVP14,SA,1," 2/27/13"
"Lauper, Cyndi","Who Let In The Rain",SC8302,9,SC8302,SC,1," 2/27/13"
"Laura Bell Bundy","Drop On By",PHMC1010,6,PHMC1010,PH,1," 2/27/13"
"Laura Bell Bundy","Giddy On Up",PHMC1005,2,PHMC1005,PH,1," 2/27/13"
"Laura Izibor","Don't Stay",PHMU1001,9,PHMU1001,PH,1," 2/27/13"
"Laura Izibor","From My Heart To Yours",PHMU0902,5,PHMU0902,PH,1," 2/27/13"
"Laura Izibor","If Tonight Is My Last",PHMU1005,8,PHMU1005,PH,1," 2/27/13"
"Laura Izibor",Shine,PHMU0909,9,PHMU0909,PH,1," 2/27/13"
"Laura Warshauer","Wishing Well",PHMP1111,6,PHMP1111,PH,1," 2/27/13"
Laurel,"Trail Of The Lonesome Pine, The",SF042,14,SF042,SF,1," 2/27/13"
"Lavigne, Avril",Complicated,MM6366,12,MM6366,MM,1," 2/27/13"
"Lavigne, Avril","Don't Tell Me",SC3407,8,SC3407,SC,1," 2/27/13"
"Lavigne, Avril","Falling Down",SC8793,5,SC8793,SC,1," 2/27/13"
"Lavigne, Avril","I Always Get What I Want",SC8888,8,SC8888,SC,1," 2/27/13"
"Lavigne, Avril","I Don't Give",SC8845,13,SC8845,SC,1," 2/27/13"
"Lavigne, Avril","I'm With You",THP0302,13,THP0302,TH,1," 2/27/13"
"Lavigne, Avril","Knockin' On Heaven's Door",SF205,16,SF205,SF,1," 2/27/13"
"Lavigne, Avril","Losing Grip",THP0306,14,THP0306,TH,1," 2/27/13"
"Lavigne, Avril","Losing My Grip",MM6387,1,MM6387,MM,1," 2/27/13"
"Lavigne, Avril","My Happy Ending",SC8905,14,SC8905,SC,1," 2/27/13"
"Lavigne, Avril","Nobody's Home",PHM0501,4,PHM0501,PH,1," 2/27/13"
"Lavigne, Avril","Sk8Er Boi",CB30028,1,CB30028,CB,1," 2/27/13"
"Lavigne, Avril","Sk8er Boi",PHM0211,2,PHM0211,PH,1," 2/27/13"
"Lavigne, Avril","Sk8Er Boi",MM6372,3,MM6372,MM,1," 2/27/13"
"Lavigne, Avril","Sk8er Boi",SC3329,3,SC3329,SC,1," 2/27/13"
"Lavigne, Avril","Sk8Er Boi",CBE3-30,12,CBE3-30,CB,1," 2/27/13"
"Lavigne, Avril & Chantal Kreviazuk","Holy Night",SC8899,3,SC8899,SC,1," 2/27/13"
"Lavigne, Avril wvocal","My Happy Ending",PHM0409,13,PHM0409,PH,1," 2/27/13"
"Lawrence, S. & E. Gorme","Besame Mucho",MM6009,4,MM6009,MM,1," 2/27/13"
"Lawrence, Steve",Footsteps,SAVP40,6,SAVP40,SA,1," 2/27/13"
"Lawrence, Steve","Portrait Of My Love",MMSTA2-3,16,MMSTA2-3,MM,1," 2/27/13"
"Lawrence, Steve","Portrait Of My Love, A",MMSTA02,13,MMSTA02,MM,1," 2/27/13"
"Lawrence, Steve","Pretty Blue Eyes",SC8521,7,SC8521,SC,1," 2/27/13"
"Lawrence, Steve & Edie Gorme","Green Eyes",MM6367,12,MM6367,MM,1," 2/27/13"
"Lawrence, Steve & Edie Gorme","Together Wherever We Go",MM6367,1,MM6367,MM,1," 2/27/13"
"Lawrence, Tracy",Alibis,CBEP453-4,13,CBEP453-4,CB,1," 2/27/13"
"Lawrence, Tracy","As Any Fool Can See",SC8229,10,SC8229,SC,1," 2/27/13"
"Lawrence, Tracy","Better Man Better Off",CHM9704,17,CHM9704,CH,1," 2/27/13"
"Lawrence, Tracy","Can't Break It To My Heart",MM6029,10,MM6029,MM,1," 2/27/13"
"Lawrence, Tracy","Coast Is Clear, The",CHM9712,20,CHM9712,CH,1," 2/27/13"
"Lawrence, Tracy","How A Cowgirl Says Goodbye",CHM9707,18,CHM9707,CH,1," 2/27/13"
"Lawrence, Tracy","I Hope Heaven Has A Honky Tonk",CB60146,8,CB60146,CB,1," 2/27/13"
"Lawrence, Tracy","I See It Now",SC8141,12,SC8141,SC,1," 2/27/13"
"Lawrence, Tracy","I'll Never Pass This Way Again",SC8496,8,SC8496,SC,1," 2/27/13"
"Lawrence, Tracy","If The Good Die Young",SC8355,6,SC8355,SC,1," 2/27/13"
"Lawrence, Tracy","If The World Had A Front Porch",CB90039,11,CB90039,CB,1," 2/27/13"
"Lawrence, Tracy","If You Loved Me",CB60005,12,CB60005,CB,1," 2/27/13"
"Lawrence, Tracy","Is That A Tear",CB60006,8,CB60006,CB,1," 2/27/13"
"Lawrence, Tracy","Is That A Tear (T)",CHM9612,18,CHM9612,CH,1," 2/27/13"
"Lawrence, Tracy","It's All How You Look At It",PHN0410,6,PHN0410,PH,1," 2/27/13"
"Lawrence, Tracy","Its All How You Look At It",MM6418,12,MM6418,MM,1," 2/27/13"
"Lawrence, Tracy","Lessons Learned",SD069,10,SD069,SD,1," 2/27/13"
"Lawrence, Tracy","Life Don't Have To Be So Hard",SD089,8,SD089,SD,1," 2/27/13"
"Lawrence, Tracy",Lonely,SD074,13,SD074,SD,1," 2/27/13"
"Lawrence, Tracy","My Second Home",CB60118,10,CB60118,CB,1," 2/27/13"
"Lawrence, Tracy","One Step Ahead Of The Storm",SD047,8,SD047,SD,1," 2/27/13"
"Lawrence, Tracy","Paint Me A Birmingham",MM6407,15,MM6407,MM,1," 2/27/13"
"Lawrence, Tracy","Renegades, Rebels & Rogues",SC8129,7,SC8129,SC,1," 2/27/13"
"Lawrence, Tracy","Renegades, Rebels And Rogues",MM6062,11,MM6062,MM,1," 2/27/13"
"Lawrence, Tracy","Runnin' Behind",SC8175,5,SC8175,SC,1," 2/27/13"
"Lawrence, Tracy","Somebody Paints The Wall",SC8177,9,SC8177,SC,1," 2/27/13"
"Lawrence, Tracy","Stars Over Texas",SGB036,18,SGB036,SG,1," 2/27/13"
"Lawrence, Tracy","Sticks & Stones",SC8161,6,SC8161,SC,1," 2/27/13"
"Lawrence, Tracy","Sticks And Stones",CBEP453-3,1,CBEP453-3,CB,1," 2/27/13"
"Lawrence, Tracy","Texas Tornado",CB90039,10,CB90039,CB,1," 2/27/13"
"Lawrence, Tracy","Time Marches On",CB90039,12,CB90039,CB,1," 2/27/13"
"Lawrence, Tracy","Today's Lonely Fool",SC8180,9,SC8180,SC,1," 2/27/13"
"Lawrence, Tracy",Unforgiven,CB60215,11,CB60215,CB,1," 2/27/13"
"Lawrence, Tracy","We Don't Love Here Anymore",CB60146,5,CB60146,CB,1," 2/27/13"
"Lawrence, Tracy","What A Memory",SC8748,7,SC8748,SC,1," 2/27/13"
"Lawrence, Tracy","While You Sleep",SD054,11,SD054,SD,1," 2/27/13"
"Lawrence, Vicki","Night The Lights Went Out In Georgia, Th",SC8204,8,SC8204,SC,1," 2/27/13"
"Laws, Debra","Very Special",SC8405,13,SC8405,SC,1," 2/27/13"
"Lawson, Doyle & Quicksilver","How Long Have I Been Waiting For You",CBEP476-5,9,CBEP476-5,CB,1," 2/27/13"
"Lawson, Doyle & Quicksilver","Take Me In Your Lifeboat",CBEP476-1,14,CBEP476-1,CB,1," 2/27/13"
"Lawson, Shannon","Dream Your Way To Me",CB2368,10,CB2368,CB,1," 2/27/13"
"Lawson, Shannon","Everybody Wants (Something They Can't Ha",PHN0406,5,PHN0406,PH,1," 2/27/13"
"Lawson, Shannon","Goodbye On A Bad Day",CBE4-26,11,CBE4-26,CB,1," 2/27/13"
"Lawson, Shannson","Goodbye On A Bad Day",MM6365,2,MM6365,MM,1," 2/27/13"
"Lay Down Sally","Clapton, Eric",BS5517,4,BS5517,BS,1," 2/27/13"
"Lay It On The Line",Triumph,AH8004,14,AH8004,AH,1," 2/27/13"
Layla,"Derek & The Dominos",AH2000,7,AH2000,AH,1," 2/27/13"
"Le Jazz Hot","Victor Victoria",KC008,4,KC008,KC,1," 2/27/13"
"Leader Of The Pack","Shangri-Las, The",KJT09,17,KJT09,KJ,1," 2/27/13"
"Leah Seawright","On The Backroads",PHMC1109,9,PHMC1109,PH,1," 2/27/13"
"LeAnn Rimes","Crazy Women",PHMC1102,6,PHMC1102,PH,1," 2/27/13"
"Leann Rimes","Good Friend and A Glass of Wine",PHMC0803,1,PHMC0803,PH,1," 2/27/13"
"Leann Rimes","I Need You",SF176,11,SF176,SF,1," 2/27/13"
"LeAnn Rimes",Swingin',PHMC1008,3,PHMC1008,PH,1," 2/27/13"
"LeAnn Rimes","What I Cannot Change",PHMC0811,7,PHMC0811,PH,1," 2/27/13"
"Leann RimesReba McEntire","When You Love Someone Like That",PHMC0803,2,PHMC0803,PH,1," 2/27/13"
"LeAnn Womack","I'm A Honky Tonk Girl",PHMC1106,9,PHMC1106,PH,1," 2/27/13"
"Leapy Lee","Little Arrows",SF100,11,SF100,SF,1," 2/27/13"
"Learnin' The Blues","Sinatra, Frank",JV0019,1,JV0019,JV,1," 2/27/13"
"Leary, Dennis",A$$Hole,SC8700,4,SC8700,SC,1," 2/27/13"
"Leave A Tender Moment Alone","Joel, Billy",BS9117,17,BS9117,BS,1," 2/27/13"
"Leavin' On Your Mind","Cline, Patsy",THMP009,7,THMP009,TH,1," 2/27/13"
"Leaving On A Jet Plane","Peter, Paul & Mary",PT2007,13,PT2007,PT,1," 2/27/13"
"Leaving Only Scars",Systematic,PHR0307,6,PHR0307,PH,1," 2/27/13"
"Led Zeppelin","All My Love",SC8674,12,SC8674,SC,1," 2/27/13"
"Led Zeppelin","Babe I'm Gonna Leave You",SC8437,9,SC8437,SC,1," 2/27/13"
"Led Zeppelin","Black Dog",SC8437,12,SC8437,SC,1," 2/27/13"
"Led Zeppelin","Bring It On Home",SC8674,6,SC8674,SC,1," 2/27/13"
"Led Zeppelin","Celebration Day",SC8674,14,SC8674,SC,1," 2/27/13"
"Led Zeppelin","Communication Breakdown",SC8437,1,SC8437,SC,1," 2/27/13"
"Led Zeppelin","Crunge, The",SC8674,13,SC8674,SC,1," 2/27/13"
"Led Zeppelin","Custard Pie",SC8674,5,SC8674,SC,1," 2/27/13"
"Led Zeppelin","D'yer Mak'er",SGB026,15,SGB026,SG,1," 2/27/13"
"Led Zeppelin","Dancing Days",SC8674,2,SC8674,SC,1," 2/27/13"
"Led Zeppelin","Dazed & Confused",SGB028,1,SGB028,SG,1," 2/27/13"
"Led Zeppelin","Fool In The Rain",SC8840,13,SC8840,SC,1," 2/27/13"
"Led Zeppelin","Going To California",SC8437,10,SC8437,SC,1," 2/27/13"
"Led Zeppelin","Good Times Bad Times",SC8437,14,SC8437,SC,1," 2/27/13"
"Led Zeppelin",Heartbreaker,SC8437,6,SC8437,SC,1," 2/27/13"
"Led Zeppelin","Hey Hey What Can I Do",SC8674,7,SC8674,SC,1," 2/27/13"
"Led Zeppelin","Houses Of The Holy",SC8674,9,SC8674,SC,1," 2/27/13"
"Led Zeppelin","How Many More Times",SC8830,9,SC8830,SC,1," 2/27/13"
"Led Zeppelin","I Can't Quit You Baby",SC8675,7,SC8675,SC,1," 2/27/13"
"Led Zeppelin","Immigrant Song",SC8437,3,SC8437,SC,1," 2/27/13"
"Led Zeppelin",Kashmir,SGB028,13,SGB028,SG,1," 2/27/13"
"Led Zeppelin","Living Loving Maid She's Just A Woman",SC8674,8,SC8674,SC,1," 2/27/13"
"Led Zeppelin","Misty Mountain Hop",SC8437,7,SC8437,SC,1," 2/27/13"
"Led Zeppelin","Ocean, The",SC8437,5,SC8437,SC,1," 2/27/13"
"Led Zeppelin","Out On The Tiles",SC8674,11,SC8674,SC,1," 2/27/13"
"Led Zeppelin","Over The Hills And Far Away",SC8437,15,SC8437,SC,1," 2/27/13"
"Led Zeppelin","Ramble On",SC8437,11,SC8437,SC,1," 2/27/13"
"Led Zeppelin","Rock And Roll",DKM2013,8,DKM2013,DK,1," 2/27/13"
"Led Zeppelin","Stairway To Heaven",MM6315,13,MM6315,MM,1," 2/27/13"
"Led Zeppelin","Thank You",SC8674,3,SC8674,SC,1," 2/27/13"
"Led Zeppelin","What Is And What Should Never Be",SC8437,8,SC8437,SC,1," 2/27/13"
"Led Zeppelin","When The Levee Breaks",SGB025,7,SGB025,SG,1," 2/27/13"
"Led Zeppelin","Whole Lotta Love",DK047,13,DK047,DK,1," 2/27/13"
"Led Zeppelin","Your Time Is Gonna Come",SC8674,15,SC8674,SC,1," 2/27/13"
"Led Zepplin","Stairway To Heaven",SGB062,10,SGB062,SG,1," 2/27/13"
Ledisi,"Goin Thru Changes",PHMU0910,3,PHMU0910,PH,1," 2/27/13"
Ledisi,"Higher Than This",PHMU1003,3,PHMU1003,PH,1," 2/27/13"
Ledisi,"In The Morning",PHMU0806,8,PHMU0806,PH,1," 2/27/13"
"Ledisi feat. Jahiem","Stay Together",PHMU1109,3,PHMU1109,PH,1," 2/27/13"
"Ledoux, Chris","Bareback Jack",CB60234,11,CB60234,CB,1," 2/27/13"
"Ledoux, Chris","Cadillac Ranch",CB60144,11,CB60144,CB,1," 2/27/13"
"Ledoux, Chris","County Fair",CB60202,9,CB60202,CB,1," 2/27/13"
"Ledoux, Chris","Cowboy Up",CB60242,15,CB60242,CB,1," 2/27/13"
"Ledoux, Chris","Dallas Days And Fort Worth Nights",SC8211,15,SC8211,SC,1," 2/27/13"
"Ledoux, Chris","Everytime I Roll The Dice",SC8112,13,SC8112,SC,1," 2/27/13"
"Ledoux, Chris","Five Dollar Fine",SC8341,10,SC8341,SC,1," 2/27/13"
"Ledoux, Chris","Gravitational Pull",MM6148,10,MM6148,MM,1," 2/27/13"
"Ledoux, Chris","He Rides Wild Horses",CB60213,14,CB60213,CB,1," 2/27/13"
"Ledoux, Chris","Honky Tonk World",SC8275,10,SC8275,SC,1," 2/27/13"
"Ledoux, Chris",Horsepower,SC3374,6,SC3374,SC,1," 2/27/13"
"Ledoux, Chris","I Believe In America",CBE4-24,15,CBE4-24,CB,1," 2/27/13"
"Ledoux, Chris","Life Is A Highway",CB20086,10,CB20086,CB,1," 2/27/13"
"Ledoux, Chris","Look At Your Girl",SC8287,5,SC8287,SC,1," 2/27/13"
"Ledoux, Chris","Riding For A Fall",SC8306,14,SC8306,SC,1," 2/27/13"
"Ledoux, Chris","Silence On The Line",CB60205,15,CB60205,CB,1," 2/27/13"
"Ledoux, Chris","Slow Down",SC8173,11,SC8173,SC,1," 2/27/13"
"Ledoux, Chris",Stampede,SC8578,15,SC8578,SC,1," 2/27/13"
"Ledoux, Chris","Tougher Than The Rest",SC8215,14,SC8215,SC,1," 2/27/13"
"Ledoux, Chris","Under This Old Hat",SC8236,3,SC8236,SC,1," 2/27/13"
"Ledoux, Chris","Whatcha Gonna Do With A Cowboy",SC8234,8,SC8234,SC,1," 2/27/13"
"Ledoux, Chris","Wild And Wooly",SC8301,13,SC8301,SC,1," 2/27/13"
"Ledoux, Chris & G. Brooks","Whatcha Gonna Do With A Cowboy",MM6010,1,MM6010,MM,1," 2/27/13"
"Lee Ann Womack","Last Call",PHMC0810,4,PHMC0810,PH,1," 2/27/13"
"Lee Ann Womack","Solitary Thinkin'",PHMC0906,3,PHMC0906,PH,1," 2/27/13"
"Lee Ann Womack","The King Of Broken Hearts",PHMC0902,4,PHMC0902,PH,1," 2/27/13"
"Lee Ann Womack","There Is A God",PHMC1002,3,PHMC1002,PH,1," 2/27/13"
"Lee Brice","Beautiful Every Time",PHMC1101,4,PHMC1101,PH,1," 2/27/13"
"Lee Brice","Beautiful Every Time (MPX)",PHMC1101,13,PHMC1101,PH,1," 2/27/13"
"Lee Brice","Don't Believe Everything You Think",PHMC1208,6,PHMC1208,PH,1," 2/27/13"
"Lee Brice","Hard To Love",PHMC1207,3,PHMC1207,PH,1," 2/27/13"
"Lee Brice","See About A Girl",PHMC1301,2,PHMC1301,PH,1," 2/27/13"
"Lee Brice","Sumter County Friday Night",PHMC1110,9,PHMC1110,PH,1," 2/27/13"
"Lee Brice","That's When You Know It's Over",PHMC1302,3,PHMC1302,PH,1," 2/27/13"
"Lee Brice","Upper Middle Class White Trash",PHMC0809,9,PHMC0809,PH,1," 2/27/13"
"Lee, Brenda","All Alone Am I",CBEP455-5,7,CBEP455-5,CB,1," 2/27/13"
"Lee, Brenda",Emotions,DK046,18,DK046,DK,1," 2/27/13"
"Lee, Brenda","End Of The World, The",SAVP07,2,SAVP07,SA,1," 2/27/13"
"Lee, Brenda","Everybody Loves Me But You",CBEP455-4,15,CBEP455-4,CB,1," 2/27/13"
"Lee, Brenda","Fool #1",CB60129,14,CB60129,CB,1," 2/27/13"
"Lee, Brenda","Fool Number One",CBEP455-4,9,CBEP455-4,CB,1," 2/27/13"
"Lee, Brenda","I Want To Be Wanted",CB5014-01,9,CB5014-01,CB,1," 2/27/13"
"Lee, Brenda","I'm Sorry",CB5013-02,14,CB5013-02,CB,1," 2/27/13"
"Lee, Brenda","If You Love Me",SAVP10,16,SAVP10,SA,1," 2/27/13"
"Lee, Brenda","Papa Noel",CB60210,13,CB60210,CB,1," 2/27/13"
"Lee, Brenda","Rockin' Around The Christmas Tree",SC7210,15,SC7210,SC,1," 2/27/13"
"Lee, Brenda","Sweet Nothin's",MM6043,11,MM6043,MM,1," 2/27/13"
"Lee, Brenda","Sweet Nothings",CBEP455-1,11,CBEP455-1,CB,1," 2/27/13"
"Lee, Brenda","Too Many Rivers",CBEP455-3,8,CBEP455-3,CB,1," 2/27/13"
"Lee, Brenda","You Can Depend On Me",CBEP455-3,6,CBEP455-3,CB,1," 2/27/13"
"Lee, Brenda wvocal","I'm Sorry",SC2079,12,SC2079,SC,1," 2/27/13"
"Lee, Coco","Do You Want My Love",MM6300,1,MM6300,MM,1," 2/27/13"
"Lee, Curtis","Pretty Little Angel Eyes",CBEP455-4,14,CBEP455-4,CB,1," 2/27/13"
"Lee, Dickey",Laurie,SC8804,15,SC8804,SC,1," 2/27/13"
"Lee, Dickey",Patches,SC8804,3,SC8804,SC,1," 2/27/13"
"Lee, Dickey",Rocky,SC8676,4,SC8676,SC,1," 2/27/13"
"Lee, Gary & Showdown","Rodeo Song",SC7598,13,SC7598,SC,1," 2/27/13"
"Lee, Johnny","Be There For Me Baby",SC8567,6,SC8567,SC,1," 2/27/13"
"Lee, Johnny","Bet Your Heart On Me",SC8434,3,SC8434,SC,1," 2/27/13"
"Lee, Johnny","Cherokee Fiddle",SC8414,2,SC8414,SC,1," 2/27/13"
"Lee, Johnny","Hey Bartender",SC8136,7,SC8136,SC,1," 2/27/13"
"Lee, Johnny","Lookin' For Love",SC7539,13,SC7539,SC,1," 2/27/13"
"Lee, Johnny","One In A Million",CBEP452-3,13,CBEP452-3,CB,1," 2/27/13"
"Lee, Johnny","Pickin' Up Strangers",SC8642,6,SC8642,SC,1," 2/27/13"
"Lee, Johnny","Prisoner Of Hope",SC8529,13,SC8529,SC,1," 2/27/13"
"Lee, Johnny","Sounds Like Love",SC8582,6,SC8582,SC,1," 2/27/13"
"Lee, Lewis","Attack Of The Killer Tomatoes",SC8550,8,SC8550,SC,1," 2/27/13"
"Lee, Murphy & Jermaine Dupri","Wat Da Hook Gon Be",SC8858,14,SC8858,SC,1," 2/27/13"
"Lee, Murphy & Jermaine Dupri","Wat Da Hook Gon Be (Radio Version)",SC3390,1,SC3390,SC,1," 2/27/13"
"Lee, Murphy & Jermaine Dupri wvocal","Wat Da Hook Gon Be (Radio Version)",SC3390,9,SC3390,SC,1," 2/27/13"
"Lee, Peggy","Come Rain Or Come Shine",SC7540,1,SC7540,SC,1," 2/27/13"
"Lee, Peggy",Fever,MMSTA2-2,18,MMSTA2-2,MM,1," 2/27/13"
"Lee, Peggy","I'm A Woman",MM6393,3,MM6393,MM,1," 2/27/13"
"Lee, Peggy","I've Got You Under My Skin",SAVP35,18,SAVP35,SA,1," 2/27/13"
"Lee, Peggy","Johnny Guitar",SAVP10,14,SAVP10,SA,1," 2/27/13"
"Lee, Peggy","My Heart Belongs To Daddy",MM6367,5,MM6367,MM,1," 2/27/13"
"Lee, Robin","Black Velvet",MMGCOU02,6,MMGCOU02,MM,1," 2/27/13"
"Lee, Stagga","Roll Wit M.v.p.",THMH0308,2,THMH0308,TH,1," 2/27/13"
"Lee, Tommy","Hold Me Down",SC8775,2,SC8775,SC,1," 2/27/13"
"Left Banke, The","Walk Away Renee",DK095,7,DK095,DK,1," 2/27/13"
"Legend, John","Ordinary People",PHM0503,6,PHM0503,PH,1," 2/27/13"
"Lehrer, Tom","Masochism Tango, The",SC8707,6,SC8707,SC,1," 2/27/13"
"Lehrer, Tom","Poisoning Pigeons In The Park",SC8707,14,SC8707,SC,1," 2/27/13"
"Leigh, Danni","29 Nights",CB60172,9,CB60172,CB,1," 2/27/13"
"Leigh, Danni","Honey I Do",CB60197,15,CB60197,CB,1," 2/27/13"
"Leigh, Danni","House Of Pain",SC8774,5,SC8774,SC,1," 2/27/13"
"Leigh, Danni","I Don't Feel That Way",MM6312,5,MM6312,MM,1," 2/27/13"
"Leigh, Danni","I Don't Feel That Way Anymore",SC8630,15,SC8630,SC,1," 2/27/13"
"Leigh, Danni","If The Jukebox Took Teardrops",SD055,14,SD055,SD,1," 2/27/13"
"Leigh, Danni","Last Train To San Antone",CB60246,12,CB60246,CB,1," 2/27/13"
"Leigh, Danni","Longnecks & Cigarettes",CB60211,15,CB60211,CB,1," 2/27/13"
"Leigh, Danni",Sometimes,SC8748,13,SC8748,SC,1," 2/27/13"
"Leigh, Denni","House Of Pain",CB60237,6,CB60237,CB,1," 2/27/13"
"Leighton Meester","Your Love's A Drug",PHMP1006,7,PHMP1006,PH,1," 2/27/13"
"Leighton Meester feat Robin Thicke","Somebody To Love",PHMP1001,8,PHMP1001,PH,1," 2/27/13"
"Lekakis, Paul","Boom Boom Let's Go Back To My Room",SC8333,1,SC8333,SC,1," 2/27/13"
Lemar,"50 50",SF213,6,SF213,SF,1," 2/27/13"
Lemar,"Dance With U",SF209,9,SF209,SF,1," 2/27/13"
"Lemon Pipers","Green Tambourine",CBEP472-5,16,CBEP472-5,CB,1," 2/27/13"
"Lemon Pipers, The","Green Tambourine",SF100,15,SF100,SF,1," 2/27/13"
Lemonheads,"If I Could Talk I'd Tell You",SC8343,15,SC8343,SC,1," 2/27/13"
Lemonheads,"Into Your Arms",SC8598,13,SC8598,SC,1," 2/27/13"
Len,"Steal My Sunshine",PHM9909,8,PHM9909,PH,1," 2/27/13"
"Len wvocal","Steal My Sunshine",PHM9909,17,PHM9909,PH,1," 2/27/13"
"Lennon, John","Give Peace A Chance",CBE4-02,11,CBE4-02,CB,1," 2/27/13"
"Lennon, John",Imagine,CBE25,12,CBE25,CB,1," 2/27/13"
"Lennon, John","Instant Karma (We All Shine On)",SC7573,9,SC7573,SC,1," 2/27/13"
"Lennon, John","Jealous Guy",SC8568,12,SC8568,SC,1," 2/27/13"
"Lennon, John","Just Like Starting Over",SC7533,14,SC7533,SC,1," 2/27/13"
"Lennon, John","Mind Games",SC8588,5,SC8588,SC,1," 2/27/13"
"Lennon, John","Nobody Told Me",MM6211,8,MM6211,MM,1," 2/27/13"
"Lennon, John","Starting Over",BL19,12,BL19,BL,1," 2/27/13"
"Lennon, John","Watching The Wheels",SC8510,2,SC8510,SC,1," 2/27/13"
"Lennon, John","What Ever Gets You Thru The Night",SC7563,8,SC7563,SC,1," 2/27/13"
"Lennon, John",Woman,SAVP13,18,SAVP13,SA,1," 2/27/13"
"Lennon, John & Yoko Ono","Happy Xmas (War Is Over)",SC8184,7,SC8184,SC,1," 2/27/13"
"Lennon, John And Yoko","Happy Christmas (War Is Over)",CBEP462-5,4,CBEP462-5,CB,1," 2/27/13"
"Lennon, John wvocal",Imagine,SC2336A,12,SC2336A,SC,1," 2/27/13"
"Lennon, Julian","To Late For Goodbyes",SC8552,7,SC8552,SC,1," 2/27/13"
"Lennox, Annie","I Can't Get Next To You",MM6119,6,MM6119,MM,1," 2/27/13"
"Lennox, Annie","No More ''i Love You's''",MM6096,1,MM6096,MM,1," 2/27/13"
"Lennox, Annie","No More ''I Love You's''",SF019,7,SF019,SF,1," 2/27/13"
"Lennox, Annie","No More I Love You's",SC8164,9,SC8164,SC,1," 2/27/13"
"Lennox, Annie","Thin Line Between Love And Hate",SC8600,8,SC8600,SC,1," 2/27/13"
"Lennox, Annie","Train In Vain",SC8800,2,SC8800,SC,1," 2/27/13"
"Lennox, Annie","Waiting In Vain",SC8856,11,SC8856,SC,1," 2/27/13"
"Lennox, Annie","Walking On Broken Glass",SC8486,8,SC8486,SC,1," 2/27/13"
"Lennox, Annie","Whiter Shade Of Pale, A",SF027,4,SF027,SF,1," 2/27/13"
"Lennox, Annie",Why,SC8235,12,SC8235,SC,1," 2/27/13"
"Lennox, Annie","Would I Lie To You",MM6046,5,MM6046,MM,1," 2/27/13"
"Lennox, Annie & Al Green","Put A Little Love In Your Heart",CBEP471-2,9,CBEP471-2,CB,1," 2/27/13"
"Lennox, Annie & Al Greene","Put A Little Love In Your Heart",MMGCP9807,6,MMGCP9807,MM,1," 2/27/13"
"Leo Sayer","Show Must Go On, The",SF101,8,SF101,SF,1," 2/27/13"
"Leon, Melina","La Persona Equivocada",SC2219,8,SC2219,SC,1," 2/27/13"
"Leona Lewis","Bleeding Love",PHMP0804,8,PHMP0804,PH,1," 2/27/13"
"Leona Lewis",Fireflies,PHMU1301,5,PHMU1301,PH,1," 2/27/13"
"Leona Lewis","I Will Be",PHMP0905,2,PHMP0905,PH,1," 2/27/13"
"Les Miserables","I Dreamed A Dream",MMBH1-1,18,MMBH1-1,MM,1," 2/27/13"
"Les Miserables","In My Life",MMSTA05,9,MMSTA05,MM,1," 2/27/13"
"Les Miserables","Master Of The House",MMBH1-3,15,MMBH1-3,MM,1," 2/27/13"
"Les Miserables","On My Own",SF149,14,SF149,SF,1," 2/27/13"
"Lesley Roy","I'm Gone, I'm Going",PHMP0810,9,PHMP0810,PH,1," 2/27/13"
"Lesley Roy",Unbeautiful,PHMP0901,5,PHMP0901,PH,1," 2/27/13"
"Leslie Mendelson","Hit The Spot",PHMP0911,9,PHMP0911,PH,1," 2/27/13"
"Lesly Gore","California Nights",SC8364,10,SC8364,SC,1," 2/27/13"
"Lesly Gore","Judy's Turn To Cry",SC8396,7,SC8396,SC,1," 2/27/13"
"Lesly Gore","Maybe I Know",SC8364,13,SC8364,SC,1," 2/27/13"
"Less Than Jake","History Of A Boring Town",SC8515,15,SC8515,SC,1," 2/27/13"
"Less Than Jake","Science Of Selling Yourself Short, The",THMR0310,6,THMR0310,TH,1," 2/27/13"
"Lester, Ketty","Love Letter",SF044,6,SF044,SF,1," 2/27/13"
"Let 'er Rip","Dixie Chicks, The",RSZ602,8,RSZ602,RS,1," 2/27/13"
"Let Him Fly","Dixie Chicks, The",RSZ603,9,RSZ603,RS,1," 2/27/13"
"Let It Bleed","Rolling Stones, The",DG11,5,DG11,DG,1," 2/27/13"
"Let It Ride","Bachman Turner Overdrive",AMS1506,2,AMS1506,AM,1," 2/27/13"
"Let Me Be There","John, Olivia Newton",KJT08,17,KJT08,KJ,1," 2/27/13"
"Let Me Blow Ya Mind","Eve & Gwen Stefani",THH0203,14,THH0203,TH,1," 2/27/13"
"LET ME CALL YOU SWEETHEART",REMINISCING,SC8007,3,SC8007,SC,1," 2/27/13"
"Let Me Down Easy","Isaak, Chris",TU125,10,TU125,TU,1," 2/27/13"
"Let Me Roll It","McCartney, Paul",AMS1507,7,AMS1507,AM,1," 2/27/13"
"Let The Music Play",Shannon,AH8421,6,AH8421,AH,1," 2/27/13"
"Let'em In","McCartney, Paul & Wings",AMS1507,8,AMS1507,AM,1," 2/27/13"
"Let's Make Love","Hill, Faith & Tim McGraw",TUFP08,1,TUFP08,TU,1," 2/27/13"
"Let's Stay Together","Al Green",SF072,9,SF072,SF,1," 2/27/13"
LeToya,"Not Anymore",PHMU0906,4,PHMU0906,PH,1," 2/27/13"
"Lettermen, The","We Three Kings",CBEP462-3,11,CBEP462-3,CB,1," 2/27/13"
"Lettermen, The","What Now My Love",SAVP08,11,SAVP08,SA,1," 2/27/13"
"Letters To Cleo","Dangerous Type",SC8286,9,SC8286,SC,1," 2/27/13"
"Letters To Cleo","Here & Now",SC8350,15,SC8350,SC,1," 2/27/13"
"Letters To Cleo","Here And Now",SC8471,7,SC8471,SC,1," 2/27/13"
"Letting Go","Bogguss, Suzy",PI215,13,PI215,PI,1," 2/27/13"
"Level 42","It's Over",SF110,13,SF110,SF,1," 2/27/13"
"Level 42","Lessons In Love",SF007,15,SF007,SF,1," 2/27/13"
"Level 42","Love Games",SF068,12,SF068,SF,1," 2/27/13"
"Level 42","Something About You",BL21,10,BL21,BL,1," 2/27/13"
"Levellers, The","What A Beautiful Day",SF114,1,SF114,SF,1," 2/27/13"
"Levert, Gerald","Answering Service",SC8156,9,SC8156,SC,1," 2/27/13"
"Levert, Gerald","Can't Help Myself",SC8150,7,SC8150,SC,1," 2/27/13"
"Levert, Gerald",Casanova,SC8583,5,SC8583,SC,1," 2/27/13"
"Levert, Gerald","Got That Love",PHU0402,3,PHU0402,PH,1," 2/27/13"
"Levert, Gerald","Mr. Too Damn Good",SC8622,6,SC8622,SC,1," 2/27/13"
"Levert, Gerald","One Million Times",PHU0502,5,PHU0502,PH,1," 2/27/13"
"Levert, Gerald & Eddie Levert","Baby Hold On To Me",SC8374,8,SC8374,SC,1," 2/27/13"
"Levi Riggs","There's Still A Place For That",PHMC1211,8,PHMC1211,PH,1," 2/27/13"
"Lewie, Jona","Stop The Calvary",SF042,17,SF042,SF,1," 2/27/13"
"Lewis Copeland","She's Got It Going On",PHMC1207,9,PHMC1207,PH,1," 2/27/13"
"Lewis, Aaron & Fred Durst",Outside,PHM0106,8,PHM0106,PH,1," 2/27/13"
"Lewis, Barbara","Baby, Im Yours",SC8418,13,SC8418,SC,1," 2/27/13"
"Lewis, Barbara","Hello Stranger",SC8251,3,SC8251,SC,1," 2/27/13"
"Lewis, Barbara","Make Me Your Baby",SC7560,13,SC7560,SC,1," 2/27/13"
"Lewis, Bobby","Tossin' & Turnin'",CB5014-03,3,CB5014-03,CB,1," 2/27/13"
"Lewis, Bobby","Tossin' And Turnin'",CBEP455-6,4,CBEP455-6,CB,1," 2/27/13"
"Lewis, Bobby","Tossin' N' Turnin'",MMOLD04,18,MMOLD04,MM,1," 2/27/13"
"Lewis, C.j.","Sweets For My Sweet",MM6375,8,MM6375,MM,1," 2/27/13"
"Lewis, Crystal","Only Fools",SC8661,4,SC8661,SC,1," 2/27/13"
"Lewis, Crystal","Trust Me",SC8828,10,SC8828,SC,1," 2/27/13"
"Lewis, Donna","I Could Be The One",SC8469,6,SC8469,SC,1," 2/27/13"
"Lewis, Donna","I Love You Always And Forever",SC8304,1,SC8304,SC,1," 2/27/13"
"Lewis, Donna","I Love You Always Forever",PHM9608,2,PHM9608,PH,1," 2/27/13"
"Lewis, Donna","Love Him",SC8484,4,SC8484,SC,1," 2/27/13"
"Lewis, Donna","Without Love",SC8343,13,SC8343,SC,1," 2/27/13"
"Lewis, Donna & Richard Marx","At The Beginning",SC8422,10,SC8422,SC,1," 2/27/13"
"Lewis, Gary & Playboys","Count Me In",SC1999NSC03,3,SC1999NSC03,SC,1," 2/27/13"
"Lewis, Gary & Playboys, The","This Diamond Ring",DK001,10,DK001,DK,1," 2/27/13"
"Lewis, Gary & The Playboys","Count Me In",MM6113,11,MM6113,MM,1," 2/27/13"
"Lewis, Gary & The Playboys","Everybody Loves A Clown",SC8218,7,SC8218,SC,1," 2/27/13"
"Lewis, Gary & The Playboys","Save Your Heart For Me",SC8599,14,SC8599,SC,1," 2/27/13"
"Lewis, Gary & The Playboys","She's Just My Style",SC8190,3,SC8190,SC,1," 2/27/13"
"Lewis, Gary & The Playboys","Sure Gonna Miss Her",SC8615,15,SC8615,SC,1," 2/27/13"
"Lewis, Gary & The Playboys","This Diamond Ring",CB5014-02,3,CB5014-02,CB,1," 2/27/13"
"Lewis, Glen","Don't You Forget It",CB30020,7,CB30020,CB,1," 2/27/13"
"Lewis, Glenn","Don't You Forget It",SC8757,11,SC8757,SC,1," 2/27/13"
"Lewis, Huey","Doin' It",CBE3-22,5,CBE3-22,CB,1," 2/27/13"
"Lewis, Huey","Heart Of Rock 'n' Roll",CBEP467-4,2,CBEP467-4,CB,1," 2/27/13"
"Lewis, Huey & Gwenyth Paltrow",Cruisin',CB90198,15,CB90198,CB,1," 2/27/13"
"Lewis, Huey & Gwyneth Paltrow",Cruisin',CB30007,6,CB30007,CB,1," 2/27/13"
"Lewis, Huey & News","Walking On A Thin Line",SC8684,13,SC8684,SC,1," 2/27/13"
"Lewis, Huey & News, The","Doing It All For My Baby",DK027,15,DK027,DK,1," 2/27/13"
"Lewis, Huey & News, The","Heart And Soul",DK002,3,DK002,DK,1," 2/27/13"
"Lewis, Huey & News, The","Heart Of Rock & Roll",SC7511,9,SC7511,SC,1," 2/27/13"
"Lewis, Huey & News, The","Hip To Be Square",CBE2-23,11,CBE2-23,CB,1," 2/27/13"
"Lewis, Huey & News, The","If This Is It",DK019,3,DK019,DK,1," 2/27/13"
"Lewis, Huey & News, The","Perfect World",DK033,7,DK033,DK,1," 2/27/13"
"Lewis, Huey & News, The","Power Of Love, The",CBE2-23,4,CBE2-23,CB,1," 2/27/13"
"Lewis, Huey & News, The","Some Kind Of Wonderful",DK090,6,DK090,DK,1," 2/27/13"
"Lewis, Huey & News, The","Stuck With You",DK053,4,DK053,DK,1," 2/27/13"
"Lewis, Huey & The News","But It's Alright",SC8709,10,SC8709,SC,1," 2/27/13"
"Lewis, Huey & The News","Couple Days Off",CB90198,8,CB90198,CB,1," 2/27/13"
"Lewis, Huey & The News","Do You Believe In Love",SC8709,15,SC8709,SC,1," 2/27/13"
"Lewis, Huey & The News","Doin' It (All For My Baby)",CB90198,3,CB90198,CB,1," 2/27/13"
"Lewis, Huey & The News","Doing It All For My Baby",SAVP35,1,SAVP35,SA,1," 2/27/13"
"Lewis, Huey & The News","Feeling Alright",SC8709,13,SC8709,SC,1," 2/27/13"
"Lewis, Huey & The News","Heart And Soul",SC8709,5,SC8709,SC,1," 2/27/13"
"Lewis, Huey & The News","Heart Of Rock & Roll",DKM2005,7,DKM2005,DK,1," 2/27/13"
"Lewis, Huey & The News","Heart Of Rock & Roll, The",SC8709,8,SC8709,SC,1," 2/27/13"
"Lewis, Huey & The News","Heart Of Rock 'N' Roll",CB90198,1,CB90198,CB,1," 2/27/13"
"Lewis, Huey & The News","Hip To Be Square",SC8709,14,SC8709,SC,1," 2/27/13"
"Lewis, Huey & The News","I Want A New Drug",CB90198,5,CB90198,CB,1," 2/27/13"
"Lewis, Huey & The News","If This Is It",SC8709,4,SC8709,SC,1," 2/27/13"
"Lewis, Huey & The News","It Hit Me Like A Hammer",CB90198,9,CB90198,CB,1," 2/27/13"
"Lewis, Huey & The News","It's Alright",SC8891,13,SC8891,SC,1," 2/27/13"
"Lewis, Huey & The News","Jacob's Ladder",SC8709,12,SC8709,SC,1," 2/27/13"
"Lewis, Huey & The News","Let Her Go And Start Over",MM6351,11,MM6351,MM,1," 2/27/13"
"Lewis, Huey & The News","Perfect World",CB90198,11,CB90198,CB,1," 2/27/13"
"Lewis, Huey & The News","Power Of Love",CBEP467-5,9,CBEP467-5,CB,1," 2/27/13"
"Lewis, Huey & The News","Power Of Love, The",SC8709,9,SC8709,SC,1," 2/27/13"
"Lewis, Huey & The News","She's Some Kind Of Wonderful",SC8709,7,SC8709,SC,1," 2/27/13"
"Lewis, Huey & The News","Small World",CB90198,12,CB90198,CB,1," 2/27/13"
"Lewis, Huey & The News","Some Kind Of Wonderful",SC8310,8,SC8310,SC,1," 2/27/13"
"Lewis, Huey & The News","Stuck With You",SAVP14,17,SAVP14,SA,1," 2/27/13"
"Lewis, Huey & The News","Walking On A Thin Line",SC8709,1,SC8709,SC,1," 2/27/13"
"Lewis, Huey & The News","Workin' For A Livin'",SGB060,11,SGB060,SG,1," 2/27/13"
"Lewis, Huey & The News","Working For A Living",SC8715,6,SC8715,SC,1," 2/27/13"
"Lewis, Jerry Lee","Another Place, Another Time",CB90082,11,CB90082,CB,1," 2/27/13"
"Lewis, Jerry Lee",Breathless,CBE2-22,14,CBE2-22,CB,1," 2/27/13"
"Lewis, Jerry Lee","Drinkin' Wine",MMCOU205,5,MMCOU205,MM,1," 2/27/13"
"Lewis, Jerry Lee","Drinking Wine Spo-Dee O'dee",CBE3-02,12,CBE3-02,CB,1," 2/27/13"
"Lewis, Jerry Lee","Great Balls Of Fire",MMCP2K10,18,MMCP2K10,MM,1," 2/27/13"
"Lewis, Jerry Lee","High School Confidential",SC8770,15,SC8770,SC,1," 2/27/13"
"Lewis, Jerry Lee","Middle Age Crazy",CB90082,12,CB90082,CB,1," 2/27/13"
"Lewis, Jerry Lee","Once More With Feeling",CB90082,8,CB90082,CB,1," 2/27/13"
"Lewis, Jerry Lee","One Minute Past Eternity",CB90082,6,CB90082,CB,1," 2/27/13"
"Lewis, Jerry Lee","Rockin' My Life Away",CBE2-22,15,CBE2-22,CB,1," 2/27/13"
"Lewis, Jerry Lee","She Even Woke Me Up To Say Goodbye",CB90082,10,CB90082,CB,1," 2/27/13"
"Lewis, Jerry Lee","There Must Be More To Love Than This",CB90082,13,CB90082,CB,1," 2/27/13"
"Lewis, Jerry Lee","Thirty Nine And Holding",CBE3-05,9,CBE3-05,CB,1," 2/27/13"
"Lewis, Jerry Lee","What Made Milwaukee Famous",SC8428,8,SC8428,SC,1," 2/27/13"
"Lewis, Jerry Lee","What's Made Milwaukee Famous",CB90082,4,CB90082,CB,1," 2/27/13"
"Lewis, Jerry Lee","Whole Lotta Shakin' Goin' On",CB90082,5,CB90082,CB,1," 2/27/13"
"Lewis, Jerry Lee","Would You Take Another Chance On Me",CB90082,14,CB90082,CB,1," 2/27/13"
"Lewis, Jerry Lee","You Win Again",CB90082,2,CB90082,CB,1," 2/27/13"
"Lewis, Michelle","Nowhere And Everywhere",SC8487,7,SC8487,SC,1," 2/27/13"
"Lewis, Smiley","I Hear You Knockin'",SGB049,16,SGB049,SG,1," 2/27/13"
"Lewis, Ted","Baby Face",CBEP469-3,2,CBEP469-3,CB,1," 2/27/13"
"Leyton, John","Johnny Remember Me",SF038,15,SF038,SF,1," 2/27/13"
LFO,"Every Other Time",PHM0109,6,PHM0109,PH,1," 2/27/13"
Lfo,"Every Other Time",CBEP470-5,15,CBEP470-5,CB,1," 2/27/13"
LFO,"Girl On T.V",MM6292,7,MM6292,MM,1," 2/27/13"
Lfo,"Girl On Tv",CBE2-27,7,CBE2-27,CB,1," 2/27/13"
LFO,"Girl On TV",SC8048,8,SC8048,SC,1," 2/27/13"
Lfo,"Girl On Tv",CBEP457-6,11,CBEP457-6,CB,1," 2/27/13"
LFO,"Girl On TV",CB80025,15,CB80025,CB,1," 2/27/13"
Lfo,"I Don't Wanna Kiss You Goodnight",SC8616,15,SC8616,SC,1," 2/27/13"
Lfo,"I Don't Want To Kiss You Goodnight",CB30002,2,CB30002,CB,1," 2/27/13"
Lfo,"Life Is Good",CB30021,2,CB30021,CB,1," 2/27/13"
LFO,"Life Is Good",PHM0202,8,PHM0202,PH,1," 2/27/13"
Lfo,"Summer Girls",SC8553,5,SC8553,SC,1," 2/27/13"
LFO,"Summer Girls",SC8034,6,SC8034,SC,1," 2/27/13"
Lfo,"Summer Girls",CBEP457-5,7,CBEP457-5,CB,1," 2/27/13"
Lfo,"West Side Story",CB30005,6,CB30005,CB,1," 2/27/13"
LFO,"West Side Story",CBEP473-2,15,CBEP473-2,CB,1," 2/27/13"
"Liana Conway",Free,PHMC1302,9,PHMC1302,PH,1," 2/27/13"
"Lianne La Havas",Elusive,PHMU1301,3,PHMU1301,PH,1," 2/27/13"
"Liberty X","Everybody Cries",SF213,10,SF213,SF,1," 2/27/13"
"Liberty X","Holding On For You",SF200,1,SF200,SF,1," 2/27/13"
"Liberty X",Jumpin',SF210,8,SF210,SF,1," 2/27/13"
"Liberty X","Just A Little",MM6372,6,MM6372,MM,1," 2/27/13"
"Life Goes On","Rimes, LeAnn",PHM0211,3,PHM0211,PH,1," 2/27/13"
"Life In A Northern Town","Dream Academy",AMS1502,5,AMS1502,AM,1," 2/27/13"
"Life In The Fast Lane","Eagles, The",BS9017,11,BS9017,BS,1," 2/27/13"
"Life Sucks When You Die",Fools,AMS2001,1,AMS2001,AM,1," 2/27/13"
"Life Will Go On","Isaak, Chris",TU125,11,TU125,TU,1," 2/27/13"
"Life's Been Good","Walsh, Joe",AH8003,4,AH8003,AH,1," 2/27/13"
Lifehouse,"All In All",PHMP1009,3,PHMP1009,PH,1," 2/27/13"
Lifehouse,Breathe,MM6355,3,MM6355,MM,1," 2/27/13"
Lifehouse,Breathing,CB30017,10,CB30017,CB,1," 2/27/13"
Lifehouse,Broken,PHMP0810,4,PHMP0810,PH,1," 2/27/13"
Lifehouse,"Hanging By A Moment",SC8659,15,SC8659,SC,1," 2/27/13"
Lifehouse,"Sick Cycle Carousel",SC8717,9,SC8717,SC,1," 2/27/13"
Lifehouse,Spin,CB30029,15,CB30029,CB,1," 2/27/13"
Lifehouse,"Take Me Away (remix Edit)",THP0306,16,THP0306,TH,1," 2/27/13"
Lifehouse,"Whatever It Takes",PHMP0802,6,PHMP0802,PH,1," 2/27/13"
"Lifehouse wvocal",Spin,SC3332,15,SC3332,SC,1," 2/27/13"
"Lifestyles Of The Rich And Famous","Good Charlotte",TU159,9,TU159,TU,1," 2/27/13"
Lifetime,Maxwell,THH0203,11,THH0203,TH,1," 2/27/13"
"Light My Fire","Doors, The",BS7617,5,BS7617,BS,1," 2/27/13"
"Light Of The World","London Town",SF067,10,SF067,SF,1," 2/27/13"
"Light, Jan","Mr. Big Stuff",MM6071,5,MM6071,MM,1," 2/27/13"
"Lightfoot, Gordon",Beautiful,SC8821,12,SC8821,SC,1," 2/27/13"
"Lightfoot, Gordon","Carefree Highway",SC8174,15,SC8174,SC,1," 2/27/13"
"Lightfoot, Gordon","Circle Is Small, The",SC8594,8,SC8594,SC,1," 2/27/13"
"Lightfoot, Gordon","Don Quixote",SC8821,13,SC8821,SC,1," 2/27/13"
"Lightfoot, Gordon","If You Could Read My Mind",AH8011,4,AH8011,AH,1," 2/27/13"
"Lightfoot, Gordon","Rainy Day People",SC7563,3,SC7563,SC,1," 2/27/13"
"Lightfoot, Gordon",Sundown,SGB22,6,SGB22,SG,1," 2/27/13"
"Lightfoot, Gordon","Wreck Of The Edmond Fitzgerald",SC8467,1,SC8467,SC,1," 2/27/13"
Lighthouse,"One Fine Morning",SC8750,14,SC8750,SC,1," 2/27/13"
"Lighthouse Family",Lifted,BL09,11,BL09,BL,1," 2/27/13"
"Lighthouse Family","Postcards From Heaven",SF130,11,SF130,SF,1," 2/27/13"
"Lighthouse Family, The",High,SC8503,12,SC8503,SC,1," 2/27/13"
"Lighthouse Family, The","Lost In Space",SF122,11,SF122,SF,1," 2/27/13"
"Lighthouse Family, The","Question Of Faith",SF126,4,SF126,SF,1," 2/27/13"
"Lighthouse Family, The",Raincloud,SF115,5,SF115,SF,1," 2/27/13"
"Lightman, Toby","Real Love",PHM0411,8,PHM0411,PH,1," 2/27/13"
"Lightman, Toby wvocal","Real Love",PHM0411,17,PHM0411,PH,1," 2/27/13"
"Lightning Seeds","Lucky You",SF029,14,SF029,SF,1," 2/27/13"
"Lightning Seeds",Pure,SF149,7,SF149,SF,1," 2/27/13"
Lights,Journey,DG04,8,DG04,DG,1," 2/27/13"
"Like A Rock","Simon & Garfunkel",HV05,9,HV05,HV,1," 2/27/13"
"Like A Stone",Audioslave,TU186,5,TU186,TU,1," 2/27/13"
"Like I Love You","Timberlake, Justin",PHM0212,7,PHM0212,PH,1," 2/27/13"
"Lil Bow Wow","Bow Wow (That's My Name)",SC8688,15,SC8688,SC,1," 2/27/13"
"Lil Flip",Sunshine,PHU0409,1,PHU0409,PH,1," 2/27/13"
"Lil Flip wvocal",Sunshine,PHU0409,10,PHU0409,PH,1," 2/27/13"
"Lil John & The East Side Boyz","I Don't Give A Fuck",PHU0304,5,PHU0304,PH,1," 2/27/13"
"Lil Jon & 3OH3!",Hey,PHMP1009,4,PHMP1009,PH,1," 2/27/13"
"Lil Jon & The East Side Boyz","Get Low",PHU0308,1,PHU0308,PH,1," 2/27/13"
"Lil Jon & The East Side Boyz wvocal","Get Low",PHU0308,10,PHU0308,PH,1," 2/27/13"
"Lil Jon & The Eastside Boys & Ying Yang","Get Low",SC8844,12,SC8844,SC,1," 2/27/13"
"Lil Jon & The Eastside Boyz","What U Gon' Do",PHU0501,4,PHU0501,PH,1," 2/27/13"
"Lil Jon & Usher & Ludacris","Lovers & Friends",PHM0502,3,PHM0502,PH,1," 2/27/13"
"Lil Kee","Buss It Wide Open",PHMU1201,9,PHMU1201,PH,1," 2/27/13"
"Lil Mama Feat Chris Brown & T Pain","Shawty Get Loose",PHMU0805,8,PHMU0805,PH,1," 2/27/13"
"Lil Mo & Fabolous","4 Ever",PHU0306,9,PHU0306,PH,1," 2/27/13"
"Lil Mo & Fabolous wvocal","4 Ever",PHU0306,18,PHU0306,PH,1," 2/27/13"
"Lil Ru","Nasty Song",PHMU0907,8,PHMU0907,PH,1," 2/27/13"
"Lil Scrappy","No Problem",PHU0409,8,PHU0409,PH,1," 2/27/13"
"Lil Scrappy feat Stuey Rock","Bad (That's Her)",PHMU1012,4,PHMU1012,PH,1," 2/27/13"
"Lil Scrappy wvocal","No Problem",PHU0409,17,PHU0409,PH,1," 2/27/13"
"Lil Wayne","A Milli",PHMP0808,3,PHMP0808,PH,1," 2/27/13"
"Lil Wayne Feat Bobby Valentino","Mrs. Officer",PHMU0811,5,PHMU0811,PH,1," 2/27/13"
"Lil Wayne Feat Static Major",Lollipop,PHMU0806,1,PHMU0806,PH,1," 2/27/13"
"Lil Wayne Feat T-Pain","Got Money",PHMU0810,2,PHMU0810,PH,1," 2/27/13"
"Lil' Flip","Game Over",PHU0406,8,PHU0406,PH,1," 2/27/13"
"Lil' Kim","Jump Off, The",PHU0305,2,PHU0305,PH,1," 2/27/13"
"Lil' Kim & 50 Cent","Magic Stick",SC8853,10,SC8853,SC,1," 2/27/13"
"Lil' Kim & 50 Cent wvocal","Magic Stick",PHU0309,13,PHU0309,PH,1," 2/27/13"
"Lil' Kim & Mr. Cheeks","Jump Off, The",SC8822,10,SC8822,SC,1," 2/27/13"
"Lil' Kim & Sisqo","How Many Licks",SC8700,13,SC8700,SC,1," 2/27/13"
"Lil' Kim Feat. 50 Cent","Magic Stick",THMH-0311,7,THMH-0311,TH,1," 2/27/13"
"Lil' Kim Feat. Mr. Cheeks","Jump Off, The",THMH0310,8,THMH0310,TH,1," 2/27/13"
"Lil' Kim wvocal","Jump Off, The",PHU0305,11,PHU0305,PH,1," 2/27/13"
"Lil' Mo","Shoulda Known",THMH-0311,5,THMH-0311,TH,1," 2/27/13"
"Lil' Mo",Superwoman,SC8702,11,SC8702,SC,1," 2/27/13"
"Lil' Romeo","My Baby",MM6404,9,MM6404,MM,1," 2/27/13"
"Lil' Romeo & Ms. Peaches","My Baby",SC8708,3,SC8708,SC,1," 2/27/13"
Lillix,"It's About Time",THMP0307,16,THMP0307,TH,1," 2/27/13"
Lillix,Tomorrow,THP0401,15,THP0401,TH,1," 2/27/13"
Lillix,"What I Like About You",MM6404,15,MM6404,MM,1," 2/27/13"
"Lillix wvocal","It's About Time",SC3375,14,SC3375,SC,1," 2/27/13"
"Lily Allen","The Fear",PHMP0904,1,PHMP0904,PH,1," 2/27/13"
Limahl,"Never Ending Story",SC8782,14,SC8782,SC,1," 2/27/13"
"Limbo Rock","Checker, Chubby",AH2013,14,AH2013,AH,1," 2/27/13"
"Limmie & The Family Cooking","You Can Do Magic",SF101,1,SF101,SF,1," 2/27/13"
"Limp Bizkit","Behind Blue Eyes",SF213,15,SF213,SF,1," 2/27/13"
"Limp Bizkit",Boiler,SC8720,2,SC8720,SC,1," 2/27/13"
"Limp Bizkit","Break Stuff",SC8629,8,SC8629,SC,1," 2/27/13"
"Limp Bizkit",Faith,SC8626,12,SC8626,SC,1," 2/27/13"
"Limp Bizkit","Gold Cobra",PHMP1109,7,PHMP1109,PH,1," 2/27/13"
"Limp Bizkit","My Way",SF180,5,SF180,SF,1," 2/27/13"
"Limp Bizkit",Nookie,SC8626,11,SC8626,SC,1," 2/27/13"
"Limp Bizkit",Re-Arranged,SC8626,15,SC8626,SC,1," 2/27/13"
"Limp Bizkit",Rollin,SF176,9,SF176,SF,1," 2/27/13"
"Limp Bizkit",Rollin',SC3228,5,SC3228,SC,1," 2/27/13"
"Limp Bizkit",Rolling,SC8659,12,SC8659,SC,1," 2/27/13"
"Limp Bizkit","Take A Look Around",SF169,6,SF169,SF,1," 2/27/13"
"Limp Bizkit","Take A Look Around (M-I-2)",SC8626,8,SC8626,SC,1," 2/27/13"
"Limp Bizkit","Take A Look Around (Mi-2)",SC8618,15,SC8618,SC,1," 2/27/13"
"Limp Bizkit wvocal",Nookie,SC2221,13,SC2221,SC,1," 2/27/13"
"Lind, Bob","Elusive Butterfly",DK030,12,DK030,DK,1," 2/27/13"
"Linda Chaparrita","La Differenzia",SC7106,14,SC7106,SC,1," 2/27/13"
"Linda On My Mind","Twitty, Conway",TU193,13,TU193,TU,1," 2/27/13"
"Linda Ronstadt","Blue Train, The",SC8170,6,SC8170,SC,1," 2/27/13"
"Linda Ronstadt","Heat Wave",SC8153,5,SC8153,SC,1," 2/27/13"
"Linda Ronstadt","Walk On",SC8179,4,SC8179,SC,1," 2/27/13"
"Linda Ronstadt & Aaron Neville","Don't Know Much",SC8119,2,SC8119,SC,1," 2/27/13"
"Linda Ronstadt & James Ingram","Somewhere Out There",SC8119,7,SC8119,SC,1," 2/27/13"
Lindisfarne,"Meet Me On The Corner",SF104,5,SF104,SF,1," 2/27/13"
"Lines, Aaron","Love Changes Everything",MM6389,14,MM6389,MM,1," 2/27/13"
"Lines, Aaron","You Can't Hide Beautiful",CB60241,4,CB60241,CB,1," 2/27/13"
"Linkin Park",Crawling,SC8699,13,SC8699,SC,1," 2/27/13"
"Linkin Park","In The End",CB30019,14,CB30019,CB,1," 2/27/13"
"Linkin Park","Lying From You",PHR0405,3,PHR0405,PH,1," 2/27/13"
"Linkin Park",Numb,THR0401,11,THR0401,TH,1," 2/27/13"
"Linkin Park","One Step Closer",SC8659,13,SC8659,SC,1," 2/27/13"
"Linkin Park",Papercut,SC8758,4,SC8758,SC,1," 2/27/13"
"Linkin Park",Runaway,PHR0208,8,PHR0208,PH,1," 2/27/13"
"Linkin Park","Somewhere I Belong",SF204,14,SF204,SF,1," 2/27/13"
"Lion Sleeps Tonight, The","Nash, Johnny",TUFP04,6,TUFP04,TU,1," 2/27/13"
"Lion Sleeps Tonight, The","Tokens, The",KJT09,11,KJT09,KJ,1," 2/27/13"
"Lionel Richie","Penny Lover",SC8378,10,SC8378,SC,1," 2/27/13"
"Lionel Richie & Diana Ross","Endless Love",CBEP467-2,2,CBEP467-2,CB,1," 2/27/13"
"Lionel Richie, Feat, Iglesias, Enrique","To Love A Woman",SF204,11,SF204,SF,1," 2/27/13"
"Lipps Inc.","Funky Town",SF107,9,SF107,SF,1," 2/27/13"
"Lipps Inc.",Funkytown,DK095,14,DK095,DK,1," 2/27/13"
"Lipps, Inc.","Funky Town",CBEP468-4,13,CBEP468-4,CB,1," 2/27/13"
"Lipstick And Bruises",Lit,PHR0112,2,PHR0112,PH,1," 2/27/13"
"Liquid Dreams",O-Town,PHM0104,4,PHM0104,PH,1," 2/27/13"
"Lisa Lisa & Cult Jam","All Cried Out",DK046,7,DK046,DK,1," 2/27/13"
"Lisa Lisa & Cult Jam","Head To Toe",DK027,3,DK027,DK,1," 2/27/13"
"Lisa Lisa & Cult Jam","Lost In Emotion",DK046,8,DK046,DK,1," 2/27/13"
"Lisa Matassa","Me Time",PHMC1111,2,PHMC1111,PH,1," 2/27/13"
Lit,"Lipstick And Bruises",SC8731,13,SC8731,SC,1," 2/27/13"
Lit,Miserable,SC8601,14,SC8601,SC,1," 2/27/13"
Lit,"My Own Worst Enemy",SC7584,15,SC7584,SC,1," 2/27/13"
Lit,Zip-Lock,SC8559,11,SC8559,SC,1," 2/27/13"
Lithium,Nirvana,BS5417,5,BS5417,BS,1," 2/27/13"
"Little Anthony","I'm On The Outside Looking In",MM6368,13,MM6368,MM,1," 2/27/13"
"Little Anthony","Tears On My Pillow",MMRB2-5,9,MMRB2-5,MM,1," 2/27/13"
"Little Anthony & Imperials","Hurt So Bad",MM6401,5,MM6401,MM,1," 2/27/13"
"Little Anthony & Imperials, The","Goin' Out Of My Head",DK032,17,DK032,DK,1," 2/27/13"
"Little Anthony & Imperials, The","Shimmey Shimmy Ko Ko Bop",SC8544,7,SC8544,SC,1," 2/27/13"
"Little Anthony & Imperials, The","Tears On My Pillow",DK072,12,DK072,DK,1," 2/27/13"
"Little Anthony & The Imperials","Goin' Out Of My Head",SC8258,14,SC8258,SC,1," 2/27/13"
"Little Anthony & The Imperials","Going Out Of My Head",CB5014-03,14,CB5014-03,CB,1," 2/27/13"
"Little Anthony & The Imperials","Going Out Of My Head Over You",MMRB03,18,MMRB03,MM,1," 2/27/13"
"Little Anthony & The Imperials","Hurt So Bad",CB5014-03,9,CB5014-03,CB,1," 2/27/13"
"Little Anthony & The Imperials","Shimmy Shimmy Ko Ko Bop",CBEP459-2,15,CBEP459-2,CB,1," 2/27/13"
"Little Anthony & The Imperials","Tears On My Pillow",SC8418,14,SC8418,SC,1," 2/27/13"
"Little Anthony & The Imperials","Those Oldies But Goodies",SC8206,8,SC8206,SC,1," 2/27/13"
"Little Big Town","Don't Waste My Time",CB60232,15,CB60232,CB,1," 2/27/13"
"Little Big Town","Everything Changes",CB60238,14,CB60238,CB,1," 2/27/13"
"Little Big Town","Fine Line",PHMC0810,5,PHMC0810,PH,1," 2/27/13"
"Little Big Town","Kiss Goodbye",PHMC1101,3,PHMC1101,PH,1," 2/27/13"
"Little Big Town","Kiss Goodbye (MPX)",PHMC1101,12,PHMC1101,PH,1," 2/27/13"
"Little Bit More, A","Dr. Hook",SF071,12,SF071,SF,1," 2/27/13"
"Little Bit Of You, A","Parnell, Lee Roy",BS5117,8,BS5117,BS,1," 2/27/13"
"Little Bitty","Jackson, Alan",TU101,10,TU101,TU,1," 2/27/13"
"Little Ceasar And The Romans","Those Oldies But Goodies",CBEP455-4,3,CBEP455-4,CB,1," 2/27/13"
"Little Deuce Coupe","Beach Boys, The",BS8517,14,BS8517,BS,1," 2/27/13"
"Little Eva","Keep Your Hands Off My Baby",SC8415,1,SC8415,SC,1," 2/27/13"
"Little Eva","Loco-Motion, The",SC7201,13,SC7201,SC,1," 2/27/13"
"Little Eva",Locomotion,CB80044,10,CB80044,CB,1," 2/27/13"
"Little Eva","Locomotion, The",SAVP01,18,SAVP01,SA,1," 2/27/13"
"Little Feat","Dixie Chicken",DKM2020,13,DKM2020,DK,1," 2/27/13"
"Little Feat","Fat Man In The Bathtub",SC8479,2,SC8479,SC,1," 2/27/13"
"Little Feat","Oh Atlanta",SC8449,11,SC8449,SC,1," 2/27/13"
"Little Feat",Willin',SC8624,12,SC8624,SC,1," 2/27/13"
"Little Girl","McEntire, Reba",THMP033,11,THMP033,TH,1," 2/27/13"
"Little Green Apples","Smith, O.C.",AH8012,9,AH8012,AH,1," 2/27/13"
"Little Jimmy Dickens","May The Bird Of Paradise Fly Up Your Nos",CB80096,7,CB80096,CB,1," 2/27/13"
"Little Man",Cher,RSZ606,21,RSZ606,RS,1," 2/27/13"
"Little Man","Jackson, Alan",TU101,11,TU101,TU,1," 2/27/13"
"Little Milton","Grits Ain't Groceries",SC8675,15,SC8675,SC,1," 2/27/13"
"Little Miss Lover","Hendrix, Jimi",DG06,1,DG06,DG,1," 2/27/13"
"Little Night Of Music, A","Send In The Clowns",MMBH1-1,2,MMBH1-1,MM,1," 2/27/13"
"Little Peggy March","I Will Follow Him",CB80045,5,CB80045,CB,1," 2/27/13"
"Little People","O' White Christmas",SC8780,13,SC8780,SC,1," 2/27/13"
"Little Richard","Good Golly Miss Molly",MM6007,15,MM6007,MM,1," 2/27/13"
"Little Richard","Jenny Jenny",DK001,8,DK001,DK,1," 2/27/13"
"Little Richard","Long Tall Sally",CBE14,11,CBE14,CB,1," 2/27/13"
"Little Richard",Lucille,DK015,12,DK015,DK,1," 2/27/13"
"Little Richard","Lucille (You Won't Do Your Daddy's Will)",SGB056,9,SGB056,SG,1," 2/27/13"
"Little Richard","Rip It Up",SF048,15,SF048,SF,1," 2/27/13"
"Little Richard","Tutti Frutti",DK016,14,DK016,DK,1," 2/27/13"
"Little River Band, The","Cool Change",SC8404,13,SC8404,SC,1," 2/27/13"
"Little River Band, The","Happy Anniversary",SC8197,9,SC8197,SC,1," 2/27/13"
"Little River Band, The","Help Is On Its Way",SC8568,14,SC8568,SC,1," 2/27/13"
"Little River Band, The",Lady,SC8456,4,SC8456,SC,1," 2/27/13"
"Little River Band, The","Lonesome Loser",SC8231,13,SC8231,SC,1," 2/27/13"
"Little River Band, The","Night Owls, The",SC8283,11,SC8283,SC,1," 2/27/13"
"Little River Band, The","Other Guy, The",SC8583,10,SC8583,SC,1," 2/27/13"
"Little River Band, The",Reminiscing,SC8174,6,SC8174,SC,1," 2/27/13"
"Little River Band, The","Take It Easy On Me",SC8223,2,SC8223,SC,1," 2/27/13"
"Little Shop Of Horrors",Dentist,SC2233,4,SC2233,SC,1," 2/27/13"
"Little Shop Of Horrors","Suddenly Seymour",SC2222,7,SC2222,SC,1," 2/27/13"
"Little Shop Of Horrors, The",Dentist,MM6175,2,MM6175,MM,1," 2/27/13"
"Little Shop Of Horrors, The","Grow For Me",SC8547,13,SC8547,SC,1," 2/27/13"
"Little Sister","Presley, Elvis",ZMP001,11,ZMP001,ZM,1," 2/27/13"
"Little Texas","Amy's Back In Austin",SD009,6,SD009,SD,1," 2/27/13"
"Little Texas","Bad For Us",CB60013,11,CB60013,CB,1," 2/27/13"
"Little Texas","Country Crazy",SC8232,13,SC8232,SC,1," 2/27/13"
"Little Texas","First Time For Everything",CB60106,5,CB60106,CB,1," 2/27/13"
"Little Texas","God Blessed Texas",SC8104,13,SC8104,SC,1," 2/27/13"
"Little Texas","I'd Rather Miss You",SC8157,9,SC8157,SC,1," 2/27/13"
"Little Texas","Kick A Little",SD004,11,SD004,SD,1," 2/27/13"
"Little Texas","Life Goes On",SD021,8,SD021,SD,1," 2/27/13"
"Little Texas","My Love",SC8217,12,SC8217,SC,1," 2/27/13"
"Little Texas","Southern Grace",SD016,11,SD016,SD,1," 2/27/13"
"Little Texas","Stop On A Dime",MM6077,11,MM6077,MM,1," 2/27/13"
"Little Texas","What Might Have Been",CB60049,14,CB60049,CB,1," 2/27/13"
"Little Texas","What Were You Thinkin'",CB60112,7,CB60112,CB,1," 2/27/13"
"Little Texas","You And Forever And Me",SC8502,9,SC8502,SC,1," 2/27/13"
"Little Thingsÿ",India.Arie,THH0212,15,THH0212,TH,1," 2/27/13"
Live,"All Over You",SC8199,3,SC8199,SC,1," 2/27/13"
Live,"Dolphin's Cry, The",SC8572,10,SC8572,SC,1," 2/27/13"
Live,"Dolphins Cry, The",MM6290,2,MM6290,MM,1," 2/27/13"
Live,Heaven,SC8845,12,SC8845,SC,1," 2/27/13"
Live,"I Alone",SC8471,13,SC8471,SC,1," 2/27/13"
Live,"Lakini's Juice",SC8357,3,SC8357,SC,1," 2/27/13"
Live,"Lightning Crashes",SGB14,17,SGB14,SG,1," 2/27/13"
Live,"Run To The Water",MM6295,14,MM6295,MM,1," 2/27/13"
Live,"Selling The Drama",SGB063,4,SGB063,SG,1," 2/27/13"
Live,"Simple Creed",PHR0111,3,PHR0111,PH,1," 2/27/13"
Live,"Turn My Head",PHM9708,6,PHM9708,PH,1," 2/27/13"
Live,"White Discussion",SC8203,7,SC8203,SC,1," 2/27/13"
"LIVE A LIE",DEFAULT,TT171,8,TT171,TT,1," 2/27/13"
"Live And Let Die","Guns 'N Roses",PSJT147,5,PSJT147,PS,1," 2/27/13"
"Live Forever","Oasis w~vocal",BS5217,4,BS5217,BS,1," 2/27/13"
"Live Those Songs","Chesney, Kenny",TU185,8,TU185,TU,1," 2/27/13"
"Livin' For The City","Wonder, Stevie",HV04,7,HV04,HV,1," 2/27/13"
"Livin' Inside Myself","Vanelli, Gino",HV09,10,HV09,HV,1," 2/27/13"
"Livin' Joy","Don't Stop Movin'",SF061,5,SF061,SF,1," 2/27/13"
"Livin' Joy",Dreamer,SF029,3,SF029,SF,1," 2/27/13"
"Livin' La Vida Loca","Martin, Ricky",PHT9906,1,PHT9906,PH,1," 2/27/13"
"Livin' On Love","Jackson, Alan",TU101,12,TU101,TU,1," 2/27/13"
"Livin' On The Edge",Aerosmith,DG05,15,DG05,DG,1," 2/27/13"
"Living & Living Well","Strait, George",THC0205,18,THC0205,TH,1," 2/27/13"
"Living And Living Well","Strait, George",PHN0205,3,PHN0205,PH,1," 2/27/13"
"Living Colour","Cult Of Personality",SC8609,7,SC8609,SC,1," 2/27/13"
"Living Colour","Love Rears Its Ugly Head",SC8598,15,SC8598,SC,1," 2/27/13"
"Living In The Promiseland","Nelson, Willie",TU208,11,TU208,TU,1," 2/27/13"
"Ll Cool J","Around The Way Girl",MM6170,10,MM6170,MM,1," 2/27/13"
"LL Cool J",Headsprung,SC8888,13,SC8888,SC,1," 2/27/13"
"Ll Cool J","Hey Lover",SC8220,13,SC8220,SC,1," 2/27/13"
"LL Cool J",Hush,PHU0412,1,PHU0412,PH,1," 2/27/13"
"LL Cool J","Hush (Pop Mix)",PHM0501,7,PHM0501,PH,1," 2/27/13"
"Ll Cool J","Imagine That",SC8654,14,SC8654,SC,1," 2/27/13"
"Ll Cool J","Luv U Bette",CB30030,13,CB30030,CB,1," 2/27/13"
"LL Cool J","Luv U Better",PHU0211,7,PHU0211,PH,1," 2/27/13"
"Ll Cool J","Luv U Better",CBEP473-5,12,CBEP473-5,CB,1," 2/27/13"
"Ll Cool J & Amerie",Paradise,SC8812,10,SC8812,SC,1," 2/27/13"
"LL Cool J & Amerie",Paradise,THH0303,11,THH0303,TH,1," 2/27/13"
"Ll Cool J & Amerie W-Vocal",Paradise,PHU0303,9,PHU0303,PH,1," 2/27/13"
"LL Cool J & Kandice Love",Amazin',PHU0307,9,PHU0307,PH,1," 2/27/13"
"LL Cool J wvocal","Luv U Better",PHU0211,16,PHU0211,PH,1," 2/27/13"
Lloyd,"Girls Around The World",PHMU0808,1,PHMU0808,PH,1," 2/27/13"
Lloyd,"Lay It Down",PHMU1011,3,PHMU1011,PH,1," 2/27/13"
Lloyd,Naked,PHMU1110,8,PHMU1110,PH,1," 2/27/13"
"Lloyd & Ashanti",Southside,PHU0410,3,PHU0410,PH,1," 2/27/13"
"Lloyd Banks feat Juelz Santana","Beamer, Benz Or Bentley",PHMU1007,3,PHMU1007,PH,1," 2/27/13"
"Lloyd Banks ft. Kanye West, Swizz Beatz,","Start It Up",PHMU1101,7,PHMU1101,PH,1," 2/27/13"
"Lloyd Banks ft. Kanye West, Swizz Beatz,","Start It Up (MPX)",PHMU1101,16,PHMU1101,PH,1," 2/27/13"
"Lloyd feat Awesome Jones",Cupid,PHMU1108,1,PHMU1108,PH,1," 2/27/13"
"Lloyd feat Ludacris","How We Do It",PHMU0806,5,PHMU0806,PH,1," 2/27/13"
"Lloyd Price",Personality,SF063,15,SF063,SF,1," 2/27/13"
"Lloyd Price","Stagger Lee",SC8361,11,SC8361,SC,1," 2/27/13"
LMFAO,"Sexy and I Know It",PHMP1201,1,PHMP1201,PH,1," 2/27/13"
"LMFAO feat. Lauren Bennett & GoonRock","Party Rock Anthem",PHMP1109,1,PHMP1109,PH,1," 2/27/13"
Lmnt,Juliet,MM6404,7,MM6404,MM,1," 2/27/13"
Lobo,"Don't Expect Me To Be Your Friend",SC8393,8,SC8393,SC,1," 2/27/13"
Lobo,"Don't Tell Me Goodnight",SC8594,9,SC8594,SC,1," 2/27/13"
Lobo,"I'd Love You To Want Me",DK033,10,DK033,DK,1," 2/27/13"
Lobo,"Me & You & A Dog Name Boo",SF051,2,SF051,SF,1," 2/27/13"
Lobo,"Me & You & A Dog Named Boo",DK032,18,DK032,DK,1," 2/27/13"
Lobo,"Me And You And A Dog Named Boo",CBEP464-2,3,CBEP464-2,CB,1," 2/27/13"
Lobo,"Where Were You When I Was Falling In Lov",SC8634,15,SC8634,SC,1," 2/27/13"
"Local H","All The Kids Are Right",SC8490,8,SC8490,SC,1," 2/27/13"
"Locke, Kimberley","8th World Wonder",SC8865,8,SC8865,SC,1," 2/27/13"
"Locke, Kimberley",Wrong,PHM0411,9,PHM0411,PH,1," 2/27/13"
"Locke, Kimberley wvocal",Wrong,PHM0411,18,PHM0411,PH,1," 2/27/13"
"Locke, Kimberly","8th World Wonder",PHM0405,7,PHM0405,PH,1," 2/27/13"
"Locklin, Hank","Followed Closely By My Teardrops",CB90220,15,CB90220,CB,1," 2/27/13"
"Locklin, Hank","From Here To There To You",CB90220,12,CB90220,CB,1," 2/27/13"
"Locklin, Hank","Geisha Girl",CB90220,6,CB90220,CB,1," 2/27/13"
"Locklin, Hank","Happy Birthday To Me",CB90220,8,CB90220,CB,1," 2/27/13"
"Locklin, Hank","Happy Journey",CB90220,9,CB90220,CB,1," 2/27/13"
"Locklin, Hank","It's A Little More Like Heaven",SC8555,1,SC8555,SC,1," 2/27/13"
"Locklin, Hank","Let Me Be The One",CB90220,4,CB90220,CB,1," 2/27/13"
"Locklin, Hank","One Step Ahead Of My Past",CB90220,11,CB90220,CB,1," 2/27/13"
"Locklin, Hank","Please Help Me, I'm Falling",CB60021,7,CB60021,CB,1," 2/27/13"
"Locklin, Hank","Please Help Me, I'm Falling (In Love Wit",SC8158,8,SC8158,SC,1," 2/27/13"
"Locklin, Hank","Please Help Me, I'm Falling In Love With",SC7589,9,SC7589,SC,1," 2/27/13"
"Locklin, Hank","Send Me The Pillow That You Dream On",SC7567,2,SC7567,SC,1," 2/27/13"
"Locklin, Hank","Send Me The Pillow You Dream On",CBE4-13,15,CBE4-13,CB,1," 2/27/13"
"Locklin, Hank","The Country Hall Of Fame",CB90220,10,CB90220,CB,1," 2/27/13"
"Locklin, Hank","The Same Sweet Girl",CB90220,3,CB90220,CB,1," 2/27/13"
"Locklin, Hank","We're Gonna Go Fishin'",CB90220,14,CB90220,CB,1," 2/27/13"
"Locklin, Hank","Why Baby Why",CB90220,5,CB90220,CB,1," 2/27/13"
"Locklin, Hank","You're The Reason",CB90220,13,CB90220,CB,1," 2/27/13"
"Locomotion, The","Little Eva",KJT09,16,KJT09,KJ,1," 2/27/13"
Lodger,"I'm Leaving",SF120,11,SF120,SF,1," 2/27/13"
Lodi,"Creedence Clearwater Revival",AMS1506,8,AMS1506,AM,1," 2/27/13"
"Loeb, Lisa","All Day",SC8508,5,SC8508,SC,1," 2/27/13"
"Loeb, Lisa","Do You Sleep",SC8350,8,SC8350,SC,1," 2/27/13"
"Loeb, Lisa","I Do",SC8422,12,SC8422,SC,1," 2/27/13"
"Loeb, Lisa","Let's Forget About It",SC8453,8,SC8453,SC,1," 2/27/13"
"Loeb, Lisa",Stay,CBEP457-2,8,CBEP457-2,CB,1," 2/27/13"
"Loeb, Lisa","Stay (I Missed You)",SC8787,14,SC8787,SC,1," 2/27/13"
"Loeb, Lisa",Underdog,CB30033,14,CB30033,CB,1," 2/27/13"
"Loeb, Lisa & The Nine Stories","Do You Sleep",MM6133,15,MM6133,MM,1," 2/27/13"
"Loeb, Lisa & The Nine Stories","Stay (I Missed You)",SC8209,15,SC8209,SC,1," 2/27/13"
"Loeb, Lisa & The Nine Stories",Taffy,SC8254,12,SC8254,SC,1," 2/27/13"
"Loeb, Lisa & The Nine Stories","Waiting For Wednesday",SC8299,7,SC8299,SC,1," 2/27/13"
"Logan Mize",Sunflowers,PHMC1206,5,PHMC1206,PH,1," 2/27/13"
"Loggins & Messina","Danny's Song",SC8413,1,SC8413,SC,1," 2/27/13"
"Loggins & Messina","Your Mama Don't Dance",SC7203,15,SC7203,SC,1," 2/27/13"
"Loggins, Dave","Please Come To Boston",CBE21,13,CBE21,CB,1," 2/27/13"
"Loggins, Dave & Murray, Ann","Nobody Loves Me Like You Do",CBE2-02,6,CBE2-02,CB,1," 2/27/13"
"Loggins, Kenny","Danger Zone",SC8573,10,SC8573,SC,1," 2/27/13"
"Loggins, Kenny",Footloose,SC7506,13,SC7506,SC,1," 2/27/13"
"Loggins, Kenny","For The First Time",SC8457,10,SC8457,SC,1," 2/27/13"
"Loggins, Kenny","Forever Love",SC8477,12,SC8477,SC,1," 2/27/13"
"Loggins, Kenny","I'm Alright",CBE4-05,12,CBE4-05,CB,1," 2/27/13"
"Loggins, Kenny","Meet Me Half Way",SC8588,14,SC8588,SC,1," 2/27/13"
"Loggins, Kenny","Nobody's Fool",SC8283,3,SC8283,SC,1," 2/27/13"
"Loggins, Kenny","Real Thing, The",SC8274,10,SC8274,SC,1," 2/27/13"
"Loggins, Kenny","This Is It",CBE4-05,7,CBE4-05,CB,1," 2/27/13"
"Loggins, Kenny & Nicks, Stevie","Whenever I Call You Friend",SC7581,15,SC7581,SC,1," 2/27/13"
"Loggins, Kenny & Stevie Nicks","Whenever I Call You Friend",SC8482,14,SC8482,SC,1," 2/27/13"
"Lohan, Lindsay","Drama Queen",PHM0407,4,PHM0407,PH,1," 2/27/13"
"Lohan, Lindsay",Over,PHM0503,1,PHM0503,PH,1," 2/27/13"
"Lohan, Lindsay",Rumors,PHM0412,9,PHM0412,PH,1," 2/27/13"
"Lohan, Lindsay",Ultimate,MM6404,6,MM6404,MM,1," 2/27/13"
Lola,"Damn Yankees",KC008,2,KC008,KC,1," 2/27/13"
Lolly,Mickey,SF148,6,SF148,SF,1," 2/27/13"
Lolly,"Viva La Radio",SF144,12,SF144,SF,1," 2/27/13"
"London Beat","Come Back",SC8164,3,SC8164,SC,1," 2/27/13"
"London Beat","I've Been Thinking About You",SF004,9,SF004,SF,1," 2/27/13"
"London, Julie","Cry Me A River",SC7599,13,SC7599,SC,1," 2/27/13"
Londonbeat,"I've Been Thinking About You",CBEP458-5,6,CBEP458-5,CB,1," 2/27/13"
"Lone Star Blues","McClinton, Delbert",TU172,10,TU172,TU,1," 2/27/13"
"Lonely Road Of Faith","Kid Rock",TU098,11,TU098,TU,1," 2/27/13"
"Lonesome Day","Springsteen, Bruce",THP0301,18,THP0301,TH,1," 2/27/13"
"Lonesome River Band, The","Am I A Fool",CBEP476-5,6,CBEP476-5,CB,1," 2/27/13"
"Lonesome River Band, The","Mary Ann",CBEP476-6,11,CBEP476-6,CB,1," 2/27/13"
"Lonesome River Band, The","Sittin' On Top Of The World",CBEP476-2,8,CBEP476-2,CB,1," 2/27/13"
Lonestar,Amazed,SC7595,11,SC7595,SC,1," 2/27/13"
Lonestar,"Come Cryin' To Me",CHM9707,19,CHM9707,CH,1," 2/27/13"
Lonestar,"Everything's Changed",CB60121,12,CB60121,CB,1," 2/27/13"
Lonestar,"Heartbreak Every Day",CHM9704,13,CHM9704,CH,1," 2/27/13"
Lonestar,"Heartbroke Every Day",SD035,10,SD035,SD,1," 2/27/13"
Lonestar,"I'm Already There",CB60218,13,CB60218,CB,1," 2/27/13"
Lonestar,"Let Me Love You",PHMC0807,5,PHMC0807,PH,1," 2/27/13"
Lonestar,"Let's Be Us Again",SC8877,10,SC8877,SC,1," 2/27/13"
Lonestar,"Mr. Mom",MM6418,5,MM6418,MM,1," 2/27/13"
Lonestar,"My Front Porch Looking In",THMC0307,13,THMC0307,TH,1," 2/27/13"
Lonestar,"No News",SD024,8,SD024,SD,1," 2/27/13"
Lonestar,"Not A Day Goes By",CB60230,11,CB60230,CB,1," 2/27/13"
Lonestar,"Runnin' Away With My Heart",SC8294,15,SC8294,SC,1," 2/27/13"
Lonestar,"Saturday Night",SC8524,11,SC8524,SC,1," 2/27/13"
Lonestar,"Say When",CHM9808,18,CHM9808,CH,1," 2/27/13"
Lonestar,Smile,SC8566,12,SC8566,SC,1," 2/27/13"
Lonestar,"Tell Her",CB90159,13,CB90159,CB,1," 2/27/13"
Lonestar,"Tequila Talkin'",CB90159,14,CB90159,CB,1," 2/27/13"
Lonestar,"Unusually Unusal",CBE4-26,2,CBE4-26,CB,1," 2/27/13"
Lonestar,"Unusually Unusual",SC8714,9,SC8714,SC,1," 2/27/13"
Lonestar,"Walkin' In Memphis",MM6395,4,MM6395,MM,1," 2/27/13"
Lonestar,"Walking In Memphis",THC0312,12,THC0312,TH,1," 2/27/13"
Lonestar,"What About Now",CB90159,15,CB90159,CB,1," 2/27/13"
Lonestar,"When Cowboys Didn't Dance",SC8328,8,SC8328,SC,1," 2/27/13"
Lonestar,"With Me",SC8723,11,SC8723,SC,1," 2/27/13"
Lonestar,"You Walked In",CHM9712,16,CHM9712,CH,1," 2/27/13"
"Lonestar wvocal","Mr. Mom",PHN0411,10,PHN0411,PH,1," 2/27/13"
Lonestarÿ,"My Front Porch Looking In",CB60248,4,CB60248,CB,1," 2/27/13"
"Long Cool Woman In A Black Dress","Hollies, The",AH2000,5,AH2000,AH,1," 2/27/13"
"Long Neck Bottle","Brooks, Garth",RSZ610,4,RSZ610,RS,1," 2/27/13"
"Long Run, The","Eagles, The",BS9017,5,BS9017,BS,1," 2/27/13"
"Long Tall Sally","Presley, Elvis",KC006,12,KC006,KC,1," 2/27/13"
"Long, Janna","Greater Is He",CBE4-29,10,CBE4-29,CB,1," 2/27/13"
Long-Reef,Lonely,PHMP1111,5,PHMP1111,PH,1," 2/27/13"
"Longer Than","Fogelberg, Dan",KC007,6,KC007,KC,1," 2/27/13"
"Longest Time, The","Joel, Billy",BS9117,11,BS9117,BS,1," 2/27/13"
"Longfellow Serenade","Diamond, Neil",AH7051,10,AH7051,AH,1," 2/27/13"
Longview,Greenday,AH2003,11,AH2003,AH,1," 2/27/13"
"Lonny Bereal feat Kelly Rowland",Favor,PHMU1111,3,PHMU1111,PH,1," 2/27/13"
"Look At Little Sister","Vaughn, Stevie Ray",DG04,14,DG04,DG,1," 2/27/13"
"Look At Me Now",Sixwire,PHN0207,7,PHN0207,PH,1," 2/27/13"
"Looking Down",Audiovent,TU159,10,TU159,TU,1," 2/27/13"
"Looking Glass","Brandy (You're A Fine Girl)",DK057,9,DK057,DK,1," 2/27/13"
"Looking Glass","Brandy You're A Fine Girl",DKM2018,14,DKM2018,DK,1," 2/27/13"
"Looking Through Your Eyes","Twain, Shania",BS9517,3,BS9517,BS,1," 2/27/13"
"Loose Ends","Hangin' On A String",BL24,13,BL24,BL,1," 2/27/13"
"Lopez, Jennifer","Ain't It Funny",MM6364,13,MM6364,MM,1," 2/27/13"
"Lopez, Jennifer",Alive,CB30023,10,CB30023,CB,1," 2/27/13"
"Lopez, Jennifer","All I Have",CB90175,3,CB90175,CB,1," 2/27/13"
"Lopez, Jennifer","Baby I Love You",SC8844,13,SC8844,SC,1," 2/27/13"
"Lopez, Jennifer","Could This Be Love",MM6308,9,MM6308,MM,1," 2/27/13"
"Lopez, Jennifer","Crazy Little Thing Called Love",SF144,10,SF144,SF,1," 2/27/13"
"Lopez, Jennifer","Feelin' So Good",SGB038,18,SGB038,SG,1," 2/27/13"
"Lopez, Jennifer","Feeling So Good",MM6308,15,MM6308,MM,1," 2/27/13"
"Lopez, Jennifer","Feelin' So Good",CB30001,13,CB30001,CB,1," 2/27/13"
"Lopez, Jennifer","Get Right",PHM0503,2,PHM0503,PH,1," 2/27/13"
"Lopez, Jennifer","I'm Glad",THMH0307,13,THMH0307,TH,1," 2/27/13"
"Lopez, Jennifer","I'm Gonna Be Alright",THH0306,17,THH0306,TH,1," 2/27/13"
"Lopez, Jennifer","I'm Real",SGB65,15,SGB65,SG,1," 2/27/13"
"Lopez, Jennifer","If You Had My Love",SC8542,15,SC8542,SC,1," 2/27/13"
"Lopez, Jennifer","I'm Gonna Be Alright",CB30025,11,CB30025,CB,1," 2/27/13"
"Lopez, Jennifer","Jenny From The Block",THH0301,15,THH0301,TH,1," 2/27/13"
"Lopez, Jennifer","Love Don't Cost A Thing",SC8664,12,SC8664,SC,1," 2/27/13"
"Lopez, Jennifer",Play,SC8695,13,SC8695,SC,1," 2/27/13"
"Lopez, Jennifer","Promise Me You'll Try",MM6308,10,MM6308,MM,1," 2/27/13"
"Lopez, Jennifer","Should've Never",MM6308,11,MM6308,MM,1," 2/27/13"
"Lopez, Jennifer","Too Late",MM6308,12,MM6308,MM,1," 2/27/13"
"Lopez, Jennifer","Waiting For Tonight",MM6308,14,MM6308,MM,1," 2/27/13"
"Lopez, Jennifer & Ja Rule","I'm Real",SC8717,8,SC8717,SC,1," 2/27/13"
"Lopez, Jennifer & Jadakiss & Styles","Jenny From The Block",SC8853,13,SC8853,SC,1," 2/27/13"
"Lopez, Jennifer & L. L. Cool J","All I Have",CB30034,3,CB30034,CB,1," 2/27/13"
"Lopez, Jennifer & Ll Cool J","All I Have",SC8853,6,SC8853,SC,1," 2/27/13"
"Lopez, Jennifer & LL Cool J","All I Have",THP0303,12,THP0303,TH,1," 2/27/13"
"Lopez, Jennifer & Ll Cool J","All I Have",SC8805,13,SC8805,SC,1," 2/27/13"
"Lopez, Jennifer & Nas","I'm Gonna Be Alright",SC8766,5,SC8766,SC,1," 2/27/13"
"Lopez, Jennifer &. 50 Cent","I'm Gonna Be Alright",CBEP473-5,1,CBEP473-5,CB,1," 2/27/13"
"Lopez, Jennifer &. L.L. Cool J","All I Have",CBEP473-6,9,CBEP473-6,CB,1," 2/27/13"
"Lopez, Jennifer wvocal","Baby I Love You",SC3383,13,SC3383,SC,1," 2/27/13"
"Lopez, Jennifer wvocal","If You Had My Love",PHM9906,17,PHM9906,PH,1," 2/27/13"
"Lopez, Jennifer wvocal","Jenny From The Block",PHM0301,15,PHM0301,PH,1," 2/27/13"
"Lopez, Jennifer wvocal","Waiting For Tonight",PHM9912,11,PHM9912,PH,1," 2/27/13"
"Lopez, Jennifer, Feat, L.l. Cool J","All I Have",SF204,9,SF204,SF,1," 2/27/13"
"Lopez, Trini","If I Had A Hammer",SF064,15,SF064,SF,1," 2/27/13"
"Lopez, Trini","Lemon Tree",DK060,5,DK060,DK,1," 2/27/13"
"Lord I Hope This Day is Good","Womack, Lee Ann",TUFP08,2,TUFP08,TU,1," 2/27/13"
"Loretta Lynn","One's On The Way",SC8367,6,SC8367,SC,1," 2/27/13"
"Loretta Lynn","Rated X",SC8367,5,SC8367,SC,1," 2/27/13"
"Loretta Lynn","Somebody Somewhere Don't Know What",SC8367,8,SC8367,SC,1," 2/27/13"
"Loretta Lynn","When The Tingle Becomes A Chill",SC8367,15,SC8367,SC,1," 2/27/13"
"Loretta Lynn, Sheryl Crow & Miranda Lamb","Coal Miner's Daughter",PHMC1101,8,PHMC1101,PH,1," 2/27/13"
"Loretta Lynn, Sheryl Crow & Miranda Lamb","Coal Miner's Daughter (MPX)",PHMC1101,17,PHMC1101,PH,1," 2/27/13"
"Loring, G. & C. Anderson","Friends And Lovers",SAVP21,13,SAVP21,SA,1," 2/27/13"
"Loring, Gloria & Carl Anderson","Friends & Lovers",SC8119,11,SC8119,SC,1," 2/27/13"
"Los Bravos","Black Is Black",SC8429,13,SC8429,SC,1," 2/27/13"
"Los Del Mar",Macarena,MMGCP9801,16,MMGCP9801,MM,1," 2/27/13"
"Los Del Rio",Macarena,SGB035,15,SGB035,SG,1," 2/27/13"
"Los Lobos","La Bamba",DKM2001,15,DKM2001,DK,1," 2/27/13"
"Los Lonely Boys",Heaven,SC8905,12,SC8905,SC,1," 2/27/13"
"Los Lonely Boys","More Than Love",SC8888,10,SC8888,SC,1," 2/27/13"
"Los Lonely Boys wvocal","More Than Love",PHM0411,15,PHM0411,PH,1," 2/27/13"
"LOSE YOURSELF",EMINEM,TT171,9,TT171,TT,1," 2/27/13"
"LOSING GRIP","AVRIL LAVIGNE",TT196,4,TT196,TT,1," 2/27/13"
"LOST TOGETHER","BLUE RODEO",KAR004,2,KAR004,KA,1," 2/27/13"
Lostprophets,"I Don't Know",PHR0502,3,PHR0502,PH,1," 2/27/13"
Lostprophets,"Last Train Home",PHR0403,7,PHR0403,PH,1," 2/27/13"
Lostprophets,"Wake Up (Make A Move)",PHR0412,5,PHR0412,PH,1," 2/27/13"
"Louisana's Leroux","New Orleans Ladies",SC8577,9,SC8577,SC,1," 2/27/13"
Louise,"2 Faced",SF169,15,SF169,SF,1," 2/27/13"
Louise,"Arms Around The World",SF115,10,SF115,SF,1," 2/27/13"
Louise,"Let's Go Round Again",SF117,3,SF117,SF,1," 2/27/13"
Louise,"Light Of My Life",SF029,9,SF029,SF,1," 2/27/13"
Louise,"Pandora's Kiss",SF209,6,SF209,SF,1," 2/27/13"
"Louisiana's Le Roux","New Orleans Ladies",MM6328,14,MM6328,MM,1," 2/27/13"
"Louvin Brothers, The","I Don't Believe You've Met Me Baby",SC8538,15,SC8538,SC,1," 2/27/13"
Love,"Lennon, John",RSZ607,15,RSZ607,RS,1," 2/27/13"
"Love & Rockets","So Alive",SC7564,5,SC7564,SC,1," 2/27/13"
"Love & Rockets","Sweet Lover Hangover",SC8277,7,SC8277,SC,1," 2/27/13"
"Love Affair","Everlasting Love",SF052,5,SF052,SF,1," 2/27/13"
"Love Affair","Rainbow Valley",SF100,2,SF100,SF,1," 2/27/13"
"Love And Rockets","So Alive",SC8696,12,SC8696,SC,1," 2/27/13"
"Love and Theft","Angel Eyes",PHMC1203,2,PHMC1203,PH,1," 2/27/13"
"Love And Theft",Runaway,PHMC0906,6,PHMC0906,PH,1," 2/27/13"
"Love At First Sight","Minogue, Kylie",PHM0209,6,PHM0209,PH,1," 2/27/13"
"Love Bizzare, A","Sheila E",AH8421,7,AH8421,AH,1," 2/27/13"
"Love Doesn't Really Matter","Jackson, Janet",TU022,12,TU022,TU,1," 2/27/13"
"Love Don't Cost A Thing","Lopez, Jennifer",TU022,13,TU022,TU,1," 2/27/13"
"Love Don't Cost A Thingÿ","Lopez, Jennifer",THPP14,14,THPP14,TH,1," 2/27/13"
"Love Gets Me Every Time","Twain, Shania",TUFP08,3,TUFP08,TU,1," 2/27/13"
"Love Gets Me Everytime","Twain, Shania",RSZ605,16,RSZ605,RS,1," 2/27/13"
"Love Her Madly","Doors, The",UK3103,9,UK3103,UK,1," 2/27/13"
"Love Hurts",Nazareth,DG03,5,DG03,DG,1," 2/27/13"
"Love I Lost, The","Harold Melvin & The Bluenotes",SF072,2,SF072,SF,1," 2/27/13"
"Love Inc","You're A Superstar",SF201,5,SF201,SF,1," 2/27/13"
"Love Is The Answer","England Dan & John Ford Coley",DG10,11,DG10,DG,1," 2/27/13"
"Love Is The Drug","Roxy Music",AH8008,12,AH8008,AH,1," 2/27/13"
"Love Lies Bleeding","John, Elton",AH2001,3,AH2001,AH,1," 2/27/13"
"Love Me Like You Used To","Tucker, Tanya",THMP035,12,THMP035,TH,1," 2/27/13"
"Love Me With All Your Heart","Humperdinck, Engelbert",BS8817,18,BS8817,BS,1," 2/27/13"
"Love Of A Woman","Tritt, Travis",TUFP26,2,TUFP26,TU,1," 2/27/13"
"Love Of My Life","McKnight, Brian",THH0203,12,THH0203,TH,1," 2/27/13"
"Love Of My Life (An Ode To Hip Hop)","Badu, Erykah & Common",THH0211,15,THH0211,TH,1," 2/27/13"
"Love On The Rocks","Diamond, Neil",AH7051,11,AH7051,AH,1," 2/27/13"
"Love Really Hurts Without You","Billy Ocean",SF072,5,SF072,SF,1," 2/27/13"
"Love Song",Tesla,AMS1501,6,AMS1501,AM,1," 2/27/13"
"Love Song, The","Bates, Jeff",TU185,12,TU185,TU,1," 2/27/13"
"Love Stinks","J. Geils Band, The",DG04,1,DG04,DG,1," 2/27/13"
"Love The One You're With","Stills, Stephen",KC007,3,KC007,KC,1," 2/27/13"
"Love Will Keep Us Together","Captain & Tennille, The",KJT08,18,KJT08,KJ,1," 2/27/13"
"Love Wont Work","Ronan Keating",SF187,16,SF187,SF,1," 2/27/13"
"Love You Out Loud","Rascal Flatts",TU185,9,TU185,TU,1," 2/27/13"
"Love You Save, The","Jackson Five, The",HV06B,3,HV06B,HV,1," 2/27/13"
"Love's Got A Hold On You","Jackson, Alan",TU101,13,TU101,TU,1," 2/27/13"
"Love, Courtney",Mono,PHR0404,9,PHR0404,PH,1," 2/27/13"
"Love, Darlene","Today I Met The Boy I'm Gonna Marry",MM6400,2,MM6400,MM,1," 2/27/13"
"Loveless, Patty","Blame It On Your Heart",MMGCOU01,20,MMGCOU01,MM,1," 2/27/13"
"Loveless, Patty","Blue Memories",SC8217,13,SC8217,SC,1," 2/27/13"
"Loveless, Patty","Blue Side Of Town, The",CB90048,3,CB90048,CB,1," 2/27/13"
"Loveless, Patty","Boys Are Back In Town, The",SC8751,9,SC8751,SC,1," 2/27/13"
"Loveless, Patty","Can't Get Enough",SC8512,11,SC8512,SC,1," 2/27/13"
"Loveless, Patty","Can't Stop Myself From Loving You",CB90048,14,CB90048,CB,1," 2/27/13"
"Loveless, Patty",Chains,SC8177,5,SC8177,SC,1," 2/27/13"
"Loveless, Patty","Chains, The",CB90048,7,CB90048,CB,1," 2/27/13"
"Loveless, Patty","Don't Toss Us Away",CB90048,4,CB90048,CB,1," 2/27/13"
"Loveless, Patty","Halfway Down",CB60153,15,CB60153,CB,1," 2/27/13"
"Loveless, Patty","Here I Am",CB60153,14,CB60153,CB,1," 2/27/13"
"Loveless, Patty","High On Love",SC8464,13,SC8464,SC,1," 2/27/13"
"Loveless, Patty","How Can I Help You Say Goodbye",CB60028,15,CB60028,CB,1," 2/27/13"
"Loveless, Patty","Hurt Me Bad (In A Real Good Way)",CBE4-20,4,CBE4-20,CB,1," 2/27/13"
"Loveless, Patty","Hurt Me Bad In A Real Good Way",CB90048,12,CB90048,CB,1," 2/27/13"
"Loveless, Patty","I Try To Think About Elvis",CBEP453-5,10,CBEP453-5,CB,1," 2/27/13"
"Loveless, Patty","I'm That Kind Of Girl",CB60040,14,CB60040,CB,1," 2/27/13"
"Loveless, Patty","If My Heart Had Windows",CB90048,1,CB90048,CB,1," 2/27/13"
"Loveless, Patty","Jealous Bone",CB90048,13,CB90048,CB,1," 2/27/13"
"Loveless, Patty","Last Thing On My Mind, The",SC8677,15,SC8677,SC,1," 2/27/13"
"Loveless, Patty","Like Water Into Wine",CB90049,11,CB90049,CB,1," 2/27/13"
"Loveless, Patty","Little Bit In Love, A",CB90048,2,CB90048,CB,1," 2/27/13"
"Loveless, Patty","Lonely Side Of Love, The",CB90048,6,CB90048,CB,1," 2/27/13"
"Loveless, Patty","Lonely Too Long",CHM9610,15,CHM9610,CH,1," 2/27/13"
"Loveless, Patty","Lovin' All Night",THC0309,8,THC0309,TH,1," 2/27/13"
"Loveless, Patty","Lovin' All Night (Radio Version)",SC8842,8,SC8842,SC,1," 2/27/13"
"Loveless, Patty","Night's Too Long, The",SC8161,10,SC8161,SC,1," 2/27/13"
"Loveless, Patty","Nothing But The Wheel",CB90048,15,CB90048,CB,1," 2/27/13"
"Loveless, Patty","On Down The Line",MM6065,11,MM6065,MM,1," 2/27/13"
"Loveless, Patty","On Your Way Home",SC3392,14,SC3392,SC,1," 2/27/13"
"Loveless, Patty","On Yur Way Home",SC8857,13,SC8857,SC,1," 2/27/13"
"Loveless, Patty","She Drew A Broken Heart",CHM9702,16,CHM9702,CH,1," 2/27/13"
"Loveless, Patty","Soul Of Constant Sorrow",SC8751,1,SC8751,SC,1," 2/27/13"
"Loveless, Patty","Strong Heart",CB20296,8,CB20296,CB,1," 2/27/13"
"Loveless, Patty","Tear Stained Letter",MM6191,7,MM6191,MM,1," 2/27/13"
"Loveless, Patty","That's The Kind Of Mood I'm In",MM6311,15,MM6311,MM,1," 2/27/13"
"Loveless, Patty","Thousand Times A Day, A",MM6148,13,MM6148,MM,1," 2/27/13"
"Loveless, Patty","Timber I'm Falling In Love",CB90048,5,CB90048,CB,1," 2/27/13"
"Loveless, Patty","To Have You Back Again",CHM9804,14,CHM9804,CH,1," 2/27/13"
"Loveless, Patty","Trouble With The Truth, The",SC8376,15,SC8376,SC,1," 2/27/13"
"Loveless, Patty","When The Fallen Angels Fly",SC7556,2,SC7556,SC,1," 2/27/13"
"Loveless, Patty","You Can Feel Bad",SC8232,14,SC8232,SC,1," 2/27/13"
"Loveless, Patty","You Don't Even Know Who I Am",DK1106,7,DK1106,DK,1," 2/27/13"
"Loveless, Patty","You Don't Seem To Miss Me",MMCOU203,17,MMCOU203,MM,1," 2/27/13"
"Loveless, Patty","You Will",MM6039,15,MM6039,MM,1," 2/27/13"
"Loveless, Patty & Travis Tritt","Out Of Control Raging Fire",SC8751,15,SC8751,SC,1," 2/27/13"
"Loveless, Patty wvocal","Blame It On Your Heart",SC2016,9,SC2016,SC,1," 2/27/13"
"Loveless, Patty wvocal","Lovin' All Night",PHN0310,17,PHN0310,PH,1," 2/27/13"
"Loveless, Patty wvocal","Lovin' All Night (Radio Version)",SC3378,16,SC3378,SC,1," 2/27/13"
Loverboy,"Hot Girls In Love",SGB034,12,SGB034,SG,1," 2/27/13"
Loverboy,"Lovin' Every Minute Of It",SC7565,1,SC7565,SC,1," 2/27/13"
Loverboy,"Queen Of The Broken Hearts",SC8624,14,SC8624,SC,1," 2/27/13"
Loverboy,"This Could Be The Night",SC8641,15,SC8641,SC,1," 2/27/13"
Loverboy,"Turn Me Loose",SC7563,5,SC7563,SC,1," 2/27/13"
Loverboy,"Working For The Weekend",SC7580,15,SC7580,SC,1," 2/27/13"
Lovergirl,"Marie, Teena",AH8014,14,AH8014,AH,1," 2/27/13"
"Lovers In A Dangerous Time","Cockburn, Bruce",GM1000,9,GM1000,GM,1," 2/27/13"
"Lovett, Lyle","I Loved You Yesterday",CB60126,11,CB60126,CB,1," 2/27/13"
"Lovett, Lyle","She's No Lady",MM6184,14,MM6184,MM,1," 2/27/13"
"Lovich, Lene","Lucky Number",SF109,15,SF109,SF,1," 2/27/13"
"Lovin' All Night","Loveless, Patty",TU228,10,TU228,TU,1," 2/27/13"
"Lovin' Spoonful",Daydream,CBEP472-2,17,CBEP472-2,CB,1," 2/27/13"
"Lovin' Spoonful","Do You Believe In Magic",CBEP472-1,2,CBEP472-1,CB,1," 2/27/13"
"Lovin' Spoonful","Summer In The City",CBEP472-3,4,CBEP472-3,CB,1," 2/27/13"
"Lovin' Spoonful","You Didn't Have To Be So Nice",CBEP472-3,11,CBEP472-3,CB,1," 2/27/13"
"Lovin' Spoonful, The","Did You Ever Have To Make Up Your Mind",SC8218,8,SC8218,SC,1," 2/27/13"
"Lovin' Spoonful, The","Do You Believe In Magic",DKM2031,13,DKM2031,DK,1," 2/27/13"
"Lovin' Spoonful, The","Summer In The City",SC7531,9,SC7531,SC,1," 2/27/13"
"Lovin' Spoonful, The","You Didn't Have To Be So Nice",SC8599,1,SC8599,SC,1," 2/27/13"
"Loving Arms","Dixie Chicks, The",RSZ602,7,RSZ602,RS,1," 2/27/13"
Low,"Clarkson, Kelly",TU210,7,TU210,TU,1," 2/27/13"
"Low Millions",Eleanor,PHR0502,9,PHR0502,PH,1," 2/27/13"
"Lowe, Jim","Green Door, The",SC8196,3,SC8196,SC,1," 2/27/13"
"Lowe, Nick","Cruel To Be Kind",SGB22,16,SGB22,SG,1," 2/27/13"
"Lowe, Nick","I Knew The Bride",SGB04,4,SGB04,SG,1," 2/27/13"
Ltd,"Back In Love Again(Every Time I Turn Aro",SC1999NSC01,8,SC1999NSC01,SC,1," 2/27/13"
Ltd,"Every Time I Turn Around Back In Love Ag",SC8606,15,SC8606,SC,1," 2/27/13"
Ltd,"Love Ballad",SC8603,3,SC8603,SC,1," 2/27/13"
"Luck Be A Lady","Guys & Dolls",KC008,9,KC008,KC,1," 2/27/13"
Lucky,"Spears, Britney",TU002,9,TU002,TU,1," 2/27/13"
Ludacris,"Act A Fool",PHU0308,7,PHU0308,PH,1," 2/27/13"
Ludacris,"Act A Fool (Radio Version)",SC8844,15,SC8844,SC,1," 2/27/13"
Ludacris,"Diamond In The Back",PHU0409,4,PHU0409,PH,1," 2/27/13"
Ludacris,"Get Back",PHU0502,9,PHU0502,PH,1," 2/27/13"
Ludacris,"How Low",PHMU1002,2,PHMU1002,PH,1," 2/27/13"
Ludacris,"Roll Out (My Business)",PHM0206,9,PHM0206,PH,1," 2/27/13"
Ludacris,Rollout,SC8740,15,SC8740,SC,1," 2/27/13"
Ludacris,"Splash Waterfalls",PHU0404,7,PHU0404,PH,1," 2/27/13"
"Ludacris & Pharrell","Southern Hospitality",SC8688,7,SC8688,SC,1," 2/27/13"
"Ludacris & Shawnna","Stand Up",THH0401,10,THH0401,TH,1," 2/27/13"
"Ludacris & Shawnna","Stand Up (Radio Version)",SC8849,2,SC8849,SC,1," 2/27/13"
"Ludacris & Sleepy Brown","Saturday (Oooh! Oooh!)",SC8757,15,SC8757,SC,1," 2/27/13"
"Ludacris feat Nicki Minaj","My Chick Bad",PHMU1005,2,PHMU1005,PH,1," 2/27/13"
"Ludacris wvocal","Act A Fool",PHU0308,16,PHU0308,PH,1," 2/27/13"
"Ludacris wvocal","Diamond In The Back",PHU0409,13,PHU0409,PH,1," 2/27/13"
"Luhrman, Baz","Everybody's Free",PHM9905,9,PHM9905,PH,1," 2/27/13"
"Luhrman, Baz wvocal","Everybody's Free",PHM9905,18,PHM9905,PH,1," 2/27/13"
Luka,"Vega, Suzanne",AH8010,8,AH8010,AH,1," 2/27/13"
"Luke Bryan","Country Man",PHMC0811,3,PHMC0811,PH,1," 2/27/13"
"Luke Bryan","Rain Is A Good Thing",PHMC1003,2,PHMC1003,PH,1," 2/27/13"
"Luke Bryan","Someone Else Calling You Baby",PHMC1010,1,PHMC1010,PH,1," 2/27/13"
"Luke Bryan","You Don't Know Jack",PHMC1111,7,PHMC1111,PH,1," 2/27/13"
Lullaby,"Mullins, Shawn",PHT9811,2,PHT9811,PH,1," 2/27/13"
Lullaby,Starsailor,SF187,5,SF187,SF,1," 2/27/13"
Lulu,"Boat That I Row, The",SF100,13,SF100,SF,1," 2/27/13"
Lulu,"Man With The Golden Gun, The",SC8468,8,SC8468,SC,1," 2/27/13"
Lulu,Shout,BL03,4,BL03,BL,1," 2/27/13"
Lulu,"To Sir With Love",CBEP472-5,13,CBEP472-5,CB,1," 2/27/13"
Lulu,"To Sir, With Love",DK030,9,DK030,DK,1," 2/27/13"
"Lulu wvocal","To Sir, With Love",SC2079,11,SC2079,SC,1," 2/27/13"
"Luman, Bob","Lonely Women Make Beautiful Lovers",SC8537,10,SC8537,SC,1," 2/27/13"
"Luman, Bob","Still Loving You",SC8567,13,SC8567,SC,1," 2/27/13"
"Luman, Bob","When You Say Love",SC8582,10,SC8582,SC,1," 2/27/13"
Lumidee,"Never Leave You",PHM0309,4,PHM0309,PH,1," 2/27/13"
Lumidee,"Never Leave You (Uh Ooh, Uh Oooh!)",THH0309,6,THH0309,TH,1," 2/27/13"
Lumidee,"Never Leave You (Uh Oooh Uh Oooh)",SF208,16,SF208,SF,1," 2/27/13"
Lumidee,"Never Leave You Uh Ooh",CB30040,11,CB30040,CB,1," 2/27/13"
"Lumidee wvocal","Never Leave You",PHM0309,13,PHM0309,PH,1," 2/27/13"
"Lunatic Fringe","Red Rider",GM1001,3,GM1001,GM,1," 2/27/13"
"Lupe Fiasco feat Bilal","How Dare You",PHMU1301,4,PHMU1301,PH,1," 2/27/13"
"Lupe Fiasco feat Matt Santos","Shining Down",PHMU0910,6,PHMU0910,PH,1," 2/27/13"
"Lupe Fiasco Feat Matt Santos",Superstar,PHMP0805,3,PHMP0805,PH,1," 2/27/13"
"Lupe Fiasco feat Skylar Grey","Words I Never Said",PHMP1105,4,PHMP1105,PH,1," 2/27/13"
"Lupe Fiasco feat Trey Songz","Out Of My Head",PHMU1106,1,PHMU1106,PH,1," 2/27/13"
"Lupe Fiasco feat. Jason Evigan","Unforgivable Youth",PHMU1212,5,PHMU1212,PH,1," 2/27/13"
"Luscious Jackson",Ladyfingers,SC8548,10,SC8548,SC,1," 2/27/13"
"Luscious Jackson","Naked Eye",SC8381,11,SC8381,SC,1," 2/27/13"
"Luther Vandross","Always & Forever",SF053,11,SF053,SF,1," 2/27/13"
"Luther, Bill","You Will Always Be Mine",CB60216,5,CB60216,CB,1," 2/27/13"
"Luv U Betterÿ","LL Cool J",THH0212,18,THH0212,TH,1," 2/27/13"
"Lyin' Eyes","Eagles, The",BS9017,6,BS9017,BS,1," 2/27/13"
"Lymon, Frankie & His Teenagers","Why Do Fools Fall In Love",BL10,14,BL10,BL,1," 2/27/13"
"Lymon, Frankie & Teenagers","Why Do Fools Fall In Love",CBE3-16,6,CBE3-16,CB,1," 2/27/13"
"Lymon, Frankie & Teenagers, The","Why Do Fools Fall In Love",DK084,6,DK084,DK,1," 2/27/13"
"Lymon, Frankie & The Teenagers","Goody Goody",MMOLD05,16,MMOLD05,MM,1," 2/27/13"
"Lymon, Frankie & The Teenagers","Why Do Fools Fall In Love",PI002,5,PI002,PI,1," 2/27/13"
"Lynch, Claire","If Wishes Were Horses",CBEP476-1,12,CBEP476-1,CB,1," 2/27/13"
"Lynch, Claire","Out Among The Stars",CBEP476-5,10,CBEP476-5,CB,1," 2/27/13"
"Lynch, Claire","Second Wind",CBEP476-2,4,CBEP476-2,CB,1," 2/27/13"
"Lynch, Liam","United States Of Whatever",THMR0307,18,THMR0307,TH,1," 2/27/13"
"Lynn & Twitty","After The Fire Is Gone",MM6314,15,MM6314,MM,1," 2/27/13"
"Lynn & Twitty","Louisiana Woman, Mississippi Man",MM6314,5,MM6314,MM,1," 2/27/13"
"Lynn, Barbara","You'll Lose A Good Thing",MMRB05,20,MMRB05,MM,1," 2/27/13"
"Lynn, Cheryl",Encore,SF067,5,SF067,SF,1," 2/27/13"
"Lynn, Cheryl","Got To Be Real",SC8568,3,SC8568,SC,1," 2/27/13"
"Lynn, Loretta","Blue Kentucky Girl",CBE4-14,10,CBE4-14,CB,1," 2/27/13"
"Lynn, Loretta","Coal Miner's Daughter",SC7512,9,SC7512,SC,1," 2/27/13"
"Lynn, Loretta","Country In My Genes",SC8652,6,SC8652,SC,1," 2/27/13"
"Lynn, Loretta","Dear Uncle Sam",SC8579,9,SC8579,SC,1," 2/27/13"
"Lynn, Loretta","Don't Come Home A Drinkin'",CB60025,12,CB60025,CB,1," 2/27/13"
"Lynn, Loretta","Don't Come Home A-Drinkin'",CBE2-02,11,CBE2-02,CB,1," 2/27/13"
"Lynn, Loretta","Fist City",CB90073,14,CB90073,CB,1," 2/27/13"
"Lynn, Loretta","Hey Loretta",SC8537,11,SC8537,SC,1," 2/27/13"
"Lynn, Loretta","Honky Tonk Girl",CB90073,4,CB90073,CB,1," 2/27/13"
"Lynn, Loretta","I Can't Hear The Music",CB60216,13,CB60216,CB,1," 2/27/13"
"Lynn, Loretta","I've Got A Picture Of Us On My Mind",SC8642,8,SC8642,SC,1," 2/27/13"
"Lynn, Loretta","Lonesome 77203",SF014,12,SF014,SF,1," 2/27/13"
"Lynn, Loretta","Love Is The Foundation",CB80104,12,CB80104,CB,1," 2/27/13"
"Lynn, Loretta","Miss Being Mrs.",SC8881,11,SC8881,SC,1," 2/27/13"
"Lynn, Loretta","One's On The Way",CB90073,11,CB90073,CB,1," 2/27/13"
"Lynn, Loretta","Out Of My Head And Back In My Bed",SC2275,8,SC2275,SC,1," 2/27/13"
"Lynn, Loretta","Rated X",CB90073,12,CB90073,CB,1," 2/27/13"
"Lynn, Loretta","Somebody Somewhere Don't Know What He's",CB90073,15,CB90073,CB,1," 2/27/13"
"Lynn, Loretta","Table For Two",CB60228,7,CB60228,CB,1," 2/27/13"
"Lynn, Loretta","They Don't Make 'em Like My Daddy",SC8628,8,SC8628,SC,1," 2/27/13"
"Lynn, Loretta","Touble In Paradise",CB60134,15,CB60134,CB,1," 2/27/13"
"Lynn, Loretta","Trouble In Paradise",CB80107,13,CB80107,CB,1," 2/27/13"
"Lynn, Loretta","You Ain't Woman Enough To Take My Man",SC7537,15,SC7537,SC,1," 2/27/13"
"Lynn, Loretta","You're Lookin' At Country",CBE3-01,13,CBE3-01,CB,1," 2/27/13"
"Lynn, Loretta","You're Looking At Country",SC2275,7,SC2275,SC,1," 2/27/13"
"Lynn, Loretta","You've Just Stepped In From Stepping Out",CB90073,13,CB90073,CB,1," 2/27/13"
"Lynn, Loretta","Your Squaw Is On The Warpath",SC8367,1,SC8367,SC,1," 2/27/13"
"Lynn, Loretta & Conway Twitty","After The Fire Is Gone",CBEP471-5,8,CBEP471-5,CB,1," 2/27/13"
"Lynn, Loretta & Conway Twitty","As Soon As I Hang Up The Phone",CBEP471-5,10,CBEP471-5,CB,1," 2/27/13"
"Lynn, Loretta & Conway Twitty","Lead Me On",CBEP471-5,14,CBEP471-5,CB,1," 2/27/13"
"Lynn, Loretta & Conway Twitty","Louisiana Woman, Mississippi Man",CBEP471-5,12,CBEP471-5,CB,1," 2/27/13"
"Lynn, Loretta & Jack White","Portland Oregon",SC3416,6,SC3416,SC,1," 2/27/13"
"Lynn, Loretta & Jack White wvocal","Portland Oregon",SC3416,14,SC3416,SC,1," 2/27/13"
"Lynn, Loretta wvocal","Coal Miner's Daughter",SC2432,15,SC2432,SC,1," 2/27/13"
"Lynn, Loretta wvocal","Dear Uncle Sam",SC2275,13,SC2275,SC,1," 2/27/13"
"Lynn, Loretta wvocal","Don't Come Home A-Drinkin'",SC2275,9,SC2275,SC,1," 2/27/13"
"Lynn, Loretta wvocal","Fist City",SC2275,12,SC2275,SC,1," 2/27/13"
"Lynn, Loretta wvocal","Love Is The Foundation",SC2275,14,SC2275,SC,1," 2/27/13"
"Lynn, Loretta wvocal","Out Of My Head And Back In My Bed",SC2275,16,SC2275,SC,1," 2/27/13"
"Lynn, Loretta wvocal","You Ain't Woman Enough To Take My Man",SC2275,10,SC2275,SC,1," 2/27/13"
"Lynn, Loretta wvocal","You're Looking At Country",SC2275,15,SC2275,SC,1," 2/27/13"
"Lynn, Shelby","Another Chance At Love",SC8280,7,SC8280,SC,1," 2/27/13"
"Lynn, Shelby","Don't Cross Your Heart",CB60098,11,CB60098,CB,1," 2/27/13"
"Lynn, Shelby","Feelin' Kind Of Lonely Tonight",CB60141,9,CB60141,CB,1," 2/27/13"
"Lynn, Shelby","I'll Lie Myself To Sleep",CB60096,6,CB60096,CB,1," 2/27/13"
"Lynn, Shelby","Killin' Kind",MM6343,14,MM6343,MM,1," 2/27/13"
"Lynn, Shelby","Slow Me Down",CB60141,8,CB60141,CB,1," 2/27/13"
"Lynn, Shelby","Things Are Tough All Over",CB60094,14,CB60094,CB,1," 2/27/13"
"Lynn, Shelby","Wall In Your Heart",MM6352,13,MM6352,MM,1," 2/27/13"
"Lynn, Shelby","What About The Love We Made",CB60109,12,CB60109,CB,1," 2/27/13"
"Lynn, Vera","White Cliffs Of Dover",SF149,12,SF149,SF,1," 2/27/13"
"Lynne, Shelby","Gotta Get Back",SC8637,8,SC8637,SC,1," 2/27/13"
"Lynne, Shelby",Telephone,SC8847,12,SC8847,SC,1," 2/27/13"
"Lynne, Shelby","Wall In Your Heart",SC8727,13,SC8727,SC,1," 2/27/13"
"Lynne, Shelby wvocal",Telephone,SC3382,11,SC3382,SC,1," 2/27/13"
"Lynns, The","Nights Like These",SC8504,13,SC8504,SC,1," 2/27/13"
"Lynns, The","What Am I Doing Loving You",CB60100,9,CB60100,CB,1," 2/27/13"
"Lynns, The","Woman To Woman",SD049,13,SD049,SD,1," 2/27/13"
"Lynyrd Skynrd","Red White And Blue",PHR0307,4,PHR0307,PH,1," 2/27/13"
"Lynyrd Skynyrd","Balad Of Curtis Loew",SC8459,1,SC8459,SC,1," 2/27/13"
"Lynyrd Skynyrd","Ballad Of Curtis Loew, The",SGB43,11,SGB43,SG,1," 2/27/13"
"Lynyrd Skynyrd","Call Me The Breeze",SC8814,13,SC8814,SC,1," 2/27/13"
"Lynyrd Skynyrd","Don't Ask Me No Questions",SGB43,9,SGB43,SG,1," 2/27/13"
"Lynyrd Skynyrd","Free Bird",SGB16,15,SGB16,SG,1," 2/27/13"
"Lynyrd Skynyrd","Gimme Back My Bullets",SC8459,7,SC8459,SC,1," 2/27/13"
"Lynyrd Skynyrd","Gimme Three Steps",CB80004,15,CB80004,CB,1," 2/27/13"
"Lynyrd Skynyrd","Give Me Back My Bullets",SGB43,5,SGB43,SG,1," 2/27/13"
"Lynyrd Skynyrd","Give Me Three Steps",SGB43,1,SGB43,SG,1," 2/27/13"
"Lynyrd Skynyrd","I Ain't The One",CB90156,5,CB90156,CB,1," 2/27/13"
"Lynyrd Skynyrd","I Know A Little",SGB43,15,SGB43,SG,1," 2/27/13"
"Lynyrd Skynyrd","Needle & The Spoon, The",SC8459,15,SC8459,SC,1," 2/27/13"
"Lynyrd Skynyrd","Needle And Spoon, The",SGB43,12,SGB43,SG,1," 2/27/13"
"Lynyrd Skynyrd","Needle And The Spoon, The",CB90156,12,CB90156,CB,1," 2/27/13"
"Lynyrd Skynyrd","Poison Whiskey",SGB43,7,SGB43,SG,1," 2/27/13"
"Lynyrd Skynyrd","Red, White & Blue",SC3365,6,SC3365,SC,1," 2/27/13"
"Lynyrd Skynyrd","Red, White And Blue",SC8831,10,SC8831,SC,1," 2/27/13"
"Lynyrd Skynyrd","Saturday Night Special",SC8459,9,SC8459,SC,1," 2/27/13"
"Lynyrd Skynyrd",Searching,SGB43,6,SGB43,SG,1," 2/27/13"
"Lynyrd Skynyrd","Simple Man",SGB43,10,SGB43,SG,1," 2/27/13"
"Lynyrd Skynyrd","Swamp Music",SGB43,14,SGB43,SG,1," 2/27/13"
"Lynyrd Skynyrd","Sweet Home Alabama",SGB16,14,SGB16,SG,1," 2/27/13"
"Lynyrd Skynyrd","T For Texas",SGB43,3,SGB43,SG,1," 2/27/13"
"Lynyrd Skynyrd","That Smell",SC8459,4,SC8459,SC,1," 2/27/13"
"Lynyrd Skynyrd","Tuesday's Gone",SGB43,16,SGB43,SG,1," 2/27/13"
"Lynyrd Skynyrd","What's Your Name",DK033,17,DK033,DK,1," 2/27/13"
"Lynyrd Skynyrd","Whiskey Rock-A-Roller",SGB43,8,SGB43,SG,1," 2/27/13"
"Lynyrd Skynyrd",Wildflower,SGB05,12,SGB05,SG,1," 2/27/13"
"Lynyrd Skynyrd","Working For Mca",SC8459,3,SC8459,SC,1," 2/27/13"
"Lynyrd Skynyrd","Working For The Mca",SGB43,13,SGB43,SG,1," 2/27/13"
"Lynyrd Skynyrd","You Got That Right",SC8459,6,SC8459,SC,1," 2/27/13"
Lyric,"Hot & Typsy",PHU0306,3,PHU0306,PH,1," 2/27/13"
Lyric,"Hot And Tipsy",THMH0308,9,THMH0308,TH,1," 2/27/13"
Lyric,Zwan,PHR0306,1,PHR0306,PH,1," 2/27/13"
"Lyric wvocal","Hot & Typsy",PHU0306,12,PHU0306,PH,1," 2/27/13"
"Lyttle, Kevin","Drive Me Crazy",PHM0412,7,PHM0412,PH,1," 2/27/13"
"Lyttle, Kevin","Turn Me On",MM6420,11,MM6420,MM,1," 2/27/13"
"Lyttle, Kevin wvocal","Turn Me On",PHM0409,12,PHM0409,PH,1," 2/27/13"
