"N Ii U","I Miss You",SC8145,4,SC8145,,SC,1," 2/27/13"
"N Sync","Bye Bye Bye",CBEP457-6,16,CBEP457-6,,CB,1," 2/27/13"
"N Sync",Girlfriend,SC8744,11,SC8744,,SC,1," 2/27/13"
"N Sync","God Must Have Spent A Little More Time",PHM9809,6,PHM9809,,PH,1," 2/27/13"
"N Sync","God Must Have Spent A Little More Time O",SGB18,14,SGB18,,SG,1," 2/27/13"
"N Sync",Gone,MM6351,15,MM6351,,MM,1," 2/27/13"
"N Sync","I Drive Myself Crazy",CBEP457-5,15,CBEP457-5,,CB,1," 2/27/13"
"N Sync","I Want You Back",CBEP457-2,13,CBEP457-2,,CB,1," 2/27/13"
"N Sync","I'll Never Stop",SF169,5,SF169,,SF,1," 2/27/13"
"N Sync","It's Gonna Be Me",SC8616,6,SC8616,,SC,1," 2/27/13"
"N Sync","Little More Time On You, A",NSC2000-01,8,NSC2000-01,,NS,1," 2/27/13"
"N Sync",Pop,SC8708,5,SC8708,,SC,1," 2/27/13"
"N Sync","Somewhere Someday",SC8581,11,SC8581,,SC,1," 2/27/13"
"N Sync","Tearin' Up My Heart",MM6250,11,MM6250,,MM,1," 2/27/13"
"N Sync","This I Promise",MM6307,12,MM6307,,MM,1," 2/27/13"
"N Sync","This I Promise You",CB30004,12,CB30004,,CB,1," 2/27/13"
"N Sync & Gloria Estefan","Music Of My Heart",CBEP457-5,10,CBEP457-5,,CB,1," 2/27/13"
"N Sync & Gloria Estefan wvocal","Music Of My Heart",PHM9909,18,PHM9909,,PH,1," 2/27/13"
"N Sync, Brandy & Monica","Boy Is Mine, The (2)",SC8035,7,SC8035,,SC,1," 2/27/13"
N'sync,"Bye Bye Bye",CBE2-26,8,CBE2-26,,CB,1," 2/27/13"
N'sync,"I Drive Myself Crazy",SC8531,1,SC8531,,SC,1," 2/27/13"
N'sync,"This I Promise You",SC8625,13,SC8625,,SC,1," 2/27/13"
N.e.r.d.,Lapdance,SC8708,14,SC8708,,SC,1," 2/27/13"
N.O.R.E,Nothin',PHU0210,1,PHU0210,,PH,1," 2/27/13"
N.O.R.E.,Nothin',SC3326,4,SC3326,,SC,1," 2/27/13"
N.o.r.e.,Nothin',SC8773,12,SC8773,,SC,1," 2/27/13"
"N.O.R.E. & Nina Sky & Daddy Yankee et Al","Oye Mi Canto",PHM0502,2,PHM0502,,PH,1," 2/27/13"
"N.O.R.E. wvocal",Nothin',PHU0210,10,PHU0210,,PH,1," 2/27/13"
"N.Y., N.Y, It's A Wonderful Town","On The Town",KC008,11,KC008,,KC,1," 2/27/13"
"N2 Deep","Back To The Hotel",DK086,18,DK086,,DK,1," 2/27/13"
Na,"Pretty Polly",CBEP476-6,9,CBEP476-6,,CB,1," 2/27/13"
"Na Na Hey Hey Kiss Him Goodbye",Steam,KJT07,18,KJT07,,KJ,1," 2/27/13"
Nada,"Lynn, Stephanie & High Energy",SC7105,5,SC7105,,SC,1," 2/27/13"
"Nadie Baila Como Tu El Noa Noa",Pandora,SC7101,8,SC7101,,SC,1," 2/27/13"
"Nail, David","Im About To Come Alive",PHMC0807,7,PHMC0807,,PH,1," 2/27/13"
"Nail, David",Memphis,CB60235,10,CB60235,,CB,1," 2/27/13"
"Nail, Jimmy","Crocodile Shoes",SF019,8,SF019,,SF,1," 2/27/13"
Nails,"88 Lines About 44 Women",SC8707,1,SC8707,,SC,1," 2/27/13"
NAKED,"AVRIL LAVIGNE",TT196,7,TT196,,TT,1," 2/27/13"
"Naked Eyes","Always Something There To Remind Me",SC8439,8,SC8439,,SC,1," 2/27/13"
"Naked Eyes","Promises, Promises",SC8313,9,SC8313,,SC,1," 2/27/13"
Name,"Goo Goo Dolls, The",HV03,4,HV03,,HV,1," 2/27/13"
"Napoleon Xiv","They're Coming To Take Me Away, Ha-Haaa!",MM6107,5,MM6107,,MM,1," 2/27/13"
"Nappy Roots",Awnaw,SC8766,3,SC8766,,SC,1," 2/27/13"
"Nappy Roots","Po' Folks",PHU0209,4,PHU0209,,PH,1," 2/27/13"
"Nappy Roots","Roun' The Globe",PHU0311,9,PHU0311,,PH,1," 2/27/13"
"Nappy Roots wvocal","Po' Folks",PHU0209,13,PHU0209,,PH,1," 2/27/13"
Nas,"Bridging The Gap",PHU0502,6,PHU0502,,PH,1," 2/27/13"
Nas,"I Can",THMH0307,16,THMH0307,,TH,1," 2/27/13"
Nas,"If I Ruled The World",MM6380B,8,MM6380B,,MM,1," 2/27/13"
Nas,"Made You Look",THH0302,13,THH0302,,TH,1," 2/27/13"
Nas,Nasty,PHMU1111,8,PHMU1111,,PH,1," 2/27/13"
Nas,"One Mic",MM6380A,10,MM6380A,,MM,1," 2/27/13"
"Nas & Qb's Finest","Oochie Wally",SC8688,10,SC8688,,SC,1," 2/27/13"
"Nas wvocal","I Can",PHU0306,10,PHU0306,,PH,1," 2/27/13"
"Nash, Johnny",Cupid,SF087,4,SF087,,SF,1," 2/27/13"
"Nash, Johnny","Hold Me Tight",SF100,9,SF100,,SF,1," 2/27/13"
"Nash, Johnny","I Can See Clearly Now",MM6083,12,MM6083,,MM,1," 2/27/13"
"Nash, Johnny","Tears On My Pillow",SF104,8,SF104,,SF,1," 2/27/13"
"Nash, Leigh","Need To Be Next To You",MM6325,12,MM6325,,MM,1," 2/27/13"
"Nashville Teens, The","Tobacco Road",SAVP17,12,SAVP17,,SA,1," 2/27/13"
"Nasty Girl","Destiny's Child",THH0204,16,THH0204,,TH,1," 2/27/13"
"Nasty Girl","Vanity 6",AH8421,8,AH8421,,AH,1," 2/27/13"
"Nat King Cole","Christmas Song, The",SC8185,5,SC8185,,SC,1," 2/27/13"
"Nat King Cole","Ramblin' Rose",SC8118,6,SC8118,,SC,1," 2/27/13"
"Nat King Cole & Natalie Cole",Unforgettable,SC8107,6,SC8107,,SC,1," 2/27/13"
"Natalia Kills",Wonderland,PHMP1111,8,PHMP1111,,PH,1," 2/27/13"
"Natalie Grant","In Better Hands",PHMP0811,6,PHMP0811,,PH,1," 2/27/13"
"Natasha Bedingfield","Love Like This",PHMP0801,1,PHMP0801,,PH,1," 2/27/13"
"Natasha Bedingfield","Pocketful Of Sunshine",PHMP0805,5,PHMP0805,,PH,1," 2/27/13"
"Natasha Bedingfield",Soulmate,PHMP0810,7,PHMP0810,,PH,1," 2/27/13"
"Natasha Bedingfield",Touch,PHMP1010,7,PHMP1010,,PH,1," 2/27/13"
"Nate Dogg & Eve","Get Up",THH0304,14,THH0304,,TH,1," 2/27/13"
"Nathan Lee Jackson","Desperate Man",PHMC1003,9,PHMC1003,,PH,1," 2/27/13"
"Naughty By Nature","Hip Hop Hooray",SC8111,10,SC8111,,SC,1," 2/27/13"
"Naughty By Nature",O.p.p.,MM6380B,14,MM6380B,,MM,1," 2/27/13"
"Naughty By Nature & 3LW","Feels Good",PHU0209,7,PHU0209,,PH,1," 2/27/13"
"Naughty By Nature & 3Lw","Feels Good (Don't Worry Bout A Thing)",SC8766,8,SC8766,,SC,1," 2/27/13"
"Naughty By Nature & 3LW wvocal","Feels Good",PHU0209,16,PHU0209,,PH,1," 2/27/13"
"Navarro, Dave",Rexall,PHR0110,5,PHR0110,,PH,1," 2/27/13"
Nazareth,"Love Hurts",MM6211,10,MM6211,,MM,1," 2/27/13"
"Ndegeocello, Meshell & Redman & Tweet","Pocketbook (Remix)",SC8773,3,SC8773,,SC,1," 2/27/13"
Ne-Yo,"Beautiful Monster",PHMU1008,2,PHMU1008,,PH,1," 2/27/13"
Ne-Yo,"Champagne Life",PHMU1009,1,PHMU1009,,PH,1," 2/27/13"
Ne-Yo,"Cracks In Mr. Perfect",PHMU1301,8,PHMU1301,,PH,1," 2/27/13"
Ne-Yo,"Go On Girl",PHMU0804,5,PHMU0804,,PH,1," 2/27/13"
Ne-Yo,"Lazy Love",PHMU1208,3,PHMU1208,,PH,1," 2/27/13"
Ne-Yo,"Never Knew I Needed",PHMP1002,8,PHMP1002,,PH,1," 2/27/13"
Ne-Yo,"One In a Million",PHMU1012,1,PHMU1012,,PH,1," 2/27/13"
Ne-Yo,"Part Of The List",PHMU0907,4,PHMU0907,,PH,1," 2/27/13"
Ne-Yo,"Stress Reliever",PHMU1301,6,PHMU1301,,PH,1," 2/27/13"
"Ne-Yo feat Jamie Foxx & Fabolous","She Got Her Own",PHMU0902,1,PHMU0902,,PH,1," 2/27/13"
"Neal McCoy",A-OK,PHMC1201,2,PHMC1201,,PH,1," 2/27/13"
"Needle And Damage Done","Young, Neil",AMS1507,4,AMS1507,,AM,1," 2/27/13"
"Neil, Vince","You're Invited (But Your Friend Can't Co",SC8843,8,SC8843,,SC,1," 2/27/13"
"Neither One Of Us","Franklin, Aretha",TUFP03,7,TUFP03,,TU,1," 2/27/13"
"Neither One Of Us","Knight, Gladys & The Pips",HV04,8,HV04,,HV,1," 2/27/13"
Nelly,"Air Force Ones",THH0303,10,THH0303,,TH,1," 2/27/13"
Nelly,"Country Grammar (Hot Sh#T)",SC8625,1,SC8625,,SC,1," 2/27/13"
Nelly,"Country Grammar (Hot...)",SC8760,8,SC8760,,SC,1," 2/27/13"
Nelly,E.i.,SC8659,3,SC8659,,SC,1," 2/27/13"
Nelly,"Flap Your Wings",SC8883,10,SC8883,,SC,1," 2/27/13"
Nelly,"Hot In Here",MM6370,5,MM6370,,MM,1," 2/27/13"
Nelly,"Hot In Herre",SC8766,9,SC8766,,SC,1," 2/27/13"
Nelly,"Just A Dream",PHMU1011,1,PHMU1011,,PH,1," 2/27/13"
Nelly,"Na Na-na Na",PHU0501,3,PHU0501,,PH,1," 2/27/13"
Nelly,Nellyville,SC8812,12,SC8812,,SC,1," 2/27/13"
Nelly,"No. 1",SC8735,2,SC8735,,SC,1," 2/27/13"
Nelly,"Party People",PHMP0807,6,PHMP0807,,PH,1," 2/27/13"
Nelly,"Pimp Juice",PHU0306,2,PHU0306,,PH,1," 2/27/13"
Nelly,"Ride Wit Me",PHM0107,7,PHM0107,,PH,1," 2/27/13"
"Nelly & City Spud","Ride Wit Me",SC8688,2,SC8688,,SC,1," 2/27/13"
"Nelly & Jaheim","My Place",SC8888,14,SC8888,,SC,1," 2/27/13"
"Nelly & Justin Timberlake","Work It",SF203,3,SF203,,SF,1," 2/27/13"
"Nelly & Justin Timberlake","Work It (Remix)",SC8879,9,SC8879,,SC,1," 2/27/13"
"Nelly & Kelly Roland",Dilemma,CB90227,15,CB90227,,CB,1," 2/27/13"
"Nelly & Kelly Rowland",Dilemma,CBEP471-4,10,CBEP471-4,,CB,1," 2/27/13"
"Nelly & Kelly Rowland",Gone,PHMP1105,8,PHMP1105,,PH,1," 2/27/13"
"Nelly & P Diddy","Shake Ya Tailfeather",PHM0309,6,PHM0309,,PH,1," 2/27/13"
"Nelly & P Diddy wvocal","Shake Ya Tailfeather",PHM0309,15,PHM0309,,PH,1," 2/27/13"
"Nelly & P. Diddy & Murphy Lee","Shake Ya Tailfeather (Radio Version)",SC3377,8,SC3377,,SC,1," 2/27/13"
"Nelly & P. Diddy & Murphy Leeÿ","Shake Ya Tailfeather",SC8853,15,SC8853,,SC,1," 2/27/13"
"Nelly & P. Diddy & Murphy Leeÿ","Shake Ya Tailfeather (Radio Version)",SC8844,8,SC8844,,SC,1," 2/27/13"
"Nelly & Rowland, Kelly",Dilemma,CBE3-29,12,CBE3-29,,CB,1," 2/27/13"
"Nelly & St. Lunatics","Air Force Ones",SC8805,3,SC8805,,SC,1," 2/27/13"
"Nelly & Tim McGraw","Over & Over",PHM0501,3,PHM0501,,PH,1," 2/27/13"
"Nelly wvocal","Air Force Ones",PHU0301,15,PHU0301,,PH,1," 2/27/13"
"Nelly wvocal","Pimp Juice",PHU0306,11,PHU0306,,PH,1," 2/27/13"
"Nelly, P.diddy & Murphy Lee","Shake Ya Tailfeather",THMH0310,1,THMH0310,,TH,1," 2/27/13"
Nellyville,Nelly,SC3356,4,SC3356,,SC,1," 2/27/13"
Nellyville,"Nelly wvocal",SC3356,12,SC3356,,SC,1," 2/27/13"
Nelson,"Love And Affection",SC8346,8,SC8346,,SC,1," 2/27/13"
"Nelson & Iglesias","To All The Girls I've Loved Before",MM6314,11,MM6314,,MM,1," 2/27/13"
"Nelson & Iglesias","To All The Girls L've Loved Before",CB60126,5,CB60126,,CB,1," 2/27/13"
"Nelson & Parton","Everything's Beautiful",SC8408,8,SC8408,,SC,1," 2/27/13"
"Nelson, Harry",Coconut,SC8544,12,SC8544,,SC,1," 2/27/13"
"Nelson, Ricky","Be Bop Baby",CB90207,11,CB90207,,CB,1," 2/27/13"
"Nelson, Ricky","Be-Bop Baby",SC8770,13,SC8770,,SC,1," 2/27/13"
"Nelson, Ricky","Belive What You Say",CB90207,12,CB90207,,CB,1," 2/27/13"
"Nelson, Ricky","Garden Party",DK097,18,DK097,,DK,1," 2/27/13"
"Nelson, Ricky","Hello Mary Lou",SC7541,10,SC7541,,SC,1," 2/27/13"
"Nelson, Ricky","It's Late",CBEP454-4,7,CBEP454-4,,CB,1," 2/27/13"
"Nelson, Ricky","It's Up To You",CB90207,14,CB90207,,CB,1," 2/27/13"
"Nelson, Ricky","Just A Little Too Much",CB90207,13,CB90207,,CB,1," 2/27/13"
"Nelson, Ricky","Lonesome Town",SC7566,10,SC7566,,SC,1," 2/27/13"
"Nelson, Ricky","Never Be Anyone Else But You",SC8599,15,SC8599,,SC,1," 2/27/13"
"Nelson, Ricky","Poor Little Fool",CBEP454-4,16,CBEP454-4,,CB,1," 2/27/13"
"Nelson, Ricky","Stood Up",CBEP454-6,14,CBEP454-6,,CB,1," 2/27/13"
"Nelson, Ricky","Teenage Idol",CB90207,9,CB90207,,CB,1," 2/27/13"
"Nelson, Ricky","Teenager's Romance, A",CB90207,10,CB90207,,CB,1," 2/27/13"
"Nelson, Ricky","Travelin' Man",DK004,18,DK004,,DK,1," 2/27/13"
"Nelson, Ricky","Wonder Like You, A",SC8804,14,SC8804,,SC,1," 2/27/13"
"Nelson, Ricky","Young World",CB90207,15,CB90207,,CB,1," 2/27/13"
"Nelson, Willie","All Of Me",MM6034,13,MM6034,,MM,1," 2/27/13"
"Nelson, Willie","Always On My Mind",SAVP15,18,SAVP15,,SA,1," 2/27/13"
"Nelson, Willie","Angel Flying Too Close To The Ground",CBEP452-4,7,CBEP452-4,,CB,1," 2/27/13"
"Nelson, Willie","Bloody Mary Morning",SC8564,7,SC8564,,SC,1," 2/27/13"
"Nelson, Willie","Blue Eyes Crying In The Rain",SC7536,10,SC7536,,SC,1," 2/27/13"
"Nelson, Willie","Blue Skies",SC8901,12,SC8901,,SC,1," 2/27/13"
"Nelson, Willie","City Of New Orleans",CB60123,10,CB60123,,CB,1," 2/27/13"
"Nelson, Willie","Forgiving You Was Easy",SC8345,10,SC8345,,SC,1," 2/27/13"
"Nelson, Willie",Graceland,SC8275,3,SC8275,,SC,1," 2/27/13"
"Nelson, Willie","Healing Hands Of Time",SC8234,14,SC8234,,SC,1," 2/27/13"
"Nelson, Willie","Heartbreak Hotel",CB90215,4,CB90215,,CB,1," 2/27/13"
"Nelson, Willie","Help Me Make It Through The Night",SC8901,9,SC8901,,SC,1," 2/27/13"
"Nelson, Willie","If You Can Touch Her At All",CB90215,15,CB90215,,CB,1," 2/27/13"
"Nelson, Willie","If You've Got The Money Honey, I've Got",CB90215,2,CB90215,,CB,1," 2/27/13"
"Nelson, Willie","If You've Got The Money, I've Got The Ti",SC8335,14,SC8335,,SC,1," 2/27/13"
"Nelson, Willie","Last Thing I Need First Thing This Morni",SC8326,15,SC8326,,SC,1," 2/27/13"
"Nelson, Willie","Last Thing I Needed First Thing This Mor",CB90215,7,CB90215,,CB,1," 2/27/13"
"Nelson, Willie","Let It Be Me",SC8403,3,SC8403,,SC,1," 2/27/13"
"Nelson, Willie","Living In The Promised Land",SC8403,7,SC8403,,SC,1," 2/27/13"
"Nelson, Willie","Mama Don't Let Your Babies Grow Up To Be",BL33,12,BL33,,BL,1," 2/27/13"
"Nelson, Willie","Maria (Shut Up & Kiss Me)",SD098,11,SD098,,SD,1," 2/27/13"
"Nelson, Willie","Maria (Shut Up And Kiss Me)",SC8774,14,SC8774,,SC,1," 2/27/13"
"Nelson, Willie","Me And Paul",SC8582,5,SC8582,,SC,1," 2/27/13"
"Nelson, Willie","Midnight Rider",CB90215,5,CB90215,,CB,1," 2/27/13"
"Nelson, Willie","My Heroes Have Always Been Cowboys",SC8901,15,SC8901,,SC,1," 2/27/13"
"Nelson, Willie","Nothing I Can Do About It Now",SC8403,15,SC8403,,SC,1," 2/27/13"
"Nelson, Willie","On The Road Again",SAVP04,15,SAVP04,,SA,1," 2/27/13"
"Nelson, Willie","Once You're Past The Blues",SC8287,9,SC8287,,SC,1," 2/27/13"
"Nelson, Willie","Party's Over, The",SC8555,13,SC8555,,SC,1," 2/27/13"
"Nelson, Willie","Pretty Paper",CBEP462-4,16,CBEP462-4,,CB,1," 2/27/13"
"Nelson, Willie","Remember Me",CB90215,13,CB90215,,CB,1," 2/27/13"
"Nelson, Willie",Stardust,CB60149,13,CB60149,,CB,1," 2/27/13"
"Nelson, Willie","Sweet Memories",CB90215,14,CB90215,,CB,1," 2/27/13"
"Nelson, Willie","There You Are",SC8676,11,SC8676,,SC,1," 2/27/13"
"Nelson, Willie","Uncloudy Day, The",SC8403,13,SC8403,,SC,1," 2/27/13"
"Nelson, Willie","Whiskey River",SC8901,13,SC8901,,SC,1," 2/27/13"
"Nelson, Willie & Haggard, Merle","Pancho And Lefty",SC7522,14,SC7522,,SC,1," 2/27/13"
"Nelson, Willie & Jennings, Waylon","Good Hearted Woman, A",SC7510,9,SC7510,,SC,1," 2/27/13"
"Nelson, Willie & Jennings, Waylon","Mammas Don't Let Your Babies Grow Up To",SC7507,8,SC7507,,SC,1," 2/27/13"
"Nelson, Willie & Julio Iglesias","To All The Girls I've Loved Before",SC8901,7,SC8901,,SC,1," 2/27/13"
"Nelson, Willie & Lee Ann Womack","Mendocino County Line",SC8901,14,SC8901,,SC,1," 2/27/13"
"Nelson, Willie & Leon Russell","Georgia On My Mind",CB90215,3,CB90215,,CB,1," 2/27/13"
"Nelson, Willie & Ray Charles","Seven Spanish Angels",SC8241,9,SC8241,,SC,1," 2/27/13"
"Nelson, Willie & Shirley Collie",Willingly,CB90215,12,CB90215,,CB,1," 2/27/13"
"Nelson, Willie & Toby Keith","Beer For My Horses",CB2368,8,CB2368,,CB,1," 2/27/13"
"Nelson, Willie & W.Jennings & J.Cash & K",Highwayman,CB90215,10,CB90215,,CB,1," 2/27/13"
"Nelson, Willie & Waylon Jennings","Good Hearted Woman",SC8901,10,SC8901,,SC,1," 2/27/13"
"Nelson, Willie & Waylon Jennings","Good Hearted Woman, A",DKM2005,12,DKM2005,,DK,1," 2/27/13"
"Nelson, Willie & Waylon Jennings","Just To Satisfy You",CB90215,6,CB90215,,CB,1," 2/27/13"
"Nelson, Willie & Waylon Jennings","Mama Don't Let Your Babies",DKM2027,13,DKM2027,,DK,1," 2/27/13"
"Nelson, Willie & Waylon Jennings","Mamas Don't Let Your Babies Grow Up To B",SC2431,8,SC2431,,SC,1," 2/27/13"
"Nelson, Willie & Waylon Jennings","Mammas Don't Let Your Babies Grow Up To",SC8901,8,SC8901,,SC,1," 2/27/13"
"Nelson, Willie & Womack, Lee Ann","Mendocino County Line",SC8745,14,SC8745,,SC,1," 2/27/13"
"Nelson, Willie wvocal","Always On My Mind",SC2431,14,SC2431,,SC,1," 2/27/13"
Nena,"99 Luftballoons",SAVP40,1,SAVP40,,SA,1," 2/27/13"
Nena,"99 Red Balloons",SF141,10,SF141,,SF,1," 2/27/13"
"Neon Trees",1983,PHMP1101,9,PHMP1101,,PH,1," 2/27/13"
"Neon Trees","1983 (MPX)",PHMP1101,18,PHMP1101,,PH,1," 2/27/13"
"Neon Trees",Animal,PHMP1008,5,PHMP1008,,PH,1," 2/27/13"
"Neon Trees","Everybody Talks",PHMP1206,1,PHMP1206,,PH,1," 2/27/13"
"Neon Trees","Your Surrender",PHMP1106,5,PHMP1106,,PH,1," 2/27/13"
"Nesbitt, Jim","Running Bare",SC8669,9,SC8669,,SC,1," 2/27/13"
"Nesby, Ann","I'll Do Anything For You",SC8295,8,SC8295,,SC,1," 2/27/13"
"Nesby, Ann","I'm Still Wearing Your Name",SC8754,9,SC8754,,SC,1," 2/27/13"
"Nesler, Mark","Baby Ain't Rocking Me Right",CB60171,14,CB60171,,CB,1," 2/27/13"
"Nesler, Mark","Slow Down",CB60125,12,CB60125,,CB,1," 2/27/13"
"Nesler, Mark","Used To The Pain",SC8464,14,SC8464,,SC,1," 2/27/13"
Neve,"It's Over Now",MM6310,13,MM6310,,MM,1," 2/27/13"
Never,"Perez, Amanda",THP0206,13,THP0206,,TH,1," 2/27/13"
"Never A Time","Collins, Phil",BS8617,11,BS8617,,BS,1," 2/27/13"
"Never Again",Nickelback,THR0210,11,THR0210,,TH,1," 2/27/13"
"Never Gonna Give You Up","White, Barry",HV04,9,HV04,,HV,1," 2/27/13"
"Never Gonna Stop","Zombie, Rob",PHR0205,9,PHR0205,,PH,1," 2/27/13"
"Never Had A Dream Come True","S Club 7",PHM0105,9,PHM0105,,PH,1," 2/27/13"
"Never Is Enough","Barenaked Ladies",RSZ604,14,RSZ604,,RS,1," 2/27/13"
"Never Saw A Miracle","Styger, Curtiss",HV09,1,HV09,,HV,1," 2/27/13"
"Never Say Die","Dixie Chicks, The",RSZ602,6,RSZ602,,RS,1," 2/27/13"
"Nevil, Robbie","C'est La Vie",SC8378,12,SC8378,,SC,1," 2/27/13"
"Neville, Aaron","Betcha By Golly Wow",SC8244,2,SC8244,,SC,1," 2/27/13"
"Neville, Aaron","Can't Stop My Heart From Loving You",SD015,5,SD015,,SD,1," 2/27/13"
"Neville, Aaron","Crazy Love",SC8325,6,SC8325,,SC,1," 2/27/13"
"Neville, Aaron","Don't Fall Apart On Me Tonight",SC8107,1,SC8107,,SC,1," 2/27/13"
"Neville, Aaron","Don't Take Away My Heaven",DK082,17,DK082,,DK,1," 2/27/13"
"Neville, Aaron","Everybody Plays The Fool",SC8363,10,SC8363,,SC,1," 2/27/13"
"Neville, Aaron","Grand Tour, The",SC8157,6,SC8157,,SC,1," 2/27/13"
"Neville, Aaron","Tell It Like It Is",DKM2032,14,DKM2032,,DK,1," 2/27/13"
"Neville, Aaron & Kenny G","Even If My Heart Would Break",MM6049,8,MM6049,,MM,1," 2/27/13"
"Nevins, Jason & Holly James","I`m In Heaven",SF208,12,SF208,,SF,1," 2/27/13"
"New Age Girl","Deadeye Dick",BS5417,9,BS5417,,BS,1," 2/27/13"
"New Boyz feat lyaz","Break My Bank",PHMU1011,6,PHMU1011,,PH,1," 2/27/13"
"New Christy Minstrels, The","Green Green",SAVP17,10,SAVP17,,SA,1," 2/27/13"
"New Christy Minstrels, The","This Land Is Your Land",MM6172,4,MM6172,,MM,1," 2/27/13"
"New Day Has Come, A","Dion, Celine",THP0205,13,THP0205,,TH,1," 2/27/13"
"New Edition","Can You Stand The Rain",SC8603,14,SC8603,,SC,1," 2/27/13"
"New Edition","Hit Me Off",SC8320,6,SC8320,,SC,1," 2/27/13"
"New Edition","I'm Still In Love With You",SC8460,15,SC8460,,SC,1," 2/27/13"
"New Edition","If It Isn't Love",DK028,11,DK028,,DK,1," 2/27/13"
"New Edition","One More Day",SC8460,10,SC8460,,SC,1," 2/27/13"
"New Found Glory","Failure's Not Flattering",PHR0410,7,PHR0410,,PH,1," 2/27/13"
"New Found Glory","Head On Collision",THMR0303,13,THMR0303,,TH,1," 2/27/13"
"New Found Glory","My Friends Over You",SC8783,14,SC8783,,SC,1," 2/27/13"
"New Found Glory wvocal","My Friends Over You",SC3333,15,SC3333,,SC,1," 2/27/13"
"New Grass Revival","Can't Stop Now",CBEP476-2,3,CBEP476-2,,CB,1," 2/27/13"
"New Grass Revival","Dancin' With The Angels",CBEP476-1,17,CBEP476-1,,CB,1," 2/27/13"
"New Hinsons, The","If There Had Been No Calvary",CBEP466-6,15,CBEP466-6,,CB,1," 2/27/13"
"New Hinsons, The","Let's Have Church",CBEP466-1,9,CBEP466-1,,CB,1," 2/27/13"
"New Hinsons, The",Oasis,CBEP466-4,14,CBEP466-4,,CB,1," 2/27/13"
"New Hinsons, The","Old Ship Of Zion",CBEP466-3,16,CBEP466-3,,CB,1," 2/27/13"
"New Kid In Town","Eagles, The",BS9017,7,BS9017,,BS,1," 2/27/13"
"New Kids On The Block","Cover Girl",SAVP40,3,SAVP40,,SA,1," 2/27/13"
"New Kids On The Block","Hanging Tough",SAVP23,14,SAVP23,,SA,1," 2/27/13"
"New Kids On The Block","I'll Be Loving You",SAVP24,12,SAVP24,,SA,1," 2/27/13"
"New Kids On The Block","Please Don't Go Girl",DK024,1,DK024,,DK,1," 2/27/13"
"New Kids On The Block","Step By Step",SAVP23,16,SAVP23,,SA,1," 2/27/13"
"New Kids On The Block","This One's For The Children",SAVP39,19,SAVP39,,SA,1," 2/27/13"
"New Kids On The Block",Tonight,SAVP24,6,SAVP24,,SA,1," 2/27/13"
"New Kids On The Block","You Got It (The Right Stuff)",SAVP24,18,SAVP24,,SA,1," 2/27/13"
"New Kids On The Block Feat Ne-Yo",Single,PHMP0812,6,PHMP0812,,PH,1," 2/27/13"
"New Order","Bizarre Love Triangle",MM6192,3,MM6192,,MM,1," 2/27/13"
"New Order","Blue Monday",BL21,5,BL21,,BL,1," 2/27/13"
"New Orleans","Blues Brothers, The",TU102,13,TU102,,TU,1," 2/27/13"
"New Politics","Yeah Yeah Yeah",PHMP1010,5,PHMP1010,,PH,1," 2/27/13"
"New Radicals","Someday We'll Know",SC8545,2,SC8545,,SC,1," 2/27/13"
"New Radicals","You Get What You Give",SC8501,7,SC8501,,SC,1," 2/27/13"
"New Riders Of The Purple Sage","Panama Red",SC8861,2,SC8861,,SC,1," 2/27/13"
"New Seekers, The","I'd Like To Teach The World To Sing",MM6328,15,MM6328,,MM,1," 2/27/13"
"New Seekers, The","You Won't Find Another Fool Like Me",SF101,5,SF101,,SF,1," 2/27/13"
"New Vaudeville Band","Winchester Cathedral",CBEP472-4,4,CBEP472-4,,CB,1," 2/27/13"
"New Vaudeville Band, The","Winchester Cathedral",SC8206,6,SC8206,,SC,1," 2/27/13"
"New Year's Day",U2,TU107,10,TU107,,TU,1," 2/27/13"
"New York State Of Mind","Joel, Billy",AH8015,15,AH8015,,AH,1," 2/27/13"
"Newbeats, The","Bread & Butter",SC8361,10,SC8361,,SC,1," 2/27/13"
"Newley, Anthony","Talk To The Animals",SAVP36,9,SAVP36,,SA,1," 2/27/13"
"Newman, Gary",Cars,SF029,12,SF029,,SF,1," 2/27/13"
"Newman, Jimmy","Fallen Star, A",SC8383,12,SC8383,,SC,1," 2/27/13"
"Newman, Randy","I Love L A",SC8510,11,SC8510,,SC,1," 2/27/13"
"Newman, Randy","Short People",SC8514,10,SC8514,,SC,1," 2/27/13"
Newsboys,"It Is You",SC8828,4,SC8828,,SC,1," 2/27/13"
Newsong,"Christmas Shoes, The",CBE4-29,15,CBE4-29,,CB,1," 2/27/13"
Newsong,"Wide Open",SC8828,5,SC8828,,SC,1," 2/27/13"
"Newton John, Olivia","Have You Never Been Mellow",CBEP474-1,12,CBEP474-1,,CB,1," 2/27/13"
"Newton, Juice","Angel Of The Morning",SC7517,14,SC7517,,SC,1," 2/27/13"
"Newton, Juice","Break It To Me Gently",CBE06,13,CBE06,,CB,1," 2/27/13"
"Newton, Juice","Cheap Love",MM6086,11,MM6086,,MM,1," 2/27/13"
"Newton, Juice","Love's Been A Little Bit Hard On Me",SC7591,14,SC7591,,SC,1," 2/27/13"
"Newton, Juice","Queen Of Hearts",CBEP467-1,12,CBEP467-1,,CB,1," 2/27/13"
"Newton, Juice","Sweetest Thing (I've Ever Known), The",CBEP452-4,11,CBEP452-4,,CB,1," 2/27/13"
"Newton, Juice","Sweetest Thing I've Ever Known, The",SC7591,9,SC7591,,SC,1," 2/27/13"
"Newton, Juice","Sweetest Thing, The",MMGCOU02,12,MMGCOU02,,MM,1," 2/27/13"
"Newton, Juice","They Never Made It To Memphis",CB60202,10,CB60202,,CB,1," 2/27/13"
"Newton, Juice","You Make Me Want To Make You Mine",CB60169,15,CB60169,,CB,1," 2/27/13"
"Newton, Wayne","Danke Schoen",MMSTA02,3,MMSTA02,,MM,1," 2/27/13"
"Newton, Wayne","Red Roses For A Blue Lady",DK013,17,DK013,,DK,1," 2/27/13"
"Newton-John, Olivia","Air That I Breathe, The",DK024,15,DK024,,DK,1," 2/27/13"
"Newton-John, Olivia","Have You Never Been Mellow",DK004,6,DK004,,DK,1," 2/27/13"
"Newton-John, Olivia","Hopelessly Devoted To You",SC7503,8,SC7503,,SC,1," 2/27/13"
"Newton-John, Olivia","I Honestly Love You",DK011,13,DK011,,DK,1," 2/27/13"
"Newton-John, Olivia","If You Love Me (Let Me Know)",SC7549,1,SC7549,,SC,1," 2/27/13"
"Newton-John, Olivia","Let Me Be There",SC7529,13,SC7529,,SC,1," 2/27/13"
"Newton-John, Olivia","Look At Me, I'm Sandra Dee",SC2157,8,SC2157,,SC,1," 2/27/13"
"Newton-John, Olivia",Magic,DK040,4,DK040,,DK,1," 2/27/13"
"Newton-John, Olivia",Physical,CBE22,13,CBE22,,CB,1," 2/27/13"
"Newton-John, Olivia","Twist Of Fate",DK028,18,DK028,,DK,1," 2/27/13"
"Newton-John, Olivia & Cliff Richard",Suddenly,CBEP471-2,11,CBEP471-2,,CB,1," 2/27/13"
"Newton-John, Olivia & John Travolta","Summer Nights",CBEP471-2,14,CBEP471-2,,CB,1," 2/27/13"
"Newton-John, Olivia & John Travolta","You're The One That I Want",BL01,4,BL01,,BL,1," 2/27/13"
Next,"I Still Love You",SC8481,14,SC8481,,SC,1," 2/27/13"
Next,"Imagine That",THH0303,14,THH0303,,TH,1," 2/27/13"
Next,"Too Close",PHM9807,8,PHM9807,,PH,1," 2/27/13"
"Next & Lil' Mo",Wifey,SC8622,10,SC8622,,SC,1," 2/27/13"
"Next Big Thing","Gill, Vince",TU161,13,TU161,,TU,1," 2/27/13"
"Next Homecoming","Collective Soul",TU089,12,TU089,,TU,1," 2/27/13"
"Next Time I Fall In Love","Grant, Amy & Peter Cetera",BS5317,6,BS5317,,BS,1," 2/27/13"
"Nice & Slow",Usher,PHM9806,7,PHM9806,,PH,1," 2/27/13"
"Nice 'N Easy","Sinatra, Frank",AH8008,15,AH8008,,AH,1," 2/27/13"
"Nice To Know You",Incubus,THR0204,11,THR0204,,TH,1," 2/27/13"
"Nichols, Joe",Brokenheartsville,CBE4-25,10,CBE4-25,,CB,1," 2/27/13"
"Nichols, Joe","Cool To Be A Fool",THC0401,17,THC0401,,TH,1," 2/27/13"
"Nichols, Joe","If Nobody Believed In You",SC8877,9,SC8877,,SC,1," 2/27/13"
"Nichols, Joe","Impossible, The",MM6362,12,MM6362,,MM,1," 2/27/13"
"Nichols, Joe","She Only Smokes When She Drinks",SC8826,15,SC8826,,SC,1," 2/27/13"
"Nichols, Joe","The Impossible",PHN0208,7,PHN0208,,PH,1," 2/27/13"
"Nichols, Joe","To Tell You The Truth, I Lied",SC8351,15,SC8351,,SC,1," 2/27/13"
"Nichols, Joe","What's A Guy Gotta Do",SC8907,11,SC8907,,SC,1," 2/27/13"
"Nichols, Joe wvocal",Brokenheartsville,SC3342,16,SC3342,,SC,1," 2/27/13"
"Nichols, Joe wvocal","Cool To Be A Fool",SC3386,10,SC3386,,SC,1," 2/27/13"
"Nichols, Joe wvocal","She Only Smokes When She Drinks",SC3367,16,SC3367,,SC,1," 2/27/13"
"Nichols, Turner","She Loves To Hear Me Rock",SC8229,8,SC8229,,SC,1," 2/27/13"
"Nick Glider","Hot Child In The City",SC8368,11,SC8368,,SC,1," 2/27/13"
"Nickel Creek","Light House's Tale, The",SD092,12,SD092,,SD,1," 2/27/13"
"Nickel Creek","Lighthouse's Tale, The",SC8736,6,SC8736,,SC,1," 2/27/13"
"Nickel Creek","Reasons Why",SC8623,12,SC8623,,SC,1," 2/27/13"
"Nickel Creek",Speak,SC8802,4,SC8802,,SC,1," 2/27/13"
"Nickel Creek","The Lighthouse Tale",CB60230,13,CB60230,,CB,1," 2/27/13"
"Nickel Creek","This Side",SD100,14,SD100,,SD,1," 2/27/13"
"Nickel Creek","When You Come Back Down",SC8751,7,SC8751,,SC,1," 2/27/13"
"Nickel Creek wvocal",Speak,SC3342,12,SC3342,,SC,1," 2/27/13"
Nickelback,"Feelin' Way Too Damn Good",SC8883,8,SC8883,,SC,1," 2/27/13"
Nickelback,"Feeling Way Too Damn Good",MM6417,2,MM6417,,MM,1," 2/27/13"
Nickelback,"Figured You Out",SC8855,7,SC8855,,SC,1," 2/27/13"
Nickelback,"How You Remind Me",SC8742,14,SC8742,,SC,1," 2/27/13"
Nickelback,"Leader Of Men",SC8659,10,SC8659,,SC,1," 2/27/13"
Nickelback,"Never Again",SC8740,9,SC8740,,SC,1," 2/27/13"
Nickelback,Someday,SF209,12,SF209,,SF,1," 2/27/13"
Nickelback,"Too Bad",CB30020,11,CB30020,,CB,1," 2/27/13"
Nickelback,"Woke Up This Morning",SC8783,9,SC8783,,SC,1," 2/27/13"
"Nickelback & Kid Rock","Saturday Night's Alright (For Fighting)",SC8839,8,SC8839,,SC,1," 2/27/13"
"Nickelback wvocal","Figured You Out",SC3391,15,SC3391,,SC,1," 2/27/13"
"Nickelback wvocal","Woke Up This Morning",SC3333,9,SC3333,,SC,1," 2/27/13"
"Nicki Minaj","Beautiful Sinner",PHMU1212,4,PHMU1212,,PH,1," 2/27/13"
"Nicki Minaj","Catch Me",PHMU1108,6,PHMU1108,,PH,1," 2/27/13"
"Nicki Minaj","Did It On'em",PHMP1105,3,PHMP1105,,PH,1," 2/27/13"
"Nicki Minaj","Right Thru Me",PHMU1101,2,PHMU1101,,PH,1," 2/27/13"
"Nicki Minaj","Right Thru Me (MPX)",PHMU1101,11,PHMU1101,,PH,1," 2/27/13"
"Nicki Minaj","Roman Holiday",PHMU1206,7,PHMU1206,,PH,1," 2/27/13"
"Nicki Minaj",Starships,PHMP1205,2,PHMP1205,,PH,1," 2/27/13"
"Nicki Minaj","Stupid Hoe",PHMU1205,3,PHMU1205,,PH,1," 2/27/13"
"Nicki Minaj","Your Love",PHMU1007,4,PHMU1007,,PH,1," 2/27/13"
"Nicki Minaj feat 2 Chainz","Beez In The Trap",PHMU1206,1,PHMU1206,,PH,1," 2/27/13"
"Nicki Minaj feat Eminem","Roman's Revenge",PHMP1102,4,PHMP1102,,PH,1," 2/27/13"
Nickleback,"Too Bad",MM6363,11,MM6363,,MM,1," 2/27/13"
"Nicks, Stevie","After The Glitter Fades",SC8552,2,SC8552,,SC,1," 2/27/13"
"Nicks, Stevie","Blue Denim",SC8238,12,SC8238,,SC,1," 2/27/13"
"Nicks, Stevie","Edge Of Seventeen, The",SC8329,8,SC8329,,SC,1," 2/27/13"
"Nicks, Stevie","Every Day",MM6343,11,MM6343,,MM,1," 2/27/13"
"Nicks, Stevie","I Can't Wait",SC8603,10,SC8603,,SC,1," 2/27/13"
"Nicks, Stevie","If Anyone Falls",SC8393,6,SC8393,,SC,1," 2/27/13"
"Nicks, Stevie","If You Ever Did Believe",SC8499,8,SC8499,,SC,1," 2/27/13"
"Nicks, Stevie","Maybe Love Will Change Your Mind",MM6057,7,MM6057,,MM,1," 2/27/13"
"Nicks, Stevie","Planets Of The Universe",MM6340,6,MM6340,,MM,1," 2/27/13"
"Nicks, Stevie","Rooms On Fire",SC8417,11,SC8417,,SC,1," 2/27/13"
"Nicks, Stevie","Stand Back",MM6092,13,MM6092,,MM,1," 2/27/13"
"Nicks, Stevie","Stop Draggin' My Heart Around",MM6092,3,MM6092,,MM,1," 2/27/13"
"Nicks, Stevie","Talk To Me",SC8477,13,SC8477,,SC,1," 2/27/13"
"Nicks, Stevie & Don Henley","Leather & Lace",SC8368,13,SC8368,,SC,1," 2/27/13"
"Nicks, Stevie & Don Henley","Leather And Lace",MM6053,9,MM6053,,MM,1," 2/27/13"
"Nicks, Stevie & Henley, Don","Leather And Lace",SC7581,3,SC7581,,SC,1," 2/27/13"
"Nicks, Stevie & Petty, Tom","Stop Draggin' My Heart Around",SC7523,8,SC7523,,SC,1," 2/27/13"
"Nicks, Stevie & Tom Petty","Stop Draggin' My Heart Around",CBEP471-3,9,CBEP471-3,,CB,1," 2/27/13"
"Nielsen-Chapman, Beth","Happy Girl",SC8395,12,SC8395,,SC,1," 2/27/13"
"Night Chicago Died, The","Paper Lace",AH8001,7,AH8001,,AH,1," 2/27/13"
"Night I Called The Old Man Out, The","Brooks, Garth",RSZ610,5,RSZ610,,RS,1," 2/27/13"
"Night Ranger","Don't Tell Me You Love Me",SC8516,8,SC8516,,SC,1," 2/27/13"
"Night Ranger","Sister Christian",SC7579,6,SC7579,,SC,1," 2/27/13"
"Night Ranger","When You Close Your Eyes",SC8373,1,SC8373,,SC,1," 2/27/13"
"Night Ranger","You Can Still Rock In America",SC8624,1,SC8624,,SC,1," 2/27/13"
"Night The Lights Went Out In Georgia, Th","McEntire, Reba",THMP033,9,THMP033,,TH,1," 2/27/13"
"Nightingale, Maxine","Lead Me On",SC8151,12,SC8151,,SC,1," 2/27/13"
"Nightingale, Maxine","Right Back Where We Started From",SC8143,11,SC8143,,SC,1," 2/27/13"
Nilsson,"Jump Into The Fire",SC8641,9,SC8641,,SC,1," 2/27/13"
Nilsson,"Without You",CBEP464-4,12,CBEP464-4,,CB,1," 2/27/13"
"Nilsson, Harry",Coconut,MM6107,13,MM6107,,MM,1," 2/27/13"
"Nilsson, Harry","Everbody's Talkin'",SC8589,3,SC8589,,SC,1," 2/27/13"
"Nilsson, Harry","Everybody's Talkin'",DK042,11,DK042,,DK,1," 2/27/13"
"Nilsson, Harry","Without You",SAVP11,18,SAVP11,,SA,1," 2/27/13"
"Nine Days",Absolutely,CBEP470-2,9,CBEP470-2,,CB,1," 2/27/13"
"Nine Days","Absolutely (Story Of A Girl)",MM6310,12,MM6310,,MM,1," 2/27/13"
"Nine Days","Good Friend",CBEP477-1,12,CBEP477-1,,CB,1," 2/27/13"
"Nine Days","If I Am",MM6325,15,MM6325,,MM,1," 2/27/13"
"Nine Inch Nails",Closer,SGB12,15,SGB12,,SG,1," 2/27/13"
"Nine Inch Nails",Deep,SC8699,8,SC8699,,SC,1," 2/27/13"
"Nineteen Something","Wills, Mark",TU161,14,TU161,,TU,1," 2/27/13"
Nirvana,"About A Girl",SC8148,10,SC8148,,SC,1," 2/27/13"
Nirvana,"About A Girl (Unplugged Version)",SC8821,15,SC8821,,SC,1," 2/27/13"
Nirvana,"All Apologies",SC8122,7,SC8122,,SC,1," 2/27/13"
Nirvana,"Come As You Are",SC8122,10,SC8122,,SC,1," 2/27/13"
Nirvana,"Come As You Are (Unplugged)",SC8856,15,SC8856,,SC,1," 2/27/13"
Nirvana,"Heart Shaped Box",SC8310,10,SC8310,,SC,1," 2/27/13"
Nirvana,"In Bloom",SC8598,12,SC8598,,SC,1," 2/27/13"
Nirvana,"Man Who Sold The World, The",SC8156,1,SC8156,,SC,1," 2/27/13"
Nirvana,"Smells Like Teen Spirit",CBE2-25,15,CBE2-25,,CB,1," 2/27/13"
Nirvana,"Where Did You Sleep Last Night",SC8874,7,SC8874,,SC,1," 2/27/13"
Nirvana,"You Know You're Right",CBEP477-1,17,CBEP477-1,,CB,1," 2/27/13"
Nitty,"Nasty Girl",PHM0412,2,PHM0412,,PH,1," 2/27/13"
"Nitty Gritty Dirt Band","Lowlands, The",SC3355,6,SC3355,,SC,1," 2/27/13"
"Nitty Gritty Dirt Band","Will The Circle Be Unbroken",SC8693,1,SC8693,,SC,1," 2/27/13"
"Nitty Gritty Dirt Band, The","American Dream",SC8378,7,SC8378,,SC,1," 2/27/13"
"Nitty Gritty Dirt Band, The","Baby's Got A Hold On Me",SC8676,14,SC8676,,SC,1," 2/27/13"
"Nitty Gritty Dirt Band, The","Dance Little Jean",SC8582,3,SC8582,,SC,1," 2/27/13"
"Nitty Gritty Dirt Band, The","Fishin' In The Dark",SC8455,13,SC8455,,SC,1," 2/27/13"
"Nitty Gritty Dirt Band, The","High Horse",SC8517,3,SC8517,,SC,1," 2/27/13"
"Nitty Gritty Dirt Band, The","I Saw The Light",SC8693,13,SC8693,,SC,1," 2/27/13"
"Nitty Gritty Dirt Band, The","I've Been Lookin'",SC8541,3,SC8541,,SC,1," 2/27/13"
"Nitty Gritty Dirt Band, The","Long Hard Road The Sharecropper's Dream",SC7568,8,SC7568,,SC,1," 2/27/13"
"Nitty Gritty Dirt Band, The","Modern Day Romance",SC8345,5,SC8345,,SC,1," 2/27/13"
"Nitty Gritty Dirt Band, The","Mr. Bojangles",SC7544,10,SC7544,,SC,1," 2/27/13"
"Nitty Gritty Dirt Band, The","You Made Life Good Again",CB60156,15,CB60156,,CB,1," 2/27/13"
Nivea,"Don't Mess With My Man",CB30028,13,CB30028,,CB,1," 2/27/13"
"Nivea & Jagged Edge","Don't Mess With My Man",CBEP473-3,13,CBEP473-3,,CB,1," 2/27/13"
"Nivea & Jagged Edge","Don't Mess With My Man (2002 Mix)",PHM0301,5,PHM0301,,PH,1," 2/27/13"
"Nivea & Jagged Edge wvocal","Don't Mess With My Man (2002 Mix)",PHM0301,14,PHM0301,,PH,1," 2/27/13"
"Nivea, Brian Casey & Brandon Casey","Don't Mess With My Man",SC8801,1,SC8801,,SC,1," 2/27/13"
"Nixon, Marni","I Could Have Danced All Night",CB5018-02,8,CB5018-02,,CB,1," 2/27/13"
Nixons,Sister,PHM9606,8,PHM9606,,PH,1," 2/27/13"
Nixons,Wire,SC8308,4,SC8308,,SC,1," 2/27/13"
"Nixons, The",Sister,PHGH1900-2,4,PHGH1900-2,,PH,1," 2/27/13"
"No Doubt",Bathwater,CBEP470-1,12,CBEP470-1,,CB,1," 2/27/13"
"No Doubt","Don't Speak",SC7583,13,SC7583,,SC,1," 2/27/13"
"No Doubt",Ex-Girlfriend,SC8601,3,SC8601,,SC,1," 2/27/13"
"No Doubt","Excuse Me Mr.",SC8369,11,SC8369,,SC,1," 2/27/13"
"No Doubt","Hella Good",SC8813,5,SC8813,,SC,1," 2/27/13"
"No Doubt","Hella Goodÿÿÿÿÿÿÿÿÿÿÿÿÿÿÿÿÿÿÿÿÿÿ",CBEP473-2,8,CBEP473-2,,CB,1," 2/27/13"
"No Doubt","Hey Baby",SC8813,12,SC8813,,SC,1," 2/27/13"
"No Doubt","If It Makes You Happy",PHGH1900-2,7,PHGH1900-2,,PH,1," 2/27/13"
"No Doubt","It's My Life",SC8905,13,SC8905,,SC,1," 2/27/13"
"No Doubt","Just A Girl",MM6159,12,MM6159,,MM,1," 2/27/13"
"No Doubt",New,SC8531,4,SC8531,,SC,1," 2/27/13"
"No Doubt",Running,CBE4-10,11,CBE4-10,,CB,1," 2/27/13"
"No Doubt",Runningÿ,THP0305,10,THP0305,,TH,1," 2/27/13"
"No Doubt","Simple Kind Of Life",MM6310,15,MM6310,,MM,1," 2/27/13"
"No Doubt",Spiderwebs,SC2089,6,SC2089,,SC,1," 2/27/13"
"No Doubt","Sunday Morning",PHM9706,7,PHM9706,,PH,1," 2/27/13"
"No Doubt","Underneath It All",CBEP473-6,13,CBEP473-6,,CB,1," 2/27/13"
"No Doubt & Bounty Killer","Hey Baby",SC8732,12,SC8732,,SC,1," 2/27/13"
"No Doubt & Lady Saw","Underneath It All",SC8813,15,SC8813,,SC,1," 2/27/13"
"No Letting Go","Wonder, Wayne",SC3356,6,SC3356,,SC,1," 2/27/13"
"No Letting Go","Wonder, Wayne wvocal",SC3356,14,SC3356,,SC,1," 2/27/13"
"No Matta What (party All Night)",Toya,THP0206,17,THP0206,,TH,1," 2/27/13"
"No Matter What",Toya,PHM0206,4,PHM0206,,PH,1," 2/27/13"
"No Me Platiques Mas","Miguel, Luis",SC7101,14,SC7101,,SC,1," 2/27/13"
"No Mercy","Please Don't Go",SC8357,6,SC8357,,SC,1," 2/27/13"
"No Mercy","When I Die",PHM9707,7,PHM9707,,PH,1," 2/27/13"
"No Mercy","Where Do We Go",PHM9609,5,PHM9609,,PH,1," 2/27/13"
"No Mercy","Where Do You Go",SC8320,14,SC8320,,SC,1," 2/27/13"
"No More Drama","Blige, Mary J.",THH0204,11,THH0204,,TH,1," 2/27/13"
"No More Mr. Nice Guy","Cooper, Alice",DG01,5,DG01,,DG,1," 2/27/13"
"No No No","Destiny's Child",TU022,6,TU022,,TU,1," 2/27/13"
"No One Knows","Queens Of The Stone Age",THR0301,14,THR0301,,TH,1," 2/27/13"
"No One Needs To Know","Twain, Shania",RSZ605,17,RSZ605,,RS,1," 2/27/13"
"No Place Like Home","Travis, Randy",BS5917,8,BS5917,,BS,1," 2/27/13"
"No Scrubs",TLC,PHT9906,5,PHT9906,,PH,1," 2/27/13"
"No Se Tu","Miguel, Luis",SC7101,10,SC7101,,SC,1," 2/27/13"
"No Secrets","Kids In America",MM6413,7,MM6413,,MM,1," 2/27/13"
"No Secrets","That's What Girls Do",MM6413,9,MM6413,,MM,1," 2/27/13"
"No Sleep Till Brooklyn","Beastie Boys, The",SC2312,8,SC2312,,SC,1," 2/27/13"
"No Such Thing","Mayer, John",THP0206,18,THP0206,,TH,1," 2/27/13"
"No Trash In My Trailer","Watson, Gene",TU161,15,TU161,,TU,1," 2/27/13"
"No Volvere",Mariachi,SC7108,11,SC7108,,SC,1," 2/27/13"
"No Woman, No Cry","Fugees, The",THM9609,2,THM9609,,TH,1," 2/27/13"
"Nobb, D.","C'mon And Get My Love",SAVP24,4,SAVP24,,SA,1," 2/27/13"
Nobody,"Sweat, Keith & Athena Cage",BS3917,7,BS3917,,BS,1," 2/27/13"
"Nobody Told Me","Lennon, John",RSZ607,9,RSZ607,,RS,1," 2/27/13"
"Nobody Wants to Be Lonely","Martin, Ricky & Christina Aguilera",TU182,12,TU182,,TU,1," 2/27/13"
"Noel Gourdin",Beautiful,PHMU1108,7,PHMU1108,,PH,1," 2/27/13"
"Noel Gourdin","One Love",PHMU0812,8,PHMU0812,,PH,1," 2/27/13"
Noelia,Candela,SC2219,5,SC2219,,SC,1," 2/27/13"
"Nolan, Kenny","I Like Dreamin'",SC8153,6,SC8153,,SC,1," 2/27/13"
"Nolen, Gabbie","Almost There",SD095,10,SD095,,SD,1," 2/27/13"
Nonchalant,"5 O'clock In The Morning",MM6170,5,MM6170,,MM,1," 2/27/13"
"Noonan, Paddy & The Grand Band","Mcnamara's Band",SC8737,5,SC8737,,SC,1," 2/27/13"
"Norah Jones","Chasing Pirates",PHMP1002,9,PHMP1002,,PH,1," 2/27/13"
"Norah Jones","It's Gonna Be",PHMP1008,9,PHMP1008,,PH,1," 2/27/13"
"Norah Jones",Sunrise,MM6405,15,MM6405,,MM,1," 2/27/13"
"Nordeman, Nichole",Holy,SC8828,12,SC8828,,SC,1," 2/27/13"
"Nordeman, Nicole",Holy,CBE4-29,6,CBE4-29,,CB,1," 2/27/13"
"North Wind","Williams, Hank",JV0038,5,JV0038,,JV,1," 2/27/13"
"Norwood, Daron","Bad Dog No Biscuit",SD012,13,SD012,,SD,1," 2/27/13"
"Norwood, Daron","Cowboys Don't Cry",CB60162,14,CB60162,,CB,1," 2/27/13"
"Norwood, Daron","If I Ever Love Again",SC8317,5,SC8317,,SC,1," 2/27/13"
"Norwood, Daron","If It Wasn't For Her, I Wouldn't Have Yo",CB60118,11,CB60118,,CB,1," 2/27/13"
"Norwood, Daron","My Girl Friday",CB60162,15,CB60162,,CB,1," 2/27/13"
"Not A Day Goes By",Lonestar,THC0205,13,THC0205,,TH,1," 2/27/13"
"Not A Moment Too Soon","McGraw, Tim",TU100,15,TU100,,TU,1," 2/27/13"
"NOT AFRAID",EARSHOT,TT171,11,TT171,,TT,1," 2/27/13"
"Not Afraidÿ",Earshot,THR0212,18,THR0212,,TH,1," 2/27/13"
"Not Counting You","Brooks, Garth",RSZ609,13,RSZ609,,RS,1," 2/27/13"
"Not For You","Pearl Jam",RSZ601,17,RSZ601,,RS,1," 2/27/13"
"Not Gonna Get Us",T.A.T.U.,PHM0307,6,PHM0307,,PH,1," 2/27/13"
"Not Too Young, Not Too Old","Carter, Aaron & Nick Carter",TUM001,7,TUM001,,TU,1," 2/27/13"
"Nothing Can Stand In Your Way","Zappacosta, Alfie",GM1001,9,GM1001,,GM,1," 2/27/13"
"Nothing Could Come Between Us","Theory Of A Deadman",PHR0211,5,PHR0211,,PH,1," 2/27/13"
"Nothing Could Come Between Us","Theory of a Deadman",TU159,11,TU159,,TU,1," 2/27/13"
"Nothing Could Come Between Us","Theory Of A Deadman",THR0211,16,THR0211,,TH,1," 2/27/13"
"Nothing In This World","Wyatt, Keke & Avant",THP0204,12,THP0204,,TH,1," 2/27/13"
"Nothing's Gonna Change My Love","Medeiros, Glenn",BS3817,6,BS3817,,BS,1," 2/27/13"
"Notorious B.i.g.","Big Poppa",MM6380B,1,MM6380B,,MM,1," 2/27/13"
"Notorious B.i.g.",Hypnotize,MM6380B,7,MM6380B,,MM,1," 2/27/13"
"Notorious B.i.g. & Puff Daddy & Mase","Mo Money Mo Problems",MM6380B,12,MM6380B,,MM,1," 2/27/13"
"Notorious Big",Hypnotize,SC8656,13,SC8656,,SC,1," 2/27/13"
"Notorious Cherry Bombs, The","It's Hard To Kiss The Lips At Night That",SC8884,8,SC8884,,SC,1," 2/27/13"
"Nova, Heather","London Rain Nothing Heals Me Like You Do",SC8481,1,SC8481,,SC,1," 2/27/13"
"Nova, Heather","Walk This World",SC8240,7,SC8240,,SC,1," 2/27/13"
"November Rain","Guns 'N Roses",PSJT147,9,PSJT147,,PS,1," 2/27/13"
Now,"Def Leppard",TU142,11,TU142,,TU,1," 2/27/13"
"Now Would Be The Time","Trick Pony",TU172,11,TU172,,TU,1," 2/27/13"
"Nowhere Kids","Smile Empty Soul",PHR0401,8,PHR0401,,PH,1," 2/27/13"
"Nowhere To Go","Etheridge, Melissa",THM9609,7,THM9609,,TH,1," 2/27/13"
Nsync,"Bye Bye Bye",SGB038,14,SGB038,,SG,1," 2/27/13"
Nsync,Girlfriend,MM6359,15,MM6359,,MM,1," 2/27/13"
Nsync,"I Want You Back",CHMP9805,8,CHMP9805,,CH,1," 2/27/13"
Nsync,Pop,CBEP470-3,12,CBEP470-3,,CB,1," 2/27/13"
Nsync,"Tearin' Up My Heart",SC1999NSC06,15,SC1999NSC06,,SC,1," 2/27/13"
"Nu Flavor",Heaven,MM6234,13,MM6234,,MM,1," 2/27/13"
"Nu Shooz","I Can't Wait",SC8477,3,SC8477,,SC,1," 2/27/13"
"Nugent, Ted","Cat Scratch Fever",SC8404,14,SC8404,,SC,1," 2/27/13"
"Nugent, Ted","Free For All",SC8334,5,SC8334,,SC,1," 2/27/13"
"Nugent, Ted","Hey Baby",SC8724,11,SC8724,,SC,1," 2/27/13"
"Nugent, Ted","Just What The Doctor Ordered",AH8009,12,AH8009,,AH,1," 2/27/13"
"Nugent, Ted","Motor City Madhouse",SC8397,15,SC8397,,SC,1," 2/27/13"
"Nugent, Ted",Stranglehold,SGB066,5,SGB066,,SG,1," 2/27/13"
"Nugent, Ted","Wango Tango",SC8713,3,SC8713,,SC,1," 2/27/13"
"Nugent, Ted & Amboy Dukes","Journey To The Center Of The Mind",SGB054,4,SGB054,,SG,1," 2/27/13"
"Numan, Gary",Cars,SC8522,4,SC8522,,SC,1," 2/27/13"
"Nutmegs, The","Story Untold",MM6385,2,MM6385,,MM,1," 2/27/13"
Nylons,"Kiss Him Goodbye",CBEP472-6,3,CBEP472-6,,CB,1," 2/27/13"
