"K Doe, Ernie","Mother In Law",CBEP455-5,1,CBEP455-5,,CB,1," 2/27/13"
"K Jon feat Lee England & Augustine Alvar","This Time",PHMU0911,7,PHMU0911,,PH,1," 2/27/13"
"K Michelle","How Many Times",PHMU1106,2,PHMU1106,,PH,1," 2/27/13"
K'naan,Better,PHMU1206,8,PHMU1206,,PH,1," 2/27/13"
"K's Choice","Everything For Free",SC8484,15,SC8484,,SC,1," 2/27/13"
"K's Choice","Not An Addict",SC8457,13,SC8457,,SC,1," 2/27/13"
"K-Ci & Jojo","All My Life",SC8453,11,SC8453,,SC,1," 2/27/13"
"K-Ci & Jojo",Crazy,CB30009,11,CB30009,,CB,1," 2/27/13"
"K-Ci & Jojo","It's Me",THH0302,15,THH0302,,TH,1," 2/27/13"
"K-Ci & Jojo","Tell Me It's Real",SC8545,13,SC8545,,SC,1," 2/27/13"
"K-Ci & Jojo","This Very Moment",CB30034,12,CB30034,,CB,1," 2/27/13"
"K-Ci & JoJo","This Very Moment",THH0303,12,THH0303,,TH,1," 2/27/13"
"K-Ci & Jojo","You Bring Me Up",SC8390,3,SC8390,,SC,1," 2/27/13"
"K-Doe, Ernie","Mother In Law",CB5014-02,8,CB5014-02,,CB,1," 2/27/13"
"K-Doe, Ernie",Mother-In-Law,DK042,18,DK042,,DK,1," 2/27/13"
"K. Michelle","I Just Can't Do This",PHMU1010,2,PHMU1010,,PH,1," 2/27/13"
"K.c. & Sunshine Band, The","Get Down Tonight",SC7597,14,SC7597,,SC,1," 2/27/13"
"K.C. & Sunshine Band, The","Give It Up",SF111,12,SF111,,SF,1," 2/27/13"
"K.c. & Sunshine Band, The","Please Don't Go",SC8323,3,SC8323,,SC,1," 2/27/13"
"K.C. & Sunshine Band, The","That's The Way I Like It",DK056,3,DK056,,DK,1," 2/27/13"
"K.c. & Sunshine Band, The","That's The Way I Like It",CBE30,5,CBE30,,CB,1," 2/27/13"
"K.C. & Sunshine Band, The","That's The Way I Like It",SAVP17,18,SAVP17,,SA,1," 2/27/13"
"K.C. & The Sunshine Band","Get Down Tonight",SGB035,1,SGB035,,SG,1," 2/27/13"
"K.c. & The Sunshine Band","Get Down Tonight",CBEP464-6,9,CBEP464-6,,CB,1," 2/27/13"
"K.C. & The Sunshine Band","Get Down Tonight",CB90192,14,CB90192,,CB,1," 2/27/13"
"K.C. & The Sunshine Band","Give It Up",CB90192,15,CB90192,,CB,1," 2/27/13"
"K.C. & The Sunshine Band","I'm Your Boogieman",CB90192,9,CB90192,,CB,1," 2/27/13"
"K.C. & The Sunshine Band","Keep It Comin' Love",CB90192,10,CB90192,,CB,1," 2/27/13"
"K.C. & The Sunshine Band","Please Don't Go",CB90192,11,CB90192,,CB,1," 2/27/13"
"K.C. & The Sunshine Band","Shake Your Booty",CB90192,12,CB90192,,CB,1," 2/27/13"
"K.C. & The Sunshine Band","Shake Your Booty (Shake, Shake, Shake)",SGB035,13,SGB035,,SG,1," 2/27/13"
"K.C. & The Sunshine Band","That's The Way (i Like It)",CB90192,13,CB90192,,CB,1," 2/27/13"
"K.C. & The Sunshine Band","That's The Way I Like It",BL25,15,BL25,,BL,1," 2/27/13"
"K.C. & The Sunshine Band","Yes, I Am Ready",CB90192,8,CB90192,,CB,1," 2/27/13"
"Kaci Battaglia","Crazy Possessive",PHMP0908,8,PHMP0908,,PH,1," 2/27/13"
"Kadison, Joshua","Beau's All Night Radio Love Line",SD013,11,SD013,,SD,1," 2/27/13"
"Kadison, Joshua","Beautiful In My Eyes",MM6045,14,MM6045,,MM,1," 2/27/13"
"Kadison, Joshua",Jessie,SC8279,11,SC8279,,SC,1," 2/27/13"
"Kadison, Joshua","Picture Postcards From L.a.",MM6091,5,MM6091,,MM,1," 2/27/13"
"Kadison, Joshua","Picture Postcards From L.A.",SD007,5,SD007,,SD,1," 2/27/13"
"Kadison, Joshua","Picture Postcards From L.a.",SC8140,8,SC8140,,SC,1," 2/27/13"
"Kadison, Joshua","Take It On Faith",SD022,8,SD022,,SD,1," 2/27/13"
"Kahn, Chaka","Ain't Nobody",SF011,1,SF011,,SF,1," 2/27/13"
Kajagoogoo,"Too Shy",SF031,12,SF031,,SF,1," 2/27/13"
"Kallen, Kitty","Little Things Mean A Lot",SAVP30,15,SAVP30,,SA,1," 2/27/13"
"Kamakawiwo'ole, Israel","Over The Rainbowwhat A Wonderful World",SC8850,8,SC8850,,SC,1," 2/27/13"
"Kamakawiwo'ole, Isreal","Over The Rainbow",PHM0406,6,PHM0406,,PH,1," 2/27/13"
"Kames, Bob & Foul Four","Chicken Dance, The",MM6192,11,MM6192,,MM,1," 2/27/13"
"Kamoze, Ini","Here Comes The Hotstepper",SF039,9,SF039,,SF,1," 2/27/13"
Kandi,"Don't Think I'm Not",CBEP470-4,14,CBEP470-4,,CB,1," 2/27/13"
"Kane, Eden","Boys Cry",SF064,5,SF064,,SF,1," 2/27/13"
Kansas,"Carry On My Wayward Son",DK091,12,DK091,,DK,1," 2/27/13"
Kansas,"Carry On Wayward Son",SGB063,14,SGB063,,SG,1," 2/27/13"
Kansas,"Dust In The Wind",SGB039,13,SGB039,,SG,1," 2/27/13"
Kansas,"Fight Fire With Fire",SC8648,14,SC8648,,SC,1," 2/27/13"
Kansas,"Play The Game Tonight",SC8648,15,SC8648,,SC,1," 2/27/13"
Kansas,"Point Of Know Return",SC8648,9,SC8648,,SC,1," 2/27/13"
Kansas,"Point Of No Return",SC8204,14,SC8204,,SC,1," 2/27/13"
"Kanye West","Flashing Lights",PHMU0802,4,PHMU0802,,PH,1," 2/27/13"
"Kanye West",Heartless,PHMP0902,2,PHMP0902,,PH,1," 2/27/13"
"Kanye West","Love Lockdown",PHMU0812,1,PHMU0812,,PH,1," 2/27/13"
"Kanye West feat Mr. Hudson",Paranoid,PHMP0906,3,PHMP0906,,PH,1," 2/27/13"
"Kanye West feat Young Jeezy",Amazing,PHMU0906,1,PHMU0906,,PH,1," 2/27/13"
"Karen Peck & New River","Four Days Late",CBEP478-5,16,CBEP478-5,,CB,1," 2/27/13"
Karina,"16  War",PHMU0807,6,PHMU0807,,PH,1," 2/27/13"
"Karli Whetstone","I'm Having A Good Day",PHMC1009,8,PHMC1009,,PH,1," 2/27/13"
Karma,"Andrews, Jessica",THC0205,17,THC0205,,TH,1," 2/27/13"
Kashmir,"Led Zeppelin",AH8004,1,AH8004,,AH,1," 2/27/13"
"Kate & Kacey","Dreaming Love",PHMC0908,5,PHMC0908,,PH,1," 2/27/13"
"Kate Bush","Wuthering Heights",SF055,9,SF055,,SF,1," 2/27/13"
"Kate Earl","One Woman Army",PHMP1302,8,PHMP1302,,PH,1," 2/27/13"
"Kate Voegele","99 Times",PHMP0908,6,PHMP0908,,PH,1," 2/27/13"
"Kathy's Song","Cassidy, Eva",ZMP003,3,ZMP003,,ZM,1," 2/27/13"
"Katie Armiger","Best Song Ever",PHMC1104,4,PHMC1104,,PH,1," 2/27/13"
"Katie Armiger","I Do, But Do I",PHMC1110,3,PHMC1110,,PH,1," 2/27/13"
"Katie Armiger","Kiss Me Now",PHMC1005,8,PHMC1005,,PH,1," 2/27/13"
"Katie Armiger","Leaving Home",PHMC1008,6,PHMC1008,,PH,1," 2/27/13"
"Katie Armiger","Trail Of Lies",PHMC0904,3,PHMC0904,,PH,1," 2/27/13"
Katrina,"So Eden",PHMP1205,7,PHMP1205,,PH,1," 2/27/13"
"Katrina & The Waves","That's The Way",SAVP39,17,SAVP39,,SA,1," 2/27/13"
"Katrina & Waves, The","Walking On Sunshine",SC7581,14,SC7581,,SC,1," 2/27/13"
"Katrina And The Waves","Walking On Sunshine",CBEP467-6,4,CBEP467-6,,CB,1," 2/27/13"
"Katy Perry","Hot N Cold",PHMP0811,2,PHMP0811,,PH,1," 2/27/13"
"Kaufman, Irving","Hail! Hail! The Gang's All Here",CBE4-30,9,CBE4-30,,CB,1," 2/27/13"
Kavana,"Special Kind Of Something",SF125,11,SF125,,SF,1," 2/27/13"
"Kay Starr","Rock & Roll Waltz",SC8396,15,SC8396,,SC,1," 2/27/13"
"Kayle, Kortney","Don't Let Me Down",CB60217,10,CB60217,,CB,1," 2/27/13"
"Kayle, Kortney","Unbroken By You",SC8711,14,SC8711,,SC,1," 2/27/13"
"Kayle, Kourtney","Unbroken By You",PHN0111,8,PHN0111,,PH,1," 2/27/13"
"Kayne West","Through The Wire",PHU0402,6,PHU0402,,PH,1," 2/27/13"
"KC & Jo Jo","Tell Me It's Real",PHM9907,2,PHM9907,,PH,1," 2/27/13"
"KC & Jo Jo wvocal","Tell Me It's Real",PHM9907,12,PHM9907,,PH,1," 2/27/13"
"Kc & The Sunshine Band","Get Down Tonight",MM6192,2,MM6192,,MM,1," 2/27/13"
"KC & The Sunshine Band","Get Down Tonight",CBE1-24,5,CBE1-24,,CB,1," 2/27/13"
"Kc & The Sunshine Band","Get Down Tonight",SC8143,10,SC8143,,SC,1," 2/27/13"
"KC & The Sunshine Band","Get Down Tonight",MMRB2-1,12,MMRB2-1,,MM,1," 2/27/13"
"Kc & The Sunshine Band","Get Down Tonight",MMRB02,15,MMRB02,,MM,1," 2/27/13"
"Kc & The Sunshine Band","I'm Your Boogie Man",SC8143,2,SC8143,,SC,1," 2/27/13"
"KC & The Sunshine Band","I'm Your Boogie Man",CBEP474-2,17,CBEP474-2,,CB,1," 2/27/13"
"Kc & The Sunshine Band","Keep It Comin' Love",SC8634,13,SC8634,,SC,1," 2/27/13"
"KC & The Sunshine Band","Keep It Coming Love",CBEP468-3,3,CBEP468-3,,CB,1," 2/27/13"
"Kc & The Sunshine Band","Please Don't Go",CBEP467-1,5,CBEP467-1,,CB,1," 2/27/13"
"Kc & The Sunshine Band","Shake Shake Shake",SC8227,15,SC8227,,SC,1," 2/27/13"
"KC & The Sunshine Band","Shake Shake Shake Shake Your Booty",CBEP468-2,11,CBEP468-2,,CB,1," 2/27/13"
"KC & The Sunshine Band","That's The Way I Like It",DKM2032,5,DKM2032,,DK,1," 2/27/13"
"Ke Anthony","I Aint Tryna",PHMU0809,8,PHMU0809,,PH,1," 2/27/13"
Ke$ha,Sleazy,PHMP1102,5,PHMP1102,,PH,1," 2/27/13"
Ke$ha,"Tik Tok",PHMP1002,3,PHMP1002,,PH,1," 2/27/13"
"Ke$ha feat 3 OH!3","Blah Blah Blah",PHMP1004,3,PHMP1004,,PH,1," 2/27/13"
Keane,"Silenced By The Night",PHMP1206,6,PHMP1206,,PH,1," 2/27/13"
Keane,"Somewhere Only We Know",SC8906,8,SC8906,,SC,1," 2/27/13"
Keane,"Sovereign Light Caf",PHMP1211,4,PHMP1211,,PH,1," 2/27/13"
"Keating, Ronan","Long Goodbye, The",SF205,7,SF205,,SF,1," 2/27/13"
"Keating, Ronan","Lost For Words",SF211,6,SF211,,SF,1," 2/27/13"
"Keating, Ronan","Loving Each Day",SC8730,4,SC8730,,SC,1," 2/27/13"
"Keating, Ronan","Way You Make You Feel, The",SF170,15,SF170,,SF,1," 2/27/13"
"Keating, Ronan","When You Say Nothing At All",SF142,4,SF142,,SF,1," 2/27/13"
"Keen, Robert Earl","Happy Holidays Y'all",CB60210,5,CB60210,,CB,1," 2/27/13"
"Keep Fishin",Weezer,TU142,8,TU142,,TU,1," 2/27/13"
"Keep Fishin'",Weezer,THR0210,13,THR0210,,TH,1," 2/27/13"
"Keep On Singing My Song","Aguilera, Christina",TU173,11,TU173,,TU,1," 2/27/13"
"Keep Playing That Rock 'N Roll","Winter, Edgar",DG10,5,DG10,,DG,1," 2/27/13"
"Keep Your Hands To Yourself","Georgia Satellites, The",KJT08,16,KJT08,,KJ,1," 2/27/13"
"Keeper Of The Stars","Byrd, Tracy",AH2002,2,AH2002,,AH,1," 2/27/13"
"Keeper Of The Stars, The","Byrd, Tracy",AH8016,2,AH8016,,AH,1," 2/27/13"
Keith,98.6,SAVP27,11,SAVP27,,SA,1," 2/27/13"
"Keith Anderson",Cmon,PHMC0811,9,PHMC0811,,PH,1," 2/27/13"
"Keith Anderson","I Still Miss You",PHMC0805,7,PHMC0805,,PH,1," 2/27/13"
"Keith Sweat","Make You Say Ooh",PHMU1202,1,PHMU1202,,PH,1," 2/27/13"
"Keith Sweat Feat Athena Cage",Butterscotch,PHMU0809,7,PHMU0809,,PH,1," 2/27/13"
"Keith Sweat feat Johnny Gill & Gerald Le","Knew It All Along",PHMU1205,4,PHMU1205,,PH,1," 2/27/13"
"Keith Sweat Feat Paisley Bettis",SugaSugaSuga,PHMU0805,6,PHMU0805,,PH,1," 2/27/13"
"Keith Sweat feat. T-Pain","To The Middle",PHMU1203,5,PHMU1203,,PH,1," 2/27/13"
"Keith Urban","'Til Summer Comes Around",PHMC1002,2,PHMC1002,,PH,1," 2/27/13"
"Keith Urban","For You",PHMC1207,2,PHMC1207,,PH,1," 2/27/13"
"Keith Urban","I'm In",PHMC1008,1,PHMC1008,,PH,1," 2/27/13"
"Keith Urban","Kiss A Girl",PHMC0906,1,PHMC0906,,PH,1," 2/27/13"
"Keith Urban","Long Hot Summer",PHMC1102,9,PHMC1102,,PH,1," 2/27/13"
"Keith Urban","Only You Can Love Me This Way",PHMC0910,1,PHMC0910,,PH,1," 2/27/13"
"Keith Urban","Put You In A Song",PHMC1012,1,PHMC1012,,PH,1," 2/27/13"
"Keith Urban","Sweet Thing",PHMC0902,1,PHMC0902,,PH,1," 2/27/13"
"Keith, Lisa","Better Than You",MM6045,9,MM6045,,MM,1," 2/27/13"
"Keith, Toby","Ain't It Just Like You",CB60243,14,CB60243,,CB,1," 2/27/13"
"Keith, Toby","American Soldier",SC2444,15,SC2444,,SC,1," 2/27/13"
"Keith, Toby","Angry American",MM6365,11,MM6365,,MM,1," 2/27/13"
"Keith, Toby","Angry American (Courtesy Of The Red, Whi",CB60236,1,CB60236,,CB,1," 2/27/13"
"Keith, Toby","Angry American, The",CBE3-11,13,CBE3-11,,CB,1," 2/27/13"
"Keith, Toby","Big Ol' Truck",CB60159,14,CB60159,,CB,1," 2/27/13"
"Keith, Toby","Closin' Time At Home",SC8285,7,SC8285,,SC,1," 2/27/13"
"Keith, Toby","Country Comes To Town",MM6309,13,MM6309,,MM,1," 2/27/13"
"Keith, Toby","Courtesy Of The Red White & Blue",SC2444,8,SC2444,,SC,1," 2/27/13"
"Keith, Toby","Courtesy Of The Red, White & Blue",SC8810,8,SC8810,,SC,1," 2/27/13"
"Keith, Toby","Courtesy Of The Red, White And Blue (the",SC3318,8,SC3318,,SC,1," 2/27/13"
"Keith, Toby","Courtesy Of The Red, White And Blue (The",SC8769,8,SC8769,,SC,1," 2/27/13"
"Keith, Toby","Critic, The",SC8867,4,SC8867,,SC,1," 2/27/13"
"Keith, Toby","Die With Your Boots On",MM6301,13,MM6301,,MM,1," 2/27/13"
"Keith, Toby","Does That Blue Moon Ever Shine On You",SC8253,15,SC8253,,SC,1," 2/27/13"
"Keith, Toby","Double Wide Paradise",SC8464,7,SC8464,,SC,1," 2/27/13"
"Keith, Toby","Dream Walkin'",MMCOU204,18,MMCOU204,,MM,1," 2/27/13"
"Keith, Toby","Every Night",SC8280,11,SC8280,,SC,1," 2/27/13"
"Keith, Toby","Getcha Some",CB60115,10,CB60115,,CB,1," 2/27/13"
"Keith, Toby","Go With Her",SC8907,3,SC8907,,SC,1," 2/27/13"
"Keith, Toby","Good To Go To Mexico",CB20372,12,CB20372,,CB,1," 2/27/13"
"Keith, Toby","He Ain't Worth Missing",SC8200,7,SC8200,,SC,1," 2/27/13"
"Keith, Toby","How Do You Like Me Now",CHM0002,16,CHM0002,,CH,1," 2/27/13"
"Keith, Toby","I Love This Bar",THC0312,17,THC0312,,TH,1," 2/27/13"
"Keith, Toby","I Wanna Talk About Me",SC2444,12,SC2444,,SC,1," 2/27/13"
"Keith, Toby","I'm Just Talkin' About Tonight",SC2444,11,SC2444,,SC,1," 2/27/13"
"Keith, Toby","If A Man Answers",CB20147,10,CB20147,,CB,1," 2/27/13"
"Keith, Toby","If I Was Jesus",SC8880,10,SC8880,,SC,1," 2/27/13"
"Keith, Toby","It Works For Me",CB20372,10,CB20372,,CB,1," 2/27/13"
"Keith, Toby","It's All Good",CB60244,15,CB60244,,CB,1," 2/27/13"
"Keith, Toby","Little Less Talk & A Lot More Action, A",SC8810,15,SC8810,,SC,1," 2/27/13"
"Keith, Toby","Little Less Talk And A Lot More Action,",SC7593,15,SC7593,,SC,1," 2/27/13"
"Keith, Toby","Losing My Touch",CB20372,9,CB20372,,CB,1," 2/27/13"
"Keith, Toby","Me Too",CHM9702,15,CHM9702,,CH,1," 2/27/13"
"Keith, Toby","My List",MM6358,15,MM6358,,MM,1," 2/27/13"
"Keith, Toby","Rock You Baby",THC0304,17,THC0304,,TH,1," 2/27/13"
"Keith, Toby","Should've Been A Cowboy",SC8104,14,SC8104,,SC,1," 2/27/13"
"Keith, Toby","Stays In Mexico",SC8884,5,SC8884,,SC,1," 2/27/13"
"Keith, Toby","Taliban Song, The",SC8862,6,SC8862,,SC,1," 2/27/13"
"Keith, Toby","Time For Me To Ride",SC8880,2,SC8880,,SC,1," 2/27/13"
"Keith, Toby","Upstairs Downstairs",CB60159,13,CB60159,,CB,1," 2/27/13"
"Keith, Toby","Upstairs Downtown",MM6082,14,MM6082,,MM,1," 2/27/13"
"Keith, Toby","We Were In Love",CHM9708,18,CHM9708,,CH,1," 2/27/13"
"Keith, Toby","Weed With Willie",SC8862,13,SC8862,,SC,1," 2/27/13"
"Keith, Toby","When Love Fades",CHM0001,18,CHM0001,,CH,1," 2/27/13"
"Keith, Toby","Whiskey Girl",SC8877,13,SC8877,,SC,1," 2/27/13"
"Keith, Toby","Who's That Man",CB60159,15,CB60159,,CB,1," 2/27/13"
"Keith, Toby","Who's Your Daddy",SC2444,16,SC2444,,SC,1," 2/27/13"
"Keith, Toby","Wish I Didn't Know Now",MM6048,12,MM6048,,MM,1," 2/27/13"
"Keith, Toby","Woman's Touch, A",SC8303,13,SC8303,,SC,1," 2/27/13"
"Keith, Toby","You Ain't Much Fun",CBE12,15,CBE12,,CB,1," 2/27/13"
"Keith, Toby","You Shouldn't Kiss Me Like This",SC8655,15,SC8655,,SC,1," 2/27/13"
"Keith, Toby & Krystal Keith",Mockingbird,PHN0502,3,PHN0502,,PH,1," 2/27/13"
"Keith, Toby & Scotty Emerick","Taliban Song, The",SC2444,9,SC2444,,SC,1," 2/27/13"
"Keith, Toby & Scotty Emerick","Weed With Willie",SC2444,10,SC2444,,SC,1," 2/27/13"
"Keith, Toby & Sting","I'm So Happy I Can't Stop Crying",MMCOU204,13,MMCOU204,,MM,1," 2/27/13"
"Keith, Toby & Willie Nelson","Beer For My Horses",SC2444,17,SC2444,,SC,1," 2/27/13"
"Keith, Toby With Willie Nelson","Beer For My Horses",THMC0307,15,THMC0307,,TH,1," 2/27/13"
"Keith, Toby wvocal","I Love This Bar",SC3382,14,SC3382,,SC,1," 2/27/13"
"Keith, Toby wvocal","I Wanna Talk About Me",PHN0201,12,PHN0201,,PH,1," 2/27/13"
"Keith, Toby wvocal","Stays In Mexico",PHN0411,13,PHN0411,,PH,1," 2/27/13"
Kelis,"Get Along With You",SF170,8,SF170,,SF,1," 2/27/13"
Kelis,"Good Stuff",SF167,11,SF167,,SF,1," 2/27/13"
Kelis,Milkshake,SC8902,9,SC8902,,SC,1," 2/27/13"
Kelis,"Milkshake (Radio Version)",SC3390,5,SC3390,,SC,1," 2/27/13"
Kelis,"Trick Me",PHU0405,8,PHU0405,,PH,1," 2/27/13"
"Keller, Joanie","Three Little Teardrops",CB60198,12,CB60198,,CB,1," 2/27/13"
"Keller, Terry","Here Comes Summer",SF062,10,SF062,,SF,1," 2/27/13"
"Kelley, Josh",Amazing,THMP0307,15,THMP0307,,TH,1," 2/27/13"
"Kelley, Josh wvocal",Amazing,SC3391,11,SC3391,,SC,1," 2/27/13"
"Kelley, R.","I Wish",CB30010,2,CB30010,,CB,1," 2/27/13"
"Kellie Pickler","Didn't You Know How Much I Loved You",PHMC1004,3,PHMC1004,,PH,1," 2/27/13"
"Kellie Pickler","Mother's Day",PHMC1204,2,PHMC1204,,PH,1," 2/27/13"
"Kellie Pickler","Rockaway (The Rockin' Chair Song)",PHMC1204,8,PHMC1204,,PH,1," 2/27/13"
"Kellie Pickler","Things That Never Cross A Man's Mind",PHMC0804,6,PHMC0804,,PH,1," 2/27/13"
Kelly,"I Can't Sleep Baby",PHM9609,9,PHM9609,,PH,1," 2/27/13"
"Kelly Clarkson","Mr. Know It All",PHMP1111,3,PHMP1111,,PH,1," 2/27/13"
"Kelly Price",Himaholic,PHMU1109,4,PHMU1109,,PH,1," 2/27/13"
"Kelly Price",Tired,PHMU1011,5,PHMU1011,,PH,1," 2/27/13"
"Kelly Price feat Stokley","Not My Daddy",PHMU1104,6,PHMU1104,,PH,1," 2/27/13"
"Kelly Rowland","Grown Woman",PHMU1010,5,PHMU1010,,PH,1," 2/27/13"
"Kelly Rowland ft Big Sean","Lay It On Me",PHMU1111,1,PHMU1111,,PH,1," 2/27/13"
"Kelly, Gene","All I Do Is Dream Of You",MM6242,9,MM6242,,MM,1," 2/27/13"
"Kelly, Gene","Moses Supposes Tongue Twisters",SAVP36,10,SAVP36,,SA,1," 2/27/13"
"Kelly, Gene","Singin' In The Rain",DK066,15,DK066,,DK,1," 2/27/13"
"Kelly, Gene","Singing In The Rain",MM6367,10,MM6367,,MM,1," 2/27/13"
"Kelly, R","Hair Braider",PHMU0807,7,PHMU0807,,PH,1," 2/27/13"
"Kelly, R","World's Greatest, The",CB30019,1,CB30019,,CB,1," 2/27/13"
"Kelly, R.","Bump N Grind",SC8140,12,SC8140,,SC,1," 2/27/13"
"Kelly, R.","Down Low Nobody Has To Know",SC8263,8,SC8263,,SC,1," 2/27/13"
"Kelly, R.","Feeling On Your Booty",SC8726,3,SC8726,,SC,1," 2/27/13"
"Kelly, R.",Fiesta,MM6346,4,MM6346,,MM,1," 2/27/13"
"Kelly, R.","Gotham City",SC8390,12,SC8390,,SC,1," 2/27/13"
"Kelly, R.","Happy People (Radio Version)",SC8879,1,SC8879,,SC,1," 2/27/13"
"Kelly, R.","I Believe I Can Fly",MMRB2-2,18,MMRB2-2,,MM,1," 2/27/13"
"Kelly, R.","I Can't Sleep Baby",SC8299,9,SC8299,,SC,1," 2/27/13"
"Kelly, R.","I Wish",SC8664,6,SC8664,,SC,1," 2/27/13"
"Kelly, R.","If I Could Turn Back The Hands Of Time",CBEP457-5,9,CBEP457-5,,CB,1," 2/27/13"
"Kelly, R.",Ignition,THH0302,11,THH0302,,TH,1," 2/27/13"
"Kelly, R.","She's Got That Vibe",SF026,1,SF026,,SF,1," 2/27/13"
"Kelly, R.","Step In The Name Of Love",SC8864,8,SC8864,,SC,1," 2/27/13"
"Kelly, R.","World's Greatest, The",CBE3-28,7,CBE3-28,,CB,1," 2/27/13"
"Kelly, R.","You Remind Me Of Something",SC8220,15,SC8220,,SC,1," 2/27/13"
"Kelly, R. & Celine Dion","I'm Your Angel",SC8499,3,SC8499,,SC,1," 2/27/13"
"Kelly, R. wvocal",Ignition,PHU0302,18,PHU0302,,PH,1," 2/27/13"
"Kelly, R., Boo & Gotti",Fiesta,SC8695,10,SC8695,,SC,1," 2/27/13"
Kem,"Love Calls",THH0312,13,THH0312,,TH,1," 2/27/13"
Kem,"Love Never Fails",PHMU1205,7,PHMU1205,,PH,1," 2/27/13"
Kem,"Share My Life",PHMU1011,8,PHMU1011,,PH,1," 2/27/13"
Kem,"Why Would You Stay",PHMU1007,8,PHMU1007,,PH,1," 2/27/13"
Kem,"You're On My Mind",PHMU1204,2,PHMU1204,,PH,1," 2/27/13"
"Kem feat Chrisette Michele","If It's Love",PHMU1106,5,PHMU1106,,PH,1," 2/27/13"
"Kem wvocal","Love Calls",PHU0310,17,PHU0310,,PH,1," 2/27/13"
"Kemp, Johnny","Just Got Paid",SC8527,6,SC8527,,SC,1," 2/27/13"
"Kendall, Jeannie","That's What Your Love Does To Me",CB60309,13,CB60309,,CB,1," 2/27/13"
Kendalls,"Thank God For The Radio",SC8767,8,SC8767,,SC,1," 2/27/13"
"Kendalls, The","Heaven's Just A Sin Away",CB60027,15,CB60027,,CB,1," 2/27/13"
"Kendalls, The","It Don't Feel Like Sinnin' To Me",SC8529,15,SC8529,,SC,1," 2/27/13"
"Kendalls, The","Sweet Desire",SC8494,13,SC8494,,SC,1," 2/27/13"
"Kendalls, The","You'd Make An Angel Wanna Cheat",SC7570,1,SC7570,,SC,1," 2/27/13"
"Kendricks, Eddie","Boogie Down",DK084,18,DK084,,DK,1," 2/27/13"
"Kendricks, Eddie","Keep On Truckin'",DK068,6,DK068,,DK,1," 2/27/13"
"Kenner, Chris","I Like It Like That",SC8206,9,SC8206,,SC,1," 2/27/13"
"Kenny & Dolly","Christmas To Remember, A",CBEP462-4,17,CBEP462-4,,CB,1," 2/27/13"
"Kenny & Dolly","Christmas Without You",CBEP462-4,12,CBEP462-4,,CB,1," 2/27/13"
"Kenny & Dolly","Greatest Gift Of All, The",CBEP462-4,7,CBEP462-4,,CB,1," 2/27/13"
"Kenny & Dolly","I Believe In Santa Claus",CBEP462-4,2,CBEP462-4,,CB,1," 2/27/13"
"Kenny & Dolly","With Bells On",CBEP462-5,14,CBEP462-5,,CB,1," 2/27/13"
"Kenny Chesney","Ain't Back Yet",PHMC1005,3,PHMC1005,,PH,1," 2/27/13"
"Kenny Chesney","El Cerrito Place",PHMC1211,2,PHMC1211,,PH,1," 2/27/13"
"Kenny Chesney","Everybody Wants To Go To Heaven",PHMC0811,1,PHMC0811,,PH,1," 2/27/13"
"Kenny Chesney","Live A Little",PHMC1105,1,PHMC1105,,PH,1," 2/27/13"
"Kenny Chesney","Somewhere With You",PHMC1102,1,PHMC1102,,PH,1," 2/27/13"
"Kenny Chesney With Mac McAnally","Down the Road",PHMC0902,3,PHMC0902,,PH,1," 2/27/13"
"Kenny Chesney With Willie Nelson","That Lucky Old Sun",PHMC0901,3,PHMC0901,,PH,1," 2/27/13"
"Kenny ChesneyGeorge Strait",Shiftwork,PHMC0802,5,PHMC0802,,PH,1," 2/27/13"
"Kenny Lattimore","You Are My Starship",PHMU0812,7,PHMU0812,,PH,1," 2/27/13"
"Kenny Loggins","I Am Not Hiding",SC8389,13,SC8389,,SC,1," 2/27/13"
"Kenny Rogers","I Don't Need You",SC8372,13,SC8372,,SC,1," 2/27/13"
"Kenny Rogers","I Prefer The Moonlight",SC8385,6,SC8385,,SC,1," 2/27/13"
"Kenny Rogers","If You Want To Find Love",SC8359,2,SC8359,,SC,1," 2/27/13"
"Kenny Rogers","Just Dropped In",SC8172,8,SC8172,,SC,1," 2/27/13"
"Kenny Rogers","Love The World Away",SC8372,7,SC8372,,SC,1," 2/27/13"
"Kenny Rogers","Morning Desire",SC8372,6,SC8372,,SC,1," 2/27/13"
"Kenny Rogers","Scarlet Fever",SC8372,12,SC8372,,SC,1," 2/27/13"
"Kenny Rogers","Sweet Music Man",SC8372,3,SC8372,,SC,1," 2/27/13"
"Kenny Rogers","Through The Years",SC8103,3,SC8103,,SC,1," 2/27/13"
"Kenny Rogers & Dolly Parton","Islands In The Stream",SC8128,3,SC8128,,SC,1," 2/27/13"
"Kenny Rogers & Dolly Parton","With Bells On",SC8184,12,SC8184,,SC,1," 2/27/13"
"Kenny Rogers & Dottie West","Every Time Two Fools Collide",SC8128,2,SC8128,,SC,1," 2/27/13"
"Kenny Rogers & Kim Carnes","Don't Fall In Love With A Dreamer",SC8128,7,SC8128,,SC,1," 2/27/13"
"Kenny Rogers & Sheena Easton","We've Got Tonight",SC8105,7,SC8105,,SC,1," 2/27/13"
"Kenny Thomas","Thinking About Your Love",SF053,9,SF053,,SF,1," 2/27/13"
"Kenny Wayne Shepherd Band","In 2 Deep",SC8572,5,SC8572,,SC,1," 2/27/13"
"Kenny Wayne Shepherd Band","Last Goodbye",SC8629,6,SC8629,,SC,1," 2/27/13"
"Kentucky Headhunters, The","Dumas Walker",SC7522,13,SC7522,,SC,1," 2/27/13"
"Kentucky Headhunters, The",Jessico,CB60215,5,CB60215,,CB,1," 2/27/13"
"Kentucky Headhunters, The","Oh Lonesome Me",CBE11,13,CBE11,,CB,1," 2/27/13"
"Kentucky Headhunters, The","Rag Top",CB60156,8,CB60156,,CB,1," 2/27/13"
"Kentucky Headhunters, The","Rock & Roll Angel",SC8161,3,SC8161,,SC,1," 2/27/13"
"Kentucky Headhunters, The","Skip A Rope",CB60156,7,CB60156,,CB,1," 2/27/13"
"Kentucky Headhunters, The","Too Much To Lose",CB20206,12,CB20206,,CB,1," 2/27/13"
"Kentucky Headhunters, The","Walk Softly On This Heart Of Mine",MM6089,15,MM6089,,MM,1," 2/27/13"
"Kentucky Headhunters, The","With Body And Soul",CB60112,13,CB60112,,CB,1," 2/27/13"
"Kentucky Woman","Diamond, Neil",AH7051,9,AH7051,,AH,1," 2/27/13"
"Keri Hilson","Pretty Girl Rock",PHMU1103,1,PHMU1103,,PH,1," 2/27/13"
"Keri Hilson & Chris Brown","One Night Stand",PHMU1105,1,PHMU1105,,PH,1," 2/27/13"
"Keri Hilson feat Kanye West & Ne-Yo","Knock You Down",PHMU0911,3,PHMU0911,,PH,1," 2/27/13"
"Kerry Dance, The",Irish,AH8019,5,AH8019,,AH,1," 2/27/13"
"Kersh, David","Another You",MM6187,10,MM6187,,MM,1," 2/27/13"
"Kersh, David","Another You Another Me",CHM9704,19,CHM9704,,CH,1," 2/27/13"
"Kersh, David","Breaking Hearts And Taking Names",SC8294,8,SC8294,,SC,1," 2/27/13"
"Kersh, David","Day In Day Out",SD039,12,SD039,,SD,1," 2/27/13"
"Kersh, David","Day In, Day Out",CB20005,9,CB20005,,CB,1," 2/27/13"
"Kersh, David","Goodnight Sweetheart",MM6169,15,MM6169,,MM,1," 2/27/13"
"Kersh, David","If I Ever Stop Loving You",CHM9805,13,CHM9805,,CH,1," 2/27/13"
"Kersh, David","If I Never Stop Loving You",SC8432,15,SC8432,,SC,1," 2/27/13"
"Kersh, David","Something To Think About",SC8488,15,SC8488,,SC,1," 2/27/13"
"Kersh, David","Wonderful Tonight",SD051,13,SD051,,SD,1," 2/27/13"
"Kershaw & Morgan","Maybe Not Tonight",CB60171,12,CB60171,,CB,1," 2/27/13"
"Kershaw, Nick","I Won't Let The Sun Go Down On Me",SF029,5,SF029,,SF,1," 2/27/13"
"Kershaw, Nick","Wouldn't It Be Good",SF058,8,SF058,,SF,1," 2/27/13"
"Kershaw, Sammy","Anywhere But Here",SC8131,14,SC8131,,SC,1," 2/27/13"
"Kershaw, Sammy","Cadillac Style",CBE3-07,14,CBE3-07,,CB,1," 2/27/13"
"Kershaw, Sammy","Don't Go Near The Water",SC8502,2,SC8502,,SC,1," 2/27/13"
"Kershaw, Sammy","Fit To Be Tied Down",CB60014,13,CB60014,,CB,1," 2/27/13"
"Kershaw, Sammy","Haunted Heart",CB60119,13,CB60119,,CB,1," 2/27/13"
"Kershaw, Sammy","Honky Tonk America",CB90032,14,CB90032,,CB,1," 2/27/13"
"Kershaw, Sammy","I Can't Reach Her Anymore",MM6041,14,MM6041,,MM,1," 2/27/13"
"Kershaw, Sammy","I Know A Little",SC8301,6,SC8301,,SC,1," 2/27/13"
"Kershaw, Sammy","I Want My Money",SD104,11,SD104,,SD,1," 2/27/13"
"Kershaw, Sammy","I Want My Money Back",SC8823,14,SC8823,,SC,1," 2/27/13"
"Kershaw, Sammy","I Want My Money Backÿ",THC0305,13,THC0305,,TH,1," 2/27/13"
"Kershaw, Sammy","If You Ever Come This Way Again",SC8275,8,SC8275,,SC,1," 2/27/13"
"Kershaw, Sammy","If You're Gonna Walk, I'm Gonna Crawl",SD014,10,SD014,,SD,1," 2/27/13"
"Kershaw, Sammy","Louisiana Hot Sauce",CB60206,10,CB60206,,CB,1," 2/27/13"
"Kershaw, Sammy","Love Of My Life",CHM9802,20,CHM9802,,CH,1," 2/27/13"
"Kershaw, Sammy",Matches,CHM9805,18,CHM9805,,CH,1," 2/27/13"
"Kershaw, Sammy","Me And Maxine",SC8584,11,SC8584,,SC,1," 2/27/13"
"Kershaw, Sammy","Meant To Be",CB60008,14,CB60008,,CB,1," 2/27/13"
"Kershaw, Sammy","National Working Woman's Holiday",CBE4-21,15,CBE4-21,,CB,1," 2/27/13"
"Kershaw, Sammy","One Day Left To Live",CB90032,15,CB90032,,CB,1," 2/27/13"
"Kershaw, Sammy","Politics Religion & Her",MM6183,7,MM6183,,MM,1," 2/27/13"
"Kershaw, Sammy","Politics Religion And Her",SD034,14,SD034,,SD,1," 2/27/13"
"Kershaw, Sammy","Queen Of My Double Wide Trailer",CBEP453-6,7,CBEP453-6,,CB,1," 2/27/13"
"Kershaw, Sammy","She Don't Know She's Beautiful",CBEP453-3,16,CBEP453-3,,CB,1," 2/27/13"
"Kershaw, Sammy",Southbound,SD008,14,SD008,,SD,1," 2/27/13"
"Kershaw, Sammy","Still Lovin' You",SC8224,10,SC8224,,SC,1," 2/27/13"
"Kershaw, Sammy","Third Rate Romance",MM6077,10,MM6077,,MM,1," 2/27/13"
"Kershaw, Sammy","Too Far Gone To Leave",SC8287,14,SC8287,,SC,1," 2/27/13"
"Kershaw, Sammy",Vidalia,SD030,11,SD030,,SD,1," 2/27/13"
"Kershaw, Sammy","When You Love",SD065,4,SD065,,SD,1," 2/27/13"
"Kershaw, Sammy","When You Love Some",SC8556,8,SC8556,,SC,1," 2/27/13"
"Kershaw, Sammy","When You Love Someone",CB60181,15,CB60181,,CB,1," 2/27/13"
"Kershaw, Sammy","Yard Sale",CB60106,13,CB60106,,CB,1," 2/27/13"
"Kershaw, Sammy","Your Tattoo",SC8194,12,SC8194,,SC,1," 2/27/13"
"Kershaw, Sammy & Lorrie Morgan","He Drinks Tequila",CB60214,2,CB60214,,CB,1," 2/27/13"
"Kershaw, Sammy & Lorrie Morgan","Maybe Not Tonight",CHT9910,10,CHT9910,,CH,1," 2/27/13"
"Ketchum, Hal","Don't Let Go",SC8729,11,SC8729,,SC,1," 2/27/13"
"Ketchum, Hal","Every Little Word",SD019,11,SD019,,SD,1," 2/27/13"
"Ketchum, Hal","Five O'clock World",SC8234,13,SC8234,,SC,1," 2/27/13"
"Ketchum, Hal","Girl Like You, A",CB60115,4,CB60115,,CB,1," 2/27/13"
"Ketchum, Hal","Hang In There Superman",SC8298,9,SC8298,,SC,1," 2/27/13"
"Ketchum, Hal","Hearts Are Gonna Roll",SC8130,15,SC8130,,SC,1," 2/27/13"
"Ketchum, Hal","I Know Where Love Lives",CB60102,14,CB60102,,CB,1," 2/27/13"
"Ketchum, Hal","I Miss My Mary",SC8319,11,SC8319,,SC,1," 2/27/13"
"Ketchum, Hal","I Saw The Light",CHM9807,18,CHM9807,,CH,1," 2/27/13"
"Ketchum, Hal","Mama Knows The Highway",SC8241,15,SC8241,,SC,1," 2/27/13"
"Ketchum, Hal","Past The Point Of Rescue",SC8243,15,SC8243,,SC,1," 2/27/13"
"Ketchum, Hal","She Is",SC8681,13,SC8681,,SC,1," 2/27/13"
"Ketchum, Hal","Small Town Saturday Night",CBE2-07,13,CBE2-07,,CB,1," 2/27/13"
"Ketchum, Hal","Someplace Far Away",SC8324,9,SC8324,,SC,1," 2/27/13"
"Ketchum, Hal","Stay Forever",SC8159,11,SC8159,,SC,1," 2/27/13"
"Ketchum, Hal","Sure Love",SC8213,5,SC8213,,SC,1," 2/27/13"
"Ketchum, Hal","That's What I Get",MM6079,12,MM6079,,MM,1," 2/27/13"
"Ketchum, Hal","That's What I Get For Losin' You",SC8175,8,SC8175,,SC,1," 2/27/13"
"Ketchum, Hal","Tonight We Just Might Fall In Love Again",CB60145,8,CB60145,,CB,1," 2/27/13"
"Ketchum, Hal","Veil Of Tears",SC8211,12,SC8211,,SC,1," 2/27/13"
"Ketchum, Hal","When Love Looks Back At You",CB60110,3,CB60110,,CB,1," 2/27/13"
"Ketchup Song, The","Las Ketchup",THP0301,13,THP0301,,TH,1," 2/27/13"
"kevin bloody wilson","ho ho f#### ho",SC8900,5,SC8900,,SC,1," 2/27/13"
"Kevin Bloody Wilson","santas fucking roadies",SC8900,10,SC8900,,SC,1," 2/27/13"
"Kevin Rudolf Feat Lil Wayne","Let It Rock",PHMP0811,5,PHMP0811,,PH,1," 2/27/13"
"Kevin Spencer Family, The","Keys To The Kingdom",CBEP466-4,11,CBEP466-4,,CB,1," 2/27/13"
"Kevin Spencer Family, The","The Blood Is Still There",CBEP466-5,4,CBEP466-5,,CB,1," 2/27/13"
"Kevon Edmonds",Oh,PHMU0912,5,PHMU0912,,PH,1," 2/27/13"
"Key Largo","Higgins, Bertie",PT2007,12,PT2007,,PT,1," 2/27/13"
"Keyes, Alicia",Fallen,SGB65,3,SGB65,,SG,1," 2/27/13"
"Keyes, Alicia",Fallin',MM6346,15,MM6346,,MM,1," 2/27/13"
"Keyes, Alicia","Woman's Worth, A",CBE3-26,14,CBE3-26,,CB,1," 2/27/13"
"Keys, Alicia",Diary,SC8883,4,SC8883,,SC,1," 2/27/13"
"Keys, Alicia",Fallin',SC8776,11,SC8776,,SC,1," 2/27/13"
"Keys, Alicia",Falling,CBEP470-5,8,CBEP470-5,,CB,1," 2/27/13"
"Keys, Alicia","How Come You Don't Call",CBEP473-6,8,CBEP473-6,,CB,1," 2/27/13"
"Keys, Alicia","How Come You Don't Call Me",CB30023,6,CB30023,,CB,1," 2/27/13"
"Keys, Alicia","If I Ain't Got You",SC8902,6,SC8902,,SC,1," 2/27/13"
"Keys, Alicia","If I Was Your Woman",SC3400,8,SC3400,,SC,1," 2/27/13"
"Keys, Alicia","Jane Doe",SC8752,5,SC8752,,SC,1," 2/27/13"
"Keys, Alicia",Karma,PHU0502,1,PHU0502,,PH,1," 2/27/13"
"Keys, Alicia","Man's Worth, A",CB30018,6,CB30018,,CB,1," 2/27/13"
"Keys, Alicia","Teenage Love Affair",PHMP0807,4,PHMP0807,,PH,1," 2/27/13"
"Keys, Alicia","Woman's Worth, A",SC8731,5,SC8731,,SC,1," 2/27/13"
"Keys, Alicia","You Don't Know My Name",SC8858,15,SC8858,,SC,1," 2/27/13"
"Keys, Alicia","You Dont Know My Name",SF212,11,SF212,,SF,1," 2/27/13"
"Keys, Alicia","You Don't Know My Name",SC8902,8,SC8902,,SC,1," 2/27/13"
"Keys, Alicia wvocal","If I Was Your Woman",SC3400,16,SC3400,,SC,1," 2/27/13"
"Keyshia Cole","Beautiful Music",PHMU0906,7,PHMU0906,,PH,1," 2/27/13"
"Keyshia Cole","I Remember",PHMU0802,2,PHMU0802,,PH,1," 2/27/13"
"Keyshia Cole","Shoulda Let You Go",PHMU0801,1,PHMU0801,,PH,1," 2/27/13"
"Keyshia Cole","Where This Love Could End Up",PHMU0909,8,PHMU0909,,PH,1," 2/27/13"
"Keyshia Cole","You Complete Me",PHMU0903,3,PHMU0903,,PH,1," 2/27/13"
"Keyshia Cole Duet With Monica",Trust,PHMU0907,2,PHMU0907,,PH,1," 2/27/13"
"Keyshia Cole Feat 2Pac","Playa Cardz Right",PHMU0901,4,PHMU0901,,PH,1," 2/27/13"
"Keyshia Cole feat Nicki Minaj","I Ain't Thru",PHMU1102,5,PHMU1102,,PH,1," 2/27/13"
Khaleel,"No Mercy",SC8503,5,SC8503,,SC,1," 2/27/13"
"Khan, Chaka","I Feel For You",DK021,11,DK021,,DK,1," 2/27/13"
"Khan, Chaka","I'm Every Woman",CBEP468-3,10,CBEP468-3,,CB,1," 2/27/13"
"Khan, Chaka","This Is My Night",SAVP40,18,SAVP40,,SA,1," 2/27/13"
"Khan, Chaka","Through The Fire",SC8585,10,SC8585,,SC,1," 2/27/13"
Khia,"My Neck, My Back",PHU0210,4,PHU0210,,PH,1," 2/27/13"
Khia,"My Neck, My Back (Lick It)",SC8773,8,SC8773,,SC,1," 2/27/13"
"Khia wvocal","My Neck, My Back",PHU0210,13,PHU0210,,PH,1," 2/27/13"
"Kid Charlemagne","Steely Dan",RSZ608,9,RSZ608,,RS,1," 2/27/13"
"Kid Creole & Coconuts, The","Stool Pigeon",SF111,3,SF111,,SF,1," 2/27/13"
"Kid Cudi","Day N Nite",PHMU0905,8,PHMU0905,,PH,1," 2/27/13"
"Kid Cudi",Marijuana,PHMU1102,9,PHMU1102,,PH,1," 2/27/13"
"Kid Cudi","No One Believes Me",PHMU1112,2,PHMU1112,,PH,1," 2/27/13"
"Kid Cudi","Up Up & Away (The Wake & Bake Song)",PHMU1007,7,PHMU1007,,PH,1," 2/27/13"
"Kid Cudi feat Kanye West","Erase Me",PHMU1012,6,PHMU1012,,PH,1," 2/27/13"
"Kid Is Hot Tonight, The",Loverboy,AH8003,8,AH8003,,AH,1," 2/27/13"
"Kid Rock","American Bad Ass",SC8618,8,SC8618,,SC,1," 2/27/13"
"Kid Rock",Bawitdaba,SC8626,4,SC8626,,SC,1," 2/27/13"
"Kid Rock",Cocky,SC8740,11,SC8740,,SC,1," 2/27/13"
"Kid Rock","Cold & Empty",MM6408,5,MM6408,,MM,1," 2/27/13"
"Kid Rock",Cowboy,SC8626,13,SC8626,,SC,1," 2/27/13"
"Kid Rock","Feel Like Makin' Love",SC8859,11,SC8859,,SC,1," 2/27/13"
"Kid Rock",Forever,SC8732,5,SC8732,,SC,1," 2/27/13"
"Kid Rock","I Am The Bullgod",SC8803,10,SC8803,,SC,1," 2/27/13"
"Kid Rock","Jackson, Mississippi",PHR0406,4,PHR0406,,PH,1," 2/27/13"
"Kid Rock","Lonely Road Of Faith",CBE3-29,10,CBE3-29,,CB,1," 2/27/13"
"Kid Rock","Only God Knows Why",SC7585,15,SC7585,,SC,1," 2/27/13"
"Kid Rock",Picture,CBE3-28,3,CBE3-28,,CB,1," 2/27/13"
"Kid Rock","Where U At Rock",SC8626,14,SC8626,,SC,1," 2/27/13"
"Kid Rock & Sheryl Crow",Picture,THC0301,20,THC0301,,TH,1," 2/27/13"
"Kid Rock & Sheryl Crow","Picture (Bonus Track)",MM6383,16,MM6383,,MM,1," 2/27/13"
"Kid Rock & Sheryl Crow wvocal",Picture,PHM0301,18,PHM0301,,PH,1," 2/27/13"
"Kid Rock wvocal",Bawitdaba,SC2221,10,SC2221,,SC,1," 2/27/13"
"Kid, Johnny & The Pirates","Shakin' All Over",SF038,2,SF038,,SF,1," 2/27/13"
"Kidman, Nicole","One Day I'll Fly Away",SC8762,7,SC8762,,SC,1," 2/27/13"
"Kidman, Nicole","Sparkling Diamonds",SC8850,7,SC8850,,SC,1," 2/27/13"
"Kidman, Nicole & Ewan Mcgregor","Come What May",SC8717,10,SC8717,,SC,1," 2/27/13"
Kids,"Frosty The Snowman",CBEP462-1,5,CBEP462-1,,CB,1," 2/27/13"
Kids,"Rudolph The Red-Nose Reindeer",CBEP462-2,8,CBEP462-2,,CB,1," 2/27/13"
"Kids Wanna Rock","Adams, Bryan",BS8917,15,BS8917,,BS,1," 2/27/13"
"Kihn, Greg","They Don't Make Them Like That Anymore",SGB054,10,SGB054,,SG,1," 2/27/13"
"Kilgore, Jerry","Cactus In A Coffee Can",CB60203,11,CB60203,,CB,1," 2/27/13"
"Kilgore, Jerry","Look, The",CHM0004,19,CHM0004,,CH,1," 2/27/13"
"Kilgore, Jerry","Love Trip",SD067,14,SD067,,SD,1," 2/27/13"
"Killer Mike & Big Boi",A.D.I.D.A.S.,THH0305,16,THH0305,,TH,1," 2/27/13"
"Killer Mike & Big Boi wvocal",A.D.I.D.A.S.,PHU0305,16,PHU0305,,PH,1," 2/27/13"
"Killers, The","Mr. Brightside",PHR0501,7,PHR0501,,PH,1," 2/27/13"
"Killers, The","Somebody Told Me",SC8906,10,SC8906,,SC,1," 2/27/13"
"Killing Me Softly With His Song","Flack, Roberta",KJT08,3,KJT08,,KJ,1," 2/27/13"
"Kim McLean","Sweet Tea",PHMC1107,9,PHMC1107,,PH,1," 2/27/13"
"Kim, Andy","Rock Me Gently",DK094,18,DK094,,DK,1," 2/27/13"
"Kimberley Locke",Fall,PHMP0806,8,PHMP0806,,PH,1," 2/27/13"
"Kimes, Royal Wade & Garth Brooks","Night Birds",SD106,11,SD106,,SD,1," 2/27/13"
Kina,"Girl From The Gutter",SC8629,10,SC8629,,SC,1," 2/27/13"
"Kind & Generous","Merchant, Natalie",PHM9806,4,PHM9806,,PH,1," 2/27/13"
"Kindred The Family Soul","House Of Love",PHMU0901,9,PHMU0901,,PH,1," 2/27/13"
"Kindred The Family Soul","Magic Happen",PHMU1109,7,PHMU1109,,PH,1," 2/27/13"
"King & I, The","Getting To Know You",MM6015,9,MM6015,,MM,1," 2/27/13"
"King And I, The","Getting To Know You",MMBH1-4,13,MMBH1-4,,MM,1," 2/27/13"
"King Brothers, The","White Sports Coat, A",SF063,1,SF063,,SF,1," 2/27/13"
"King Floyd","Groove Me",SC8443,10,SC8443,,SC,1," 2/27/13"
"King Harvest","Dancin' In The Moonlight",AH8011,14,AH8011,,AH,1," 2/27/13"
"King Harvest","Dancing In The Moonlight",SC1999NSC01,7,SC1999NSC01,,SC,1," 2/27/13"
"King Missile","Detachable Peni$",SC8700,6,SC8700,,SC,1," 2/27/13"
"King Sisters, The","Take The ''a'' Train",MM6186,13,MM6186,,MM,1," 2/27/13"
"King Soloman","She Wears My Ring",SF065,7,SF065,,SF,1," 2/27/13"
"King's X",Summerland,SC8830,5,SC8830,,SC,1," 2/27/13"
"King, Albert","Born Under A Bad Sign",SC8327,2,SC8327,,SC,1," 2/27/13"
"King, Albert","Call My Job",SGB027,10,SGB027,,SG,1," 2/27/13"
"King, Albert","Good Time Charlie",SGB027,3,SGB027,,SG,1," 2/27/13"
"King, B.b.",Caldonia,SC8339,4,SC8339,,SC,1," 2/27/13"
"King, B.b.","Paying The Cost To Be The Boss",SC8339,15,SC8339,,SC,1," 2/27/13"
"King, B.b.","Rock Me Baby",SC8675,5,SC8675,,SC,1," 2/27/13"
"King, B.b.","Thrill Is Gone, The",SC8339,3,SC8339,,SC,1," 2/27/13"
"King, B.B.","Thrill Is Gone, The",PI002,11,PI002,,PI,1," 2/27/13"
"King, B.b.","Why I Sing The Blues",SC8327,13,SC8327,,SC,1," 2/27/13"
"King, Ben E","Stand By Me",MMOLD02,1,MMOLD02,,MM,1," 2/27/13"
"King, Ben E.","Don't Play That Song",SC8255,7,SC8255,,SC,1," 2/27/13"
"King, Ben E.","Stand By Me",CBE17,15,CBE17,,CB,1," 2/27/13"
"King, Ben E.","Supernatural Thing",CBEP468-6,14,CBEP468-6,,CB,1," 2/27/13"
"King, Carole","Anyone At All",SC8503,6,SC8503,,SC,1," 2/27/13"
"King, Carole",Beautiful,DK021,18,DK021,,DK,1," 2/27/13"
"King, Carole","Home Again",MM6333,3,MM6333,,MM,1," 2/27/13"
"King, Carole","I Feel The Earth Move",SGB21,16,SGB21,,SG,1," 2/27/13"
"King, Carole","It Might As Well Rain Until September",SAVP28,3,SAVP28,,SA,1," 2/27/13"
"King, Carole","It's Too Late",SAVP08,19,SAVP08,,SA,1," 2/27/13"
"King, Carole",Jazzman,SC8210,12,SC8210,,SC,1," 2/27/13"
"King, Carole",Nightingale,SC8410,4,SC8410,,SC,1," 2/27/13"
"King, Carole","Now And Forever",SC8302,7,SC8302,,SC,1," 2/27/13"
"King, Carole","One Fine Day",SC8305,13,SC8305,,SC,1," 2/27/13"
"King, Carole","Smackwater Jack",MM6333,8,MM6333,,MM,1," 2/27/13"
"King, Carole","So Far Away",CBE3-17,15,CBE3-17,,CB,1," 2/27/13"
"King, Carole","Sweet Seasons",SC8410,3,SC8410,,SC,1," 2/27/13"
"King, Carole","Way Over Yonder",MM6333,9,MM6333,,MM,1," 2/27/13"
"King, Carole","Where You Lead",MM6333,5,MM6333,,MM,1," 2/27/13"
"King, Carole","Will You Love Me Tomorrow",MM6333,7,MM6333,,MM,1," 2/27/13"
"King, Carole","Will You Still Love Me Tomorrow",SC8259,15,SC8259,,SC,1," 2/27/13"
"King, Carole","You've Got A Friend",CBE3-18,5,CBE3-18,,CB,1," 2/27/13"
"King, Claude","Wolverton Mountain",SC8191,10,SC8191,,SC,1," 2/27/13"
"King, Diana","I Say A Little Prayer",SF115,9,SF115,,SF,1," 2/27/13"
"King, Diana","Shy Guy",SF041,2,SF041,,SF,1," 2/27/13"
"King, Evelyn ''Champagne''","Love Come Down",DK037,5,DK037,,DK,1," 2/27/13"
"King, Evelyn ''champagne''","Love Come Down",SC8606,13,SC8606,,SC,1," 2/27/13"
"King, Evelyn ''champagne''",Shame,SC8420,5,SC8420,,SC,1," 2/27/13"
"King, Evelyn ''Champagne''",Shame,DK056,9,DK056,,DK,1," 2/27/13"
"King, Evelyn ''champagne''",Shame,MM6067,15,MM6067,,MM,1," 2/27/13"
"King, Evelyn Champagne","Love Come Down",BL12,3,BL12,,BL,1," 2/27/13"
"King, Evelyn Champagne",Shame,BL24,9,BL24,,BL,1," 2/27/13"
"King, Freddy","Down Home Blues",MM6144,14,MM6144,,MM,1," 2/27/13"
"King, Freddy","Messin' With The Kid",MM6155,10,MM6155,,MM,1," 2/27/13"
"King, Jessica","Gift Of Grace",CBEP478-4,14,CBEP478-4,,CB,1," 2/27/13"
"King, Jessica","Keep Me In Your Will",CBEP478-3,12,CBEP478-3,,CB,1," 2/27/13"
"King, Jill","Hand Me Down Heartache",SC8837,14,SC8837,,SC,1," 2/27/13"
"King, Jill","One Mississippi",CB60246,15,CB60246,,CB,1," 2/27/13"
"King, Jonathan","Everyone's Gone To The Moon",SF087,15,SF087,,SF,1," 2/27/13"
"King, Matt","From Your Knees",CB20086,11,CB20086,,CB,1," 2/27/13"
"King, Matt","Rub It In",CB60180,14,CB60180,,CB,1," 2/27/13"
"King, Matt","Woman Like You, A",SC8394,14,SC8394,,SC,1," 2/27/13"
"King, Pee Wee","Slow Poke",CBEP451-1,9,CBEP451-1,,CB,1," 2/27/13"
"King, Pee Wee","Tennessee Waltz, The",CBE01,2,CBE01,,CB,1," 2/27/13"
"Kings Of Leon",Birthday,PHMP1103,7,PHMP1103,,PH,1," 2/27/13"
"Kings Of Leon",Notion,PHMP0909,5,PHMP0909,,PH,1," 2/27/13"
"Kings Of Leon",Pyro,PHMP1104,4,PHMP1104,,PH,1," 2/27/13"
"Kings of Leon",Radioactive,PHMP1012,6,PHMP1012,,PH,1," 2/27/13"
"Kings Of Leon","Sex On Fire",PHMP0902,5,PHMP0902,,PH,1," 2/27/13"
"Kings Of Leon","Use Somebody",PHMP0910,1,PHMP0910,,PH,1," 2/27/13"
"Kingsmen, The","Behold The Master Cometh",CBEP466-4,7,CBEP466-4,,CB,1," 2/27/13"
"Kingsmen, The","Getcha To The Other Side",CBEP478-1,18,CBEP478-1,,CB,1," 2/27/13"
"Kingsmen, The","I Stand Upon The Rock Of Ages",CBEP466-5,15,CBEP466-5,,CB,1," 2/27/13"
"Kingsmen, The","It's A Hallelujah Moment",CBEP478-3,11,CBEP478-3,,CB,1," 2/27/13"
"Kingsmen, The","Louie, Louie",MMOLD05,20,MMOLD05,,MM,1," 2/27/13"
"Kingsmen, The","Master I See",CBEP466-6,11,CBEP466-6,,CB,1," 2/27/13"
"Kingsmen, The","Money (That's What I Want)",DK011,9,DK011,,DK,1," 2/27/13"
"Kingsmen, The","Next Cloud, The",CBEP478-5,12,CBEP478-5,,CB,1," 2/27/13"
"Kingston Trio, The",MTA,MM6328,4,MM6328,,MM,1," 2/27/13"
"Kingston Trio, The","Scotch & Soda",SC8136,14,SC8136,,SC,1," 2/27/13"
"Kingston Trio, The","Sloop John B, The",MM6172,15,MM6172,,MM,1," 2/27/13"
"Kingston Trio, The","They Call The Wind Maria",MM6172,5,MM6172,,MM,1," 2/27/13"
"Kingston Trio, The","Tom Dooley",DK037,14,DK037,,DK,1," 2/27/13"
"Kingston Trio, The","When The Saints Go Marching In",MM6172,9,MM6172,,MM,1," 2/27/13"
"Kingston Trio, The","Where Have All The Flowers Gone",MM6172,11,MM6172,,MM,1," 2/27/13"
"King'S X","Over My Head",SC8869,5,SC8869,,SC,1," 2/27/13"
"Kinison, Sam","Wild Thing",SC8843,3,SC8843,,SC,1," 2/27/13"
"Kinks, The","All Day & All Of The Night",BL29,15,BL29,,BL,1," 2/27/13"
"Kinks, The","Come Dancing",SC8210,13,SC8210,,SC,1," 2/27/13"
"Kinks, The","Dedicated Follower Of Fashion",SF046,6,SF046,,SF,1," 2/27/13"
"Kinks, The","Father Christmas",SC8900,6,SC8900,,SC,1," 2/27/13"
"Kinks, The",Lola,MMGCP9801,12,MMGCP9801,,MM,1," 2/27/13"
"Kinks, The","Sunny Afternoon",SC8221,10,SC8221,,SC,1," 2/27/13"
"Kinks, The","Switching To Glide",SGB05,5,SGB05,,SG,1," 2/27/13"
"Kinks, The","Tired Of Waiting For You",SC8225,15,SC8225,,SC,1," 2/27/13"
"Kinks, The","Waterloo Sunset",SF087,2,SF087,,SF,1," 2/27/13"
"Kinks, The","You Really Got Me",MMOLD01,18,MMOLD01,,MM,1," 2/27/13"
"Kinley's, The","You're Still Here",CB60221,9,CB60221,,CB,1," 2/27/13"
"Kinleys, The","Dance In The Boat",SC8463,10,SC8463,,SC,1," 2/27/13"
"Kinleys, The","I'm In",SD079,14,SD079,,SD,1," 2/27/13"
"Kinleys, The","Just Between You And Me",CHM9802,17,CHM9802,,CH,1," 2/27/13"
"Kinleys, The","My Heart Is Still Beating",SD065,10,SD065,,SD,1," 2/27/13"
"Kinleys, The","Ooh Aah Crazy Kind Of Love Thing",CB60174,14,CB60174,,CB,1," 2/27/13"
"Kinleys, The",Please,CHM9710,20,CHM9710,,CH,1," 2/27/13"
"Kinleys, The","She Ain't The Girl For You",CB60198,9,CB60198,,CB,1," 2/27/13"
"Kinleys, The","Somebody's Out There Watching",SD057,9,SD057,,SD,1," 2/27/13"
"Kinleys, The","Somebody's Out There Watching(Duet Versi",CHT9903,21,CHT9903,,CH,1," 2/27/13"
"Kinleys, The","You Make It Seem So Easy",CB60100,13,CB60100,,CB,1," 2/27/13"
"Kinleys, The","You're Still Here",PHN0109,7,PHN0109,,PH,1," 2/27/13"
"Kinney, Fern","Together We Are Beautiful",SF105,14,SF105,,SF,1," 2/27/13"
"Kip Moore","Crazy One More Time",PHMC1208,9,PHMC1208,,PH,1," 2/27/13"
"Kip Moore","Everything But You",PHMC1208,1,PHMC1208,,PH,1," 2/27/13"
"Kip Moore","Hey Pretty Girl",PHMC1207,7,PHMC1207,,PH,1," 2/27/13"
"Kip Moore","Somethin' 'Bout A Truck",PHMC1207,1,PHMC1207,,PH,1," 2/27/13"
"Kirk Franklin","Before I Die",PHMU1202,7,PHMU1202,,PH,1," 2/27/13"
"Kirk Franklin","I Smile",PHMU1104,7,PHMU1104,,PH,1," 2/27/13"
Kiss,Beth,SC8391,12,SC8391,,SC,1," 2/27/13"
Kiss,"Calling Dr. Love",SC8701,14,SC8701,,SC,1," 2/27/13"
Kiss,"Christine Sixteen",SC8701,9,SC8701,,SC,1," 2/27/13"
Kiss,"Cold Gin",SC8701,12,SC8701,,SC,1," 2/27/13"
Kiss,"Crazy Nights",SF021,12,SF021,,SF,1," 2/27/13"
Kiss,"Detroit Rock City",SC2189,7,SC2189,,SC,1," 2/27/13"
Kiss,Deuce,SC8404,12,SC8404,,SC,1," 2/27/13"
Kiss,Domino,SC8701,11,SC8701,,SC,1," 2/27/13"
Kiss,Firehouse,SC8701,13,SC8701,,SC,1," 2/27/13"
Kiss,Forever,SC8791,4,SC8791,,SC,1," 2/27/13"
Kiss,"God Gave Rock And Roll To You",SGB04,12,SGB04,,SG,1," 2/27/13"
Kiss,"God Of Thunder",SC8701,8,SC8701,,SC,1," 2/27/13"
Kiss,"Hard Luck Woman",CBE27,11,CBE27,,CB,1," 2/27/13"
Kiss,"Heaven's On Fire",SC8734,2,SC8734,,SC,1," 2/27/13"
Kiss,"I Love It Loud",SC8830,10,SC8830,,SC,1," 2/27/13"
Kiss,"I Was Made For Loving You Baby",SC8701,15,SC8701,,SC,1," 2/27/13"
Kiss,"Lick It Up",SC8597,11,SC8597,,SC,1," 2/27/13"
Kiss,"Love Gun",SC8660,12,SC8660,,SC,1," 2/27/13"
Kiss,"Nothing Can Keep Me From You",PHT9912,4,PHT9912,,PH,1," 2/27/13"
Kiss,"Phycho Circus",SC2189,6,SC2189,,SC,1," 2/27/13"
Kiss,"Psycho Circus",SC8501,6,SC8501,,SC,1," 2/27/13"
Kiss,"Rock & Roll All Night",SGB034,7,SGB034,,SG,1," 2/27/13"
Kiss,"Rock And Roll All Night",SC7578,9,SC7578,,SC,1," 2/27/13"
Kiss,"Rock And Roll All Nite",SC8627,15,SC8627,,SC,1," 2/27/13"
Kiss,"Shout It Out Loud",SC8516,15,SC8516,,SC,1," 2/27/13"
Kiss,Strutter,SC8406,12,SC8406,,SC,1," 2/27/13"
Kiss,"Tears Are Falling",SC8843,7,SC8843,,SC,1," 2/27/13"
Kiss,"You Wanted The Best",SC8515,9,SC8515,,SC,1," 2/27/13"
"Kiss And Say Goodbye","Manhattans, The",SF072,6,SF072,,SF,1," 2/27/13"
"Kiss On My List","Hall & Oates",DG05,12,DG05,,DG,1," 2/27/13"
"Kiss The Rain","Myers, Billie",PHM9802,4,PHM9802,,PH,1," 2/27/13"
Kix,"Don't Close Your Eyes",SC8597,15,SC8597,,SC,1," 2/27/13"
KJon,"On The Ocean",PHMU0906,2,PHMU0906,,PH,1," 2/27/13"
"KLF & Tammy Wynette","Justified and Ancient",SF003,9,SF003,,SF,1," 2/27/13"
Klymaxx,"I Miss You",SC8456,5,SC8456,,SC,1," 2/27/13"
Klymaxx,"Meeting In The Ladies Room",SC8754,1,SC8754,,SC,1," 2/27/13"
Knack,"My Sharona",CBE3-20,15,CBE3-20,,CB,1," 2/27/13"
"Knack, The","Good Girl's Don't",SC8447,2,SC8447,,SC,1," 2/27/13"
"Knack, The","My Sharona",CBEP474-4,15,CBEP474-4,,CB,1," 2/27/13"
"Knickerbockers, The",Lies,SC8750,4,SC8750,,SC,1," 2/27/13"
"Knight, Chris","Highway Junkie",CB60227,15,CB60227,,CB,1," 2/27/13"
"Knight, Chris","It Ain't Easy Bein' Easy",CB60130,7,CB60130,,CB,1," 2/27/13"
"Knight, Gladys","Every Beat Of My Heart",MMRB03,5,MMRB03,,MM,1," 2/27/13"
"Knight, Gladys","If I Were Your Woman",SC8776,13,SC8776,,SC,1," 2/27/13"
"Knight, Gladys","License To Kill",SC8468,11,SC8468,,SC,1," 2/27/13"
"Knight, Gladys","Midnight Train To Georgia",SAVP35,2,SAVP35,,SA,1," 2/27/13"
"Knight, Gladys","Neither One Of Us",SC2153,8,SC2153,,SC,1," 2/27/13"
"Knight, Gladys & Pips","I Don't Want To Do Wrong",SC8776,14,SC8776,,SC,1," 2/27/13"
"Knight, Gladys & Pips, The","Best Thing That Ever Happened To Me",SC7574,1,SC7574,,SC,1," 2/27/13"
"Knight, Gladys & Pips, The","I've Got To Use My Imagination",DK040,10,DK040,,DK,1," 2/27/13"
"Knight, Gladys & Pips, The","If I Were Your Woman",DK074,8,DK074,,DK,1," 2/27/13"
"Knight, Gladys & Pips, The","Midnight Train To Georgia",DK010,16,DK010,,DK,1," 2/27/13"
"Knight, Gladys & Pips, The","Neither One Of Us",DK048,14,DK048,,DK,1," 2/27/13"
"Knight, Gladys & The Pips","Every Beat Of My Heart",MMRB2-2,6,MMRB2-2,,MM,1," 2/27/13"
"Knight, Gladys & The Pips","Midnight Train To Georgia",CBE1-24,15,CBE1-24,,CB,1," 2/27/13"
"Knight, Gladys & The Pips","Neither One Of Us",MMRB2-3,14,MMRB2-3,,MM,1," 2/27/13"
"Knight, Gladys & The Pips","On And On",SC8634,4,SC8634,,SC,1," 2/27/13"
"Knight, Gladys & The Pips","Way We Were, The",BL26,8,BL26,,BL,1," 2/27/13"
"Knight, Jean","Mr. Big Stuff",SC7547,10,SC7547,,SC,1," 2/27/13"
"Knight, Jordan","Give It To You",SC8531,13,SC8531,,SC,1," 2/27/13"
"Knight, Jordan","I Could Never Take The Place Of Your Man",SC8553,1,SC8553,,SC,1," 2/27/13"
"Knight, Robert","Everlasting Love",SC8251,2,SC8251,,SC,1," 2/27/13"
"Knock Knock",Monica,PHU0312,3,PHU0312,,PH,1," 2/27/13"
"Knock Me Down","Red Hot Chili Peppers",AMS1504,5,AMS1504,,AM,1," 2/27/13"
"Knock On Wood","Clapton, Eric",BS5517,11,BS5517,,BS,1," 2/27/13"
"Knockin' On Heavens Door","Dylan, Bob",KJT07,15,KJT07,,KJ,1," 2/27/13"
"Knopfler, Mark","Nobody's Got The Gun",SC8294,6,SC8294,,SC,1," 2/27/13"
"Knowles, Beyonce","Me, Myself & I",SC8902,14,SC8902,,SC,1," 2/27/13"
"Knowles, Beyonce","Me, Myself And I",SC8858,3,SC8858,,SC,1," 2/27/13"
"Knowles, Beyonce","Naughty Girl",SC8902,3,SC8902,,SC,1," 2/27/13"
"Knowles, Beyonce","Work It Out",SC8768,4,SC8768,,SC,1," 2/27/13"
"Knowles, Beyonce & Jay-Z","Crazy In Love",SC8853,7,SC8853,,SC,1," 2/27/13"
"Knowles, Beyonce & Jay-Z wvocal","Crazy In Love",SC3371,15,SC3371,,SC,1," 2/27/13"
"Knowles, Beyonce & Luther Vandross","Closer I Get To You, The",SC3383,16,SC3383,,SC,1," 2/27/13"
"Knowles, Beyonce & Sean Paul","Baby Boy",SC8853,5,SC8853,,SC,1," 2/27/13"
"Knowles, Beyonc‚","Naughty Girl",SC8878,5,SC8878,,SC,1," 2/27/13"
"Knowles, Beyonc‚  & Sean Paul","Baby Boy",SC3377,4,SC3377,,SC,1," 2/27/13"
"Knox, Buddy","Party Doll",SC8190,12,SC8190,,SC,1," 2/27/13"
Kodachrome,"Simon, Paul",AH8010,2,AH8010,,AH,1," 2/27/13"
"Kool & Gang, The",Celebration,SC7511,12,SC7511,,SC,1," 2/27/13"
"Kool & Gang, The",Cherish,SC8667,12,SC8667,,SC,1," 2/27/13"
"Kool & Gang, The","Ladies Night",SC7546,5,SC7546,,SC,1," 2/27/13"
"Kool & The Gang",Celebration,MMGCP9801,18,MMGCP9801,,MM,1," 2/27/13"
"Kool & The Gang",Cherish,CBEP467-6,8,CBEP467-6,,CB,1," 2/27/13"
"Kool & The Gang",Fresh,SC8755,11,SC8755,,SC,1," 2/27/13"
"Kool & The Gang","Get Down On It",SC8580,14,SC8580,,SC,1," 2/27/13"
"Kool & The Gang","Hollywood Swinging",SAVP32,19,SAVP32,,SA,1," 2/27/13"
"Kool & The Gang",Joanna,SF058,13,SF058,,SF,1," 2/27/13"
"Kool & The Gang","Jungle Boogie",SC8621,9,SC8621,,SC,1," 2/27/13"
"Kool & The Gang","Ladies Night",BL25,8,BL25,,BL,1," 2/27/13"
"Kool & The Gang","Ladies' Night",SAVP31,10,SAVP31,,SA,1," 2/27/13"
"Kool & The Gang","Too Hot",MMRB03,7,MMRB03,,MM,1," 2/27/13"
"Kool And The Gang",Cherish,SF166,13,SF166,,SF,1," 2/27/13"
"Kool And The Gang","Too Hot",MMRB2-3,4,MMRB2-3,,MM,1," 2/27/13"
Korn,Adidas,SC8626,10,SC8626,,SC,1," 2/27/13"
Korn,"Alone I Break",THR0302,18,THR0302,,TH,1," 2/27/13"
Korn,Blind,SC2364,4,SC2364,,SC,1," 2/27/13"
Korn,"Falling Away From Me",SC8626,3,SC8626,,SC,1," 2/27/13"
Korn,"Freak On A Leash",SC8626,6,SC8626,,SC,1," 2/27/13"
Korn,"Got The Life",SC2221,8,SC2221,,SC,1," 2/27/13"
Korn,"Here To Stay",SC8762,11,SC8762,,SC,1," 2/27/13"
Korn,"Somebody Someone",SC8629,11,SC8629,,SC,1," 2/27/13"
"Korn wvocal","Freak On A Leash",SC2221,9,SC2221,,SC,1," 2/27/13"
"Korn wvocal","Got The Life",SC2221,16,SC2221,,SC,1," 2/27/13"
"Krall, Diana","Let's Face The Music And Dance",MM6334,2,MM6334,,MM,1," 2/27/13"
"Krall, Diana","Peel Me A Grape",MM6334,1,MM6334,,MM,1," 2/27/13"
"Krall, Diana","You're Getting To Be A Habit With Me",MM6334,6,MM6334,,MM,1," 2/27/13"
"Krall, Diana & Tony Bennett","All Right, Okay, You Win",MM6393,5,MM6393,,MM,1," 2/27/13"
"Kramer, Billy J. & Dakotas, The","Bad To Me",SC7557,11,SC7557,,SC,1," 2/27/13"
"Kramer, Billy J. & The Dakotas","Bad To Me",SF038,11,SF038,,SF,1," 2/27/13"
"Kramer, Billy J. & The Dakotas","Little Children",SF045,3,SF045,,SF,1," 2/27/13"
"Kramer, Billy J. & The Dakotas","Trains & Boats & Planes",SF069,14,SF069,,SF,1," 2/27/13"
"Krauss, Alison","Baby Now That I've Found You",SC8194,9,SC8194,,SC,1," 2/27/13"
"Krauss, Alison","Baby, Now That I've Found You",MM6101,14,MM6101,,MM,1," 2/27/13"
"Krauss, Alison","Down To The River To Pray",SC8751,16,SC8751,,SC,1," 2/27/13"
"Krauss, Alison","Every Time You Say Goodbye",CB90158,4,CB90158,,CB,1," 2/27/13"
"Krauss, Alison","Find My Way Back To My Heart",CHM9705F,17,CHM9705F,,CH,1," 2/27/13"
"Krauss, Alison","Find My Way Backto My Heart",SC8504,8,SC8504,,SC,1," 2/27/13"
"Krauss, Alison","Forget About It",SC8556,10,SC8556,,SC,1," 2/27/13"
"Krauss, Alison","I Give You To His Heart",SC8498,14,SC8498,,SC,1," 2/27/13"
"Krauss, Alison","I've Got That Old Feeling",CB60152,13,CB60152,,CB,1," 2/27/13"
"Krauss, Alison","In The Palm Of Your Hand",CB90158,12,CB90158,,CB,1," 2/27/13"
"Krauss, Alison","Let Me Touch You For A While",CB90158,13,CB90158,,CB,1," 2/27/13"
"Krauss, Alison","Lucky One, The",CB90158,6,CB90158,,CB,1," 2/27/13"
"Krauss, Alison",Maybe,CB90158,8,CB90158,,CB,1," 2/27/13"
"Krauss, Alison","New Favorite",CB90158,14,CB90158,,CB,1," 2/27/13"
"Krauss, Alison","New Fool",SC8306,11,SC8306,,SC,1," 2/27/13"
"Krauss, Alison","Oh Atlanta",SC8224,12,SC8224,,SC,1," 2/27/13"
"Krauss, Alison",Restless,PHN0503,1,PHN0503,,PH,1," 2/27/13"
"Krauss, Alison","Sitting At The Window Of My Room",CB90158,9,CB90158,,CB,1," 2/27/13"
"Krauss, Alison","Sitting In The Window Of My Room",SC8774,9,SC8774,,SC,1," 2/27/13"
"Krauss, Alison","Teardrops Will Kiss The Morning Dew",CB90158,10,CB90158,,CB,1," 2/27/13"
"Krauss, Alison","Two Highways",CB90158,15,CB90158,,CB,1," 2/27/13"
"Krauss, Alison","When You Say Nothing At All",SC8159,15,SC8159,,SC,1," 2/27/13"
"Krauss, Alison","Will There Be Any Stars In My Crown",CB90158,11,CB90158,,CB,1," 2/27/13"
"Krauss, Alison & Gillian Welch","I'll Fly Away",SC8693,11,SC8693,,SC,1," 2/27/13"
"Krauss, Alison & James Taylor","How's The World Treating You",SC8904,1,SC8904,,SC,1," 2/27/13"
"Krauss, Alison & The Cox Family","In The Palm Of Your Hand",CBEP476-5,7,CBEP476-5,,CB,1," 2/27/13"
"Krauss, Alison & The Union Station","Every Time You Say Goodbye",CBEP476-4,3,CBEP476-4,,CB,1," 2/27/13"
"Krauss, Alison & The Union Station","Lucky One, The",CB60224,10,CB60224,,CB,1," 2/27/13"
"Krauss, Alison & The Union Station","Teardrops Will Kiss The Morning Dew",CBEP476-1,6,CBEP476-1,,CB,1," 2/27/13"
"Krauss, Alison & The Union Station","Two Highways",CBEP476-2,13,CBEP476-2,,CB,1," 2/27/13"
"Krauss, Alison & The Union Stationÿ","I Don't Believe You've Met My Baby",CBEP476-3,4,CBEP476-3,,CB,1," 2/27/13"
"Krauss, Alison & Union Station","Baby, Now That I've Found You",CBE4-22,7,CBE4-22,,CB,1," 2/27/13"
"Krauss, Alison & Union Station","Let Me Touch You For A While",MM6358,14,MM6358,,MM,1," 2/27/13"
"Krauss, Alison & Union Station","Lucky One, The",SD090,12,SD090,,SD,1," 2/27/13"
"Krauss, Alison & Union Station",Maybe,SC8665,12,SC8665,,SC,1," 2/27/13"
"Krauss, Alison & Union Station","New Favorite",CB60245,11,CB60245,,CB,1," 2/27/13"
"Krauss, Alison & Union Station","Two Highways",SC8751,13,SC8751,,SC,1," 2/27/13"
"Krauss, Alison & Union Station","When You Say Nothing At All",CBEP453-6,15,CBEP453-6,,CB,1," 2/27/13"
"Krauss, Allison","Sitting In The Window Of My Room",CB60237,9,CB60237,,CB,1," 2/27/13"
"Krauss, Allison & Union Station","Every Time You Say Goodbye",CB80138,12,CB80138,,CB,1," 2/27/13"
"Krauss, Allison & Union Station","Forget About It",CB80138,8,CB80138,,CB,1," 2/27/13"
"Krauss, Allison & Union Station","Two Highways",CB80138,5,CB80138,,CB,1," 2/27/13"
"Kravitz, Larry","Fly Away",SGB11,11,SGB11,,SG,1," 2/27/13"
"Kravitz, Lenny",Again,CB30007,15,CB30007,,CB,1," 2/27/13"
"Kravitz, Lenny","American Woman",SC7584,14,SC7584,,SC,1," 2/27/13"
"Kravitz, Lenny","Are You Gonna Go My Way",CBEP458-2,4,CBEP458-2,,CB,1," 2/27/13"
"Kravitz, Lenny",Believe,CBE3-24,4,CBE3-24,,CB,1," 2/27/13"
"Kravitz, Lenny","Can't Get You Off My Mind",SC8277,15,SC8277,,SC,1," 2/27/13"
"Kravitz, Lenny","Dig In",CBE3-26,12,CBE3-26,,CB,1," 2/27/13"
"Kravitz, Lenny","Fly Away",MM6261,10,MM6261,,MM,1," 2/27/13"
"Kravitz, Lenny","I Belong To You",CBEP477-6,9,CBEP477-6,,CB,1," 2/27/13"
"Kravitz, Lenny","If I Could Fall In Love",CB30027,12,CB30027,,CB,1," 2/27/13"
"Kravitz, Lenny","It Ain't Over 'Til It's Over",DK070,1,DK070,,DK,1," 2/27/13"
"Kravitz, Lenny","It Ain't Over 'til It's Over",MM6001,9,MM6001,,MM,1," 2/27/13"
"Kravitz, Lenny","It Ain't Over 'Til It's Over",SC8433,15,SC8433,,SC,1," 2/27/13"
"Kravitz, Lenny","Live (Radio Version)",SC8595,7,SC8595,,SC,1," 2/27/13"
"Kravitz, Lenny","Stillness Of Heart",SC8747,10,SC8747,,SC,1," 2/27/13"
"Kravitz, Lenny","Thinking Of You",SC8481,10,SC8481,,SC,1," 2/27/13"
"Kravitz, Lenny","Where Are We Runnin'",PHR0407,6,PHR0407,,PH,1," 2/27/13"
"Kreviazuk, Chantal","In This Life",MM6384,9,MM6384,,MM,1," 2/27/13"
"Kreviazuk, Chantel","Leaving On A Jet Plane",PHT9810,9,PHT9810,,PH,1," 2/27/13"
Krewella,Alive,PHMP1301,6,PHMP1301,,PH,1," 2/27/13"
"Krippayne, Scott","I'm Not Cool",SC8828,3,SC8828,,SC,1," 2/27/13"
"Kris Allen","Alright With Me",PHMP1102,8,PHMP1102,,PH,1," 2/27/13"
"Kris Allen","Live Like We're Dying",PHMP0912,8,PHMP0912,,PH,1," 2/27/13"
"Kris Allen","My Weakness",PHMP1208,2,PHMP1208,,PH,1," 2/27/13"
"Kris Allen","No Boundaries",PHMP0908,2,PHMP0908,,PH,1," 2/27/13"
"Kris Kross",Jump,SC8366,12,SC8366,,SC,1," 2/27/13"
"Kristine W.","Lovin' You",CBEP473-4,17,CBEP473-4,,CB,1," 2/27/13"
"Kristinia DeBarge",Goodbye,PHMP0907,1,PHMP0907,,PH,1," 2/27/13"
"Kristinia Debarge",Sabotage,PHMP0912,9,PHMP0912,,PH,1," 2/27/13"
"Kristy Lee Cook","15 Minutes Of Shame",PHMC0811,2,PHMC0811,,PH,1," 2/27/13"
"Kroeger, Chad",Hero,MM6366,1,MM6366,,MM,1," 2/27/13"
"Kroeger, Chad & Josey Scott",Hero,SC8799,12,SC8799,,SC,1," 2/27/13"
Krokus,"Eat The Rich",SC8791,6,SC8791,,SC,1," 2/27/13"
Krokus,"Screaming In The Night",SC8631,8,SC8631,,SC,1," 2/27/13"
"Kross, Kris",Jump,MM6016,12,MM6016,,MM,1," 2/27/13"
"Kross, Kris","Warm It Up",SC8274,12,SC8274,,SC,1," 2/27/13"
Kryptonite,"Three Doors Down",TU002,8,TU002,,TU,1," 2/27/13"
"KT Tunstall","Saving My Face",PHMP0803,8,PHMP0803,,PH,1," 2/27/13"
"Kuban, Bob & Inmen","Cheater, The",SC8770,11,SC8770,,SC,1," 2/27/13"
KWS,"Please Don't Go",SF003,6,SF003,,SF,1," 2/27/13"
"Kyle Minogue","Spinning Around",SF167,4,SF167,,SF,1," 2/27/13"
"Kyle Park","The Night Is Young",PHMC1301,8,PHMC1301,,PH,1," 2/27/13"
Kyper,Tic-Tac-Toe,SC8117,11,SC8117,,SC,1," 2/27/13"
"Kyser, Kay","Jingle Jangle Jingle",SC8249,9,SC8249,,SC,1," 2/27/13"
