10CC,"Dreadlock Holiday",SF023,12,SF023,SF,1," 2/27/13"
112,"Dance With Me",CBEP473-3,16,CBEP473-3,CB,1," 2/27/13"
"12 Gauge","Dunkie Butt",SC8892,4,SC8892,SC,1," 2/27/13"
"3 Doors Down","Duck And Run",CBE4-11,11,CBE4-11,CB,1," 2/27/13"
311,Down,SC8598,11,SC8598,SC,1," 2/27/13"
3OH!3,"Dont Trust Me",PHMP0903,1,PHMP0903,PH,1," 2/27/13"
3OH!3,"Double Vision",PHMP1012,5,PHMP1012,PH,1," 2/27/13"
"50 Cent","Disco Inferno",PHM0503,4,PHM0503,PH,1," 2/27/13"
"7 Days","David, Craig",PHM0203,6,PHM0203,PH,1," 2/27/13"
"A New Day Has Come","Dion, Celine",PHM0205,2,PHM0205,PH,1," 2/27/13"
Abba,"Dancing Queen",CBEP468-2,15,CBEP468-2,CB,1," 2/27/13"
Abba,"Does Your Mother Know",MM6302,3,MM6302,MM,1," 2/27/13"
"Abraham, Martin & John",Dion,PLC08,9,PLC08,PL,1," 2/27/13"
ACDC,"Dirty Deeds Done Dirt Cheap",SC2265,8,SC2265,SC,1," 2/27/13"
"Ace Of Base","Don't Turn Around",CBEP457-1,7,CBEP457-1,CB,1," 2/27/13"
"Adam Ant","Desperate But Not Serious",SC8571,15,SC8571,SC,1," 2/27/13"
"Adams, Bryan","Do I Have To Say The Words",SC8266,15,SC8266,SC,1," 2/27/13"
"Adams, Oleta","Day I Stop Loving You, The",SC8244,14,SC8244,SC,1," 2/27/13"
"Adkins, Trace","Don't Lie",SC8566,11,SC8566,SC,1," 2/27/13"
Aerosmith,"Draw The Line",SC8406,10,SC8406,SC,1," 2/27/13"
Aerosmith,"Dream On",PI005,18,PI005,PI,1," 2/27/13"
Aerosmith,"Dude (Looks Like A Lady)",SC8635,1,SC8635,SC,1," 2/27/13"
Aerosmith,"Dude Looks Like A Lady",SC7563,7,SC7563,SC,1," 2/27/13"
"After The Fire","Der Kommissar",SC8522,3,SC8522,SC,1," 2/27/13"
"After The Love Has Gone",Damage,SF187,13,SF187,SF,1," 2/27/13"
"Aguilera, Christina",Dirrty,CBE3-29,14,CBE3-29,CB,1," 2/27/13"
"Aguilera, Christina & Redman",Dirrty,CB30029,3,CB30029,CB,1," 2/27/13"
"Akins, Rhett","Don't Get Me Started",CB20246,8,CB20246,CB,1," 2/27/13"
Alabama,"Dancin' Shaggin' On The Boulevard",SC8384,15,SC8384,SC,1," 2/27/13"
Alabama,"Dancn' Shaggin' On The Boulevard",MMCOU201,2,MMCOU201,MM,1," 2/27/13"
Alabama,"Dixieland Delight",CBEP452-5,10,CBEP452-5,CB,1," 2/27/13"
Alabama,"Down Home",CB60055,15,CB60055,CB,1," 2/27/13"
"Alabama Song","Doors, The",BS7617,13,BS7617,BS,1," 2/27/13"
Alabamaÿ,"Down Home",CB90153,15,CB90153,CB,1," 2/27/13"
"Alan Jackson, Alan & George Strait","Designated Drinker",SD092,3,SD092,SD,1," 2/27/13"
"Alan Parsons Project, The","Don't Answer Me",SC8687,11,SC8687,SC,1," 2/27/13"
"Ali, Tatyana",Daydreamin',SF128,9,SF128,SF,1," 2/27/13"
"Alicia Keys","Doesnt Mean Anything",PHMU0912,2,PHMU0912,PH,1," 2/27/13"
"All By Myself","Dion, Celine",BS9317,6,BS9317,BS,1," 2/27/13"
"All Time Low","Damned If I Do Ya (Damned If I Don't)",PHMP0909,6,PHMP0909,PH,1," 2/27/13"
"All You Want",Dido,SF187,4,SF187,SF,1," 2/27/13"
"Alpert, Herb & Tijuana Brass, The",Diamonds,DK028,16,DK028,DK,1," 2/27/13"
"Am I The Only One","Dixie Chicks, The",RSZ602,12,RSZ602,RS,1," 2/27/13"
America,"Daisy Jane",SC7562,10,SC7562,SC,1," 2/27/13"
"Amitri, Del","Don't Come Home Too Soon",SF121,9,SF121,SF,1," 2/27/13"
"Anderson, Bill",Dis-satisfied,CB90218,15,CB90218,CB,1," 2/27/13"
"Anderson, Bill","Don't She Look Good",CB90218,10,CB90218,CB,1," 2/27/13"
"Andrews Sisters, The","Don't Sit Under The Apple Tree",NSC2000-07,8,NSC2000-07,NS,1," 2/27/13"
"Androids, The","Do It With Madonna",THMP0307,18,THMP0307,TH,1," 2/27/13"
"ANGELS OR DEVILS",DISHWALLA,TT171,2,TT171,TT,1," 2/27/13"
"Animals, The","Don't Bring Me Down",MM6171,2,MM6171,MM,1," 2/27/13"
"Animals, The","Don't Let Me Be Misunderstood",SC8429,15,SC8429,SC,1," 2/27/13"
"Anka, Paul","Dance On Little Girl",SC8255,14,SC8255,SC,1," 2/27/13"
"Anka, Paul",Diana,DK068,11,DK068,DK,1," 2/27/13"
"Anthony, Marc","Dimelo (I Need To Know)",SC2219,1,SC2219,SC,1," 2/27/13"
"Appleby, Kim","Don't Worry",SF112,5,SF112,SF,1," 2/27/13"
Appleton,"Don't Worry",SF202,10,SF202,SF,1," 2/27/13"
Aqua,"Doctor Jones",SF118,1,SF118,SF,1," 2/27/13"
"Arrington, Steve","Dancin' In The Key Of Life",SF068,7,SF068,SF,1," 2/27/13"
Ashanti,Dreams,SC8822,13,SC8822,SC,1," 2/27/13"
Ashanti,"Dreams (Radio Version)",SC3362,2,SC3362,SC,1," 2/27/13"
Ashantiÿ,Dreams,CB30036,10,CB30036,CB,1," 2/27/13"
"Austin, Sherrie","Drivin' Into The Sun",SC8867,6,SC8867,SC,1," 2/27/13"
"Austin, Sherrie","Driving Into The Sun",PHN0404,6,PHN0404,PH,1," 2/27/13"
"Autry, Gene","Don't Fence Me In",CB90219,6,CB90219,CB,1," 2/27/13"
"Autry, Gene","Don't Hang Around Me Anymore",CB90219,8,CB90219,CB,1," 2/27/13"
"Autry, Gene","Don't Live A Lie",CB90219,9,CB90219,CB,1," 2/27/13"
"Avalon, Frankie","Dede Dinah",SC8513,12,SC8513,SC,1," 2/27/13"
Avant,"Don't Take Your Love Away",SC3408,1,SC3408,SC,1," 2/27/13"
"Azar, Steve","Damn The Money",CB60248,10,CB60248,CB,1," 2/27/13"
"B-52's, The","Deadbeat Club",DK049,4,DK049,DK,1," 2/27/13"
"B-52's, The",Debbie,SC8465,12,SC8465,SC,1," 2/27/13"
B.o.B,"Don't Let Me Fall",PHMU1006,2,PHMU1006,PH,1," 2/27/13"
"B.T. Express","Do It 'Til You're Satisfied",DK031,18,DK031,DK,1," 2/27/13"
"Baby & P. Diddy","Do That",PHU0301,9,PHU0301,PH,1," 2/27/13"
"Baby & P. Diddy","Do That...",THH0304,17,THH0304,TH,1," 2/27/13"
"Baby & P. Diddy wvocal","Do That",PHU0301,18,PHU0301,PH,1," 2/27/13"
"Babyface & Lisa Stansfield","Dream Away",SD007,8,SD007,SD,1," 2/27/13"
"Back Door Man","Doors, The",BS7617,1,BS7617,BS,1," 2/27/13"
"Backstreet Boys, The",Drowning,CBE3-26,13,CBE3-26,CB,1," 2/27/13"
Badfinger,"Day After Day",PI005,14,PI005,PI,1," 2/27/13"
"Badu, Erykah",Danger,THH0401,17,THH0401,TH,1," 2/27/13"
"Badu, Erykah","Danger (Radio Version)",SC3390,3,SC3390,SC,1," 2/27/13"
"Badu, Erykah","Didn't Cha Know",CBEP473-2,9,CBEP473-2,CB,1," 2/27/13"
"Baez, Joan","Diamonds And Rust",SC8477,7,SC8477,SC,1," 2/27/13"
"Band Aid","Do They Know It's Christmas",SC8184,2,SC8184,SC,1," 2/27/13"
"Bare, Bobby","Daddy What If",CB90118,3,CB90118,CB,1," 2/27/13"
"Bare, Bobby","Detroit City",DK067,18,DK067,DK,1," 2/27/13"
"Bare, Bobby","Dropkick Me, Jesus",SC8604,3,SC8604,SC,1," 2/27/13"
"Barry Blue","Dancing On A Saturday Night",SF166,10,SF166,SF,1," 2/27/13"
"Barry Blue","Do You Wanna Dance",SF166,11,SF166,SF,1," 2/27/13"
"Bassey, Shirley","Diamonds Are Forever",SC8468,15,SC8468,SC,1," 2/27/13"
"Beach Boys, The",Darlin',SC8874,3,SC8874,SC,1," 2/27/13"
"Beach Boys, The","Don't Worry Baby",DK052,13,DK052,DK,1," 2/27/13"
"Beastie Boys & Santigold","Don't Play No Game That I Can't Win",PHMU1107,5,PHMU1107,PH,1," 2/27/13"
"Beatles, The","Day In The Life, A",DK044,10,DK044,DK,1," 2/27/13"
"Beatles, The","Day Tripper",DK010,9,DK010,DK,1," 2/27/13"
"Beatles, The","Dear Prudence",MM6059,12,MM6059,MM,1," 2/27/13"
"Beatles, The","Do You Want To Know A Secret",MMOLD02,18,MMOLD02,MM,1," 2/27/13"
"Beatles, The","Don't Bother Me",SAVP16,1,SAVP16,SA,1," 2/27/13"
"Beatles, The","Don't Let Me Down",SC8820,2,SC8820,SC,1," 2/27/13"
"Beatles, The","Don't Pass Me By",SC8685,6,SC8685,SC,1," 2/27/13"
"Beatles, The","Drive My Car",PI006,11,PI006,PI,1," 2/27/13"
"Beautiful Mess","Diamond Rio",PHN0207,4,PHN0207,PH,1," 2/27/13"
"Beautiful South",Dumb,SF128,4,SF128,SF,1," 2/27/13"
"Beauty & The Beast","Dion, Celine",BS9317,2,BS9317,BS,1," 2/27/13"
"Beauty And The Beast","Dion, Celine & Bryson",BS5317,16,BS5317,BS,1," 2/27/13"
"Because You Love Me","Dion, Celine",BS9317,5,BS9317,BS,1," 2/27/13"
"Because You Loved Me","Dion, Celine",BS5017,7,BS5017,BS,1," 2/27/13"
Beck,"Devil's Haircut",SC8638,5,SC8638,SC,1," 2/27/13"
"Bee Gees, The","Don't Forget To Remember",SAVP32,11,SAVP32,SA,1," 2/27/13"
"Beenie Man & Ms Thing",Dude,PHM0410,8,PHM0410,PH,1," 2/27/13"
"Belafonte, Harry","Day O (Banana Boat Song)",CBE18,7,CBE18,CB,1," 2/27/13"
"Bell Biv Devoe","Do Me!",SC8532,12,SC8532,SC,1," 2/27/13"
"Bellamy Brothers","Dancin' Cowboys",CB90110,8,CB90110,CB,1," 2/27/13"
"Bellamy Brothers","Do You Love As Good As You Look",CBE3-05,7,CBE3-05,CB,1," 2/27/13"
"Bellamy Brothers, The","Dancin' Cowboys",SC8610,11,SC8610,SC,1," 2/27/13"
"Bellamy Brothers, The","Do You Love As Good As You Look",CB60169,4,CB60169,CB,1," 2/27/13"
"Bellamy Brothers, The wvocal","Dancin' Cowboys",SC2320,13,SC2320,SC,1," 2/27/13"
"Bentley, Stephanie","Dead Ringer",SC8328,5,SC8328,SC,1," 2/27/13"
"Bernard, Crystal","Don't Touch Me There",SC8501,9,SC8501,SC,1," 2/27/13"
"Beth Hart Band, The","Delicious Surprise",MM6313,14,MM6313,MM,1," 2/27/13"
"Better Than Ezra","Desperately Wanting",SC3001,2,SC3001,SC,1," 2/27/13"
"Better Than Ezra wvocal","Desperately Wanting",SC3001,10,SC3001,SC,1," 2/27/13"
Beyonce,Diva,PHMU0903,1,PHMU0903,PH,1," 2/27/13"
"Beyond The Sea","Darin, Bobby",KJT05,9,KJT05,KJ,1," 2/27/13"
Billie,"Do You Have A Girl Friend",SF126,16,SF126,SF,1," 2/27/13"
"Bills, Bills, Bills","Destiny's Child",TU022,1,TU022,TU,1," 2/27/13"
"Black Lace","Do The Conga",SF042,7,SF042,SF,1," 2/27/13"
"Black Water","Doobie Brothers, The",KJT08,19,KJT08,KJ,1," 2/27/13"
"Black, Clint",Desperado,CB60048,6,CB60048,CB,1," 2/27/13"
Blackhawk,"Days Of America",SC8736,11,SC8736,SC,1," 2/27/13"
Blackhawk,"Days Of America, The",SD090,11,SD090,SD,1," 2/27/13"
Blackhawk,"Down In Flames",MM6087,11,MM6087,MM,1," 2/27/13"
Blackstreet,"Don't Leave Me",SC8476,10,SC8476,SC,1," 2/27/13"
"Blatt, Melanie","Do Me Wrong",SF209,7,SF209,SF,1," 2/27/13"
"Blige, Mary J.","Deep Inside",PHM9910,6,PHM9910,PH,1," 2/27/13"
"Blige, Mary J. wvocal","Deep Inside",PHM9910,16,PHM9910,PH,1," 2/27/13"
"Blink 182",Dammit,PHM9801,9,PHM9801,PH,1," 2/27/13"
"Blink 182",Down,SC8879,12,SC8879,SC,1," 2/27/13"
Blondie,Dreaming,SC8535,12,SC8535,SC,1," 2/27/13"
"Blue Monday","Domino, Fats",AH2013,5,AH2013,AH,1," 2/27/13"
"Blue Oyster Cult","Don't Fear The Reaper",DK040,18,DK040,DK,1," 2/27/13"
"Blue, Deacon",Dignity,SF108,11,SF108,SF,1," 2/27/13"
Bodies,"Drowning Pool",PHR0110,6,PHR0110,PH,1," 2/27/13"
"Bogguss, Suzy","Drive South",MM6012,14,MM6012,MM,1," 2/27/13"
"Bolton, Michael","Dock Of The Bay, The",SC8378,1,SC8378,SC,1," 2/27/13"
"Boone, Pat","Don't Forbid Me",PI001,5,PI001,PI,1," 2/27/13"
Boston,"Don't Look Back",SC8648,13,SC8648,SC,1," 2/27/13"
"Bow Wow Wow","Do You Wanna Hold Me",SC8571,9,SC8571,SC,1," 2/27/13"
"Bran Van 3000","Drinking In La.",SF146,10,SF146,SF,1," 2/27/13"
"Branigan, Laura","Didn't We Almost Win It All",SC8246,7,SC8246,SC,1," 2/27/13"
"Brannon, Kippi","Daddy's Little Girl",MM6196,13,MM6196,MM,1," 2/27/13"
Bread,Diary,SAVP10,10,SAVP10,SA,1," 2/27/13"
Bread,"Diary, The",SC8540,12,SC8540,SC,1," 2/27/13"
"Break On Through","Doors, The",BS7617,2,BS7617,BS,1," 2/27/13"
"Breakfast At Tiffany's","Deep Blue Something",HV03,8,HV03,HV,1," 2/27/13"
"Bremers, Beverly","Don't Say You Don't Remember",SC8575,8,SC8575,SC,1," 2/27/13"
"Brenda Lee","Dum Dum",SC8364,5,SC8364,SC,1," 2/27/13"
Brick,Dusic,SC8386,11,SC8386,SC,1," 2/27/13"
"Brickman, Jim, Jordan Hill & Billy Porte",Destiny,SC2214,6,SC2214,SC,1," 2/27/13"
"Brightman, Sarah","Deliver Me",SC8542,6,SC8542,SC,1," 2/27/13"
"Broadway-Show Tunes",Do-Re-Mi,DK065,13,DK065,DK,1," 2/27/13"
"Brooks & Dunn","Days Of Thunder",SD047,11,SD047,SD,1," 2/27/13"
"Brooks, Garth",Dance,MMBK08,13,MMBK08,MM,1," 2/27/13"
"Brooks, Garth","Dance, The",DKM2019,14,DKM2019,DK,1," 2/27/13"
"Brooks, Garth","Dixie Chicken",CB90015,10,CB90015,CB,1," 2/27/13"
"Brooks, Garth","Do What You Gotta Do",CHM0004,11,CHM0004,CH,1," 2/27/13"
"Brooks, Garth","Don't Cross The River",SC3300,7,SC3300,SC,1," 2/27/13"
"Brooks, Garth wvocal","Don't Cross The River",SC3300,15,SC3300,SC,1," 2/27/13"
Bros,"Drop The Boy",SF108,9,SF108,SF,1," 2/27/13"
"Brother Love's Traveling Salvation Show","Diamond, Neil",AH8018,1,AH8018,AH,1," 2/27/13"
"Brown, Bobby","Don't Be Cruel",DK027,1,DK027,DK,1," 2/27/13"
"Brown, Jackson","Doctor My Eyes",SGB049,1,SGB049,SG,1," 2/27/13"
"Brown, Peter","Dance With Me",CBEP468-3,5,CBEP468-3,CB,1," 2/27/13"
"Brown, T. Graham",Darlene,SC8567,12,SC8567,SC,1," 2/27/13"
"Brown, T. Graham","Don't Go To Strangers",SC8434,6,SC8434,SC,1," 2/27/13"
"Browne, Jackson","Doctor My Eyes",SCMILE01,13,SCMILE01,SC,1," 2/27/13"
"Bruce, Ed",Diane,SC8647,12,SC8647,SC,1," 2/27/13"
"Bt Express","Do It 'til You're Satisfied",SC8284,9,SC8284,SC,1," 2/27/13"
Bug-a-boo,"Destiny's Child",TU022,2,TU022,TU,1," 2/27/13"
"Burdon, Eric & The Animals","Don't Bring Me Down",SAVP28,9,SAVP28,SA,1," 2/27/13"
"Burns & Poe","Don't Get No Better Than That",PHMC1003,6,PHMC1003,PH,1," 2/27/13"
"Butler, Carl","Don't Let Me Cross Over",SC8262,2,SC8262,SC,1," 2/27/13"
"Butler, Carl & Pearl","Don't Let Me Cross Over",CBEP451-4,17,CBEP451-4,CB,1," 2/27/13"
"Byrd, Tracy","Don't Love Make A Diamond Shine",CHM9707,20,CHM9707,CH,1," 2/27/13"
"Byrd, Tracy","Don't Take Her She's All I Got",SC8358,15,SC8358,SC,1," 2/27/13"
"Byrd, Tracy","Don't Take Her She's All I've Got",CBEP461-1,1,CBEP461-1,CB,1," 2/27/13"
"Byrd, Tracy","Drinkin' Bone",SC8862,11,SC8862,SC,1," 2/27/13"
"Byrd, Tracy wvocal","Drinkin' Bone",PHN0310,18,PHN0310,PH,1," 2/27/13"
Cake,"Distance, The",SC8448,10,SC8448,SC,1," 2/27/13"
"Call The Man","Dion, Celine",BS9317,10,BS9317,BS,1," 2/27/13"
Cam'ron,Daydreaming,PHU0303,7,PHU0303,PH,1," 2/27/13"
"Campball, Glen","Dreams Of The Everyday Housewife",SC8509,14,SC8509,SC,1," 2/27/13"
"Campbell & Mann","Dark End Of The Street",MM6314,7,MM6314,MM,1," 2/27/13"
"Campbell, A. & L. Mann","Dark End Of The Street",SAVP40,17,SAVP40,SA,1," 2/27/13"
"Campbell, Glen","Dream Baby",CB90091,15,CB90091,CB,1," 2/27/13"
"Campbell, Glen","Dreams Of The Everyday Housewife",CB90091,13,CB90091,CB,1," 2/27/13"
"Campbell, Tevin","Don't Say Goodbye Girl",SD010,14,SD010,SD,1," 2/27/13"
"CAN'T YOU SEE THAT SHE'S MINE","DAVE CLARK FIVE",SC8054,15,SC8054,SC,1," 2/27/13"
"Captain & Tenille, The","Do That To Me One More Time",SC8182,15,SC8182,SC,1," 2/27/13"
"Captain & Tennille, The","Do That To Me One More Time",CBE2-22,4,CBE2-22,CB,1," 2/27/13"
"Carey, Mariah",Dreamlover,MM6030,15,MM6030,MM,1," 2/27/13"
"Carl & Pearl Butler","Don't Let Me Cross Over",CBEP471-5,2,CBEP471-5,CB,1," 2/27/13"
"Carolina Liar",Drown,PHMP1201,4,PHMP1201,PH,1," 2/27/13"
"Carpenter, Mary Chapin","Down At The Twist & Shout",MMBK08,15,MMBK08,MM,1," 2/27/13"
"Carpenter, Mary Chapin","Down At The Twist And Shout",DKM2020,15,DKM2020,DK,1," 2/27/13"
"Carrack, Paul","Don't Shed A Tear",DK027,8,DK027,DK,1," 2/27/13"
"Carrington, Rodney","Dancing With A Man",SC8669,13,SC8669,SC,1," 2/27/13"
"Cars, The","Dangerous Type",SC8861,14,SC8861,SC,1," 2/27/13"
"Cars, The",Drive,BL16,14,BL16,BL,1," 2/27/13"
"Carson, Jeff","Do It Again",CB60014,8,CB60014,CB,1," 2/27/13"
"Carter's Chord","Different Breed",PHMC0809,3,PHMC0809,PH,1," 2/27/13"
"Carter, Deana","Did I Shave My Legs For This",CHM9801,13,CHM9801,CH,1," 2/27/13"
"Carter, Nick","Do I Have To Cry For You",THP0303,15,THP0303,TH,1," 2/27/13"
"Cartoons, The","Doo Dah",SF140,6,SF140,SF,1," 2/27/13"
Cascades,Dreamin',MM6409,15,MM6409,MM,1," 2/27/13"
"Cash, Johnny","Daddy Sang Bass",DK069,17,DK069,DK,1," 2/27/13"
"Cash, Johnny","Don't Take Your Guns To Town",CB90074,10,CB90074,CB,1," 2/27/13"
"Cash, Johnny","Drive On",SC8324,4,SC8324,SC,1," 2/27/13"
"Cass, Mama","Dream A Little Dream",SGB21,2,SGB21,SG,1," 2/27/13"
"Cass, Mama","Dream A Little Dream Of Me",SC8686,1,SC8686,SC,1," 2/27/13"
"Cassidy, David",Daydreamer,BL18,8,BL18,BL,1," 2/27/13"
"Cassidy, Eva","Danny Boy",SC2421,2,SC2421,SC,1," 2/27/13"
"Cassidy, Eva wvocal","Danny Boy",SC2421,10,SC2421,SC,1," 2/27/13"
"Catch Us If You Can","Dave Clark Five, The",PLC09,9,PLC09,PL,1," 2/27/13"
"Chandler, Gene","Duke Of Earl",CBE2-14,15,CBE2-14,CB,1," 2/27/13"
"Chapman, Steven Curtis","Dive (Radio Version)",SC8828,7,SC8828,SC,1," 2/27/13"
"Charley Pride","Does My Ring Hurt Your Finger",SC8682,1,SC8682,SC,1," 2/27/13"
"Charlie Daniels Band, The","Devil Went Down To Georgia, The",SC8449,15,SC8449,SC,1," 2/27/13"
"Charlie Daniels Band, The","Drinkin' My Baby Goodbye",MM6189,5,MM6189,MM,1," 2/27/13"
Charts,Deserie,MM6409,3,MM6409,MM,1," 2/27/13"
"Cheap Trick","Don't Be Cruel",DK002,1,DK002,DK,1," 2/27/13"
"Cheap Trick","Dream Police",SC8725,13,SC8725,SC,1," 2/27/13"
Cher,"Dark Lady",DK052,15,DK052,DK,1," 2/27/13"
Cher,"Different Kind Of Love Song",CB30029,1,CB30029,CB,1," 2/27/13"
"Cherry Cherry","Diamond, Neil",AH8018,2,AH8018,AH,1," 2/27/13"
"Cherry Poppin' Daddys","Ding Dong Daddy Of The D Car Line",SGB07,7,SGB07,SG,1," 2/27/13"
"Chesney, Kenny","Don't Happen Twice",SC8681,12,SC8681,SC,1," 2/27/13"
"Chesney, Kenny",Dreams,CB20367,12,CB20367,CB,1," 2/27/13"
"Chesnutt, Mark","Down In Tennessee",SD019,12,SD019,SD,1," 2/27/13"
Chic,"Dance, Dance, Dance (Yowsah)",SAVP31,3,SAVP31,SA,1," 2/27/13"
Chicago,"Does Anybody Really Know What Time It Is",SC8223,8,SC8223,SC,1," 2/27/13"
"Children's Activity Songs","Dry Bones",SC7002,9,SC7002,SC,1," 2/27/13"
"Children's Happy Songs","Do Your Ears Hang Low",SC7001,2,SC7001,SC,1," 2/27/13"
Children's,"Do The Hokey Pokey",CBE3-14,1,CBE3-14,CB,1," 2/27/13"
"Chingy & Janet Jackson","Don't Worry",PHU0503,3,PHU0503,PH,1," 2/27/13"
"Chorus Line","Dance Ten Look There",MMBH1-1,10,MMBH1-1,MM,1," 2/27/13"
"Chorus Line","Dance Ten Looks Three",MM6175,11,MM6175,MM,1," 2/27/13"
"Chris Brown feat Tyga & Kevin McCall",Deuces,PHMU1010,1,PHMU1010,PH,1," 2/27/13"
Christmas,"Daddy Stuff",CB60036,9,CB60036,CB,1," 2/27/13"
Christmas,"Deck The Halls",CB60035,12,CB60035,CB,1," 2/27/13"
Christmas,"Do They Know It's Christmas",SC2046,2,SC2046,SC,1," 2/27/13"
Christmas,"Do You Hear What I Hear",CB60038,13,CB60038,CB,1," 2/27/13"
Christmas-Traditional,"Deck The Halls",DK058,17,DK058,DK,1," 2/27/13"
"Chung, Wang","Dance Hall Days",SF113,5,SF113,SF,1," 2/27/13"
Cinderella,"Don't Know What You Got",SC8346,1,SC8346,SC,1," 2/27/13"
"Clapton, Eric","Don't Think Twice, It's Alright",SGB027,5,SGB027,SG,1," 2/27/13"
"Clapton, Eric & Dylan, Bob","Don't Think Twice It's Alright",AH8006,10,AH8006,AH,1," 2/27/13"
"Clark, Jameson","Don't Play Any Love Songs",CB60224,9,CB60224,CB,1," 2/27/13"
"Clark, Petula","Don't Sleep In The Subway",SC7560,7,SC7560,SC,1," 2/27/13"
"Clark, Petula",Downtown,CBE14,14,CBE14,CB,1," 2/27/13"
"Clark, Petula wvocal",Downtown,SC2079,13,SC2079,SC,1," 2/27/13"
"Clarkÿ, Petula","Don't Sleep In The Subway",CBEP472-4,3,CBEP472-4,CB,1," 2/27/13"
"Clivilles & Cole","Deeper Love, A",SAVP39,1,SAVP39,SA,1," 2/27/13"
"Clooney, Rosemary","Don't Worry About Me",DK036,16,DK036,DK,1," 2/27/13"
"Clovers, The","Devil Or Angel",MM6385,11,MM6385,MM,1," 2/27/13"
"Cochran, Anita","Daddy Can You See Me",SC8394,9,SC8394,SC,1," 2/27/13"
"Coe, David Allan","Divers Do It Deeper",CB90115,15,CB90115,CB,1," 2/27/13"
"Coffey, Kellie","Dance With My Father",MM6416,9,MM6416,MM,1," 2/27/13"
"Cogan, Alma",Dreamboat,SF063,14,SF063,SF,1," 2/27/13"
"Cold Day In June","Dixie Chicks, The",RSZ603,1,RSZ603,RS,1," 2/27/13"
"Cold Play","Don't Panic",SF170,4,SF170,SF,1," 2/27/13"
"Cole, Nat ''king''","Don't Get Around Much Anymore",SC7538,8,SC7538,SC,1," 2/27/13"
"Cole, Nat King","Don't Get Around Much Anymore",NSC2000-07,1,NSC2000-07,NS,1," 2/27/13"
"Collective Soul",December,SC8195,10,SC8195,SC,1," 2/27/13"
"Collins, Phil","Dance Into The Light",SC8325,7,SC8325,SC,1," 2/27/13"
"Colour Of My Love, The","Dion, Celine",BS9317,11,BS9317,BS,1," 2/27/13"
"Combs, Michael","Drinking From My Saucer",CBEP478-5,13,CBEP478-5,CB,1," 2/27/13"
"Come On Eileen","Dexy's Midnight Runners",AH2000,9,AH2000,AH,1," 2/27/13"
"Communards, The","Don't Leave Me This Way",SF149,9,SF149,SF,1," 2/27/13"
"Como, Perry","Don't Let The Stars Get In Your Eyes",MM6367,11,MM6367,MM,1," 2/27/13"
"Confederate Railroad","Daddy Never Was The Cadillac Kind",SC8120,15,SC8120,SC,1," 2/27/13"
"Confederate Railroad, The","Daddy Was Never The Cadillac Kind",MM6048,9,MM6048,MM,1," 2/27/13"
"Conley, Earl Thomas","Don't Make It Easy For Me",SC8567,7,SC8567,SC,1," 2/27/13"
"Connick, Harry Jr.","Do You Know What It Means To Miss New Or",SC8246,15,SC8246,SC,1," 2/27/13"
"Contours, The","Do You Love Me",CBEP459-5,16,CBEP459-5,CB,1," 2/27/13"
Cookies,"Don't Say Nothin' Bad About My Baby",MM6409,6,MM6409,MM,1," 2/27/13"
"Cookies, The","Don't Say Nothin' Bad (About My Baby)",SC7560,8,SC7560,SC,1," 2/27/13"
"Cookies, The","Don't Say Nothin' Bad About My Baby",SAVP28,11,SAVP28,SA,1," 2/27/13"
"Cookies, The","Don't Say Nothing Bad",CBEP459-3,12,CBEP459-3,CB,1," 2/27/13"
"Cooper, Alice",Desperado,SGB09,6,SGB09,SG,1," 2/27/13"
"Corbetta, Jerry & Sugarloaf","Don't Call Us We'll Call You",SC8539,1,SC8539,SC,1," 2/27/13"
"Corrs, The",Dreams,SF122,16,SF122,SF,1," 2/27/13"
"Counting Crows","Daylight Fading",SC8377,6,SC8377,SC,1," 2/27/13"
"Cowboy Take Me Away","Dixie Chicks, The",TUFP07,7,TUFP07,TU,1," 2/27/13"
"Cracklin' Rose","Diamond, Neil",AH8018,3,AH8018,AH,1," 2/27/13"
"Cracklin' Rosie","Diamond, Neil",AH7051,3,AH7051,AH,1," 2/27/13"
"Cranberries, The",Dreams,SC8199,12,SC8199,SC,1," 2/27/13"
"Crazy Town",Drowning,THR0302,16,THR0302,TH,1," 2/27/13"
Creed,"Don't Stop Dancing",THP0302,17,THP0302,TH,1," 2/27/13"
"Creedence Clearwater Revival","Down On The Corner",MM6164,15,MM6164,MM,1," 2/27/13"
"Crosby, Bing","Dear Hearts & Gentle People",SAVP06,1,SAVP06,SA,1," 2/27/13"
"Crosby, Bing","Deep In The Heart Of Texas",CBEP469-3,13,CBEP469-3,CB,1," 2/27/13"
"Crosby, Bing","Don't Fence Me In",AH8012,14,AH8012,AH,1," 2/27/13"
"Crow, Sheryl","Different Kind, The",SC8559,10,SC8559,SC,1," 2/27/13"
"Crow, Sheryl","Difficult Kind, The",SGB030,13,SGB030,SG,1," 2/27/13"
"Crowded House","Don't Dream It's Over",SC8223,10,SC8223,SC,1," 2/27/13"
Crystals,"Da Doo Ron Ron",MM6361,9,MM6361,MM,1," 2/27/13"
"Crystals, The","Da Doo Ron Ron",SC7513,6,SC7513,SC,1," 2/27/13"
"Culture Club","Do You Really Want To Hurt Me",SC8420,15,SC8420,SC,1," 2/27/13"
"Curiosity Killed The Cat","Down To Earth",SF075,2,SF075,SF,1," 2/27/13"
"Cyrus, Billy Ray","Deja Blue",SC8278,4,SC8278,SC,1," 2/27/13"
"D'arby, Terrence Trent","Dance Little Sister",SF059,7,SF059,SF,1," 2/27/13"
DaCav5,"Dirty Style",PHMU1109,9,PHMU1109,PH,1," 2/27/13"
Dada,"Dizz Knee Land",SC8749,6,SC8749,SC,1," 2/27/13"
"Daisy Mallory","Don't Grow Up Too Fast",PHMC1107,2,PHMC1107,PH,1," 2/27/13"
"Daniels, Charlie","Devil Went Down To Georgia, The",SC8103,15,SC8103,SC,1," 2/27/13"
"Danity Kane",Damaged,PHMP0806,1,PHMP0806,PH,1," 2/27/13"
"Darin, Bobby","Dream Lover",DKM2005,13,DKM2005,DK,1," 2/27/13"
"Darin, Bobby",Dreamlover,SC7532,11,SC7532,SC,1," 2/27/13"
"Dave Clark Five, The","Do You Love Me",DK009,17,DK009,DK,1," 2/27/13"
"Davis, Paul","Do Right",SC8634,5,SC8634,SC,1," 2/27/13"
"Day, Doris",Dream,SAVP35,9,SAVP35,SA,1," 2/27/13"
"Days Go By","Dirty Vegas",PHM0208,9,PHM0208,PH,1," 2/27/13"
"Days Of The New","Down Town, The",SC8469,13,SC8469,SC,1," 2/27/13"
"Dazzey Dukes",Duice,NT005,12,NT005,NT,1," 2/27/13"
"Debison, Aselin",Driftwood,CB60244,12,CB60244,CB,1," 2/27/13"
"Deborah Cox","Did You Ever Love Me",PHMU0902,6,PHMU0902,PH,1," 2/27/13"
"Deburgh, Chris","Don't Pay The Ferryman",SC7563,15,SC7563,SC,1," 2/27/13"
"Dees, Rick & His Cast Of Idiots","Disco Duck",CBEP474-2,7,CBEP474-2,CB,1," 2/27/13"
"Dees, Rick & His Cast Of Idiots","Disco Duck (Part 1)",SC8707,13,SC8707,SC,1," 2/27/13"
Default,Deny,PHR0206,4,PHR0206,PH,1," 2/27/13"
"Deftones, The","Digital Bath",SC8694,6,SC8694,SC,1," 2/27/13"
"Degarmo, Dian",Dreams,PHM0411,2,PHM0411,PH,1," 2/27/13"
"Degarmo, Dian wvocal",Dreams,PHM0411,11,PHM0411,PH,1," 2/27/13"
"Delfonics, The","Didn't I Blow Your Mind (This Time)",MMRB2-2,7,MMRB2-2,MM,1," 2/27/13"
"Delfonics, The","Didn't I Blow Your Mind This Time",MMRB02,1,MMRB02,MM,1," 2/27/13"
"Delphonics, The","Didn't I Blow Your Mind This Time",SAVP35,8,SAVP35,SA,1," 2/27/13"
DENY,DEFAULT,TTM030,3,TTM030,TT,1," 2/27/13"
"Deny ÿ",Default,THR0207,18,THR0207,TH,1," 2/27/13"
"Depeche Mode","Dream On",CB30013,9,CB30013,CB,1," 2/27/13"
"Deyoung, Dennis","Desert Moon",SC8725,5,SC8725,SC,1," 2/27/13"
Diddy,"Dirty Money & Skylar Grey - Coming Home",PHMP1103,1,PHMP1103,PH,1," 2/27/13"
Diddy,"Dirty Money & Swizz Beatz - Ass On The F",PHMU1104,5,PHMU1104,PH,1," 2/27/13"
Dido,"Don't Leave Home",SC8878,13,SC8878,SC,1," 2/27/13"
"Dierks Bentley","Draw Me A Map",PHMC1011,3,PHMC1011,PH,1," 2/27/13"
"Dillards, The",Dooley,SC8693,4,SC8693,SC,1," 2/27/13"
Dio,"Don't Talk To Strangers",SC8869,12,SC8869,SC,1," 2/27/13"
"Dion & Belmonts, The","Donna The Prima Donna",SC7557,2,SC7557,SC,1," 2/27/13"
"Dion, Celine","Declaration Of Love",SC8454,6,SC8454,SC,1," 2/27/13"
"Dion, Celine","Drip Drop",SC8450,5,SC8450,SC,1," 2/27/13"
"Dionne Warwick","Do You Know The Way To San Jose",SC8361,8,SC8361,SC,1," 2/27/13"
"Dirty Polka","Dirty Polka Band",AMS2001,3,AMS2001,AM,1," 2/27/13"
"Dirty Polka","Dirty Polka Band Male Solo",AMS2001,21,AMS2001,AM,1," 2/27/13"
"Dirty Vegas","Days Go By",SC8766,14,SC8766,SC,1," 2/27/13"
Distillers,"Drain The Blood",PHR0402,6,PHR0402,PH,1," 2/27/13"
Disturbed,"Down With The Sickness",SC8765,8,SC8765,SC,1," 2/27/13"
"Dixie Chicks, The","Don't Waste Your Heart",SC8665,14,SC8665,SC,1," 2/27/13"
"Dj Pied Piper","Do You Really Like It",SF180,3,SF180,SF,1," 2/27/13"
"DKM Arrangement",Dixie,DKM2034,5,DKM2034,DK,1," 2/27/13"
Dokken,"Dream Warriors",SC8631,3,SC8631,SC,1," 2/27/13"
"Don't Waste Your Heart","Dixie Chicks, The",RSZ603,3,RSZ603,RS,1," 2/27/13"
"Donegan, Lonnie","Does Your Chewing Gum Lose It's Flavor",CBEP455-3,17,CBEP455-3,CB,1," 2/27/13"
"Doobie Brothers, The","Doctor, The",SC8580,11,SC8580,SC,1," 2/27/13"
"Douglas, Carol","Doctor's Orders",CBEP468-1,4,CBEP468-1,CB,1," 2/27/13"
"Down With The Sickness",Disturbed,TU089,3,TU089,TU,1," 2/27/13"
"Dre Way","Dr. Dre",NT005,9,NT005,NT,1," 2/27/13"
Dreamgirls,Dreamgirls,SC8127,13,SC8127,SC,1," 2/27/13"
"Duets-Rogers, Kenny & Carnes, Kim","Don't Fall In Love With A Dreamer",DK067,8,DK067,DK,1," 2/27/13"
"Dugan, Jeff","Don't Tell Her",CB60172,14,CB60172,CB,1," 2/27/13"
Duice,"Dazzey Dukes",SC8892,5,SC8892,SC,1," 2/27/13"
"Duke Ellington Orchestra","Don't Get Around Much Anymore",MMSTA01,17,MMSTA01,MM,1," 2/27/13"
"Dunn, Holly","Daddy's Hands",SC7512,11,SC7512,SC,1," 2/27/13"
"Eagles, The",Desperado,SAVP41,14,SAVP41,SA,1," 2/27/13"
"East 17","Do You Still",SF034,11,SF034,SF,1," 2/27/13"
"Eddie Rabbitt","Drinking My Baby Off My Mind",SC8183,15,SC8183,SC,1," 2/27/13"
"Eddie Rabbitt","Drivin' My Life Away",SC8380,3,SC8380,SC,1," 2/27/13"
"Electric Light Orchestra","Don't Bring Me Down",MM6054,8,MM6054,MM,1," 2/27/13"
"Electric Light Orchestra, The","Don't Bring Me Down",SC7534,10,SC7534,SC,1," 2/27/13"
"Electric Six","Danger High Voltage",SF202,14,SF202,SF,1," 2/27/13"
"Elton John",Daniel,SC8134,5,SC8134,SC,1," 2/27/13"
"Elton John & Kiki Dee","Don't Go Breaking My Heart",SC8368,7,SC8368,SC,1," 2/27/13"
"Elvis Presley","Devil In Disguise",SC8154,2,SC8154,SC,1," 2/27/13"
"Elvis Presley",Don't,SC8356,4,SC8356,SC,1," 2/27/13"
"Elvis Presley","Don't Be Cruel",SC8154,6,SC8154,SC,1," 2/27/13"
"Elvis Presley","Don't Cry Daddy",SC8155,3,SC8155,SC,1," 2/27/13"
Emotion,"Destiny's Child",THP0112,15,THP0112,TH,1," 2/27/13"
"En Vogue","Don't Let Go (Love)",MM6188,5,MM6188,MM,1," 2/27/13"
"End Of The World, The","Davis, Skeeter",KJT05,22,KJT05,KJ,1," 2/27/13"
"End, The","Doors, The",BS7617,15,BS7617,BS,1," 2/27/13"
"Enriquez, Jocelyn","Do You Miss Me",SC8337,13,SC8337,SC,1," 2/27/13"
"Ester Dean feat Chris Brown","Drop It Low",PHMU0912,3,PHMU0912,PH,1," 2/27/13"
Eu,"Da' Butt",SC8117,13,SC8117,SC,1," 2/27/13"
"Evan & Jaron",Distance,CB30017,2,CB30017,CB,1," 2/27/13"
"Evan & Jaron","Distance, The",CBEP473-3,8,CBEP473-3,CB,1," 2/27/13"
"Everly Brothers, The","Devoted To You",CBEP455-2,14,CBEP455-2,CB,1," 2/27/13"
Everyday,"Dave Matthews Band, The",PHR0203,4,PHR0203,PH,1," 2/27/13"
Evita,"Don't Cry For Me Argentina",SC7599,2,SC7599,SC,1," 2/27/13"
"Fargo, Donna","Do I Love You",SC8411,1,SC8411,SC,1," 2/27/13"
"Fargo, Donna","Don't Be Angry",SC8414,6,SC8414,SC,1," 2/27/13"
"Farris, Dionne","Don't Ever Touch Me (Again)",SD017,6,SD017,SD,1," 2/27/13"
"Feel The Need In Me","Detroit Emeralds, The",SF072,8,SF072,SF,1," 2/27/13"
"Feel The Rain",Dreamstreet,TUM001,3,TUM001,TU,1," 2/27/13"
"Ferrell, Rick","Different Point Of View",CB60223,11,CB60223,CB,1," 2/27/13"
"Fiddler On The Roof","Do You Love Me",SC2222,3,SC2222,SC,1," 2/27/13"
Finatticz,"Don't Drop That Thun Thun",PHMU1211,5,PHMU1211,PH,1," 2/27/13"
"Fisher, Eddie","Dungaree Doll",MM6156,9,MM6156,MM,1," 2/27/13"
"Fitz & The Tantrums","Don't Gotta Work It Out",PHMP1108,8,PHMP1108,PH,1," 2/27/13"
"Fleetwood Mac","Don't Stop",SGB032,13,SGB032,SG,1," 2/27/13"
"Fleetwood Mac",Dreams,SC7534,12,SC7534,SC,1," 2/27/13"
"Florence + The Machine","Dog Days Are Over",PHMP1011,3,PHMP1011,PH,1," 2/27/13"
"Flying Burrito Brothers, The","Dark End Of The Street",DK035,18,DK035,DK,1," 2/27/13"
"Foo Fighters, The","Dig Mc",SC8254,3,SC8254,SC,1," 2/27/13"
"Ford, Willa","Did Ya Understand That",CB30017,9,CB30017,CB,1," 2/27/13"
"Ford, Willa","Did Ya Understand Thatÿ",CBEP473-1,13,CBEP473-1,CB,1," 2/27/13"
Foreigner,"Dirty White Boy",SGB14,6,SGB14,SG,1," 2/27/13"
Foreigner,"Double Vision",SC8684,9,SC8684,SC,1," 2/27/13"
"Forester Sisters, The","Don't You",SC8676,13,SC8676,SC,1," 2/27/13"
"Forever In Blue Jeans","Diamond, Neil",AH7051,4,AH7051,AH,1," 2/27/13"
"Foster The People","Don't Stop (Color On The Walls)",PHMP1204,1,PHMP1204,PH,1," 2/27/13"
"Four Preps, The","Down By The Station",SAVP40,4,SAVP40,SA,1," 2/27/13"
"Four Seasons",Dawn,CBE3-17,6,CBE3-17,CB,1," 2/27/13"
"Four Seasons, The",Dawn,SC8364,11,SC8364,SC,1," 2/27/13"
"Four Seasons, The","Dawn (Go Away)",CB90191,4,CB90191,CB,1," 2/27/13"
"Four Seasons, The","December '63",MMGCP9806,10,MMGCP9806,MM,1," 2/27/13"
"Four Seasons, The","December '63 (Oh What A Night)",SGB035,7,SGB035,SG,1," 2/27/13"
"Four Seasons, The","December '63-Oh What A Night",MMBK06,10,MMBK06,MM,1," 2/27/13"
"Four Seasons, The","December 1963 (Oh What A Night)",CBEP474-2,5,CBEP474-2,CB,1," 2/27/13"
"Four Seasons, The","December 1963 Oh What A Night",CBEP464-6,13,CBEP464-6,CB,1," 2/27/13"
"Four Seasons, The","December' 63-Oh What A Night",MMCP2K06,10,MMCP2K06,MM,1," 2/27/13"
"Frampton, Peter","Day In The Sun",SC8272,13,SC8272,SC,1," 2/27/13"
"Francis, Connie","Don't Break The Heart That Loves You",CBEP455-5,11,CBEP455-5,CB,1," 2/27/13"
"Frankie J","Don't Wanna Try",THMH0307,14,THMH0307,TH,1," 2/27/13"
"Frankie J.","Don't Wanna Try",SC8827,9,SC8827,SC,1," 2/27/13"
"Frankie J. wvocal","Don't Wanna Try",SC3368,11,SC3368,SC,1," 2/27/13"
"Franklin, Aretha","Day Dreaming",CB90199,15,CB90199,CB,1," 2/27/13"
"Franklin, Aretha","Deeper Love, A",SF036,14,SF036,SF,1," 2/27/13"
"Franklin, Aretha","Do Right Woman, Do Right Man",DK023,15,DK023,DK,1," 2/27/13"
"Franklin, Aretha","Do Right Woman-Do Right Man",SC8776,7,SC8776,SC,1," 2/27/13"
"Franklin, Aretha","Don't Play That Song",DK048,12,DK048,DK,1," 2/27/13"
"Franklin, Aretha","Dr. Feelgood",MM6155,14,MM6155,MM,1," 2/27/13"
"Franklin, Arethra","Day Dreaming",SC8841,3,SC8841,SC,1," 2/27/13"
"Franklin, Arethra","Do Right Woman-Do Right Man",SC8841,1,SC8841,SC,1," 2/27/13"
"Franklin, Arethra","Dr. Feelgood",SC8841,14,SC8841,SC,1," 2/27/13"
"Freak Nasty","Da' Dip",SC8476,5,SC8476,SC,1," 2/27/13"
"Free, Brian & Assurance","Dare To Be A Daniel",CBEP478-4,12,CBEP478-4,CB,1," 2/27/13"
"Freeman, Bobby","Do You Wanna Dance",DK049,17,DK049,DK,1," 2/27/13"
"Fricke, Janie","Do Me With Love",CB90113,8,CB90113,CB,1," 2/27/13"
"Fricke, Janie","Don't Worry 'bout Me Baby",CB90113,3,CB90113,CB,1," 2/27/13"
"Fricke, Janie","Down To My Last Broken Heart",CB90113,12,CB90113,CB,1," 2/27/13"
"Frickie, Janie","Don't Worry 'bout Me Baby",CB60122,12,CB60122,CB,1," 2/27/13"
"Frickie, Janie","Down To My Last Broken Heart",SC7568,15,SC7568,SC,1," 2/27/13"
"Frizzell, Lefty","Don't Stay Away",CB90103,13,CB90103,CB,1," 2/27/13"
"Funny Girl","Don't Rain On My Parade",MMBH1-2,6,MMBH1-2,MM,1," 2/27/13"
"Gabriel, Peter & Kate Bush","Don't Give Up",SC8583,3,SC8583,SC,1," 2/27/13"
Gabrielle,Dreams,SF005,10,SF005,SF,1," 2/27/13"
"Gayle, Crystal","Don't It Make My Brown Eyes Blue",SC7507,15,SC7507,SC,1," 2/27/13"
"Gayle, Crystal","Don't It Make My Brown Eyes..",MMBK04,13,MMBK04,MM,1," 2/27/13"
"Gayle, Crystal wvocal","Don't It Make My Brown Eyes Blue",SC2432,9,SC2432,SC,1," 2/27/13"
"Geils, J., Band","Detroit Breakdown",SC8397,13,SC8397,SC,1," 2/27/13"
"Gene Chandler","Duke Of Earl",SC8108,11,SC8108,SC,1," 2/27/13"
"Gentry, Montgomery","Didn't I",SC8759,12,SC8759,SC,1," 2/27/13"
"George Strait","Drinkin' Champagne",SC8136,10,SC8136,SC,1," 2/27/13"
"Gerry & Pacemakers, The","Don't Let The Sun Catch You Crying",SC7573,15,SC7573,SC,1," 2/27/13"
"Gerry & The Pacemakers","Don't Let The Sun Catch You Crying",SC8651,15,SC8651,SC,1," 2/27/13"
"Gibbs, Georgia","Dance With Me Henry",CBE3-16,10,CBE3-16,CB,1," 2/27/13"
"Gill, Vince","Don't Come Crying To Me",CB60160,11,CB60160,CB,1," 2/27/13"
"Gill, Vince","Don't Let Our Love Start Slippin' Away",SC7588,15,SC7588,SC,1," 2/27/13"
"Gilley, Mickey","Don't The Girls All Get Prettier At Clos",CBEP452-2,17,CBEP452-2,CB,1," 2/27/13"
"Gin Blossoms","Day Job",SC8350,9,SC8350,SC,1," 2/27/13"
"Gin Blossoms, The","Day Job",SC8290,12,SC8290,SC,1," 2/27/13"
Ginuwine,Differences,CBEP473-1,14,CBEP473-1,CB,1," 2/27/13"
"Girl, You'll Be A Woman Soon","Diamond, Neil",AH7051,5,AH7051,AH,1," 2/27/13"
Give,Dishwalla,HV09,14,HV09,HV,1," 2/27/13"
"Give It Up Or Let Me Go","Dixie Chicks, The",RSZ602,11,RSZ602,RS,1," 2/27/13"
"Glad All Over","Dave Clark Five, The",SF084,13,SF084,SF,1," 2/27/13"
"Glass Tiger","Don't Forget Me When I'm Gone",SC8583,8,SC8583,SC,1," 2/27/13"
"Glitter, Gary","Do You Want To Touch Me",SF035,1,SF035,SF,1," 2/27/13"
Godspell,"Day By Day",SC2233,5,SC2233,SC,1," 2/27/13"
"Goo Goo Dolls",Dizzy,CBE4-04,14,CBE4-04,CB,1," 2/27/13"
"Goo Goo Dolls, The",Dizzy,SC8523,12,SC8523,SC,1," 2/27/13"
"Goodbye Earl","Dixie Chicks, The",TUFP07,10,TUFP07,TU,1," 2/27/13"
"Gosdin, Vern","Do You Believe Me Now",CB90106,10,CB90106,CB,1," 2/27/13"
"Gosdin, Vern","Dream Of Me",CB90106,15,CB90106,CB,1," 2/27/13"
"Gottie, Irv","Down 4 U",PHU0210,2,PHU0210,PH,1," 2/27/13"
"Gottie, Irv wvocal","Down 4 U",PHU0210,11,PHU0210,PH,1," 2/27/13"
"Graham, Tammy","Dozen Red Roses, A",CHM9705F,20,CHM9705F,CH,1," 2/27/13"
"Gray, Dobie","Drift Away",SC8138,9,SC8138,SC,1," 2/27/13"
"Gray, Macy","Do Something",SC8559,3,SC8559,SC,1," 2/27/13"
"Great Plains","Dancin' With The Wind",MM6158,14,MM6158,MM,1," 2/27/13"
"Greek Favorites","Den Pao Pouthena",SC8193,7,SC8193,SC,1," 2/27/13"
"Green, Pat","Don't Break My Heart Again",PHN0411,6,PHN0411,PH,1," 2/27/13"
"Green, Pat wvocal","Don't Break My Heart Again",PHN0411,15,PHN0411,PH,1," 2/27/13"
"Greenwood, Lee","Dixie Road",DK060,15,DK060,DK,1," 2/27/13"
"Groove Is In The Heart",Dee-Lite,DG06,4,DG06,DG,1," 2/27/13"
"Guns 'n' Roses","Don't Cry (Original)",SC8597,14,SC8597,SC,1," 2/27/13"
Guy,Dancin',SC8587,14,SC8587,SC,1," 2/27/13"
"Haggard, Merle","Daddy Frank",SC8728,15,SC8728,SC,1," 2/27/13"
"Haggard, Merle","Daddy Frank The Guitar Man",MM6122,15,MM6122,MM,1," 2/27/13"
Hair,Donna,SC8663,6,SC8663,SC,1," 2/27/13"
"Hall & Oats","Do It For Love",MM6366,8,MM6366,MM,1," 2/27/13"
"Hall, Daryl & John Oates","Do It For Love",SC3332,3,SC3332,SC,1," 2/27/13"
"Hall, Daryl & John Oates wvocal","Do It For Love",SC3332,11,SC3332,SC,1," 2/27/13"
"Hall, Tom T.",Deal,CB90107,15,CB90107,CB,1," 2/27/13"
"Hamilton, Joe Frank & Reynolds","Don't Pull Your Love",DK053,5,DK053,DK,1," 2/27/13"
"Harris, Emmylou & Ricky Skaggs","Darkest Hour Is Just Before Dawn",CBEP476-1,15,CBEP476-1,CB,1," 2/27/13"
"Harry Belafont","Day-O (Bannana Boat Song)",SF166,6,SF166,SF,1," 2/27/13"
"Hart, Beth","Delicious Surprise (I Believe)",SC8622,15,SC8622,SC,1," 2/27/13"
"Hart, Tara Lyn","Don't Ever Let Me Go",SC8614,3,SC8614,SC,1," 2/27/13"
"Harvey, Pj","Downby The Water",SC8600,3,SC8600,SC,1," 2/27/13"
"Hatchet, Molly",Dreams,SGB16,13,SGB16,SG,1," 2/27/13"
"Hawkins, Sophie B.","Damn I Wish I Was Your Lover",MM6057,11,MM6057,MM,1," 2/27/13"
"Hayes, Wade","Day She Left Tulsa In A Chevy, The",MMCOU203,20,MMCOU203,MM,1," 2/27/13"
"Hayes, Wade","Day That She Left Tulsa, The",CHM9805,17,CHM9805,CH,1," 2/27/13"
"Hayes, Wade","Don't Stop",CB60145,14,CB60145,CB,1," 2/27/13"
Heart,"Dog & Butterfly",SC8346,5,SC8346,SC,1," 2/27/13"
Heart,"Dreamboat Annie",SC8338,13,SC8338,SC,1," 2/27/13"
"Heartbreak Town","Dixie Chicks, The",RSZ603,5,RSZ603,RS,1," 2/27/13"
"Hello Again","Diamond, Neil",AH7051,6,AH7051,AH,1," 2/27/13"
"Hello I Love You","Doors, The",BS7617,3,BS7617,BS,1," 2/27/13"
"Hello Mr. Heartache","Dixie Chicks, The",RSZ603,6,RSZ603,RS,1," 2/27/13"
"Hello, I Love You","Doors, The",UK3102,3,UK3102,UK,1," 2/27/13"
"Herman's Hermits",Dandy,SC8255,12,SC8255,SC,1," 2/27/13"
"Hidden Agenda","David, Craig",SC3356,2,SC3356,SC,1," 2/27/13"
"Hidden Agenda","David, Craig wvocal",SC3356,10,SC3356,SC,1," 2/27/13"
"Highway 101","Do You Love Me Just Say Yes",SC8564,2,SC8564,SC,1," 2/27/13"
"Hill, Lauren","Doo Wop",SGB06,8,SGB06,SG,1," 2/27/13"
"Hill, Lauryn","Doo Wap (That Thing)",DK1115,10,DK1115,DK,1," 2/27/13"
"Hill, Lauryn","Doo Wop",CBE3-25,8,CBE3-25,CB,1," 2/27/13"
"Hill, Lauryn","Doo Wop (That Thing)",MM6394,2,MM6394,MM,1," 2/27/13"
"Hill, Lauryn","Doo Wop That Thing",PHT9903,3,PHT9903,PH,1," 2/27/13"
Hole,"Doll Parts",SC8749,12,SC8749,SC,1," 2/27/13"
"Hole In My Head","Dixie Chicks, The",RSZ603,7,RSZ603,RS,1," 2/27/13"
"Holly Holy","Diamond, Neil",AH7051,7,AH7051,AH,1," 2/27/13"
"Holly, Steve","Don't Make Me Beg",CB60190,5,CB60190,CB,1," 2/27/13"
"Holy, Steve","Don't Make Me Beg",SC8570,14,SC8570,SC,1," 2/27/13"
Hoobastank,Disappear,PHM0501,2,PHM0501,PH,1," 2/27/13"
"Hootie & The Blowfish",Drowning,SC8212,4,SC8212,SC,1," 2/27/13"
"Houston, Thelma","Don't Leave Me This Way",SC7547,15,SC7547,SC,1," 2/27/13"
"Houston, Whitney","Didn't We Almost Have It All",MMRB2-2,1,MMRB2-2,MM,1," 2/27/13"
"Huey Lewis","Do You Believe In Love",SC8393,15,SC8393,SC,1," 2/27/13"
"Human League","Don't You Want Me",SC8696,3,SC8696,SC,1," 2/27/13"
"Human League, The","Do You Want Me",SF032,3,SF032,SF,1," 2/27/13"
"Human League, The","Don't You Want Me",SC8427,14,SC8427,SC,1," 2/27/13"
"I Am Changing","Dreamgirls, The",KC008,8,KC008,KC,1," 2/27/13"
"I Am, I Said","Diamond, Neil",AH7051,8,AH7051,AH,1," 2/27/13"
"I BELIEVE","DIAMOND RIO",TT161,5,TT161,TT,1," 2/27/13"
"I Can Love You Better","Dixie Chicks, The",RSZ602,10,RSZ602,RS,1," 2/27/13"
"I Feel Loved","Depeche Mode",TU082,11,TU082,TU,1," 2/27/13"
"I Like It Like That","Dave Clark Five, The",PLC09,7,PLC09,PL,1," 2/27/13"
"I Touch Myself","Divinyls, The",AMS2001,17,AMS2001,AM,1," 2/27/13"
"I'll Take Care Of You","Dixie Chicks, The",RSZ602,9,RSZ602,RS,1," 2/27/13"
I5,Distracted,SC8645,6,SC8645,SC,1," 2/27/13"
"Ian, Janis","Days Like These",SC8302,13,SC8302,SC,1," 2/27/13"
"Idol, Bill","Dancing With Myself",SC2321,1,SC2321,SC,1," 2/27/13"
"Idol, Bill wvocal","Dancing With Myself",SC2321,9,SC2321,SC,1," 2/27/13"
"Idol, Billy","Dancing With Myself",DK082,16,DK082,DK,1," 2/27/13"
"If I Fall You're Going Down With Me","Dixie Chicks, The",RSZ603,8,RSZ603,RS,1," 2/27/13"
"Iglesias, Enrique","Don't Turn Off The Lights",SC8775,9,SC8775,SC,1," 2/27/13"
"Imagine Dragons",Demons,PHMP1211,5,PHMP1211,PH,1," 2/27/13"
"Inc. & Ja Rule & Ashanti & Charli Baltim","Down 4 U",SC8773,9,SC8773,SC,1," 2/27/13"
Incubus,Drive,SC8742,12,SC8742,SC,1," 2/27/13"
Incubus,Drive.,CB30013,5,CB30013,CB,1," 2/27/13"
"Independent Woman","Destiny's Child",TU002,7,TU002,TU,1," 2/27/13"
INXS,"Devil Inside",SC2252,4,SC2252,SC,1," 2/27/13"
Inxs,"Devil Inside",CBE4-07,5,CBE4-07,CB,1," 2/27/13"
Inxs,"Don't Change",SC8671,14,SC8671,SC,1," 2/27/13"
Irish,"Danny Boy",SC2017,5,SC2017,SC,1," 2/27/13"
"Irish Songs","Danny Boy",SGB037,5,SGB037,SG,1," 2/27/13"
"Isaacs, Sonya","Don't You Let Go",CB60235,4,CB60235,CB,1," 2/27/13"
"Isaak, Chris","Dark Moon",SC8317,4,SC8317,SC,1," 2/27/13"
"Isyss & Jadakiss","Day & Night",CBEP473-2,12,CBEP473-2,CB,1," 2/27/13"
"Isyss & Jadakiss","Day And Night",CB30026,7,CB30026,CB,1," 2/27/13"
"It Happens Every Time",Dreamstreet,TUM001,6,TUM001,TU,1," 2/27/13"
"It'll Go Away","Denney, Kevin",TU185,5,TU185,TU,1," 2/27/13"
"It's All Coming Back","Dion, Celine",BS3917,4,BS3917,BS,1," 2/27/13"
"It's All Coming Back To Me Now","Dion, Celine",BS9317,12,BS9317,BS,1," 2/27/13"
"Ja Rule & Charli Chuck Baltimore","Down A$$ Chick",SC8766,4,SC8766,SC,1," 2/27/13"
"Jackie Wilson Said","Dexy's Midnight Runners",AMS1508,3,AMS1508,AM,1," 2/27/13"
"Jackson 5","Dancing Machine",CBEP468-1,1,CBEP468-1,CB,1," 2/27/13"
"Jackson, Alan",Dallas,MMGCOU04,20,MMGCOU04,MM,1," 2/27/13"
"Jackson, Alan","Don't Rock The Jukebox",MM6002,13,MM6002,MM,1," 2/27/13"
"Jackson, Alan",Drive,SC8798,2,SC8798,SC,1," 2/27/13"
"Jackson, Alan","Drive (For Daddy Gene)",MM6358,13,MM6358,MM,1," 2/27/13"
"Jackson, Alan & George Strait","Designated Drinker",CB60229,11,CB60229,CB,1," 2/27/13"
"Jackson, Alan & George Strait wvocal","Designated Drinker",SC3300,11,SC3300,SC,1," 2/27/13"
"Jackson, Alan & Strait, George","Designated Drinker",SC8745,13,SC8745,SC,1," 2/27/13"
"Jackson, Janet","Doesn't Really Matter",CB30005,1,CB30005,CB,1," 2/27/13"
"Jackson, Michael","Don't Stop Till You Get Enough",CBEP474-4,9,CBEP474-4,CB,1," 2/27/13"
"Jackson, Stonewall","Don't Be Angry",CB80095,14,CB80095,CB,1," 2/27/13"
Jade,"Don't Walk Away",SC8374,10,SC8374,SC,1," 2/27/13"
Jaheim,"Diamond In Da Ruff",PHU0403,5,PHU0403,PH,1," 2/27/13"
"Jake Owen","Don't Think I Can't Love You",PHMC0904,4,PHMC0904,PH,1," 2/27/13"
"James Taylor","Don't Let Me Be Lonely Tonight",SC8188,1,SC8188,SC,1," 2/27/13"
"James, Elmore","Dust My Broom",SC8814,11,SC8814,SC,1," 2/27/13"
"James, Etta","Damn Your Eyes",MM6155,13,MM6155,MM,1," 2/27/13"
"James, Sonny","Don't Keep Me Hangin' On",CBEP452-1,13,CBEP452-1,CB,1," 2/27/13"
"James, Tommy & The Shondells","Draggin' The Line",SC8439,2,SC8439,SC,1," 2/27/13"
"Jan & Dean","Dead Man's Curve",SC8258,10,SC8258,SC,1," 2/27/13"
"Jan & Dean","Drag City",SC8202,10,SC8202,SC,1," 2/27/13"
Janet,"Doesn't Really Matter",MMRB02,9,MMRB02,MM,1," 2/27/13"
"Janet Jackson","Dosen't Really Matter",SF170,7,SF170,SF,1," 2/27/13"
"Jay Z","Dirt Off Your Shoulder",PHU0404,5,PHU0404,PH,1," 2/27/13"
Jay-Z,"Dirt Off Your Shoulder",SC8878,10,SC8878,SC,1," 2/27/13"
"Jayme Lynn Scott","Diggin' In",PHMC1010,8,PHMC1010,PH,1," 2/27/13"
"Jennifer Lopez","Do It Well",PHMP0804,6,PHMP0804,PH,1," 2/27/13"
"Jennings, Waylon","Drinkin' And Dreamin'",SC7568,6,SC7568,SC,1," 2/27/13"
"Jennings, Waylon","Dukes Of Hazzard Theme",SC8365,1,SC8365,SC,1," 2/27/13"
"Jeremih feat 50 Cent","Down On Me",PHMU1101,6,PHMU1101,PH,1," 2/27/13"
"Jeremih feat 50 Cent","Down On Me (MPX)",PHMU1101,15,PHMU1101,PH,1," 2/27/13"
"Jesus Is Just Alright","Doobie Brothers, The",DG11,11,DG11,DG,1," 2/27/13"
"Jett, Joan & The Blackhearts","Dirty Deeds Done Dirt Cheap",SGB032,10,SGB032,SG,1," 2/27/13"
"Jett, Joan & The Blackhearts","Do You Wanna Touch Me Oh Yeah",SC8333,8,SC8333,SC,1," 2/27/13"
Jewel,Don't,SC2169,4,SC2169,SC,1," 2/27/13"
Jewel,"Down So Long",SC8531,9,SC8531,SC,1," 2/27/13"
"Jewish Favorites",Dayenu,SC8166,12,SC8166,SC,1," 2/27/13"
"Jimmie's Chicken Shack","Do Right (Rv)",SC8593,3,SC8593,SC,1," 2/27/13"
Joe,"Dear Joe",PHMU1112,1,PHMU1112,PH,1," 2/27/13"
Joe,"Don't Wanna Be A Player",SC8381,1,SC8381,SC,1," 2/27/13"
"Joe Cocker","Delta Lady",SF070,4,SF070,SF,1," 2/27/13"
"Joel, Billy","Don't Ask Me Why",SC8605,7,SC8605,SC,1," 2/27/13"
"John & Dee","Don't Go Breaking My Heart",SF023,14,SF023,SF,1," 2/27/13"
"John, Elton",Daniel,SAVP16,15,SAVP16,SA,1," 2/27/13"
"John, Elton","Don't Go Breakin' My Heart",MMBK07,3,MMBK07,MM,1," 2/27/13"
"John, Elton","Don't Go Breaking My Heart",CB90171,6,CB90171,CB,1," 2/27/13"
"John, Elton","Don't Let The Sun Go Down On Me",SC8666,15,SC8666,SC,1," 2/27/13"
"John, Elton","Don't Wanna Go On With You Like That",SC2162,8,SC2162,SC,1," 2/27/13"
"John, Elton & Dee, Kiki","Don't Go Breakin' My Heart",SC7575,15,SC7575,SC,1," 2/27/13"
"John, Elton & Kiki Dee","Don't Go Breakin' My Heart",MMCP2K07,3,MMCP2K07,MM,1," 2/27/13"
"John, Elton & Kiki Dee","Don't Go Breaking My Heart",BL01,14,BL01,BL,1," 2/27/13"
"Johnson, Carolyn Dawn","Die Of A Broken Heart",PHN0408,7,PHN0408,PH,1," 2/27/13"
"Jon B.","Don't Talk",SC8688,5,SC8688,SC,1," 2/27/13"
"Jones, George","Door, The",CB80108,14,CB80108,CB,1," 2/27/13"
"Jones, Norah","Don't Know Why",MM6393,15,MM6393,MM,1," 2/27/13"
"Jones, Rickie Lee","Danny's All-Star Joint",SC8410,7,SC8410,SC,1," 2/27/13"
"Jones, Tom","Daughter Of Darkness",MM6242,6,MM6242,MM,1," 2/27/13"
"Jones, Tom",Delilah,SAVP05,19,SAVP05,SA,1," 2/27/13"
"Joplin, Janis","Down On Me",SC8204,13,SC8204,SC,1," 2/27/13"
"Joss Stone","Drive All Night",PHMU1110,4,PHMU1110,PH,1," 2/27/13"
Journey,"Don't Stop Believin'",SC7577,9,SC7577,SC,1," 2/27/13"
"Judd, Cledus T","Did I Shave My Back For This",CB90099,13,CB90099,CB,1," 2/27/13"
"Judd, Cledus T.","Did I Shave My Back For This",SC8739,15,SC8739,SC,1," 2/27/13"
"Judd, Wynonna","Don't Look Back",SC8267,11,SC8267,SC,1," 2/27/13"
"Judds, The","Don't Be Cruel",SC8494,11,SC8494,SC,1," 2/27/13"
"Jumpin Jumpin","Destiny's Child",TU022,7,TU022,TU,1," 2/27/13"
Juvenile,"Drop That Thang",PHMU1009,3,PHMU1009,PH,1," 2/27/13"
Kandi,"Don't Think I'm Not",CBEP470-4,14,CBEP470-4,CB,1," 2/27/13"
Kansas,"Dust In The Wind",SGB039,13,SGB039,SG,1," 2/27/13"
"Kate & Kacey","Dreaming Love",PHMC0908,5,PHMC0908,PH,1," 2/27/13"
"Kayle, Kortney","Don't Let Me Down",CB60217,10,CB60217,CB,1," 2/27/13"
"Keith, Toby","Die With Your Boots On",MM6301,13,MM6301,MM,1," 2/27/13"
"Keith, Toby","Does That Blue Moon Ever Shine On You",SC8253,15,SC8253,SC,1," 2/27/13"
"Keith, Toby","Double Wide Paradise",SC8464,7,SC8464,SC,1," 2/27/13"
"Keith, Toby","Dream Walkin'",MMCOU204,18,MMCOU204,MM,1," 2/27/13"
"Kellie Pickler","Didn't You Know How Much I Loved You",PHMC1004,3,PHMC1004,PH,1," 2/27/13"
"Kelly, R.","Down Low Nobody Has To Know",SC8263,8,SC8263,SC,1," 2/27/13"
"Kenny Chesney With Mac McAnally","Down the Road",PHMC0902,3,PHMC0902,PH,1," 2/27/13"
"Kenny Rogers & Kim Carnes","Don't Fall In Love With A Dreamer",SC8128,7,SC8128,SC,1," 2/27/13"
"Kentucky Headhunters, The","Dumas Walker",SC7522,13,SC7522,SC,1," 2/27/13"
"Kentucky Woman","Diamond, Neil",AH7051,9,AH7051,AH,1," 2/27/13"
"Kersh, David","Day In Day Out",SD039,12,SD039,SD,1," 2/27/13"
"Kersh, David","Day In, Day Out",CB20005,9,CB20005,CB,1," 2/27/13"
"Kershaw, Sammy","Don't Go Near The Water",SC8502,2,SC8502,SC,1," 2/27/13"
"Ketchum, Hal","Don't Let Go",SC8729,11,SC8729,SC,1," 2/27/13"
"Keys, Alicia",Diary,SC8883,4,SC8883,SC,1," 2/27/13"
"Kid Cudi","Day N Nite",PHMU0905,8,PHMU0905,PH,1," 2/27/13"
"King Harvest","Dancin' In The Moonlight",AH8011,14,AH8011,AH,1," 2/27/13"
"King Harvest","Dancing In The Moonlight",SC1999NSC01,7,SC1999NSC01,SC,1," 2/27/13"
"King Missile","Detachable Peni$",SC8700,6,SC8700,SC,1," 2/27/13"
"King, Ben E.","Don't Play That Song",SC8255,7,SC8255,SC,1," 2/27/13"
"King, Freddy","Down Home Blues",MM6144,14,MM6144,MM,1," 2/27/13"
"Kinks, The","Dedicated Follower Of Fashion",SF046,6,SF046,SF,1," 2/27/13"
"Kinleys, The","Dance In The Boat",SC8463,10,SC8463,SC,1," 2/27/13"
Kiss,"Detroit Rock City",SC2189,7,SC2189,SC,1," 2/27/13"
Kiss,Deuce,SC8404,12,SC8404,SC,1," 2/27/13"
Kiss,Domino,SC8701,11,SC8701,SC,1," 2/27/13"
Kix,"Don't Close Your Eyes",SC8597,15,SC8597,SC,1," 2/27/13"
"Knockin' On Heavens Door","Dylan, Bob",KJT07,15,KJT07,KJ,1," 2/27/13"
"Krauss, Alison","Down To The River To Pray",SC8751,16,SC8751,SC,1," 2/27/13"
"Kravitz, Lenny","Dig In",CBE3-26,12,CBE3-26,CB,1," 2/27/13"
"Landslide (Album Version)","Dixie Chicks",TU185,7,TU185,TU,1," 2/27/13"
"Lang, K.d.","Down To My Last Cigarette",CBE4-22,6,CBE4-22,CB,1," 2/27/13"
Lareau,"Don't Let Me Go",PHMP1004,7,PHMP1004,PH,1," 2/27/13"
"Laura Bell Bundy","Drop On By",PHMC1010,6,PHMC1010,PH,1," 2/27/13"
"Laura Izibor","Don't Stay",PHMU1001,9,PHMU1001,PH,1," 2/27/13"
"Lavigne, Avril","Don't Tell Me",SC3407,8,SC3407,SC,1," 2/27/13"
"Lawson, Shannon","Dream Your Way To Me",CB2368,10,CB2368,CB,1," 2/27/13"
Layla,"Derek & The Dominos",AH2000,7,AH2000,AH,1," 2/27/13"
"Led Zeppelin","D'yer Mak'er",SGB026,15,SGB026,SG,1," 2/27/13"
"Led Zeppelin","Dancing Days",SC8674,2,SC8674,SC,1," 2/27/13"
"Led Zeppelin","Dazed & Confused",SGB028,1,SGB028,SG,1," 2/27/13"
"Ledoux, Chris","Dallas Days And Fort Worth Nights",SC8211,15,SC8211,SC,1," 2/27/13"
"Lee Brice","Don't Believe Everything You Think",PHMC1208,6,PHMC1208,PH,1," 2/27/13"
"Lee, Coco","Do You Want My Love",MM6300,1,MM6300,MM,1," 2/27/13"
Lemar,"Dance With U",SF209,9,SF209,SF,1," 2/27/13"
"Let 'er Rip","Dixie Chicks, The",RSZ602,8,RSZ602,RS,1," 2/27/13"
"Let Him Fly","Dixie Chicks, The",RSZ603,9,RSZ603,RS,1," 2/27/13"
"Letters To Cleo","Dangerous Type",SC8286,9,SC8286,SC,1," 2/27/13"
"Lewis, Glen","Don't You Forget It",CB30020,7,CB30020,CB,1," 2/27/13"
"Lewis, Glenn","Don't You Forget It",SC8757,11,SC8757,SC,1," 2/27/13"
"Lewis, Huey","Doin' It",CBE3-22,5,CBE3-22,CB,1," 2/27/13"
"Lewis, Huey & News, The","Doing It All For My Baby",DK027,15,DK027,DK,1," 2/27/13"
"Lewis, Huey & The News","Do You Believe In Love",SC8709,15,SC8709,SC,1," 2/27/13"
"Lewis, Huey & The News","Doin' It (All For My Baby)",CB90198,3,CB90198,CB,1," 2/27/13"
"Lewis, Huey & The News","Doing It All For My Baby",SAVP35,1,SAVP35,SA,1," 2/27/13"
"Lewis, Jerry Lee","Drinkin' Wine",MMCOU205,5,MMCOU205,MM,1," 2/27/13"
"Lewis, Jerry Lee","Drinking Wine Spo-Dee O'dee",CBE3-02,12,CBE3-02,CB,1," 2/27/13"
"Life In A Northern Town","Dream Academy",AMS1502,5,AMS1502,AM,1," 2/27/13"
"Light My Fire","Doors, The",BS7617,5,BS7617,BS,1," 2/27/13"
"Lightfoot, Gordon","Don Quixote",SC8821,13,SC8821,SC,1," 2/27/13"
"Linda Ronstadt & Aaron Neville","Don't Know Much",SC8119,2,SC8119,SC,1," 2/27/13"
"Little Big Town","Don't Waste My Time",CB60232,15,CB60232,CB,1," 2/27/13"
"Little Bit More, A","Dr. Hook",SF071,12,SF071,SF,1," 2/27/13"
"Little Feat","Dixie Chicken",DKM2020,13,DKM2020,DK,1," 2/27/13"
"Little Shop Of Horrors",Dentist,SC2233,4,SC2233,SC,1," 2/27/13"
"Little Shop Of Horrors, The",Dentist,MM6175,2,MM6175,MM,1," 2/27/13"
Live,"Dolphin's Cry, The",SC8572,10,SC8572,SC,1," 2/27/13"
Live,"Dolphins Cry, The",MM6290,2,MM6290,MM,1," 2/27/13"
"LIVE A LIE",DEFAULT,TT171,8,TT171,TT,1," 2/27/13"
"Livin' Joy","Don't Stop Movin'",SF061,5,SF061,SF,1," 2/27/13"
"Livin' Joy",Dreamer,SF029,3,SF029,SF,1," 2/27/13"
Lobo,"Don't Expect Me To Be Your Friend",SC8393,8,SC8393,SC,1," 2/27/13"
Lobo,"Don't Tell Me Goodnight",SC8594,9,SC8594,SC,1," 2/27/13"
"Loeb, Lisa","Do You Sleep",SC8350,8,SC8350,SC,1," 2/27/13"
"Loeb, Lisa & The Nine Stories","Do You Sleep",MM6133,15,MM6133,MM,1," 2/27/13"
"Loggins & Messina","Danny's Song",SC8413,1,SC8413,SC,1," 2/27/13"
"Loggins, Kenny","Danger Zone",SC8573,10,SC8573,SC,1," 2/27/13"
"Lohan, Lindsay","Drama Queen",PHM0407,4,PHM0407,PH,1," 2/27/13"
Lola,"Damn Yankees",KC008,2,KC008,KC,1," 2/27/13"
"Longfellow Serenade","Diamond, Neil",AH7051,10,AH7051,AH,1," 2/27/13"
"Love Her Madly","Doors, The",UK3103,9,UK3103,UK,1," 2/27/13"
"Love On The Rocks","Diamond, Neil",AH7051,11,AH7051,AH,1," 2/27/13"
"Loveless, Patty","Don't Toss Us Away",CB90048,4,CB90048,CB,1," 2/27/13"
"Lovin' Spoonful",Daydream,CBEP472-2,17,CBEP472-2,CB,1," 2/27/13"
"Lovin' Spoonful","Do You Believe In Magic",CBEP472-1,2,CBEP472-1,CB,1," 2/27/13"
"Lovin' Spoonful, The","Did You Ever Have To Make Up Your Mind",SC8218,8,SC8218,SC,1," 2/27/13"
"Lovin' Spoonful, The","Do You Believe In Magic",DKM2031,13,DKM2031,DK,1," 2/27/13"
"Loving Arms","Dixie Chicks, The",RSZ602,7,RSZ602,RS,1," 2/27/13"
Ludacris,"Diamond In The Back",PHU0409,4,PHU0409,PH,1," 2/27/13"
"Ludacris wvocal","Diamond In The Back",PHU0409,13,PHU0409,PH,1," 2/27/13"
"Lynn, Loretta","Dear Uncle Sam",SC8579,9,SC8579,SC,1," 2/27/13"
"Lynn, Loretta","Don't Come Home A Drinkin'",CB60025,12,CB60025,CB,1," 2/27/13"
"Lynn, Loretta","Don't Come Home A-Drinkin'",CBE2-02,11,CBE2-02,CB,1," 2/27/13"
"Lynn, Loretta wvocal","Dear Uncle Sam",SC2275,13,SC2275,SC,1," 2/27/13"
"Lynn, Loretta wvocal","Don't Come Home A-Drinkin'",SC2275,9,SC2275,SC,1," 2/27/13"
"Lynn, Shelby","Don't Cross Your Heart",CB60098,11,CB60098,CB,1," 2/27/13"
"Lynyrd Skynyrd","Don't Ask Me No Questions",SGB43,9,SGB43,SG,1," 2/27/13"
"Lyttle, Kevin","Drive Me Crazy",PHM0412,7,PHM0412,PH,1," 2/27/13"
"M People","Don't Look Any Further",SF026,5,SF026,SF,1," 2/27/13"
M2M,"Don't Say You Love Me",SC8572,11,SC8572,SC,1," 2/27/13"
"Mack The Knife","Darin, Bobby",KJT05,2,KJT05,KJ,1," 2/27/13"
"Made In London","Dirty Water",SF165,15,SF165,SF,1," 2/27/13"
"Madison Avenue","Don't Call Me Baby",SF166,1,SF166,SF,1," 2/27/13"
Madness,"Driving In My Car",SF075,13,SF075,SF,1," 2/27/13"
Madonna,"Deeper & Deeper",MM6000,11,MM6000,MM,1," 2/27/13"
Madonna,"Die Another Day",SC8793,9,SC8793,SC,1," 2/27/13"
Madonna,"Don't Cry For Me Argentina",SC8127,7,SC8127,SC,1," 2/27/13"
Madonna,"Don't Tell Me",SC8771,14,SC8771,SC,1," 2/27/13"
Madonna,"Dress You Up",SC8667,13,SC8667,SC,1," 2/27/13"
Madonna,"Drowned World (Substitute For Love)",SF125,5,SF125,SF,1," 2/27/13"
"Madonna wvocal","Die Another Day",PHM0301,11,PHM0301,PH,1," 2/27/13"
"Mamas & The Papas, The","Dream A Little Dream Of Me",AH8008,1,AH8008,AH,1," 2/27/13"
"Man Of La Mancha",Dulcinea,SC8547,11,SC8547,SC,1," 2/27/13"
"Manchester, Melissa","Don't Cry Out Loud",SC7523,15,SC7523,SC,1," 2/27/13"
"Mann, Manfred","Do Wah Diddy",DKM2022,14,DKM2022,DK,1," 2/27/13"
"Mann, Manfred","Do Wah Diddy Diddy",MMGCP9810,14,MMGCP9810,MM,1," 2/27/13"
"Manson, Marilyn","Disposable Teens",SC8672,6,SC8672,SC,1," 2/27/13"
"Martha & The Vandellas","Dancing In The Street",SF012,9,SF012,SF,1," 2/27/13"
"Martha & The Vandellas","Dancing In The Streets",BL34,14,BL34,BL,1," 2/27/13"
"Martha & Vandellas, The","Dancing In The Streets",DK004,10,DK004,DK,1," 2/27/13"
"Martin, Dean",Dream,MM6419-2,17,MM6419-2,MM,1," 2/27/13"
"Martino, Al","Daddy's Little Girl",SGB059,14,SGB059,SG,1," 2/27/13"
"Marvelettes, The","Don't Mess With Bill",DK064,9,DK064,DK,1," 2/27/13"
"Marvin Winans","Draw Me Close To You  Thy Will Be Done",PHMU1212,9,PHMU1212,PH,1," 2/27/13"
"Marx, Richard","Don't Mean Nothin'",CB40230,10,CB40230,CB,1," 2/27/13"
"Marx, Richard","Don't Mean Nothing",SC8580,9,SC8580,SC,1," 2/27/13"
"Mason, Mila","Dark Horse",CHM9704,14,CHM9704,CH,1," 2/27/13"
"Matchbox 20",Disease,SC3339,4,SC3339,SC,1," 2/27/13"
"Matchbox 20",Downfall,CB90226,14,CB90226,CB,1," 2/27/13"
"Matchbox Twenty",Disease,CBEP477-1,2,CBEP477-1,CB,1," 2/27/13"
"Matchbox Twenty",Downfall,MM6408,8,MM6408,MM,1," 2/27/13"
"Mavericks, The","Dance The Night Away",SF121,14,SF121,SF,1," 2/27/13"
"Mayer, John",Daughters,PHR0408,8,PHR0408,PH,1," 2/27/13"
"McBride, Martina","Do What You Do",CB20274,7,CB20274,CB,1," 2/27/13"
"Mcbride, Martina","Do What You Do",CB60224,14,CB60224,CB,1," 2/27/13"
"McCall, Kirsty",Days,SF027,13,SF027,SF,1," 2/27/13"
"Mccann, Lila","Down Came A Blackbird",CB60017,5,CB60017,CB,1," 2/27/13"
"McCann, Lila","Down Came A Blackbird",SD040,5,SD040,SD,1," 2/27/13"
"Mccann, Lila","Down Came A Blackbird",CHM9708,13,CHM9708,CH,1," 2/27/13"
"Mcclain, Charly","Dancin' Your Memory Away",CB60128,12,CB60128,CB,1," 2/27/13"
"Mcclain, Charly","Dancing Your Memory Away",SC8728,1,SC8728,SC,1," 2/27/13"
"Mcentire & Davis","Does He Love You",CB60118,12,CB60118,CB,1," 2/27/13"
"Mcentire, Reba","Don't Touch Me There",MM6011,7,MM6011,MM,1," 2/27/13"
"Mcentire, Reba & Davis, Linda","Does He Love You",SC7524,11,SC7524,SC,1," 2/27/13"
"Mcentire, Reba & Linda Davis","Does He Love You",CBEP471-2,16,CBEP471-2,CB,1," 2/27/13"
"McFerrin, Bobby","Don't Worry Be Happy",SC2082,2,SC2082,SC,1," 2/27/13"
"Mcferrin, Bobby","Don't Worry Be Happy",CBE2-15,15,CBE2-15,CB,1," 2/27/13"
"McFerrin, Bobby","Don't Worry Be Happy",SC8891,11,SC8891,SC,1," 2/27/13"
"Mcgraw, Tim","Don't Take The Girl",SC8120,12,SC8120,SC,1," 2/27/13"
"McGraw, Tim","Don't Take The Girl",SC8873,10,SC8873,SC,1," 2/27/13"
"Mcgraw, Tim","Down On The Farm",MM6064,13,MM6064,MM,1," 2/27/13"
"McGraw, Tim","Drugs Or Jesus",SC8897,9,SC8897,SC,1," 2/27/13"
"Mckameys, The","Do You Know How It Feels",CBEP466-1,1,CBEP466-1,CB,1," 2/27/13"
"McLachlan, Sarah","Do What You Have To Do",SC2255,8,SC2255,SC,1," 2/27/13"
Meatloaf,"Dead Ringer",SF009,5,SF009,SF,1," 2/27/13"
"Mellencamp, John Cougar","Dance Naked",SC8150,6,SC8150,SC,1," 2/27/13"
"Mellow Yellow",Donovan,PLC09,2,PLC09,PL,1," 2/27/13"
"Men At Work","Down Under",SC8492,11,SC8492,SC,1," 2/27/13"
"Messina, Jo Dee","Dare To Dream",SC8764,11,SC8764,SC,1," 2/27/13"
"Messina, Jo Dee","Do You Wanna Make Something Of It",SD033,11,SD033,SD,1," 2/27/13"
"Messina, Jo Dee",Downtime,CB60217,8,CB60217,CB,1," 2/27/13"
"Messina, Joe Dee","Dare To Dream",CB60237,12,CB60237,CB,1," 2/27/13"
"Mica Roberts","Days You Live For",PHMC0912,8,PHMC0912,PH,1," 2/27/13"
"Michaels, Lee","Do You Know What I Mean",SC8510,15,SC8510,SC,1," 2/27/13"
"Midler, Bette","Do You Wanna Dance",SC8259,7,SC8259,SC,1," 2/27/13"
Miguel,"Do You",PHMU1302,6,PHMU1302,PH,1," 2/27/13"
"Mika Newton","Don't Dumb Me Down",PHMP1205,8,PHMP1205,PH,1," 2/27/13"
"Milian, Christina","Dip It Low",PHM0408,2,PHM0408,PH,1," 2/27/13"
"Milian, Christina & Fabolous","Dip It Low",SC8883,13,SC8883,SC,1," 2/27/13"
"Miller, Mitch","Don't Fence Me In",CBEP469-6,9,CBEP469-6,CB,1," 2/27/13"
"Miller, Mitch","Down By The Old Mill Stream",CB5018-02,17,CB5018-02,CB,1," 2/27/13"
"Miller, Roger","Dang Me",DK061,17,DK061,DK,1," 2/27/13"
"Milsap, Ronnie","Daydreams About Night Things",SC8424,9,SC8424,SC,1," 2/27/13"
"Milsap, Ronnie","Don't You Ever Get Tired Of Hurtin' Me",MM6088,12,MM6088,MM,1," 2/27/13"
"Missing Persons","Destination Unknown",MM6120,2,MM6120,MM,1," 2/27/13"
"Mister Jones",Destiny,SC8478,12,SC8478,SC,1," 2/27/13"
"Mojo Nixon","Don Henley Must Die",SC8669,8,SC8669,SC,1," 2/27/13"
Moke,Down,SC8572,12,SC8572,SC,1," 2/27/13"
"Molly Hatchet",Dreams,AH8017,5,AH8017,AH,1," 2/27/13"
Monica,"Don't Take It Personal (Just One Of Dem",SC8199,8,SC8199,SC,1," 2/27/13"
"Monkees, The","Daydream Believer",DK005,10,DK005,DK,1," 2/27/13"
"Monroe, Bill","Dark Hollow",CB60060,4,CB60060,CB,1," 2/27/13"
"Monroe, Bill","Drifting Too Far From The Shore",CBEP476-4,16,CBEP476-4,CB,1," 2/27/13"
"Monroe, Marilyn","Diamonds Are A Girl's Best Friend",SC8124,15,SC8124,SC,1," 2/27/13"
"Monroe, Marilyn","Diamonds Are A Girls Best Friend",MMSTA2-5,1,MMSTA2-5,MM,1," 2/27/13"
"Montana, Billy","Didn't Have You",SC8171,5,SC8171,SC,1," 2/27/13"
"Monte, Lou","Dominick The Donkey (The Italian Christm",SC8780,15,SC8780,SC,1," 2/27/13"
"Monte, Lou","Downtown Strutter's Ball, The",SAVP30,12,SAVP30,SA,1," 2/27/13"
"Montgomery Gentry","Daddy Won't Sell The Farm",CB60193,11,CB60193,CB,1," 2/27/13"
"Montgomery Gentry","Didn't I",CB60232,7,CB60232,CB,1," 2/27/13"
"Montgomery, John Michael","Dream On Texas Ladies",SC8243,7,SC8243,SC,1," 2/27/13"
"Morgan, Debelah","Dance With Me",SC8625,11,SC8625,SC,1," 2/27/13"
"Morgan, Jane","Day That The Rains Came, The",SF062,9,SF062,SF,1," 2/27/13"
"Morgan, Lorrie","Dear Me",SC8157,12,SC8157,SC,1," 2/27/13"
"Morgan, Lorrie","Don't Stop In My World",SC8303,14,SC8303,SC,1," 2/27/13"
"Morgan, Lorrie & Beach Boys","Don't Worry Baby",MM6169,3,MM6169,MM,1," 2/27/13"
"Morgan, Lorrie & The Beach Boys","Don't Worry Baby",SC8351,6,SC8351,SC,1," 2/27/13"
"Morgan, Meli'sa","Do Me Baby",SC8754,3,SC8754,SC,1," 2/27/13"
"Morrison, Van",Domino,SC8689,4,SC8689,SC,1," 2/27/13"
"Motley Crue","Don't Go Away Mad",SC8734,8,SC8734,SC,1," 2/27/13"
"Motley Crue","Dr. Feelgood",SC8252,11,SC8252,SC,1," 2/27/13"
Mud,Dyna-Mite,SF101,4,SF101,SF,1," 2/27/13"
"Mumba, Samantha","Don't Need You To Tell Me I'm Pretty",PHM0112,8,PHM0112,PH,1," 2/27/13"
"Murphy, David Lee","Dust On The Bottle",CBEP453-5,16,CBEP453-5,CB,1," 2/27/13"
"Murphy, Michael Martin","Don't Count The Rainy Days",CB90221,3,CB90221,CB,1," 2/27/13"
"Murray, Anne","Danny's Song",CBE2-03,13,CBE2-03,CB,1," 2/27/13"
"Murray, Anne","Daydream Believer",SC8410,6,SC8410,SC,1," 2/27/13"
"Murray, Anne","Do You Hear What I Hear",CB60185,9,CB60185,CB,1," 2/27/13"
Musiq,"Don't Change",PHU0210,6,PHU0210,PH,1," 2/27/13"
"Musiq wvocal","Don't Change",PHU0210,15,PHU0210,PH,1," 2/27/13"
"My Heart Will Go On","Dion, Celine",BS9317,1,BS9317,BS,1," 2/27/13"
"Mystikal & Nivea","Danger (Been So Long)",SC8673,15,SC8673,SC,1," 2/27/13"
"Nasty Girl","Destiny's Child",THH0204,16,THH0204,TH,1," 2/27/13"
"Nathan Lee Jackson","Desperate Man",PHMC1003,9,PHMC1003,PH,1," 2/27/13"
"Nelly & Kelly Roland",Dilemma,CB90227,15,CB90227,CB,1," 2/27/13"
"Nelly & Kelly Rowland",Dilemma,CBEP471-4,10,CBEP471-4,CB,1," 2/27/13"
"Nelly & Rowland, Kelly",Dilemma,CBE3-29,12,CBE3-29,CB,1," 2/27/13"
"Never Say Die","Dixie Chicks, The",RSZ602,6,RSZ602,RS,1," 2/27/13"
"Neville, Aaron","Don't Fall Apart On Me Tonight",SC8107,1,SC8107,SC,1," 2/27/13"
"Neville, Aaron","Don't Take Away My Heaven",DK082,17,DK082,DK,1," 2/27/13"
"New Age Girl","Deadeye Dick",BS5417,9,BS5417,BS,1," 2/27/13"
"New Day Has Come, A","Dion, Celine",THP0205,13,THP0205,TH,1," 2/27/13"
"New Grass Revival","Dancin' With The Angels",CBEP476-1,17,CBEP476-1,CB,1," 2/27/13"
"Newton, Wayne","Danke Schoen",MMSTA02,3,MMSTA02,MM,1," 2/27/13"
"Nicki Minaj","Did It On'em",PHMP1105,3,PHMP1105,PH,1," 2/27/13"
"Night Ranger","Don't Tell Me You Love Me",SC8516,8,SC8516,SC,1," 2/27/13"
"Nine Inch Nails",Deep,SC8699,8,SC8699,SC,1," 2/27/13"
"Nitty Gritty Dirt Band, The","Dance Little Jean",SC8582,3,SC8582,SC,1," 2/27/13"
Nivea,"Don't Mess With My Man",CB30028,13,CB30028,CB,1," 2/27/13"
"Nivea & Jagged Edge","Don't Mess With My Man",CBEP473-3,13,CBEP473-3,CB,1," 2/27/13"
"Nivea & Jagged Edge","Don't Mess With My Man (2002 Mix)",PHM0301,5,PHM0301,PH,1," 2/27/13"
"Nivea & Jagged Edge wvocal","Don't Mess With My Man (2002 Mix)",PHM0301,14,PHM0301,PH,1," 2/27/13"
"Nivea, Brian Casey & Brandon Casey","Don't Mess With My Man",SC8801,1,SC8801,SC,1," 2/27/13"
"No Doubt","Don't Speak",SC7583,13,SC7583,SC,1," 2/27/13"
"No No No","Destiny's Child",TU022,6,TU022,TU,1," 2/27/13"
Now,"Def Leppard",TU142,11,TU142,TU,1," 2/27/13"
"O'conner, Mark","Devil Comes Back To Georgia, The",CB60158,15,CB60158,CB,1," 2/27/13"
Oasis,"D'you Know What I Mean",SC8423,8,SC8423,SC,1," 2/27/13"
Oasis,"Don't Look Back In Anger",SC8299,14,SC8299,SC,1," 2/27/13"
"Ocean Colour Scene","Day We Caught The Train, The",SF061,11,SF061,SF,1," 2/27/13"
"Offspring, The","Defy You",SC8740,3,SC8740,SC,1," 2/27/13"
"Oingo Boingo","Dead Man's Party",SC8550,3,SC8550,SC,1," 2/27/13"
"Once You've Loved Somebody","Dixie Chicks, The",RSZ602,5,RSZ602,RS,1," 2/27/13"
"One More Day","Diamond Rio",TUFP26,6,TUFP26,TU,1," 2/27/13"
"Only One Road","Dion, Celine",BS9317,3,BS9317,BS,1," 2/27/13"
"Orbison, Roy","Dream Baby",CB80044,15,CB80044,CB,1," 2/27/13"
Orleans,"Dance With Me",SC8182,12,SC8182,SC,1," 2/27/13"
"Osbourne, Ozzy","Diary Of A Madman",SC8684,7,SC8684,SC,1," 2/27/13"
"Osbourne, Ozzy",Dreamer,SC8735,14,SC8735,SC,1," 2/27/13"
"Oslin, K.t.","Didn't Expect It To Go Down This Way",CB60097,15,CB60097,CB,1," 2/27/13"
"Oslin, K.t.","Do Ya",CB60028,13,CB60028,CB,1," 2/27/13"
"Oslin, K.t.","Driving Crying Missing You",SC8729,3,SC8729,SC,1," 2/27/13"
"Otis Redding","Dock Of The Bay, The (Sittin' On)",SC8110,9,SC8110,SC,1," 2/27/13"
Ottawan,"D. I. S. C. O.",SF028,4,SF028,SF,1," 2/27/13"
"Otto, James","Days Of Our Lives",SC8862,14,SC8862,SC,1," 2/27/13"
"Outhere Brothers, The","Don't Stop (96 Mix)",SF060,14,SF060,SF,1," 2/27/13"
"Overstreet, Paul","Daddy's Come Around",CB60096,13,CB60096,CB,1," 2/27/13"
"Owl City","Deer In The Headlights",PHMP1110,9,PHMP1110,PH,1," 2/27/13"
"Page, Patti","Doggie In The Window, The",CBE3-15,2,CBE3-15,CB,1," 2/27/13"
Paragons,"Diamonds And Pearls",MM6401,12,MM6401,MM,1," 2/27/13"
"Parton, Dolly","Dagger Through The Heart",SC8779,14,SC8779,SC,1," 2/27/13"
"Parton, Dolly","Don't Call It Love",CB90147,15,CB90147,CB,1," 2/27/13"
"Parton, Dolly & James Ingram","Day I Fall In Love, The",MM6040,3,MM6040,MM,1," 2/27/13"
"Partridge Family, The","Doesn't Somebody Want To Be Wanted",SC8620,8,SC8620,SC,1," 2/27/13"
"Party, Alex","Don't Give Me Your Life",SF019,9,SF019,SF,1," 2/27/13"
"Patti Page","Doggie In The Window",DK1103,12,DK1103,DK,1," 2/27/13"
"Pearl Jam",Daughter,SC8148,13,SC8148,SC,1," 2/27/13"
"Perfect Time Of The Day","Day, Howie",PHM0402,6,PHM0402,PH,1," 2/27/13"
"Perkins, Carl","Dixie Fried",SC8400,12,SC8400,SC,1," 2/27/13"
"Perry Como","Don't Let The Stars Get In Your Eyes",SF063,13,SF063,SF,1," 2/27/13"
"Peters & Lee","Don't Stay Away Too Long",SF101,14,SF101,SF,1," 2/27/13"
"Peterson, Michael","Drink, Swear, Steal & Lie",CHM9706,20,CHM9706,CH,1," 2/27/13"
"Petty, Tom","Don't Do Me Like That",MM6120,3,MM6120,MM,1," 2/27/13"
"Petty, Tom &  Heartbreakers, The","Don't Do Me Like That",SGB054,2,SGB054,SG,1," 2/27/13"
"Petty, Tom & The Heartbreakers","Don't Do Me Like That",SC8443,6,SC8443,SC,1," 2/27/13"
"Phil Vassar","Don't Miss Your Life",PHMC1205,1,PHMC1205,PH,1," 2/27/13"
Pink,"Don't Let Me Be Me",CB30020,12,CB30020,CB,1," 2/27/13"
Pink,"Don't Let Me Get Me",SC8813,14,SC8813,SC,1," 2/27/13"
"Plant, Robert","Darkness, Darkness",SC3329,8,SC3329,SC,1," 2/27/13"
"Play Me","Diamond, Neil",AH7051,12,AH7051,AH,1," 2/27/13"
"Pleasure P","Did You Wrong",PHMU0809,4,PHMU0809,PH,1," 2/27/13"
"Pointer Sisters, The","Dare Me",SC8417,4,SC8417,SC,1," 2/27/13"
"Police, The","De Do Do Do, De Da Da Da",SC8577,1,SC8577,SC,1," 2/27/13"
"Police, The","Don't Stand So Close To Me",CBEP467-1,13,CBEP467-1,CB,1," 2/27/13"
"Poole, Brian & Tremeloes","Do You Love Me",SF038,14,SF038,SF,1," 2/27/13"
"Poor Me","Diffie, Joe",SC3100,4,SC3100,SC,1," 2/27/13"
Portrait,"Day By Day",SC8244,5,SC8244,SC,1," 2/27/13"
"Pour Some Sugar On Me","Def Leppard",DG07,10,DG07,DG,1," 2/27/13"
"Power Of Love","Dion, Celine",BS9317,7,BS9317,BS,1," 2/27/13"
Prayer,Disturbed,TU142,12,TU142,TU,1," 2/27/13"
"Prayer, The","Dion, Celine",BS9317,13,BS9317,BS,1," 2/27/13"
"Presidents Of The Usa","Dune Buggy",SC8295,11,SC8295,SC,1," 2/27/13"
"Presley, Elvis","Danny Boy",CB90094,14,CB90094,CB,1," 2/27/13"
"Presley, Elvis",Datin',MM6415,4,MM6415,MM,1," 2/27/13"
"Presley, Elvis","Devil In Disguise",DK1111,6,DK1111,DK,1," 2/27/13"
"Presley, Elvis","Devil In Disguise (Live) Aloha Concert",MM6070,1,MM6070,MM,1," 2/27/13"
"Presley, Elvis","Didja Ever",MM6288,9,MM6288,MM,1," 2/27/13"
"Presley, Elvis","Didja Ever  G.I. Blues",MMVE20,9,MMVE20,MM,1," 2/27/13"
"Presley, Elvis","Dirty Dirty Feeling (Tickle Me)",MMVEU-04,12,MMVEU-04,MM,1," 2/27/13"
"Presley, Elvis","Dixieland Rock",MMVE13,6,MMVE13,MM,1," 2/27/13"
"Presley, Elvis","Do Not Disturb",MMVEU-07,8,MMVEU-07,MM,1," 2/27/13"
"Presley, Elvis","Do You Know Who I Am",MM6371,3,MM6371,MM,1," 2/27/13"
"Presley, Elvis","Doin' The Best I Can",MMVE13,11,MMVE13,MM,1," 2/27/13"
"Presley, Elvis",Don't,CB90059,8,CB90059,CB,1," 2/27/13"
"Presley, Elvis","Don't Ask Me Why",MMCOU205,14,MMCOU205,MM,1," 2/27/13"
"Presley, Elvis","Don't Ask Me Why  King Creole",MMVE15,4,MMVE15,MM,1," 2/27/13"
"Presley, Elvis","Don't Be Cruel",CBEP454-4,15,CBEP454-4,CB,1," 2/27/13"
"Presley, Elvis","Don't Cry Daddy",CB90095,10,CB90095,CB,1," 2/27/13"
"Presley, Elvis","Don't Leave Me Now",MMVE06,3,MMVE06,MM,1," 2/27/13"
"Presley, Elvis","Don't Think Twice",MM6398,3,MM6398,MM,1," 2/27/13"
"Presley, Elvis","Don'tcha Think It's Time Blue Moon Of Ke",CBEP465-5,2,CBEP465-5,CB,1," 2/27/13"
"Presley, Elvis","Don'tcha Think It's Time-Blue Moon Of Ke",CB90060,6,CB90060,CB,1," 2/27/13"
"Presley, Elvis","Doncha Think It's Time",MMVEU-01,3,MMVEU-01,MM,1," 2/27/13"
"Presley, Elvis","Down By The Riverside  Saints Go Marchin",MMVEU-03,13,MMVEU-03,MM,1," 2/27/13"
"Presley, Elvis","Down By The Riverside Saints Go Marching",MM6322,13,MM6322,MM,1," 2/27/13"
"Presley, Elvis","Down In The Alley",MMVE10,8,MMVE10,MM,1," 2/27/13"
"Pretenders, The","Don't Get Me Wrong",SF013,11,SF013,SF,1," 2/27/13"
"Pride, Charlie","Does My Ring Hurt Your Finger",CB90065,8,CB90065,CB,1," 2/27/13"
Prince,"Darling Nikki",SC8532,3,SC8532,SC,1," 2/27/13"
Prince,Delirious,SC8777,11,SC8777,SC,1," 2/27/13"
Prince,"Diamonds And Pearls",SC8718,15,SC8718,SC,1," 2/27/13"
Prince,"Do Me Baby",SC8405,3,SC8405,SC,1," 2/27/13"
Prince,"Do Me, Baby",SC8777,13,SC8777,SC,1," 2/27/13"
"Procter, Rachel","Days Like This",CBE4-28,3,CBE4-28,CB,1," 2/27/13"
"Proctor, Rachel","Days Like This",MM6389,12,MM6389,MM,1," 2/27/13"
"Proctor, Rachel wvocal","Days Like This",PHN0309,18,PHN0309,PH,1," 2/27/13"
"Puckett, Gary & The Union Gap","Don't Give In To Him",SC8255,3,SC8255,SC,1," 2/27/13"
"Puddle Of Mudd","Drift & Die",CB30025,9,CB30025,CB,1," 2/27/13"
Pulp,"Disco 2000",SF034,4,SF034,SF,1," 2/27/13"
"Quatro, Suzi","Devil Gate Drive",SF024,8,SF024,SF,1," 2/27/13"
"Queensryche & Rush","Della Brown",SC8691,3,SC8691,SC,1," 2/27/13"
R.e.m,Daysleeper,SC8499,4,SC8499,SC,1," 2/27/13"
R.e.m.,Drive,SC8530,13,SC8530,SC,1," 2/27/13"
Ra,"Do You Call My Name",THMR0305,18,THMR0305,TH,1," 2/27/13"
"Rabbitt, Eddie","Deck The Halls",CB60187,3,CB60187,CB,1," 2/27/13"
"Rabbitt, Eddie","Do You Right Tonight",CB80110,12,CB80110,CB,1," 2/27/13"
"Rabbitt, Eddie","Drinkin' My Baby Off My Mind",CB90078,11,CB90078,CB,1," 2/27/13"
"Rabbitt, Eddie","Drinking My Baby Off My Mind",CB80110,14,CB80110,CB,1," 2/27/13"
"Rabbitt, Eddie","Drivin' My Life Away",DKM2031,14,DKM2031,DK,1," 2/27/13"
Rambler,Dreamin',CB60199,7,CB60199,CB,1," 2/27/13"
Rammstein,"Du Hast (English Version)",SC8756,9,SC8756,SC,1," 2/27/13"
"Randy & The Rainbows",Denise,SC8429,4,SC8429,SC,1," 2/27/13"
"Ready To Run","Dixie Chicks, The",RSZ603,10,RSZ603,RS,1," 2/27/13"
"Red Hot Chili Peppers",Dosed,THR0309,7,THR0309,TH,1," 2/27/13"
"Red, Red Wine","Diamond, Neil",AH7051,13,AH7051,AH,1," 2/27/13"
"Redding, Otis","Dock Of The Bay",SAVP08,8,SAVP08,SA,1," 2/27/13"
"Redding, Otis","Dock Of The Bay, The (Sittin' On)",BL04,12,BL04,BL,1," 2/27/13"
"Redding, Otis","Dreams To Remember",MMRB04,8,MMRB04,MM,1," 2/27/13"
"Reddy, Helen","Delta Dawn",DKM2028,13,DKM2028,DK,1," 2/27/13"
"Reeves, Jim","Distant Drums",CB90052,13,CB90052,CB,1," 2/27/13"
"Reeves, Martha & The Vandellas","Dancin' In The Street",MM6303,6,MM6303,MM,1," 2/27/13"
"Reeves, Martha & The Vandellas","Dancing In The Street",SC8863,10,SC8863,SC,1," 2/27/13"
"Reo Speedwagon","Don't Let Him Go",SC8574,3,SC8574,SC,1," 2/27/13"
"Restless Heart","Dancy's Dream",CB60096,11,CB60096,CB,1," 2/27/13"
"Restless Heart","Danny's Dream",CB90028,2,CB90028,CB,1," 2/27/13"
"Richard, Cliff","Devil Woman",SC8443,14,SC8443,SC,1," 2/27/13"
"Richie, Lionel","Dancing On The Ceiling",CBE4-06,9,CBE4-06,CB,1," 2/27/13"
"Richie, Lionel","Deep River Woman",CBE3-21,15,CBE3-21,CB,1," 2/27/13"
"Richie, Lionel","Do It To Me",SC8274,11,SC8274,SC,1," 2/27/13"
"Richie, Lionel","Don't Wanna Lose You",SC8277,14,SC8277,SC,1," 2/27/13"
Ricochet,"Daddy's Money",CB20248,7,CB20248,CB,1," 2/27/13"
Ricochet,"Do I Love You Enough",CB60198,14,CB60198,CB,1," 2/27/13"
"Riders On The Storm","Doors, The",BS7617,9,BS7617,BS,1," 2/27/13"
"Right Said Fred","Deeply Dippy",SF007,8,SF007,SF,1," 2/27/13"
Rihanna,Disturbia,PHMP0809,2,PHMP0809,PH,1," 2/27/13"
Rihanna,"Don't Stop The Music",PHMP0801,3,PHMP0801,PH,1," 2/27/13"
"Ritter, Tex","Deck Of Cards",CB90222,10,CB90222,CB,1," 2/27/13"
"Roadhouse Blues","Doors, The",BS7617,12,BS7617,BS,1," 2/27/13"
"Robbins, Marty","Devil Woman",DK075,17,DK075,DK,1," 2/27/13"
"Robbins, Marty","Don't Worry",CB90066,7,CB90066,CB,1," 2/27/13"
"Robbins, Marty","Don't Worry 'bout Me Baby",SC8158,5,SC8158,SC,1," 2/27/13"
"Robin Thicke",Dreamworld,PHMU0905,6,PHMU0905,PH,1," 2/27/13"
Robyn,"Do You Know (What It Takes)",SC8381,8,SC8381,SC,1," 2/27/13"
Robyn,"Do You Really Want Me",MM6237,11,MM6237,MM,1," 2/27/13"
Robyn,"Do You Really Want Me (Show Respect)",CHMP9805,1,CHMP9805,CH,1," 2/27/13"
Robyn,"Do You Really Want Me(Show Respect)",SC1999NSC08,15,SC1999NSC08,SC,1," 2/27/13"
"Rock 'N Roll Hootchie Coo","Derringer, Rick",DG10,10,DG10,DG,1," 2/27/13"
"Rock Version","Deck The Halls",CB60209,12,CB60209,CB,1," 2/27/13"
"Rocky Horror Picture Show, The","Dammit Janet",SC8472,2,SC8472,SC,1," 2/27/13"
"Rod Stewart","Downtown Train",SC8153,3,SC8153,SC,1," 2/27/13"
"Rodriguez, Johnny","Dance With Me (Just One More Time)",SC8767,15,SC8767,SC,1," 2/27/13"
"Rodriguez, Merle","Dance With Me (Just One More Time)",CB60137,13,CB60137,CB,1," 2/27/13"
"Roe, Tommy",Dizzy,DK046,16,DK046,DK,1," 2/27/13"
"Rogers, Kenny","Daytime Friends",SC8342,13,SC8342,SC,1," 2/27/13"
"Rogers, Kenny & Carnes, Kim","Don't Fall In Love With A Dreamer",SC7588,9,SC7588,SC,1," 2/27/13"
"Rolling Stones","Doo Doo Doo Doo Doo (Heartbreaker)",SC8820,8,SC8820,SC,1," 2/27/13"
"Rolling Stones, The","Dance Little Sister",SC8670,9,SC8670,SC,1," 2/27/13"
"Ronstadt, L. & A. Neville","Don't Know Much",CBEP463-3,11,CBEP463-3,CB,1," 2/27/13"
"Ronstadt, Linda","Different Drum",DK019,17,DK019,DK,1," 2/27/13"
"Ronstadt, Linda & Aaron Neville","Don't Know Much",CBEP471-1,14,CBEP471-1,CB,1," 2/27/13"
"Ronstadt, Linda & James Ingram","Don't Know Much",MMBK07,7,MMBK07,MM,1," 2/27/13"
"Ronstadt, Linda & The Stone Ponies","Different Drum",SAVP27,2,SAVP27,SA,1," 2/27/13"
"Ross, Diana","Do You Know Where You're Going To",SC8227,8,SC8227,SC,1," 2/27/13"
"Ross, Diana","Do You Know Where Youre Going To",SF145,10,SF145,SF,1," 2/27/13"
"Rossington Collins Band","Don't Misunderstand Me",SC8479,8,SC8479,SC,1," 2/27/13"
Roxette,Dangerous,DK095,17,DK095,DK,1," 2/27/13"
"Royal, Billy Joe","Down In The Boondocks",MM6095,11,MM6095,MM,1," 2/27/13"
"Rr&Q Band",Dreamer,SF068,13,SF068,SF,1," 2/27/13"
"Rubio, Paulina","Don't Say Goodbye",CB30025,13,CB30025,CB,1," 2/27/13"
"Rucker, Darius","Don't Think I Don't Think About It",PHMC0808,5,PHMC0808,PH,1," 2/27/13"
"Ryan Adams","Dirty Rain",PHMP1201,6,PHMP1201,PH,1," 2/27/13"
"Ryan Leslie","Diamond Girl",PHMU0805,5,PHMU0805,PH,1," 2/27/13"
"Ryder, Mitch & Detroit Wheels, The","Devil With A Blue Dress On",SC7572,15,SC7572,SC,1," 2/27/13"
"Ryder, Mitch & The Detroit Wheels","Devil With A Blue Dress On",SC8226,15,SC8226,SC,1," 2/27/13"
"S Club","Don't Stop Movin'",CB30038,9,CB30038,CB,1," 2/27/13"
"S Club 8","Don't Tell Me Your Sorry",SF213,7,SF213,SF,1," 2/27/13"
Salt-N-Pepa,"Do You Want Me",SC8754,6,SC8754,SC,1," 2/27/13"
"Sam & Dave","Don't Make It So Hard On Me",SAVP31,4,SAVP31,SA,1," 2/27/13"
"Sandra Piller","Days Like These",PHMC1106,5,PHMC1106,PH,1," 2/27/13"
Santigold,"Disparate Youth",PHMU1206,2,PHMU1206,PH,1," 2/27/13"
"Sanz, Victor","Destination Unknown",CB20262,12,CB20262,CB,1," 2/27/13"
"Sawyer Brown","Did It For Love",CB60102,7,CB60102,CB,1," 2/27/13"
"Sawyer Brown","Dirt Road, The",CB60101,14,CB60101,CB,1," 2/27/13"
"Sawyer Brown","Drive Me Wild",MMCP2K08,14,MMCP2K08,MM,1," 2/27/13"
"Say My Name","Destiny's Child",TU022,4,TU022,TU,1," 2/27/13"
"Screaming Infidelitiesÿ","Dashboard Confessional",THR0207,12,THR0207,TH,1," 2/27/13"
Seal,"Don't Cry",SC8233,12,SC8233,SC,1," 2/27/13"
"Seals & Croft","Diamond Girl",DK090,7,DK090,DK,1," 2/27/13"
"Seals & Crofts","Diamond Girl",SC8192,2,SC8192,SC,1," 2/27/13"
"Sean Kingston","Dumb Love",PHMP1012,7,PHMP1012,PH,1," 2/27/13"
"Seeger, Pete","Don't Fence Me In",MM6172,2,MM6172,MM,1," 2/27/13"
"Seely, Jeannie","Don't Touch Me",CB80097,10,CB80097,CB,1," 2/27/13"
Selena,"Dreaming Of You",SC8212,13,SC8212,SC,1," 2/27/13"
"September Morn'","Diamond, Neil",AH7051,14,AH7051,AH,1," 2/27/13"
"Sex & Drugs & Rock & Roll","Drury, Ian",AH2005,1,AH2005,AH,1," 2/27/13"
Shaggy,"Dance & Shout",SC8637,7,SC8637,SC,1," 2/27/13"
Shakatak,"Down On The Streets",SF057,10,SF057,SF,1," 2/27/13"
Shalamar,"Dancing In The Sheets",SC8824,10,SC8824,SC,1," 2/27/13"
"Shapiro, Helen","Don't Treat Me Like A Child",SF074,3,SF074,SF,1," 2/27/13"
"She Blinded Me With Science","Dolby, Thomas",HV06B,10,HV06B,HV,1," 2/27/13"
"Shed Seven","Disco Down",SF142,7,SF142,SF,1," 2/27/13"
"Shelton, Blake","Dreamer, The",CB60248,11,CB60248,CB,1," 2/27/13"
"Shelton, Ricky Van","Don't We All Have The Right",CB90050,11,CB90050,CB,1," 2/27/13"
Shenandoah,"Darned If I Don't (Danged If I Do)",SC8692,7,SC8692,SC,1," 2/27/13"
Shenandoah,"Darned If I Don't Danged If I Do",CB90033,14,CB90033,CB,1," 2/27/13"
Shenandoah,"Darned If I Don't, Danged If I Do",SC8171,15,SC8171,SC,1," 2/27/13"
Shenandoah,"Deeper Than That",SC8298,11,SC8298,SC,1," 2/27/13"
"Shep & The Limelights","Daddy's Home",MMOLD02,19,MMOLD02,MM,1," 2/27/13"
"Shep & The Limelites","Daddy's Home",SGB056,5,SGB056,SG,1," 2/27/13"
"Shepard, Jean","Dear John Letter, A",CBE4-13,8,CBE4-13,CB,1," 2/27/13"
"Shepherd, Kenny Wayne","Deja Voodoo",SC8263,2,SC8263,SC,1," 2/27/13"
"Sheppard, T. G.","Devil In The Bottle",CB90109,8,CB90109,CB,1," 2/27/13"
"Sheppard, T. G.","Do You Wanna Go To Heaven",CBE4-17,2,CBE4-17,CB,1," 2/27/13"
"Sheppard, T.g.","Devil In The Bottle",SC7568,14,SC7568,SC,1," 2/27/13"
"Sheppard, T.g.","Do You Wanna Go To Heaven",SC8345,6,SC8345,SC,1," 2/27/13"
"Sheppard, TG","Do You Wanna Go To Heaven",CB20253,10,CB20253,CB,1," 2/27/13"
Shinedown,"Diamond Eyes (Boom-Lay Boom-Lay Boom)",PHMP1104,8,PHMP1104,PH,1," 2/27/13"
"Shirelles, The","Dedicated To The One I Love",SC8222,14,SC8222,SC,1," 2/27/13"
"Shore, Dinah","Doin' What Comes Natur'lly",SC8124,7,SC8124,SC,1," 2/27/13"
Silk,"Don't Rush",SC8268,3,SC8268,SC,1," 2/27/13"
"Simon, Joe","Drowning In The Sea Of Love",SC8603,7,SC8603,SC,1," 2/27/13"
"Simple Minds","Don't You (Forget About Me)",DK033,6,DK033,DK,1," 2/27/13"
"Simple Minds","Don't You Forget About Me",SF007,12,SF007,SF,1," 2/27/13"
"Simple Plan","Don't Wanna Think About You",PHM0407,5,PHM0407,PH,1," 2/27/13"
"Sin Wagon","Dixie Chicks, The",RSZ603,11,RSZ603,RS,1," 2/27/13"
"Sinatra, Frank","Day By Day",MM6085,12,MM6085,MM,1," 2/27/13"
"Sinatra, Frank","Didn't We",MMSTA04,7,MMSTA04,MM,1," 2/27/13"
"Sinatra, Frank","Don't Get Around Much Anymore",MM6075,2,MM6075,MM,1," 2/27/13"
"Sinatra, Nancy & Lee Hazelwood","Did You Ever",SF051,3,SF051,SF,1," 2/27/13"
Sisqo,"Dance For Me",SF180,6,SF180,SF,1," 2/27/13"
"Sisters Wade","Don't Let Me Down",CB60192,12,CB60192,CB,1," 2/27/13"
"Sixpence None The Richer","Dancing Queen",CB40214,11,CB40214,CB,1," 2/27/13"
"Sixpence None The Richer","Don't Dream It's Over",MM6384,8,MM6384,MM,1," 2/27/13"
"Sixpence None The Richer","Don't Dream It's Overÿ",THP0305,13,THP0305,TH,1," 2/27/13"
"Skaggs, Ricky","Don't Cheat In Our Hometown",SC8332,7,SC8332,SC,1," 2/27/13"
"SLIPPING AWAY",DOPE,TT118,15,TT118,TT,1," 2/27/13"
"Sly & The Family Stone","Dance To The Music",SC8386,9,SC8386,SC,1," 2/27/13"
"Smaller Pieces","Drake, Dusty",TU228,13,TU228,TU,1," 2/27/13"
"Smash Mouth","Do It Again",SC8640,16,SC8640,SC,1," 2/27/13"
"Smashing Pumpkins",Disarm,SC8122,12,SC8122,SC,1," 2/27/13"
"Smith, Frankie","Double Dutch Bus",SC8892,2,SC8892,SC,1," 2/27/13"
"Sneddon, David","Don't Let Go",SF205,6,SF205,SF,1," 2/27/13"
"Sniff 'n' The Tears","Driver's Seat",SC8552,4,SC8552,SC,1," 2/27/13"
"Snoop Dogg & Pharrel","Drop It Like It's Hot",PHU0412,7,PHU0412,PH,1," 2/27/13"
"Snoop Dogg & Pharrell","Drop It Like It's Hot (radio Version)",SC8908,1,SC8908,SC,1," 2/27/13"
Socialburn,Down,THMR0303,16,THMR0303,TH,1," 2/27/13"
"Solitary Man","Diamond, Neil",AH7051,15,AH7051,AH,1," 2/27/13"
"Some Days You Gotta Dance","Dixie Chicks, The",RSZ603,12,RSZ603,RS,1," 2/27/13"
"Somewhere In The Middle",Dishwalla,TU125,14,TU125,TU,1," 2/27/13"
"Son Volt",Drown,SC8263,3,SC8263,SC,1," 2/27/13"
"Song Sung Blue","Diamond, Neil",AH7051,16,AH7051,AH,1," 2/27/13"
"Soul, David","Don't Give Up On Us",CBEP474-2,15,CBEP474-2,CB,1," 2/27/13"
"Sound Of Music, The","Do Re Mi",MMBH1-2,8,MMBH1-2,MM,1," 2/27/13"
"South, Joe","Don't It Make You Want To Go Home",MM6126,13,MM6126,MM,1," 2/27/13"
Spacetruckin',"Deep Purple",AH2003,12,AH2003,AH,1," 2/27/13"
Spanish,Delirio,MM6138,10,MM6138,MM,1," 2/27/13"
Spanish,Dime,MM6138,1,MM6138,MM,1," 2/27/13"
"Spears, Britney","Don't Go Knocking On My Door",CB90165,13,CB90165,CB,1," 2/27/13"
"Spears, Britney","Don't Let Me Be The Last One To Know",CB30012,1,CB30012,CB,1," 2/27/13"
"Spears, Britney","Don't Let Me Be The Last To Know",SC8657,15,SC8657,SC,1," 2/27/13"
"Springfield, Rick","Don't Talk To Strangers",SC8305,15,SC8305,SC,1," 2/27/13"
"Springsteen, Bruce","Dancing In The Dark",SC8192,15,SC8192,SC,1," 2/27/13"
Standard,Dixie,SC2023,4,SC2023,SC,1," 2/27/13"
Standard,"Do Lord",SC2022,4,SC2022,SC,1," 2/27/13"
"Standard Reminiscing","Day By Day",SC7035,4,SC7035,SC,1," 2/27/13"
"Standard Reminiscing","Down By The Old Mill Stream",SC7022,2,SC7022,SC,1," 2/27/13"
"Standard Reminiscing","Down By The Riverside",SC7036,6,SC7036,SC,1," 2/27/13"
"Standard Reminiscing","Downtown Strutters' Ball, The",SC7024,2,SC7024,SC,1," 2/27/13"
"Standard wvocal","Do Lord",SC2022,12,SC2022,SC,1," 2/27/13"
Standard-Traditional,"Danny Boy",SC8737,12,SC8737,SC,1," 2/27/13"
Standard-Traditional,"Day & Night",SF165,12,SF165,SF,1," 2/27/13"
Standard-Traditional,"Day By Day",DK077,13,DK077,DK,1," 2/27/13"
Standard-Traditional,"Deep In The Heart Of Texas",DK090,16,DK090,DK,1," 2/27/13"
Standard-Traditional,Dixie,DK080,17,DK080,DK,1," 2/27/13"
"Standells, The","Dirty Water",MM6164,3,MM6164,MM,1," 2/27/13"
"Statler Brothers, The","Do You Know You Are My Sunshine",SC8262,15,SC8262,SC,1," 2/27/13"
"Statler Brothers, The","Do You Remember These",SC8335,13,SC8335,SC,1," 2/27/13"
"Status Quo","Down Down",SF040,9,SF040,SF,1," 2/27/13"
"Steely Dan","Deacon Blues",DK1109,15,DK1109,DK,1," 2/27/13"
"Steely Dan","Dirty Work",SC8568,10,SC8568,SC,1," 2/27/13"
"Steely Dan","Do It Again",SC7559,11,SC7559,SC,1," 2/27/13"
"Stewart, Gary","Drinkin' Thing",SC7555,5,SC7555,SC,1," 2/27/13"
"Stewart, Rod","Da Ya Think I'm Sexy",SC8722,6,SC8722,SC,1," 2/27/13"
"Stewart, Rod","Do Ya Think I'm Sexy",DK003,15,DK003,DK,1," 2/27/13"
"Stewart, Rod","Do You Think I'm Sexy",MM6388,7,MM6388,MM,1," 2/27/13"
"Stewart, Rod","Downtown Train",MM6120,7,MM6120,MM,1," 2/27/13"
Sting,"De Do Do Do, De Da Da Da",SC8643,10,SC8643,SC,1," 2/27/13"
Sting,"Desert Rose",SC8618,2,SC8618,SC,1," 2/27/13"
"Stone Temple Pilots","Days Of The Week",PHR0109,3,PHR0109,PH,1," 2/27/13"
"Story Of My Life, The","Diamond, Neil",DG05,6,DG05,DG,1," 2/27/13"
"Strait, George",Desperately,SC8867,13,SC8867,SC,1," 2/27/13"
"Strait, George","Do The Right Thing",MM6195,13,MM6195,MM,1," 2/27/13"
"Strait, George","Does Fort Worth Ever Cross Your Mind",SC8493,8,SC8493,SC,1," 2/27/13"
"Strait, George","Don't Make Me Come Over There",PHN0101,1,PHN0101,PH,1," 2/27/13"
"Strait, George","Don't Make Me Come Over There And Love Y",SD080,2,SD080,SD,1," 2/27/13"
"Strait, George","Down And Out",SC8483,3,SC8483,SC,1," 2/27/13"
"Strait, George","Drinkin' Champagne",CB90017,4,CB90017,CB,1," 2/27/13"
"Strange Days","Doors, The",BS7617,14,BS7617,BS,1," 2/27/13"
"Streisand, Barbra","Don't Rain On My Parade",DKM2025,12,DKM2025,DK,1," 2/27/13"
Styx,"Don't Let It End",SC8658,6,SC8658,SC,1," 2/27/13"
"Sugar Me","Depaul, Lynsey",SF071,7,SF071,SF,1," 2/27/13"
"Sugar Rush",Dreamstreet,TUM001,10,TUM001,TU,1," 2/27/13"
"Summer, Donna","Dim All The Lights",SC8284,6,SC8284,SC,1," 2/27/13"
"Sunshine Superman",Donovan,PLC09,1,PLC09,PL,1," 2/27/13"
Survivor,"Destiny's Child",TUFP20,11,TUFP20,TU,1," 2/27/13"
"Sweet Caroline","Diamond, Neil",TUFP04,4,TUFP04,TU,1," 2/27/13"
"Swingin' Medallions, The","Double Shot",SC7531,15,SC7531,SC,1," 2/27/13"
Switchfoot,"Dare You To Move",PHR0411,5,PHR0411,PH,1," 2/27/13"
"Switchfoot wvocal","Dare You To Move",PHR0411,14,PHR0411,PH,1," 2/27/13"
Sylvia,Drifter,SC7556,12,SC7556,SC,1," 2/27/13"
T-Pain,"Drowning Again",PHMU1201,4,PHMU1201,PH,1," 2/27/13"
"Taio Cruz",Dynamite,PHMU1008,5,PHMU1008,PH,1," 2/27/13"
"Taio Cruz feat Ke$ha","Dirty Picture",PHMP1012,2,PHMP1012,PH,1," 2/27/13"
"TAKE IT OFF",DONNAS,TT186,12,TT186,TT,1," 2/27/13"
"Take It Off","Donnas, The",TU186,12,TU186,TU,1," 2/27/13"
"Tamara Walker","Didn't We Love",SC3224,3,SC3224,SC,1," 2/27/13"
"Tammy Wynette",D-I-V-O-R-C-E,SC8183,10,SC8183,SC,1," 2/27/13"
Tavares,"Don't Take Away Tre Music",SF055,3,SF055,SF,1," 2/27/13"
"Taylor Dayne","Don't Rush Me",SC8366,4,SC8366,SC,1," 2/27/13"
"Taylor, James","Don't Let Me Be Lonely Tonight",SGB22,10,SGB22,SG,1," 2/27/13"
"Taylor, Johnnie","Disco Lady",DK056,12,DK056,DK,1," 2/27/13"
"Tea, Ming & Mike Myers (Austin Powers)","Daddy Wasn't There",SC8775,14,SC8775,SC,1," 2/27/13"
"TEAR AWAY","DROWNING POOL",TT118,16,TT118,TT,1," 2/27/13"
"Tear Awayÿ","Drowning Pool",THR0207,17,THR0207,TH,1," 2/27/13"
"Tell Him","Dion, Celine",BS9317,9,BS9317,BS,1," 2/27/13"
"Tennille, Toni","Do That To Me One More Time",DK041,10,DK041,DK,1," 2/27/13"
"Thank You",Dido,TUFP20,12,TUFP20,TU,1," 2/27/13"
"There's Your Trouble","Dixie Chicks, The",RSZ602,4,RSZ602,RS,1," 2/27/13"
"Third Eye Blind","Deep Inside Of You",MM6316,13,MM6316,MM,1," 2/27/13"
"This Is Me",Dream,TUFP20,16,TUFP20,TU,1," 2/27/13"
"Thompson Brothers Band","Drive Me Crazy",MM6226,8,MM6226,MM,1," 2/27/13"
"Thompson Twins, The","Doctor Doctor",SF033,14,SF033,SF,1," 2/27/13"
"Tillis, Pam","Deep Down",SD021,5,SD021,SD,1," 2/27/13"
"Tillis, Pam","Do You Know Where Your Man Is",CB60114,15,CB60114,CB,1," 2/27/13"
"Tillis, Pam","Don't Tell Me What To Do",CB60042,15,CB60042,CB,1," 2/27/13"
"Times They Are Changin', The","Dylan, Bob",PT2007,11,PT2007,PT,1," 2/27/13"
"Tino Coury",Diary,PHMP1010,8,PHMP1010,PH,1," 2/27/13"
"Tippin, Aaron","Door, A",SC8504,12,SC8504,SC,1," 2/27/13"
Tlc,Damaged,THMH0307,10,THMH0307,TH,1," 2/27/13"
Tlc,"Damaged (Radio Version)",SC3366,8,SC3366,SC,1," 2/27/13"
Tlc,"Dear Lie (Rv)",SC8593,7,SC8593,SC,1," 2/27/13"
Tlc,"Diggin' On You",SC8233,2,SC8233,SC,1," 2/27/13"
TLC,"Diggin' On You",SD022,3,SD022,SD,1," 2/27/13"
Tlcÿ,Damaged,CB30036,4,CB30036,CB,1," 2/27/13"
"To Love You More","Dion, Celine",BS9317,8,BS9317,BS,1," 2/27/13"
"Tokens, The","Don't Worry Baby",MM6421,13,MM6421,MM,1," 2/27/13"
"Tommy Roe",Dizzy,SC8399,4,SC8399,SC,1," 2/27/13"
"Tonight The Heartache's On Me","Dixie Chicks, The",RSZ602,3,RSZ602,RS,1," 2/27/13"
"Too Bad","Doug & The Slugs",GM1001,6,GM1001,GM,1," 2/27/13"
"Top Of The World","Dixie Chicks",TU228,15,TU228,TU,1," 2/27/13"
"TORTURED TANGLED HEARTS","DIXIE CHICKS",TT161,18,TT161,TT,1," 2/27/13"
"Tortured Tangled Hearts-may Remove","Dixie Chicks",TU161,18,TU161,TU,1," 2/27/13"
Total,"Do You Think About Us",SC8340,15,SC8340,SC,1," 2/27/13"
"Touch Me","Doors, The",UK3102,6,UK3102,UK,1," 2/27/13"
Traditional,"Deck The Halls",SC8086,7,SC8086,SC,1," 2/27/13"
Traditional,Dixie,SC8109,5,SC8109,SC,1," 2/27/13"
Traditional,"Do You Hear What I Hear",CBEP462-1,3,CBEP462-1,CB,1," 2/27/13"
Traditional,"Down By The Riverside",CB5018-03,14,CB5018-03,CB,1," 2/27/13"
Traditional,"Down In My Heart",CBEP469-4,10,CBEP469-4,CB,1," 2/27/13"
Traditional,"Down In The Valley",DK096,8,DK096,DK,1," 2/27/13"
Train,"Drops Of Jupiter",CBEP477-5,15,CBEP477-5,CB,1," 2/27/13"
Train,"Drops Of Jupiter (Tell Me)",SC8694,8,SC8694,SC,1," 2/27/13"
"Trammps, The","Disco Inferno",CBEP468-2,16,CBEP468-2,CB,1," 2/27/13"
"Tramps, The","Disco Inferno",SC7597,10,SC7597,SC,1," 2/27/13"
"Travelin' Soldier","Dixie Chicks",TU185,16,TU185,TU,1," 2/27/13"
"Travis, Merle","Divorce Me C O D",SC8445,10,SC8445,SC,1," 2/27/13"
"Travis, Merle","Divorce Me, C. O. D.",CBE4-13,4,CBE4-13,CB,1," 2/27/13"
"Travis, Randy","Deeper Than The Holler",CBEP452-6,17,CBEP452-6,CB,1," 2/27/13"
"Travis, Randy","Diggin' Up Bones",DK035,15,DK035,DK,1," 2/27/13"
"Travis, Randy","Down With The Old (Up With The New)",CB60211,5,CB60211,CB,1," 2/27/13"
"Trevino, Rick","Doctor Time",SD009,8,SD009,SD,1," 2/27/13"
"Tritt, Travis","Drift Off To Dream",MM6080,8,MM6080,MM,1," 2/27/13"
"Trombone Shorty feat Jeff Beck","Do To Me",PHMU1112,8,PHMU1112,PH,1," 2/27/13"
"Trust Company",Downfall,SC8783,11,SC8783,SC,1," 2/27/13"
"Trust Company wvocal",Downfall,SC3333,11,SC3333,SC,1," 2/27/13"
Tubes,"Don't Touch Me There",SC8333,6,SC8333,SC,1," 2/27/13"
"Tucker, Tanya","Delta Dawn",MMGCP9804,22,MMGCP9804,MM,1," 2/27/13"
"Tucker, Tanya","Don't Believe My Heart Can Stand Another",SC7569,9,SC7569,SC,1," 2/27/13"
"Tucker, Tanya","Down To My Last Teardrop",MM6034,12,MM6034,MM,1," 2/27/13"
"Tucker, Tanya & T. G. Shepard","Don't Go Out",SC8131,5,SC8131,SC,1," 2/27/13"
"Tucker, Tanya & T. Graham Brown","Don't Go Out",CBEP471-6,17,CBEP471-6,CB,1," 2/27/13"
"Tv Theme","Different Strokes",SC8435,20,SC8435,SC,1," 2/27/13"
"Tv Theme","Different World, A",SC8435,10,SC8435,SC,1," 2/27/13"
"Tv Tunes","Daniel Boone",SC8116,16,SC8116,SC,1," 2/27/13"
"Twain, Shania","Dance With The One Who Brought You",SC8214,8,SC8214,SC,1," 2/27/13"
"Twain, Shania","Don't Be Stupid",CHM9801,12,CHM9801,CH,1," 2/27/13"
"Twain, Shania","Don't Be Stupid (You Know I Love You)",MMCOU201,19,MMCOU201,MM,1," 2/27/13"
"Twister Alley",Dance,MM6089,2,MM6089,MM,1," 2/27/13"
"Twitty, Conway","Desperado Love",SC8158,6,SC8158,SC,1," 2/27/13"
"Twitty, Conway","Don't Cry Joni",CB80108,10,CB80108,CB,1," 2/27/13"
"Twitty, Conway","Don't It Make You Lonely",SC8236,15,SC8236,SC,1," 2/27/13"
"Twitty, Conway","Don't Take It Away",CBEP452-3,16,CBEP452-3,CB,1," 2/27/13"
"Tyrone Vaughan",Downtime,PHMC1201,8,PHMC1201,PH,1," 2/27/13"
U2,Desire,SC8684,10,SC8684,SC,1," 2/27/13"
Ufo,"Doctor, Doctor",SC8713,2,SC8713,SC,1," 2/27/13"
"Uncle Kracker","Drift Away",MM6384,2,MM6384,MM,1," 2/27/13"
"Uncle Kracker Feat. Dobie Gray","Drift Away",THMP0307,13,THMP0307,TH,1," 2/27/13"
"Urban, Keith","Days Go By",MM6418,15,MM6418,MM,1," 2/27/13"
"Urban, Keith wvocal","Days Go By",PHN0409,18,PHN0409,PH,1," 2/27/13"
Us,Desire,DK064,1,DK064,DK,1," 2/27/13"
"Usher feat Pitbull","DJ Got Us Fallin' In Love",PHMP1010,3,PHMP1010,PH,1," 2/27/13"
"Valens, Richie",Donna,SC7532,12,SC7532,SC,1," 2/27/13"
"Van Halen","Dance The Night Away",SGB026,5,SGB026,SG,1," 2/27/13"
"Van Halen","Don't Tell Me (What Love Can Do)",SC8156,15,SC8156,SC,1," 2/27/13"
"Van Halen",Dreams,SC8843,4,SC8843,SC,1," 2/27/13"
"Van Hunt",Dust,SC3408,4,SC3408,SC,1," 2/27/13"
"Van Shelton, Ricky","Don't We All Have The Right",CBE4-19,15,CBE4-19,CB,1," 2/27/13"
"Vandross, Luther","Dance With My Father",SC8852,9,SC8852,SC,1," 2/27/13"
"Vandross, Luther","Don't Want To Be A Fool",SC8272,15,SC8272,SC,1," 2/27/13"
"Vandross, Luther wvocal","Dance With My Father",SC3375,9,SC3375,SC,1," 2/27/13"
"Vee, Bobby","Devil Or Angel",SC1999NSC03,6,SC1999NSC03,SC,1," 2/27/13"
"Verve, The","Drugs Don't Work, The",SF114,15,SF114,SF,1," 2/27/13"
"Vincent, Rhonda","Driving Nails In My Coffin",CBEP476-5,1,CBEP476-5,CB,1," 2/27/13"
"Wagoner, Porter & Dolly Parton","Daddy Was An Old Time Preacher Man",CB90083,5,CB90083,CB,1," 2/27/13"
"Wainwright Iii, Loudon","Dead Skunk",SC8174,13,SC8174,SC,1," 2/27/13"
"Walker, Clay","Dreaming With My Eyes Open",MM6062,15,MM6062,MM,1," 2/27/13"
"Walker, Clay","Dreaming With My Eyes Wide Open",SC8129,14,SC8129,SC,1," 2/27/13"
"Walker, Tamara","Didn't We Love",CB60207,6,CB60207,CB,1," 2/27/13"
"Wallflowers, The","Difference, The",CBE4-10,14,CBE4-10,CB,1," 2/27/13"
"Wanderer, The",Dion,SF084,14,SF084,SF,1," 2/27/13"
"Wang Chung","Dance Hall Days",SC8201,7,SC8201,SC,1," 2/27/13"
"Wariner, Steve","Domino Theory, The",SC8359,10,SC8359,SC,1," 2/27/13"
"Wariner, Steve",Drive,MM6080,13,MM6080,MM,1," 2/27/13"
"Wariner, Steve","Drivin' And Cryin'",SC8219,10,SC8219,SC,1," 2/27/13"
Warrant,"Down Boys",SC8597,13,SC8597,SC,1," 2/27/13"
"Warwick, Dionne","Deja Vu",SC8410,12,SC8410,SC,1," 2/27/13"
"Warwick, Dionne","Do You Know The Way To San Jose",DK016,10,DK016,DK,1," 2/27/13"
"Warwick, Dionne","Don't Make Me Over",MMRB02,11,MMRB02,MM,1," 2/27/13"
"Wasting My Time",Default,TU089,18,TU089,TU,1," 2/27/13"
"Watley, Jody","Don't You Want Me",DK064,2,DK064,DK,1," 2/27/13"
"Watson, Gene","Drinkin' My Way Back Home",CB90081,13,CB90081,CB,1," 2/27/13"
"Webstar & Jim Jones feat Juelz Santana","Dancin On Me",PHMU0907,6,PHMU0907,PH,1," 2/27/13"
Weezer,"Dope Nose",SC8758,13,SC8758,SC,1," 2/27/13"
"Wells, Mary","Don't Mess With Bill",MM6361,7,MM6361,MM,1," 2/27/13"
"Wet, Wet, Wet","Don't Want To Forgive Me Now",SF027,9,SF027,SF,1," 2/27/13"
"Whatley, Jody","Don't You Want Me",SC7559,14,SC7559,SC,1," 2/27/13"
"When The Music's Over","Doors, The",BS7617,11,BS7617,BS,1," 2/27/13"
"When You're In Love With A Beautiful Wom","Dr. Hook",PX06,3,PX06,PX,1," 2/27/13"
"Where Does My Heart Beat","Dion, Celine",BS9317,4,BS9317,BS,1," 2/27/13"
"Where My Girls At","Destiny's Child",TU022,8,TU022,TU,1," 2/27/13"
"White, Lari","Don't Fence Me In",MM6140,13,MM6140,MM,1," 2/27/13"
"Whitley, Keith","Don't Close Your Eyes",SC7524,13,SC7524,SC,1," 2/27/13"
"Whitney Houston","Didn't We Almost Have It All",SF057,14,SF057,SF,1," 2/27/13"
"Wide Open Spaces","Dixie Chicks, The",TUFP08,17,TUFP08,TU,1," 2/27/13"
Wilco,"Dawned On Me",PHMP1203,1,PHMP1203,PH,1," 2/27/13"
"WILD BOYS","DURAN DURAN",FC003,4,FC003,FC,1," 2/27/13"
"Will Young","Don't Let Me Down",SF200,13,SF200,SF,1," 2/27/13"
"Williams, Andy","Danny Boy",SAVP19,10,SAVP19,SA,1," 2/27/13"
"Williams, Andy","Days Of Wine And Roses",SAVP02,7,SAVP02,SA,1," 2/27/13"
"Williams, Andy","Days Of Wine And Roses, The",CBE3-15,3,CBE3-15,CB,1," 2/27/13"
"Williams, Andy","Dear Heart",CBE3-15,5,CBE3-15,CB,1," 2/27/13"
"Williams, Hank","Dear John",CBE4-13,7,CBE4-13,CB,1," 2/27/13"
"Williams, Hank Jr.","Dixie On My Mind",SC8424,11,SC8424,SC,1," 2/27/13"
"Williams, Hank Jr.","Don Juan D'bubba",SC8315,9,SC8315,SC,1," 2/27/13"
"Williams, Hank Jr.","Don't Give Us A Reason",CB90064,14,CB90064,CB,1," 2/27/13"
"Williams, Hank Sr.","Dear John",CB90067,7,CB90067,CB,1," 2/27/13"
"Williams, Vanessa",Dreamin',SC8366,5,SC8366,SC,1," 2/27/13"
"Williams, Vanessa L.","Do You Hear What I Hear",SC8781,8,SC8781,SC,1," 2/27/13"
"Willmon, Trent","Dixie Rose Deluxe's Honky Tonk",PHN0411,5,PHN0411,PH,1," 2/27/13"
"Willmon, Trent wvocal","Dixie Rose Deluxe's Honky Tonk",PHN0411,14,PHN0411,PH,1," 2/27/13"
"Wills, Mark","Don't Laugh At Me",CBE2-09,11,CBE2-09,CB,1," 2/27/13"
"Wilson Phillips",Daniel,SC8318,4,SC8318,SC,1," 2/27/13"
"Winwood, Steve","Don't You Know What The Night Can Do",SD003,9,SD003,SD,1," 2/27/13"
"Wiseman, Mac","Dust On The Bible",CBEP476-1,16,CBEP476-1,CB,1," 2/27/13"
"Without You","Dixie Chicks, The",RSZ603,13,RSZ603,RS,1," 2/27/13"
"Without Your Love","Daltry, Roger",AMS1502,2,AMS1502,AM,1," 2/27/13"
"Wizard Of Oz","Ding! Dong! The Witch Is Dead",CBE3-15,8,CBE3-15,CB,1," 2/27/13"
"Wizard Of Oz, The","Ding-Dong! The Witch Is Dead",SAVP36,7,SAVP36,SA,1," 2/27/13"
"Womack, Lee Ann","Does My Ring Burn Your Finger",SC8733,14,SC8733,SC,1," 2/27/13"
"Womack, Lee Ann","Don't Tell Me",CHM0001,17,CHM0001,CH,1," 2/27/13"
"Womack, Lee Ann","Don't Tell Me (Radio Version)",SC8584,7,SC8584,SC,1," 2/27/13"
"Won By One","Dead Man Walking",CBEP478-6,11,CBEP478-6,CB,1," 2/27/13"
"Wonder, Stevie","Don't You Worry 'Bout A Thing",DK070,8,DK070,DK,1," 2/27/13"
"Wonder, Stevie","Don't You Worry About A Thing",SC8870,9,SC8870,SC,1," 2/27/13"
"Wonder, Stevie","Don't You Worry `bout A Thing",SC8866,14,SC8866,SC,1," 2/27/13"
"Woodward, Lucy","Dumb Girls",CB30037,14,CB30037,CB,1," 2/27/13"
"Wright, Gary","Don't Try To Own Me",SC8302,2,SC8302,SC,1," 2/27/13"
"Wright, Gary","Dream Weaver",SC8178,13,SC8178,SC,1," 2/27/13"
"Wynette, Tammy",D-I-V-O-R-C-E,BL33,6,BL33,BL,1," 2/27/13"
"Wynette, Tammy",D.I.V.O.R.C.E,SF102,15,SF102,SF,1," 2/27/13"
"Wynette, Tammy",D.i.v.o.r.c.e.,SC7507,5,SC7507,SC,1," 2/27/13"
"Wynette, Tammy",D.I.V.O.R.C.E.,DKM2027,11,DKM2027,DK,1," 2/27/13"
"Wynette, Tammy",D.i.v.o.r.c.e.,CBE02,12,CBE02,CB,1," 2/27/13"
"Wynette, Tammy",D.I.V.O.R.C.E.,DK003,17,DK003,DK,1," 2/27/13"
Xscape,"Do You Want To",SC8268,2,SC8268,SC,1," 2/27/13"
"Yankovic, Weird Al","Dare To Be Stupid",SC7598,9,SC7598,SC,1," 2/27/13"
"Yarbrough & Peoples","Don't Stop The Music",CBEP468-4,14,CBEP468-4,CB,1," 2/27/13"
"Yates, Billy","Daddy Had A Cardiac And Mama's Got A Cad",CB60238,13,CB60238,CB,1," 2/27/13"
"Yearwood, Trisha","Down On My Knees",MM6028,6,MM6028,MM,1," 2/27/13"
"Yes I'm Ready","Desario, Teri & KC",DG09,11,DG09,DG,1," 2/27/13"
"You Can't Hurry Love","Dixie Chicks, The",RSZ603,14,RSZ603,RS,1," 2/27/13"
"You Don't Bring Me Flowers","Diamond, Neil & Barbra Streisand",AH7051,18,AH7051,AH,1," 2/27/13"
"You Don't Have To Say You Love Me","Dusty Springfield",SF066,14,SF066,SF,1," 2/27/13"
"You Were Mine","Dixie Chicks, The",TUFP08,19,TUFP08,TU,1," 2/27/13"
"Youngbloodz & Lil Jon",Damn!,SC8849,12,SC8849,SC,1," 2/27/13"
"Youngbloodz & Lil Jon wvocal",Damn!,PHU0310,18,PHU0310,PH,1," 2/27/13"
"Youngbloodz & Lil' Jon",Damn,THH0312,14,THH0312,TH,1," 2/27/13"
"Your Were Here","Dixie Chicks, The",RSZ602,1,RSZ602,RS,1," 2/27/13"
"Zappa, Frank","Dinah-Moe Humm",SC8169,13,SC8169,SC,1," 2/27/13"
"Zombie, Rob",Dragula,SC7585,11,SC7585,SC,1," 2/27/13"
"Zombie, Rob wvocal",Dragula,SC2221,14,SC2221,SC,1," 2/27/13"
