"3 Doors Down","Every Time You Go",PHMP1108,3,PHMP1108,,PH,1," 2/27/13"
"Adams, Bryan","Everything I Do (I Do It For You)",CBE2-25,7,CBE2-25,,CB,1," 2/27/13"
"Adams, Bryan","Everything I Do I Do It For You",SF001,14,SF001,,SF,1," 2/27/13"
"Adams, Oleta","Embraceable You",MMSTA2-5,17,MMSTA2-5,,MM,1," 2/27/13"
"Adkins, Trace","Every Light In The House Is On",SC8315,15,SC8315,,SC,1," 2/27/13"
"Air Supply","Even The Nights Are Better",SC8259,1,SC8259,,SC,1," 2/27/13"
"Air Supply","Every Woman In The World",SC8393,1,SC8393,,SC,1," 2/27/13"
"Akins, Rhett","Every Cowboy's Dream",CB20246,9,CB20246,,CB,1," 2/27/13"
"Alan Parsons Project, The","Eye In The Sky",SAVP34,15,SAVP34,,SA,1," 2/27/13"
"Alanis Morissette",Empathy,PHMP1302,7,PHMP1302,,PH,1," 2/27/13"
"All I Have To Do Is Dream","Everly Brothers, The",KJT09,12,KJT09,,KJ,1," 2/27/13"
"Allman Brothers Band, The","Everyday I Have The Blues",MM6144,9,MM6144,,MM,1," 2/27/13"
"AM Radio",Everclear,PHM0103,7,PHM0103,,PH,1," 2/27/13"
Amanda,"Everybody Doesn't",PHM0108,4,PHM0108,,PH,1," 2/27/13"
"Angels Would Fall","Etheridge, Melissa",PHT9913,1,PHT9913,,PH,1," 2/27/13"
"Anthony, Marc","Everything You Do",CB30032,11,CB30032,,CB,1," 2/27/13"
"Anything For You","Estefan, Gloria",BS8417,2,BS8417,,BS,1," 2/27/13"
Arcadia,"Election Day",SC8678,11,SC8678,,SC,1," 2/27/13"
"Arnold, Eddy","Each Minute Seems Like A Million Years",SC8592,9,SC8592,,SC,1," 2/27/13"
"Art 'n' Soul","Ever Since You Went Away",SC8281,2,SC8281,,SC,1," 2/27/13"
"Atomic Kitten","Eternal Flame",SF180,10,SF180,,SF,1," 2/27/13"
Babyface,"Every Time I Close My Eyes",MM6188,12,MM6188,,MM,1," 2/27/13"
"Babys, The","Every Time I Think Of You",SC8221,7,SC8221,,SC,1," 2/27/13"
"Backseat Of A Greyhound Bus","Evans, Sara",THC0306,14,THC0306,,TH,1," 2/27/13"
"Backstreet Boys",Everybody,SC1999NSC06,10,SC1999NSC06,,SC,1," 2/27/13"
"Backstreet Boys","Everybody (Backstreet's Back)",CHMP9805,2,CHMP9805,,CH,1," 2/27/13"
"Backstreet Boys, The",Everybody,SF114,6,SF114,,SF,1," 2/27/13"
"Backstreet Boys, The","Everybody (Backstreet's Back)",CBEP457-2,17,CBEP457-2,,CB,1," 2/27/13"
"Backstreet Boys, The","Everybody Backstreet's Back",SC8034,1,SC8034,,SC,1," 2/27/13"
"Bad Boys","Estefan, Gloria",BS8417,13,BS8417,,BS,1," 2/27/13"
"Bailey, Razzy","Everytime You Cross My Mind (You Break M",CB90112,11,CB90112,,CB,1," 2/27/13"
"Bangles, The","Eternal Flame",MM6105,15,MM6105,,MM,1," 2/27/13"
"Bangles, The","Eternal Flames",SF012,13,SF012,,SF,1," 2/27/13"
"Beatles, The","Eight Days A Week",SC8379,14,SC8379,,SC,1," 2/27/13"
"Beatles, The","Eleanor Rigby",DK008,14,DK008,,DK,1," 2/27/13"
"Bee Gees, The",E.S.P.,SAVP34,7,SAVP34,,SA,1," 2/27/13"
"Benton, Brook",Endlessly,SC8255,4,SC8255,,SC,1," 2/27/13"
"Berry, John","Every Time My Heart Calls Your Name",SD024,7,SD024,,SD,1," 2/27/13"
"Best Of My Love, The","Eagles, The",BS9017,1,BS9017,,BS,1," 2/27/13"
"Betcha Say That","Estefan, Gloria",BS8417,17,BS8417,,BS,1," 2/27/13"
"Better Than Ezra","Extra Ordinary",MM6348,12,MM6348,,MM,1," 2/27/13"
Beyonce,Ego,PHMP0908,1,PHMP0908,,PH,1," 2/27/13"
"Bird Dog","Everly Brothers, The",JV0011,4,JV0011,,JV,1," 2/27/13"
"Black, Clint & Lisa Hartman","Easy For Me To Say",CB60226,11,CB60226,,CB,1," 2/27/13"
"Black, Clint & Lisa Hartman wvocal","Easy For Me To Say",PHN0201,15,PHN0201,,PH,1," 2/27/13"
Blackhawk,"Every Once In A While",MM6056,9,MM6056,,MM,1," 2/27/13"
"Blige, Mary J.",Everything,SF114,4,SF114,,SF,1," 2/27/13"
"Blues Brothers, The","Everybody Needs Somebody",BL01,15,BL01,,BL,1," 2/27/13"
"Blues Brothers, The","Expressway To Your Heart",MM6058,13,MM6058,,MM,1," 2/27/13"
"Bon Jovi",Everyday,CB30028,7,CB30028,,CB,1," 2/27/13"
"Bon Jovi wvocal",Everyday,SC3332,12,SC3332,,SC,1," 2/27/13"
"Boothe, Ken","Everying I Own",SF141,6,SF141,,SF,1," 2/27/13"
"Born to Fly","Evans, Sara",TUFP07,3,TUFP07,,TU,1," 2/27/13"
"Boys II Men","End Of The Road",MMRB2-5,11,MMRB2-5,,MM,1," 2/27/13"
"Boyz Ii Men","End Of The Road",CBEP458-3,16,CBEP458-3,,CB,1," 2/27/13"
"Boyz Ii Men","End Of The World, The",MM6030,6,MM6030,,MM,1," 2/27/13"
Br5-49,"Even If It's Wrong",MM6187,15,MM6187,,MM,1," 2/27/13"
"Bradley, Dale Ann","Everything You Do (Touches Someone Else)",CBEP476-4,9,CBEP476-4,,CB,1," 2/27/13"
"Branch, Michelle",Everywhere,SC8741,13,SC8741,,SC,1," 2/27/13"
Bread,"Everything I Own",SAVP29,11,SAVP29,,SA,1," 2/27/13"
"Bring It On Home To Me","Eddie Floyd",SF073,13,SF073,,SF,1," 2/27/13"
"Bring Me To Life",Evanescence,TU184,3,TU184,,TU,1," 2/27/13"
"Bring Me To Lifeÿ",Evanescence,THR0305,11,THR0305,,TH,1," 2/27/13"
"Brock, Chad",Evangeline,SC8480,4,SC8480,,SC,1," 2/27/13"
"Brooks & Dunn","Every River",THC0212,13,THC0212,,TH,1," 2/27/13"
"Brooks, Garth","Every Now And Then",SC8278,6,SC8278,,SC,1," 2/27/13"
"Brother Phelps","Eagle Over Angel",SC8236,10,SC8236,,SC,1," 2/27/13"
"Brother Phelps","Ever Changing Woman",SC8137,6,SC8137,,SC,1," 2/27/13"
"Brown, Bobby","Every Little Step",SC8606,10,SC8606,,SC,1," 2/27/13"
"Bruce, Ed","Ever, Never Lovin' You",SC7570,14,SC7570,,SC,1," 2/27/13"
Bush,"Everything Zen",SC8562,10,SC8562,,SC,1," 2/27/13"
Buzzcocks,"Ever Fallen In Love (With Someone You Sh",SF109,10,SF109,,SF,1," 2/27/13"
"Bye Bye Love","Everly Brothers, The",JV0011,1,JV0011,,JV,1," 2/27/13"
"Byrds, The","Eight Miles High",SC8683,14,SC8683,,SC,1," 2/27/13"
"Campbell, Glen","Everything A Man Could Ever Need",SC8414,15,SC8414,,SC,1," 2/27/13"
"Can't Believe","Evans, Faith & Carl Thomas",THH0203,17,THH0203,,TH,1," 2/27/13"
"Can't Stay Away From You","Estefan, Gloria",BS8417,15,BS8417,,BS,1," 2/27/13"
"Carey, Mariah",Emotions,SC8497,3,SC8497,,SC,1," 2/27/13"
"Carey, Mariah & Luther Vandross","Endless Love",SF025,6,SF025,,SF,1," 2/27/13"
"Carlton, Carl","Everlasting Love",CBEP468-1,5,CBEP468-1,,CB,1," 2/27/13"
"Carter, Carlene","Every Little Thing",CB60311,10,CB60311,,CB,1," 2/27/13"
"Cassidy, Eva","Early Morning Rain",SC2421,7,SC2421,,SC,1," 2/27/13"
"Cassidy, Eva wvocal","Early Morning Rain",SC2421,15,SC2421,,SC,1," 2/27/13"
"Cathy's Clown","Everly Brothers, The",JV0011,6,JV0011,,JV,1," 2/27/13"
"Chains Of Love",Erasure,PI003,11,PI003,,PI,1," 2/27/13"
"Children's Activity Songs","Eensie Weensie Spider",SC7002,3,SC7002,,SC,1," 2/27/13"
"Children's Fun Songs","Eensy Weensy Spider",CBE4-30,14,CBE4-30,,CB,1," 2/27/13"
"Chris Walker","Everyday Woman",PHMU1203,2,PHMU1203,,PH,1," 2/27/13"
"Chrisette Michele",Epiphany,PHMU0905,2,PHMU0905,,PH,1," 2/27/13"
"Clark, Terri","Emotional Girl",CHM9703,13,CHM9703,,CH,1," 2/27/13"
"Clark, Terri",Empty,SC8748,12,SC8748,,SC,1," 2/27/13"
"Clark, Terri","Everytime I Cry",CBE4-22,15,CBE4-22,,CB,1," 2/27/13"
"Clark, Terri wvocal","Emotional Girl",SC3004,13,SC3004,,SC,1," 2/27/13"
"Cleanin' Out My Closet",Eminem,THP0211,10,THP0211,,TH,1," 2/27/13"
"Cline, Patsy","Eyes Of A Child, The",MM6084,11,MM6084,,MM,1," 2/27/13"
"Cole, Nat ''King''","Embraceable You",SAVP35,10,SAVP35,,SA,1," 2/27/13"
"Collie, Mark","Even The Man In The Moon Is Cryin'",CB60112,8,CB60112,,CB,1," 2/27/13"
"Collie, Mark","Even The Man In The Moon Is Crying",SC8130,8,SC8130,,SC,1," 2/27/13"
"Collins, Phil",Everyday,MM6038,6,MM6038,,MM,1," 2/27/13"
"Color Me Badd","Earth The Sun The Rain, The",PHM9606,5,PHM9606,,PH,1," 2/27/13"
"Color Me Badd","Earth, The Sun, The Rain, The",SC8286,8,SC8286,,SC,1," 2/27/13"
"Coming Out Of The Dark","Estefan, Gloria",BS8417,3,BS8417,,BS,1," 2/27/13"
"Commitments, The",Easy,SF018,10,SF018,,SF,1," 2/27/13"
"Commodores, The",Easy,MMRB2-2,8,MMRB2-2,,MM,1," 2/27/13"
"Concrete Blonde","Everybody Knows",SC8749,9,SC8749,,SC,1," 2/27/13"
"Confederate Railroad","Elvis Presley& Andy",SC8133,4,SC8133,,SC,1," 2/27/13"
"Confederate Railroad, The","Elvis & Andy",MM6064,15,MM6064,,MM,1," 2/27/13"
Conga,"Estefan, Gloria",BS8417,4,BS8417,,BS,1," 2/27/13"
"Cooper, Alice",Eighteen,DK1109,12,DK1109,,DK,1," 2/27/13"
"Cooper, Alice",Elected,SC8734,11,SC8734,,SC,1," 2/27/13"
"Costello, Elvis","Everyday I Write The Book",SC8518,2,SC8518,,SC,1," 2/27/13"
"Craddock, Billy ''crash''","Easy As Pie",SC8400,4,SC8400,,SC,1," 2/27/13"
"Crazy For This Girl","Evan & Jaron",PHM0101,6,PHM0101,,PH,1," 2/27/13"
"Crow, Sheryl","Everyday Is A Winding Road",SGB21,10,SGB21,,SG,1," 2/27/13"
"Crowell, Rodney","Even Cowgirls Get The Blues",SC8275,1,SC8275,,SC,1," 2/27/13"
"Dalton, Lacy J.","Everybody Makes Mistakes",SC8541,15,SC8541,,SC,1," 2/27/13"
"Damned, The",Eloise,SF056,3,SF056,,SF,1," 2/27/13"
"Dave Matthews Band, The",Everyday,CB30017,11,CB30017,,CB,1," 2/27/13"
"Davis, Skeeter","End Of The World, The",MM6007,14,MM6007,,MM,1," 2/27/13"
"Day, Doris","Everybody Loves A Lover",CBE4-01,10,CBE4-01,,CB,1," 2/27/13"
"Days Of The New",Enemy,SC8569,5,SC8569,,SC,1," 2/27/13"
"Dean Martin","Everybody Loves Somebody",SC8118,14,SC8118,,SC,1," 2/27/13"
"Degarmo, Diana",Emotional,PHM0502,7,PHM0502,,PH,1," 2/27/13"
"Depeche Mode","Enjoy The Silence",BL21,14,BL21,,BL,1," 2/27/13"
Desperado,"Eagles, The",BS9017,12,BS9017,,BS,1," 2/27/13"
"Destiny's Child",Emotion,SC8726,12,SC8726,,SC,1," 2/27/13"
"Distance, The","Evan & Jaron",THP0203,14,THP0203,,TH,1," 2/27/13"
"Dobson, Fefe",Everything,MM6408,7,MM6408,,MM,1," 2/27/13"
"Dog's Eye View","Everything Falls Apart",SC8281,7,SC8281,,SC,1," 2/27/13"
"Don't Wanna Lose You","Estefan, Gloria",BS8417,5,BS8417,,BS,1," 2/27/13"
"Donde Andara",Emilio,SC7106,2,SC7106,,SC,1," 2/27/13"
"Ducas, George","Every Time She Passes By",MM6158,12,MM6158,,MM,1," 2/27/13"
"Duets-McCartney, Paul & Wonder, Stevie","Ebony & Ivory",DK004,1,DK004,,DK,1," 2/27/13"
"Duets-Richie, Lionel & Ross, Diana","Endless Love",DK037,1,DK037,,DK,1," 2/27/13"
"East 17","Each Time",SF128,6,SF128,,SF,1," 2/27/13"
"Electric Light Orchestra, The","Evil Woman",MM6054,7,MM6054,,MM,1," 2/27/13"
"Eli Young Band","Even If It Breaks Your Heart",PHMC1203,1,PHMC1203,,PH,1," 2/27/13"
Emilio,"Even If I Tried",SC8232,12,SC8232,,SC,1," 2/27/13"
"Eminem & Dr. Dre & 50 Cent","Encore (radio Version)",SC8908,8,SC8908,,SC,1," 2/27/13"
Essex,"Easier Said Than Done",MMOLD05,17,MMOLD05,,MM,1," 2/27/13"
"Estefan, Gloria","Ever Lasting Love",SF019,6,SF019,,SF,1," 2/27/13"
"Estefan, Gloria","Everlasting Love",SC8164,13,SC8164,,SC,1," 2/27/13"
"Etheridge, Melissa","Enough Of Me",SC8593,14,SC8593,,SC,1," 2/27/13"
Everclear,"Everything To Everyone",SC8453,15,SC8453,,SC,1," 2/27/13"
Everlast,Ends,SC8534,5,SC8534,,SC,1," 2/27/13"
"Everybody's Fool",Evanescence,TU217,2,TU217,,TU,1," 2/27/13"
"Fabolous feat Keri Hilson","Everything, Everyday, Everywhere",PHMU0911,6,PHMU0911,,PH,1," 2/27/13"
"Faith No More",Easy,SC8237,11,SC8237,,SC,1," 2/27/13"
"Faith No More",Epic,SC8568,5,SC8568,,SC,1," 2/27/13"
"FALL INTO ME","EMERSON DRIVE",TT161,3,TT161,,TT,1," 2/27/13"
"Falling In Love (Uh Oh)","Estefan, Gloria",BS8417,16,BS8417,,BS,1," 2/27/13"
Five,"Everybody Get Up",SF126,3,SF126,,SF,1," 2/27/13"
"Fk It",Eamon,PHM0402,9,PHM0402,,PH,1," 2/27/13"
"Fleetwood Mac",Everywhere,BL16,10,BL16,,BL,1," 2/27/13"
"Flo Rida Feat Timbaland",Elevator,PHMU0805,3,PHMU0805,,PH,1," 2/27/13"
"Foo Fighters, The",Everlong,SC8598,10,SC8598,,SC,1," 2/27/13"
"Foster, Radney","Easier Said Than Done",CB60163,6,CB60163,,CB,1," 2/27/13"
"Foster, Radney","Everyday Angel",SD099,10,SD099,,SD,1," 2/27/13"
"Fragma Feat Maria Rubia","Everytime You Need Me",SF176,4,SF176,,SF,1," 2/27/13"
"Francis, Connie","Everybody's Somebody's Fool",DK020,11,DK020,,DK,1," 2/27/13"
"Fricke, Janie","Easy To Please",CB90113,13,CB90113,,CB,1," 2/27/13"
"From The Beginning","Emerson, Lake & Palmer",AH2005,6,AH2005,,AH,1," 2/27/13"
"Gangsta Lovin'","Eve & Alicia Keys",THH0211,17,THH0211,,TH,1," 2/27/13"
"Gap Band, The","Early In The Morning",SC8704,9,SC8704,,SC,1," 2/27/13"
"George Strait","Easy Come, Easy Go",SC8144,2,SC8144,,SC,1," 2/27/13"
"Get Awayÿ",Earshot,THR0207,16,THR0207,,TH,1," 2/27/13"
"Get Over It","Eagles, The",BS9017,2,BS9017,,BS,1," 2/27/13"
"Gilman, Billy",Elizabeth,SD089,13,SD089,,SD,1," 2/27/13"
"Going Under",Evanescence,TU217,3,TU217,,TU,1," 2/27/13"
"Gonna Make You A Star","Essex, David",PX14,1,PX14,,PX,1," 2/27/13"
Goodbye,"Earle, Steve",TU172,5,TU172,,TU,1," 2/27/13"
"Gorme, Eydie","Eres Tu",MM6009,5,MM6009,,MM,1," 2/27/13"
"Gossip Folks","Elliott, Missy Misdemeanor & Ludacris",SC3356,1,SC3356,,SC,1," 2/27/13"
"Gossip Folks","Elliott, Missy Misdemeanor & Ludacris wv",SC3356,9,SC3356,,SC,1," 2/27/13"
"Grant, Amy","Every Heartbeat",MM6000,12,MM6000,,MM,1," 2/27/13"
"Grant, Amy","Everywhere I Go",SC2182,7,SC2182,,SC,1," 2/27/13"
"Grant, Eddie","Electric Avenue",MM6083,5,MM6083,,MM,1," 2/27/13"
"Grant, Eddy","Electric Avenue",SGB049,12,SGB049,,SG,1," 2/27/13"
"Greek Favorites","Eime Anevazmenos",SC8193,9,SC8193,,SC,1," 2/27/13"
"Green, Vivian","Emotional Rollercoaster",SC8822,14,SC8822,,SC,1," 2/27/13"
"Green, Vivian","Emotional Rollercoasterÿ",THH0305,15,THH0305,,TH,1," 2/27/13"
"Griffith, Marcia","Electric Slide",SGB035,5,SGB035,,SG,1," 2/27/13"
"Griffiths, Marcia","Electric Boogie",MM6083,11,MM6083,,MM,1," 2/27/13"
"Griffiths, Marcia","Electric Boogie Slide",MMBK01,14,MMBK01,,MM,1," 2/27/13"
"Griffiths, Marcia","Electric Slide",MMGCP9801,14,MMGCP9801,,MM,1," 2/27/13"
"Griffiths, Marcia","Electric Slide (Boogie)",MMCP2K01,14,MMCP2K01,,MM,1," 2/27/13"
Gypsy,"Everything's Coming Up Roses",MMBH1-5,16,MMBH1-5,,MM,1," 2/27/13"
"Haggard, Merle","Emptiest Arms In The World",DK075,16,DK075,,DK,1," 2/27/13"
"Haggard, Merle","Everybody's Had The Blues",CB90154,11,CB90154,,CB,1," 2/27/13"
Hair,"Easy To Be Hard",SC8663,9,SC8663,,SC,1," 2/27/13"
"Hamilton, Roy","Ebb Tide",SAVP30,6,SAVP30,,SA,1," 2/27/13"
"Hank Williams Jr.","Eleven Roses",SC8385,4,SC8385,,SC,1," 2/27/13"
"Harling, Keith","Easy Makin' Love",CB60200,8,CB60200,,CB,1," 2/27/13"
"Hart, Freddie","Easy Loving",DK079,17,DK079,,DK,1," 2/27/13"
Haunted,Evanescence,TU217,4,TU217,,TU,1," 2/27/13"
Hear'Say,Everybody,SF185,1,SF185,,SF,1," 2/27/13"
Heart,"Even It Up",SC8331,5,SC8331,,SC,1," 2/27/13"
"Heartache Tonight","Eagles, The",BS9017,3,BS9017,,BS,1," 2/27/13"
Hello,Evanescence,TU217,5,TU217,,TU,1," 2/27/13"
"Here We Are","Estefan, Gloria",BS8417,7,BS8417,,BS,1," 2/27/13"
"Here's Your Sign","Engvall, Doug & Travis Tritt",HV09,15,HV09,,HV,1," 2/27/13"
"Hill, Lauren",Ex-Factor,SGB06,4,SGB06,,SG,1," 2/27/13"
"Hill, Lauryn",Everything,MM6394,15,MM6394,,MM,1," 2/27/13"
"Hill, Lauryn","Everything Is Everything",SGB030,12,SGB030,,SG,1," 2/27/13"
"Hill, Lauryn",Ex-Factor,SC8523,13,SC8523,,SC,1," 2/27/13"
"Hold Me Close","Essex, David",SF071,14,SF071,,SF,1," 2/27/13"
"Holly, Buddy",Everyday,DK088,13,DK088,,DK,1," 2/27/13"
"Holmes, Rupert","Escape (The Pina Colada Song)",SAVP21,14,SAVP21,,SA,1," 2/27/13"
Honeys,"End Of The Line",SF128,5,SF128,,SF,1," 2/27/13"
"Hope Has A Place",Enya,TU173,8,TU173,,TU,1," 2/27/13"
"Hot Chocolate","Every One Is A Winner",SF023,10,SF023,,SF,1," 2/27/13"
"Hot Chocolate","Every One's A Winner",DK044,17,DK044,,DK,1," 2/27/13"
"Hot Chocolate","Everyone's A Winner",SC8284,13,SC8284,,SC,1," 2/27/13"
"Houston, Whitney",Exhale,DK1104,8,DK1104,,DK,1," 2/27/13"
"Houston, Whitney","Exhale (Shoop Shoop)",MMRB2-1,13,MMRB2-1,,MM,1," 2/27/13"
"Houston, Whitney","Exhale Shoop Shoop",PHM9601,2,PHM9601,,PH,1," 2/27/13"
"Howard, Jan","Evil On Your Mind",CBEP451-6,12,CBEP451-6,,CB,1," 2/27/13"
"Howard, Jim","Evil On Your Mind",CB60133,6,CB60133,,CB,1," 2/27/13"
"I Can't Take You Anywhere","Emerick, Scotty",TU228,7,TU228,,TU,1," 2/27/13"
"I Can't Tell You Why","Eagles, The",BS9017,14,BS9017,,BS,1," 2/27/13"
"I Love You","Evans, Faith",THP0204,17,THP0204,,TH,1," 2/27/13"
"I Should Be Sleeping","Emerson Drive",TU127,7,TU127,,TU,1," 2/27/13"
"I Want To Come Over","Etheridge, Melissa",HV03,10,HV03,,HV,1," 2/27/13"
Icehouse,"Electric Blue",DK027,7,DK027,,DK,1," 2/27/13"
"Idol, Bill","Eyes Without A Face",SC2321,8,SC2321,,SC,1," 2/27/13"
"Idol, Bill wvocal","Eyes Without A Face",SC2321,16,SC2321,,SC,1," 2/27/13"
"Idol, Billy","Eyes Without A Face",SC8223,9,SC8223,,SC,1," 2/27/13"
"Iglesias, Enrique",Escape,CBEP473-2,17,CBEP473-2,,CB,1," 2/27/13"
Imaginary,Evanescence,TU217,6,TU217,,TU,1," 2/27/13"
Inxs,"Elegantly Wasted",SC8369,10,SC8369,,SC,1," 2/27/13"
"Jackson Five, The","Enjoy Yourself",SAVP38,2,SAVP38,,SA,1," 2/27/13"
"Jackson, Alan","Everything I Love",CB60146,14,CB60146,,CB,1," 2/27/13"
"Jackson, Janet",Escapade,CB90174,10,CB90174,,CB,1," 2/27/13"
"Jackson, Janet",Everytime,SF129,6,SF129,,SF,1," 2/27/13"
"Jackson, Michael","Earth Song",BL20,7,BL20,,BL,1," 2/27/13"
"Jackson, Michael & Diana Ross","Ease On Down The Road",SAVP37,7,SAVP37,,SA,1," 2/27/13"
Jade,"Every Day Of The Week",SC8150,14,SC8150,,SC,1," 2/27/13"
"Jake Owen","Eight Second Ride",PHMC0909,4,PHMC0909,,PH,1," 2/27/13"
"James, Sonny","Empty Arms",CB90090,11,CB90090,,CB,1," 2/27/13"
"James, Sonny",Endlessly,CB80101,15,CB80101,,CB,1," 2/27/13"
"Jay Z feat Alicia Keys","Empire State Of Mind",PHMU0912,1,PHMU0912,,PH,1," 2/27/13"
Jay-z,"Excuse Me Miss",PHU0305,3,PHU0305,,PH,1," 2/27/13"
Jay-Z,"Excuse Me Miss",SC8822,9,SC8822,,SC,1," 2/27/13"
"Jay-z wvocal","Excuse Me Miss",PHU0305,12,PHU0305,,PH,1," 2/27/13"
"Jazmine Sullivan","Excuse Me",PHMU1104,8,PHMU1104,,PH,1," 2/27/13"
Jerusalem,"Earle, Steve",TU185,6,TU185,,TU,1," 2/27/13"
"Jessica Andrews",Everything,PHMC0903,2,PHMC0903,,PH,1," 2/27/13"
Joe,"E.R. ( Emergency Room)",PHMU0810,5,PHMU0810,,PH,1," 2/27/13"
"Joel, Billy","Entertainer, The",DK1105,9,DK1105,,DK,1," 2/27/13"
"John, Elton","Empty Garden",SD022,10,SD022,,SD,1," 2/27/13"
"John, Elton","Empty Garden (Hey Hey Johnny)",SC8687,1,SC8687,,SC,1," 2/27/13"
"Jones, Howard","Everlasting Love",SC8634,3,SC8634,,SC,1," 2/27/13"
"Jones, Kacey","Every Man I Love Is Either Married, Gay,",CB20296,12,CB20296,,CB,1," 2/27/13"
"Jones, Kasey","Every Man I Love Is Either Married, Gay,",CB60224,15,CB60224,,CB,1," 2/27/13"
"Josh Turner","Everything Is Fine",PHMC0812,7,PHMC0812,,PH,1," 2/27/13"
"Judd, Cledus T","Every Bulb In The House Is Blown",CB90099,12,CB90099,,CB,1," 2/27/13"
"K's Choice","Everything For Free",SC8484,15,SC8484,,SC,1," 2/27/13"
"Keith, Toby","Every Night",SC8280,11,SC8280,,SC,1," 2/27/13"
"Kenny Chesney","El Cerrito Place",PHMC1211,2,PHMC1211,,PH,1," 2/27/13"
"Kenny Chesney","Everybody Wants To Go To Heaven",PHMC0811,1,PHMC0811,,PH,1," 2/27/13"
"Kenny Rogers & Dottie West","Every Time Two Fools Collide",SC8128,2,SC8128,,SC,1," 2/27/13"
"Ketchum, Hal","Every Little Word",SD019,11,SD019,,SD,1," 2/27/13"
"Kid Cudi feat Kanye West","Erase Me",PHMU1012,6,PHMU1012,,PH,1," 2/27/13"
"King, Jonathan","Everyone's Gone To The Moon",SF087,15,SF087,,SF,1," 2/27/13"
"Kip Moore","Everything But You",PHMC1208,1,PHMC1208,,PH,1," 2/27/13"
"Knight, Gladys","Every Beat Of My Heart",MMRB03,5,MMRB03,,MM,1," 2/27/13"
"Knight, Gladys & The Pips","Every Beat Of My Heart",MMRB2-2,6,MMRB2-2,,MM,1," 2/27/13"
"Knight, Robert","Everlasting Love",SC8251,2,SC8251,,SC,1," 2/27/13"
"Krauss, Alison","Every Time You Say Goodbye",CB90158,4,CB90158,,CB,1," 2/27/13"
"Krauss, Alison & The Union Station","Every Time You Say Goodbye",CBEP476-4,3,CBEP476-4,,CB,1," 2/27/13"
"Krauss, Allison & Union Station","Every Time You Say Goodbye",CB80138,12,CB80138,,CB,1," 2/27/13"
Krokus,"Eat The Rich",SC8791,6,SC8791,,SC,1," 2/27/13"
L.t.d.,"Every Time I Turn Around",SC7574,8,SC7574,,SC,1," 2/27/13"
"Lawson, Shannon","Everybody Wants (Something They Can't Ha",PHN0406,5,PHN0406,,PH,1," 2/27/13"
"Ledoux, Chris","Everytime I Roll The Dice",SC8112,13,SC8112,,SC,1," 2/27/13"
"Lee, Brenda",Emotions,DK046,18,DK046,,DK,1," 2/27/13"
"Lee, Brenda","End Of The World, The",SAVP07,2,SAVP07,,SA,1," 2/27/13"
"Lee, Brenda","Everybody Loves Me But You",CBEP455-4,15,CBEP455-4,,CB,1," 2/27/13"
"Let Me Blow Ya Mind","Eve & Gwen Stefani",THH0203,14,THH0203,,TH,1," 2/27/13"
"Lewis, Gary & The Playboys","Everybody Loves A Clown",SC8218,7,SC8218,,SC,1," 2/27/13"
LFO,"Every Other Time",PHM0109,6,PHM0109,,PH,1," 2/27/13"
Lfo,"Every Other Time",CBEP470-5,15,CBEP470-5,,CB,1," 2/27/13"
"Lianne La Havas",Elusive,PHMU1301,3,PHMU1301,,PH,1," 2/27/13"
"Liberty X","Everybody Cries",SF213,10,SF213,,SF,1," 2/27/13"
"Life In The Fast Lane","Eagles, The",BS9017,11,BS9017,,BS,1," 2/27/13"
"Lind, Bob","Elusive Butterfly",DK030,12,DK030,,DK,1," 2/27/13"
"Lionel Richie & Diana Ross","Endless Love",CBEP467-2,2,CBEP467-2,,CB,1," 2/27/13"
"Little Big Town","Everything Changes",CB60238,14,CB60238,,CB,1," 2/27/13"
Lonestar,"Everything's Changed",CB60121,12,CB60121,,CB,1," 2/27/13"
"Long Run, The","Eagles, The",BS9017,5,BS9017,,BS,1," 2/27/13"
"LOSE YOURSELF",EMINEM,TT171,9,TT171,,TT,1," 2/27/13"
"Love Affair","Everlasting Love",SF052,5,SF052,,SF,1," 2/27/13"
"Love Is The Answer","England Dan & John Ford Coley",DG10,11,DG10,,DG,1," 2/27/13"
"Low Millions",Eleanor,PHR0502,9,PHR0502,,PH,1," 2/27/13"
Ltd,"Every Time I Turn Around Back In Love Ag",SC8606,15,SC8606,,SC,1," 2/27/13"
"Luhrman, Baz","Everybody's Free",PHM9905,9,PHM9905,,PH,1," 2/27/13"
"Luhrman, Baz wvocal","Everybody's Free",PHM9905,18,PHM9905,,PH,1," 2/27/13"
"Lyin' Eyes","Eagles, The",BS9017,6,BS9017,,BS,1," 2/27/13"
"Lynn, Cheryl",Encore,SF067,5,SF067,,SF,1," 2/27/13"
Madonna,Erotica,SC8800,5,SC8800,,SC,1," 2/27/13"
Madonna,"Express Yourself",SAVP22,6,SAVP22,,SA,1," 2/27/13"
"Main Ingredient","Every Body Plays The Fool",MMRB03,11,MMRB03,,MM,1," 2/27/13"
"Main Ingredient","Everybody Plays The Fool",CBE3-19,11,CBE3-19,,CB,1," 2/27/13"
"Main Ingredient, The","Everybody Plays The Fool",SC8153,15,SC8153,,SC,1," 2/27/13"
"Manic Street Preachers","Everlasting, The",SF128,7,SF128,,SF,1," 2/27/13"
"Manic Street Preachers","Everything Must Go",SF061,6,SF061,,SF,1," 2/27/13"
"Manilow, Barry","Even Now",MM6051,11,MM6051,,MM,1," 2/27/13"
"Martin, Dean","Everybody Loves Somebody",SC7518,14,SC7518,,SC,1," 2/27/13"
"Martin, Dean","Everybody Loves Somebody Sometime",MM6419-1,3,MM6419-1,,MM,1," 2/27/13"
"Martin, Dean","Everybody Loves Somebody...",MMBK02,10,MMBK02,,MM,1," 2/27/13"
"Marx, Richard","Endless Summer Nights",CB40230,12,CB40230,,CB,1," 2/27/13"
"Mattea, Kathy","Eighteen Wheels & A Dozen Roses",SC8104,1,SC8104,,SC,1," 2/27/13"
"Mattea, Kathy","Eighteen Wheels And A Dozen Roses",CBE07,9,CBE07,,CB,1," 2/27/13"
"Matthews, Dave, Band",Everyday,SGB066,11,SGB066,,SG,1," 2/27/13"
"Mccartney, Paul & Stevie Wonder","Ebony & Ivory",BL22,2,BL22,,BL,1," 2/27/13"
"Mccartney, Paul & Stevie Wonder","Ebony And Ivory",CBEP471-1,7,CBEP471-1,,CB,1," 2/27/13"
"Mccoy, Neal","Every Man For Himself",CB60206,1,CB60206,,CB,1," 2/27/13"
"McCoy, Neal","Every Man For Himself",SD078,6,SD078,,SD,1," 2/27/13"
"Mccoy, Neal","Every Man For Himself",SC8633,9,SC8633,,SC,1," 2/27/13"
"Mcentire, Reba","Everything That You Want",CB60154,7,CB60154,,CB,1," 2/27/13"
"McGraw, Tim",Everywhere,SD041,1,SD041,,SD,1," 2/27/13"
"Mcgraw, Tim",Everywhere,CBEP461-1,5,CBEP461-1,,CB,1," 2/27/13"
"McGraw, Tim",Everywhere,MM6209,10,MM6209,,MM,1," 2/27/13"
"Mcgraw, Tim",Everywhere,MMCOU205,13,MMCOU205,,MM,1," 2/27/13"
"Mcguire, Barry","Eve Of Destruction",DK099,17,DK099,,DK,1," 2/27/13"
"Mckameys, The","Even The Valley",CBEP478-6,12,CBEP478-6,,CB,1," 2/27/13"
"McKnight, Brian","Everytime You Go Away",PHU0503,4,PHU0503,,PH,1," 2/27/13"
"Merman, Ethel","Everything's Coming Up Roses",MMSTA04,16,MMSTA04,,MM,1," 2/27/13"
"Messina, Jo Dee","Even God Must Get The Blues",CB60174,13,CB60174,,CB,1," 2/27/13"
Metallica,"Enter Sandman",SC7578,10,SC7578,,SC,1," 2/27/13"
"Michelle, Yvette","Everyday And Everynight",SC8254,15,SC8254,,SC,1," 2/27/13"
"Midler, Bette","Every Road Leads Back To You",DK1107,4,DK1107,,DK,1," 2/27/13"
"Miller, Roger","Engine, Engine Number Nine",SC8276,5,SC8276,,SC,1," 2/27/13"
Moby,"Extreme Ways",THP0212,18,THP0212,,TH,1," 2/27/13"
Monica,"Everything To Me",PHMU1004,1,PHMU1004,,PH,1," 2/27/13"
"Montaner, Ricardo","El Poder De Tu Amor",SC2219,2,SC2219,,SC,1," 2/27/13"
"Montgomery, John Michael","Even Then",CB60219,15,CB60219,,CB,1," 2/27/13"
"More Than Words",Extreme,KJT08,13,KJT08,,KJ,1," 2/27/13"
"Morgan, Craig","Every Friday Afternoon",THC0312,14,THC0312,,TH,1," 2/27/13"
"Morgan, Lorrie","Except For Monday",SC7209,15,SC7209,,SC,1," 2/27/13"
"Morissette, Alanis",Everything,PHM0406,7,PHM0406,,PH,1," 2/27/13"
"Mullins, Shawn","Everywhere I Go",MM6325,13,MM6325,,MM,1," 2/27/13"
"Murphy, David Lee","Every Time I Get Around You",SC8267,15,SC8267,,SC,1," 2/27/13"
"My Goddess","Exies, The",TU186,7,TU186,,TU,1," 2/27/13"
"My Immortal",Evanescence,TU217,7,TU217,,TU,1," 2/27/13"
"My Last Breath",Evanescence,TU217,8,TU217,,TU,1," 2/27/13"
Nelly,E.i.,SC8659,3,SC8659,,SC,1," 2/27/13"
"Nelson & Parton","Everything's Beautiful",SC8408,8,SC8408,,SC,1," 2/27/13"
"Neon Trees","Everybody Talks",PHMP1206,1,PHMP1206,,PH,1," 2/27/13"
"Neville, Aaron","Everybody Plays The Fool",SC8363,10,SC8363,,SC,1," 2/27/13"
"Neville, Aaron & Kenny G","Even If My Heart Would Break",MM6049,8,MM6049,,MM,1," 2/27/13"
"New Kid In Town","Eagles, The",BS9017,7,BS9017,,BS,1," 2/27/13"
"Nicks, Stevie","Edge Of Seventeen, The",SC8329,8,SC8329,,SC,1," 2/27/13"
"Nicks, Stevie","Every Day",MM6343,11,MM6343,,MM,1," 2/27/13"
"Nilsson, Harry","Everbody's Talkin'",SC8589,3,SC8589,,SC,1," 2/27/13"
"Nilsson, Harry","Everybody's Talkin'",DK042,11,DK042,,DK,1," 2/27/13"
"No Doubt",Ex-Girlfriend,SC8601,3,SC8601,,SC,1," 2/27/13"
"No Doubt","Excuse Me Mr.",SC8369,11,SC8369,,SC,1," 2/27/13"
"NOT AFRAID",EARSHOT,TT171,11,TT171,,TT,1," 2/27/13"
"Not Afraidÿ",Earshot,THR0212,18,THR0212,,TH,1," 2/27/13"
"Nowhere To Go","Etheridge, Melissa",THM9609,7,THM9609,,TH,1," 2/27/13"
"O'neal, Jamie","Every Little Thing",CBE4-27,9,CBE4-27,,CB,1," 2/27/13"
"Oak Ridge Boys",Elvira,CB90108,3,CB90108,,CB,1," 2/27/13"
"Oak Ridge Boys",Everyday,CB90108,14,CB90108,,CB,1," 2/27/13"
"Oak Ridge Boys, The",Elvira,DK016,15,DK016,,DK,1," 2/27/13"
Omd,"Enola Gay",SF113,11,SF113,,SF,1," 2/27/13"
"Omd Vs Sash","Enola Gay '98",SF126,13,SF126,,SF,1," 2/27/13"
"One Minute Man","Elliott, Missy",THH0203,13,THH0203,,TH,1," 2/27/13"
"One Of These Nights","Eagles, The",BS9017,8,BS9017,,BS,1," 2/27/13"
"Only If",Enya,TUFP20,7,TUFP20,,TU,1," 2/27/13"
"Overstreet, Paul","Even When It Don't Feel Like It",SC8285,15,SC8285,,SC,1," 2/27/13"
"Owens, Buck","Excuse Me (I Think I've Got A Heartache)",SC7558,8,SC7558,,SC,1," 2/27/13"
"Oye Mi Canto","Estefan, Gloria",BS8417,9,BS8417,,BS,1," 2/27/13"
"Paige, Allison","End Of The World",CB60200,13,CB60200,,CB,1," 2/27/13"
"Parton, Dolly","Eagle When She Flies",CB60142,8,CB60142,,CB,1," 2/27/13"
"Paul Young","Everytime You Go Away",SF056,4,SF056,,SF,1," 2/27/13"
"Paxton, Tom","Engelbert The Elephant",SAVP40,5,SAVP40,,SA,1," 2/27/13"
"Peaceful, Easy Feeling","Eagles, The",BS9017,15,BS9017,,BS,1," 2/27/13"
Penguins,"Earth Angel (Will You Be Mine)",SC1002,8,SC1002,,SC,1," 2/27/13"
"Penguins, The","Earth Angel",MMOLD01,17,MMOLD01,,MM,1," 2/27/13"
"Petty, Tom & The Heartbreakers","Even The Losers",SC8808,2,SC8808,,SC,1," 2/27/13"
"Phair, Liz",Extraordinary,MM6405,11,MM6405,,MM,1," 2/27/13"
"Phil Collins",Everyday,SC8113,11,SC8113,,SC,1," 2/27/13"
"Phonte feat Median",Eternally,PHMU1112,9,PHMU1112,,PH,1," 2/27/13"
"Pierce, Webb","Even Tho'",CB90086,8,CB90086,,CB,1," 2/27/13"
"Pitney, Gene","Every Breath I Take",SAVP39,6,SAVP39,,SA,1," 2/27/13"
"Pj And Duncan","Eternal Love",SF020,8,SF020,,SF,1," 2/27/13"
Play,"Every Little Step",MM6413,4,MM6413,,MM,1," 2/27/13"
Poison,"Every Rose Has It's Thorn",CBE27,8,CBE27,,CB,1," 2/27/13"
Poison,"Every Rose Has Its Thorn",SC1029,8,SC1029,,SC,1," 2/27/13"
"Police, The","Every Breath You Take",SC8643,13,SC8643,,SC,1," 2/27/13"
"Police, The","Every Little Thing She Does Is Magic",CBE4-04,6,CBE4-04,,CB,1," 2/27/13"
"Presley, Elvis","Early Morinin' Rain",CB90062,5,CB90062,,CB,1," 2/27/13"
"Presley, Elvis","Early Morning Rain",MMVE11,4,MMVE11,,MM,1," 2/27/13"
"Presley, Elvis","Easy Come, Easy Go",MM6415,5,MM6415,,MM,1," 2/27/13"
"Presley, Elvis","Echoes Of Love (Kissin' Cousins)",MMVEU-04,6,MMVEU-04,,MM,1," 2/27/13"
"Presley, Elvis","Edge Of Reality",MMVE15,3,MMVE15,,MM,1," 2/27/13"
"Presley, Elvis","Elvis End Theme",CBEP465-6,18,CBEP465-6,,CB,1," 2/27/13"
"Presley, Elvis","End Theme",MMVE11,15,MMVE11,,MM,1," 2/27/13"
"Pretenders, The","Everyday Is Like Sunday",SC8170,15,SC8170,,SC,1," 2/27/13"
Prince,"Erotic City",SC8718,14,SC8718,,SC,1," 2/27/13"
Queensryche,Empire,SC8660,3,SC8660,,SC,1," 2/27/13"
"Queensryche & Rush","Eyes Of A Stranger",SC8691,9,SC8691,,SC,1," 2/27/13"
"R. E. M.","Everybody Hurts",CBE2-28,5,CBE2-28,,CB,1," 2/27/13"
R.e.m,"E-Bow The Letter",SC8320,10,SC8320,,SC,1," 2/27/13"
R.E.M,"Everybody Hurts",SF006,3,SF006,,SF,1," 2/27/13"
R.e.m,"Everybody Hurts",SC8242,7,SC8242,,SC,1," 2/27/13"
R.e.m.,"End Of The World, The",SC8577,8,SC8577,,SC,1," 2/27/13"
R.E.M.,"Everybody Hurts",SC2440,6,SC2440,,SC,1," 2/27/13"
"Rabbitt, Eddie","Every Which Way But Loose",CBEP452-3,17,CBEP452-3,,CB,1," 2/27/13"
"Rascal Flatts","Every Day",PHMC0806,1,PHMC0806,,PH,1," 2/27/13"
"Rascal Flatts & Natasha Bedingfield",Easy,PHMC1109,2,PHMC1109,,PH,1," 2/27/13"
"Raye, Collin","Eleventh Commandment, The",SC8496,15,SC8496,,SC,1," 2/27/13"
"Raye, Collin","Every Second",DK094,17,DK094,,DK,1," 2/27/13"
"Reba McEntire W Skip Ewing","Every Other Weekend",PHMC0806,4,PHMC0806,,PH,1," 2/27/13"
"Reed, Jerry","East Bound And Down",CB60022,13,CB60022,,CB,1," 2/27/13"
"Reed, Jerry","Eastbound And Down",CBE2-04,6,CBE2-04,,CB,1," 2/27/13"
"Reeves, Connor",Earthbound,SF117,6,SF117,,SF,1," 2/27/13"
"Rhythm Is Gonna Get You","Estefan, Gloria",BS8417,10,BS8417,,BS,1," 2/27/13"
"Rich, Charlie","Easy Look",SC8676,6,SC8676,,SC,1," 2/27/13"
"Rich, Charlie","Every Time You Touch Me",SC8335,7,SC8335,,SC,1," 2/27/13"
"Rich, Charlie","Everytime You Touch Me (I Get High)",CBE4-16,3,CBE4-16,,CB,1," 2/27/13"
"Rich, Charlie","Everytime You Touch Me I Get High",CB90069,15,CB90069,,CB,1," 2/27/13"
"Richie & Ross","Endless Love",SC8119,6,SC8119,,SC,1," 2/27/13"
"Richie, Lionel","Endless Love",CB40200,12,CB40200,,CB,1," 2/27/13"
"Richie, Lionel & Diana Ross","Endless Love",CBEP471-1,13,CBEP471-1,,CB,1," 2/27/13"
"Richie, Lionel & Ross, Diana","Endless Love",SC7519,13,SC7519,,SC,1," 2/27/13"
Ricochet,"Ease My Troubled Mind",CHM9703,18,CHM9703,,CH,1," 2/27/13"
"Ricochet wvocal","Ease My Troubled Mind",SC3004,9,SC3004,,SC,1," 2/27/13"
"Riddle, Jessica","Even Angels Fall",SC8601,13,SC8601,,SC,1," 2/27/13"
"Righteous Brothers, The","Ebb Tide",DK018,8,DK018,,DK,1," 2/27/13"
"Robbins, Marty","El Paso",MMGCP9804,18,MMGCP9804,,MM,1," 2/27/13"
"Robbins, Marty","El Paso City",CB90066,12,CB90066,,CB,1," 2/27/13"
"Robbins, Marty wvocal","El Paso",SC2431,12,SC2431,,SC,1," 2/27/13"
"Rocky Horror Picture Show, The",Eddie,SC8472,11,SC8472,,SC,1," 2/27/13"
"Roe, Tommy",Everybody,SC8258,11,SC8258,,SC,1," 2/27/13"
"Roger Miller","England Swings",SC8191,14,SC8191,,SC,1," 2/27/13"
"Rogers, Kenny & Dottie West","Every Time Two Fools Collide",CB60041,9,CB60041,,CB,1," 2/27/13"
"Rogers, Kenny & West, Dottie","Every Time Two Fools Collide",SC7588,7,SC7588,,SC,1," 2/27/13"
Rozalla,"Everybody's Free",SF007,11,SF007,,SF,1," 2/27/13"
"Rupert Holmes","Escape (The Pina Colada Song)",SC8368,15,SC8368,,SC,1," 2/27/13"
"Ryan Adams","Everybody Knows",PHMP0802,4,PHMP0802,,PH,1," 2/27/13"
"Salt 'n Pepa",Expression,SC8624,5,SC8624,,SC,1," 2/27/13"
"Samantha Sang",Emotion,CBEP468-3,6,CBEP468-3,,CB,1," 2/27/13"
"Sang, Samantha",Emotion,SC8627,12,SC8627,,SC,1," 2/27/13"
"Sang, Samantha",Emotional,DK027,12,DK027,,DK,1," 2/27/13"
Santana,"Everybody's Everything",SC8668,10,SC8668,,SC,1," 2/27/13"
Santana,"Evil Ways",SC7547,13,SC7547,,SC,1," 2/27/13"
"Seal Our Fate","Estefan, Gloria",BS8417,11,BS8417,,BS,1," 2/27/13"
"Seals, Dan","Everything That Glitters Is Not Gold",SC8332,14,SC8332,,SC,1," 2/27/13"
September,"Earth, Wind & Fire",KBA22842,3,KBA22842,,KB,1," 2/27/13"
"Seven Bridges Road","Eagles, The",BS9017,17,BS9017,,BS,1," 2/27/13"
"Shepherd, Kenny Wayne","Everything Is Broken",SC8503,1,SC8503,,SC,1," 2/27/13"
"Sherman, Bobby","Easy Come, Easy Go",SC8594,3,SC8594,,SC,1," 2/27/13"
"Simply Red","Ev'ry Time We Say Goodbye",SAVP33,11,SAVP33,,SA,1," 2/27/13"
"Sinatra, Frank","Embraceable You",SC7599,9,SC7599,,SC,1," 2/27/13"
"Singletary, Daryl","Even The Wind",MM6213,8,MM6213,,MM,1," 2/27/13"
"Sly & Family Stone, The","Everyday People",DK053,8,DK053,,DK,1," 2/27/13"
"Sly & The Family Stone","Everyday People",MM6303,12,MM6303,,MM,1," 2/27/13"
"Smashing Pumpkins","Everlasting Gaze, The",SC8595,14,SC8595,,SC,1," 2/27/13"
"Smashing Pumpkins",Eye,SC3013,4,SC3013,,SC,1," 2/27/13"
Socialburn,Everyone,PHR0308,7,PHR0308,,PH,1," 2/27/13"
"Socialburn wvocal",Everyone,PHR0308,16,PHR0308,,PH,1," 2/27/13"
"Solis, Marco Antonio","El Peor De Mis Fracasos",SC2211,1,SC2211,,SC,1," 2/27/13"
"Sons Of The Desert","Everybody's Got To Grow Up Sometime",SD077,9,SD077,,SD,1," 2/27/13"
"Sons Of The Desert","Everybody's Gotta Grow Up Sometime",SC8633,8,SC8633,,SC,1," 2/27/13"
"Soul For Real","Every Little Thing I Do",SC8203,15,SC8203,,SC,1," 2/27/13"
"Soul Survivors, The","Expressway To Your Heart",SAVP37,8,SAVP37,,SA,1," 2/27/13"
"Sound Of Music, The",Edelweiss,SF008,12,SF008,,SF,1," 2/27/13"
Spanish,"El Reloj",MM6138,6,MM6138,,MM,1," 2/27/13"
Spanish,"En Mi Viego",MM6138,4,MM6138,,MM,1," 2/27/13"
"Spears, Britney",Everytime,MM6412,15,MM6412,,MM,1," 2/27/13"
"Squier, Billy","Everybody Wants You",SC8609,2,SC8609,,SC,1," 2/27/13"
Staind,Epiphany,CB30023,15,CB30023,,CB,1," 2/27/13"
"Standard Reminiscing",Edelweiss,SC7035,3,SC7035,,SC,1," 2/27/13"
"Statler Brothers, The",Elizabeth,SC8537,14,SC8537,,SC,1," 2/27/13"
"Stereo Fuse",Everything,THP0302,18,THP0302,,TH,1," 2/27/13"
"Stevens, Ray","Everything Is Beautiful",CB60025,11,CB60025,,CB,1," 2/27/13"
"Stewart, Rod","Every Picture Tells A Story",SC8722,8,SC8722,,SC,1," 2/27/13"
"Strait, George","Easy Come, Easy Go",CB90149,15,CB90149,,CB,1," 2/27/13"
"Streisand, Barbra",Evergreen,DK003,16,DK003,,DK,1," 2/27/13"
"Sugar Ray","Every Morning",CBEP457-3,15,CBEP457-3,,CB,1," 2/27/13"
Superman,Eminem,SC3356,3,SC3356,,SC,1," 2/27/13"
Superman,"Eminem wvocal",SC3356,11,SC3356,,SC,1," 2/27/13"
Survivor,"Eye Of The Tiger",PI046,11,PI046,,PI,1," 2/27/13"
Sweetbox,"Everything's Gonna Be Alright",SF125,10,SF125,,SF,1," 2/27/13"
"Swizz Beatz feat. Eve","Everyday (Coolin')",PHMU1109,8,PHMU1109,,PH,1," 2/27/13"
"Take It Easy","Eagles, The",BS9017,9,BS9017,,BS,1," 2/27/13"
"Take It To The Limit","Eagles, The",BS9017,10,BS9017,,BS,1," 2/27/13"
"Taking Over Me",Evanescence,TU217,9,TU217,,TU,1," 2/27/13"
"Tears For Fears","Everybody Wants To Rule The World",SC8425,15,SC8425,,SC,1," 2/27/13"
"Teen Queens","Eddie My Love",MM6409,9,MM6409,,MM,1," 2/27/13"
Temptation,"Everly Brothers, The",SF084,10,SF084,,SF,1," 2/27/13"
"Tennison, Chalee","Easy Lovin' You",CB60310,9,CB60310,,CB,1," 2/27/13"
"Thomas, B.J.","Eyes Of A New York Woman",SAVP28,7,SAVP28,,SA,1," 2/27/13"
"Thomas, B.j.","Eyes Of A New York Woman, The",SC8445,1,SC8445,,SC,1," 2/27/13"
"Thomas, Carl",Emotional,SC8664,10,SC8664,,SC,1," 2/27/13"
"Three Dog Night","Easy To Be Hard",CBE4-02,13,CBE4-02,,CB,1," 2/27/13"
"Three Dog Night","Eli's Comin'",MM6164,10,MM6164,,MM,1," 2/27/13"
"Three Dog Night","Eli's Coming",SC8686,11,SC8686,,SC,1," 2/27/13"
"Three Dog Night wvocal","Easy To Be Hard",SC2305,15,SC2305,,SC,1," 2/27/13"
"Three Dog Night wvocal","Eli's Coming",SC2305,11,SC2305,,SC,1," 2/27/13"
"Tillis, Pam","Every Time",CB90031,13,CB90031,,CB,1," 2/27/13"
"Tippin, Aaron","Everything I Own",MM6158,13,MM6158,,MM,1," 2/27/13"
"Toby Keith","Every Dog Has Its Day",PHMC1005,1,PHMC1005,,PH,1," 2/27/13"
Tourniquet,Evanescence,TU217,10,TU217,,TU,1," 2/27/13"
Trapt,Echo,PHR0405,9,PHR0405,,PH,1," 2/27/13"
"Trick Pony","Every Other Memory",SC8748,14,SC8748,,SC,1," 2/27/13"
"Tucker, Barbara","Everybody Dance (The Horn Song)",SF124,13,SF124,,SF,1," 2/27/13"
"Turn The Beat Around","Estefan, Gloria",BS8417,12,BS8417,,BS,1," 2/27/13"
"Turtles, The",Elenore,SC7560,4,SC7560,,SC,1," 2/27/13"
"Twank Star & T-Pain","Everybody Else",PHMU0906,5,PHMU0906,,PH,1," 2/27/13"
U2,"Electrical Storm",SC8789,10,SC8789,,SC,1," 2/27/13"
U2,Elevation,SC8702,10,SC8702,,SC,1," 2/27/13"
U2,"Even Better Than The Real Thing",SC8266,8,SC8266,,SC,1," 2/27/13"
"Ugly Kid Joe","Everything About You",AH8009,11,AH8009,,AH,1," 2/27/13"
"Uriah Heep","Easy Livin'",SC8201,5,SC8201,,SC,1," 2/27/13"
"Van Halen","Everybody Wants Some!!",SC8782,15,SC8782,,SC,1," 2/27/13"
"Vandross, Vandross & Mariah Carey","Endless Love",CBEP471-4,2,CBEP471-4,,CB,1," 2/27/13"
"Vaughn, Stevie Ray","Empty Arms",SC2319,6,SC2319,,SC,1," 2/27/13"
"Vertical Horizon","Eberything You Want",MM6295,8,MM6295,,MM,1," 2/27/13"
"Vertical Horizon","Everything She Wants",CBE2-28,15,CBE2-28,,CB,1," 2/27/13"
"Vertical Horizon","Everything You Want",CB30014,13,CB30014,,CB,1," 2/27/13"
"Victim Of Love","Eagles, The",BS9017,13,BS9017,,BS,1," 2/27/13"
Vixen,"Edge Of A Broken Heart",SC8329,15,SC8329,,SC,1," 2/27/13"
"Wagoner, Porter","Eat Drink And Be Merry",SC8400,8,SC8400,,SC,1," 2/27/13"
"Wagoner, Porter","Eat, Drink And Be Merry (For Tomorrow Yo",CB90087,7,CB90087,,CB,1," 2/27/13"
"Wake Up Little Susie","Everly Brothers, The",KJT09,18,KJT09,,KJ,1," 2/27/13"
"Walk Away",Epidemic,THR0210,18,THR0210,,TH,1," 2/27/13"
"Wang Chung","Everybody Have Fun Tonight",SC8456,8,SC8456,,SC,1," 2/27/13"
"Wariner, Steve","Every Little Whisper",CB90034,13,CB90034,,CB,1," 2/27/13"
"Watley, Jody",Everything,MM6030,8,MM6030,,MM,1," 2/27/13"
"Welch, Bob","Ebony Eyes",SC8588,12,SC8588,,SC,1," 2/27/13"
"West, Dottie","Every Word I Write",CB90085,8,CB90085,,CB,1," 2/27/13"
"West, Keith","Excerpt From A Teenage Opera",SF069,8,SF069,,SF,1," 2/27/13"
Wham,"Everything She Wants",SAVP33,12,SAVP33,,SA,1," 2/27/13"
Wham!,"Everything She Wants",CBEP467-6,5,CBEP467-6,,CB,1," 2/27/13"
Whisper,Evanescence,TU217,11,TU217,,TU,1," 2/27/13"
"White, Bryan","Eugene You Genius",MM6073,9,MM6073,,MM,1," 2/27/13"
Who,"Eminence Front",SC8684,3,SC8684,,SC,1," 2/27/13"
"Wild Child",Enya,THP0206,15,THP0206,,TH,1," 2/27/13"
"Williams, Andy","Exodus Song, The",SAVP06,13,SAVP06,,SA,1," 2/27/13"
"Williams, Hank Jr.","Everything Comes Down To Money And Love",SC8278,15,SC8278,,SC,1," 2/27/13"
"Wills, Mark","Everything There Is To Know About You",SC8646,15,SC8646,,SC,1," 2/27/13"
"Witchy Woman","Eagles, The",BS9017,16,BS9017,,BS,1," 2/27/13"
"Without Me",Eminem,TU125,18,TU125,,TU,1," 2/27/13"
"Words Get In The Way","Estefan, Gloria",BS8417,14,BS8417,,BS,1," 2/27/13"
"Work It","Elliot, Missy",TU173,17,TU173,,TU,1," 2/27/13"
"Yankovic, Weird Al","Eat It",SGB23,16,SGB23,,SG,1," 2/27/13"
"Yankovich, Wierd Al","Eat It",MM6047,2,MM6047,,MM,1," 2/27/13"
"Yearwood, Trisha","Everybody Knows",MMGCOU03,19,MMGCOU03,,MM,1," 2/27/13"
"Young Money","Every Girl",PHMU0908,1,PHMU0908,,PH,1," 2/27/13"
"Young, Paul","Everytime You Go Away",SC8283,7,SC8283,,SC,1," 2/27/13"
"Zevon, Warren","Excitable Boy",SC8856,13,SC8856,,SC,1," 2/27/13"
