"26 Miles","Four Preps, The",JV0005,10,JV0005,,JV,1," 2/27/13"
311,"First Straw",SC3415,6,SC3415,,SC,1," 2/27/13"
"311 wvocal","First Straw",PHR0409,10,PHR0409,,PH,1," 2/27/13"
"3OH!3 feat Neon Hitch","Follow Me Down",PHMP1006,8,PHMP1006,,PH,1," 2/27/13"
4Him,"For Future Generations",CBE4-29,9,CBE4-29,,CB,1," 2/27/13"
"6 Tre G",Fresh,PHMU1001,4,PHMU1001,,PH,1," 2/27/13"
"A Teens",Floorfiller,MM6413,6,MM6413,,MM,1," 2/27/13"
Abba,Fernando,SC8861,12,SC8861,,SC,1," 2/27/13"
Ac-Dc,"For Those About To Rock We Salute You",SC8701,1,SC8701,,SC,1," 2/27/13"
Aerosmith,"Falling In Love",PHM9704,5,PHM9704,,PH,1," 2/27/13"
Aerosmith,"Falling In Love (Is Hard On The Knees)",SC8635,8,SC8635,,SC,1," 2/27/13"
Aerosmith,"Fly Away From Here",PHR0107,1,PHR0107,,PH,1," 2/27/13"
"Aguilera, Christina",Fighter,THP0306,11,THP0306,,TH,1," 2/27/13"
"Aiken, Clay","First Noel, The",SC8899,5,SC8899,,SC,1," 2/27/13"
"Ain't Got Nothin' But The Blues","Ford, Robin",HV09,8,HV09,,HV,1," 2/27/13"
"Akins, Rhett","Friday Night In Dixie",CB60241,8,CB60241,,CB,1," 2/27/13"
Alabama,"Face To Face",DK079,7,DK079,,DK,1," 2/27/13"
Alabama,"Fallin' Again",SC8628,13,SC8628,,SC,1," 2/27/13"
Alabama,"Feels So Right",CBE4-18,8,CBE4-18,,CB,1," 2/27/13"
Alabama,"Fire In The Night",CB90001,8,CB90001,,CB,1," 2/27/13"
Alabama,"Forever's As Far As I'll Go",SC8135,15,SC8135,,SC,1," 2/27/13"
Alabama,"Forty Hour Week",SC8786,15,SC8786,,SC,1," 2/27/13"
Alabamaÿ,"Forever's As Far As I'll Go",CB90153,14,CB90153,,CB,1," 2/27/13"
"Albert, Morris",Feelings,DK068,9,DK068,,DK,1," 2/27/13"
"Aldo Nova",Fantasy,SC8516,12,SC8516,,SC,1," 2/27/13"
"Alex Day","Forever Yours",PHMP1203,6,PHMP1203,,PH,1," 2/27/13"
"ALL MY LIFE","FOO FIGHTERS",TTM111,1,TTM111,,TT,1," 2/27/13"
"All My Lifeÿ","Foo Fighters",THR0212,10,THR0212,,TH,1," 2/27/13"
"All Right Now",Free,PI009,11,PI009,,PI,1," 2/27/13"
"All Seeing I","First Man In Space",SF148,14,SF148,,SF,1," 2/27/13"
"Allan, Gary","Forever And A Day",MM6187,12,MM6187,,MM,1," 2/27/13"
"Allan, Gary","From Where I'm Sitting",SC8376,14,SC8376,,SC,1," 2/27/13"
Alphaville,"Forever Young",SC8678,9,SC8678,,SC,1," 2/27/13"
America,"From A Moving Train",SC8487,8,SC8487,,SC,1," 2/27/13"
"American Hi-Fi","Flavor Of The Weak",MM6335,10,MM6335,,MM,1," 2/27/13"
"American Hi-fi","Flavor Of The Weak",CBEP473-6,11,CBEP473-6,,CB,1," 2/27/13"
"American Hi-fi","Flavor Of The Week",PHR0107,6,PHR0107,,PH,1," 2/27/13"
"Anderson, Bill","For Loving You",CB90218,5,CB90218,,CB,1," 2/27/13"
"Anderson, Lynn","Fool Me",CB90114,13,CB90114,,CB,1," 2/27/13"
"Andy Grammar","Fine By Me",PHMP1202,2,PHMP1202,,PH,1," 2/27/13"
"Another Level","Freak Me",SF123,9,SF123,,SF,1," 2/27/13"
"Another Level","From The Heart",SF140,14,SF140,,SF,1," 2/27/13"
Antonia,Fame,SF009,15,SF009,,SF,1," 2/27/13"
"Apple, Fiona","Fast As You Can",SC8581,1,SC8581,,SC,1," 2/27/13"
Ashanti,Foolish,SC8797,14,SC8797,,SC,1," 2/27/13"
"Ashley Gearing","Five More Minutes - Copy",PHMC1106,2,PHMC1106,,PH,1," 2/27/13"
"Ashton, Susan","Faith Of The Heart",SC8520,10,SC8520,,SC,1," 2/27/13"
"B. Taylor feat Pauley Perrette","Fire In Your Eyes",PHMU1110,3,PHMU1110,,PH,1," 2/27/13"
"Baby I Love You","Franklin, Aretha",HV06B,6,HV06B,,HV,1," 2/27/13"
"Baby Now That I've Found You","Foundations, The",PX14,9,PX14,,PX,1," 2/27/13"
"Baby, Now That I've Found You","Foundations, The",PLC08,13,PLC08,,PL,1," 2/27/13"
Babyface,"Fire And Rain",PHMP0804,9,PHMP0804,,PH,1," 2/27/13"
Babyface,"For The Cool In You",SC8132,7,SC8132,,SC,1," 2/27/13"
"Bad Company","Feel Like Makin' Love",SC8115,7,SC8115,,SC,1," 2/27/13"
"Bailey, Razzy",Friends,CBE4-17,6,CBE4-17,,CB,1," 2/27/13"
"Ballard, Hank & Midnighters","Finger Poppin' Time",SC8255,13,SC8255,,SC,1," 2/27/13"
"Bandy & Baily","Following The Feeling",MM6314,6,MM6314,,MM,1," 2/27/13"
"Bare, Bobby","Four Strong Winds",SC8428,11,SC8428,,SC,1," 2/27/13"
"Barenaked Ladies","Failing For The First Time",CBEP470-5,13,CBEP470-5,,CB,1," 2/27/13"
"Barenaked Ladies","Falling For The First Time",SC8730,8,SC8730,,SC,1," 2/27/13"
"Barenaked Ladies, The","Falling For The First Time",MM6345,12,MM6345,,MM,1," 2/27/13"
"Barnes & Barnes","Fish Heads",SC8544,6,SC8544,,SC,1," 2/27/13"
"Beach Boys, The","Fun, Fun, Fun",PI002,14,PI002,,PI,1," 2/27/13"
"Beastie Boys, The","Fight For Your Right To Party",CBE4-06,12,CBE4-06,,CB,1," 2/27/13"
"Beatles, The","Fool On The Hill, The",DK017,8,DK017,,DK,1," 2/27/13"
"Beatles, The","For No One",SAVP03,15,SAVP03,,SA,1," 2/27/13"
"Beatles, The","Free As A Bird",SC8233,14,SC8233,,SC,1," 2/27/13"
"Beatles, The","From Me To You",MMOLD01,16,MMOLD01,,MM,1," 2/27/13"
"Bedingfield, Daniel",Friday,SF210,15,SF210,,SF,1," 2/27/13"
"Beenie Man & Janet","Feel It Boy",SC8778,10,SC8778,,SC,1," 2/27/13"
"Beenie Man & Janet wvocal","Feel It Boy",PHU0210,12,PHU0210,,PH,1," 2/27/13"
"Bellamy Brothers","For All The Wrong Reasons",CB90110,10,CB90110,,CB,1," 2/27/13"
"Bellamy Brothers, The","For All The Wrong Reasons",SC8385,1,SC8385,,SC,1," 2/27/13"
"Bellamy Brothers, The wvocal","For All The Wrong Reasons",SC2320,8,SC2320,,SC,1," 2/27/13"
"Belle, Regina & Jeffery Osbourne","Far Longer Than Forever",CBEP471-4,8,CBEP471-4,,CB,1," 2/27/13"
Belly,"Feed The Tree",SC8122,2,SC8122,,SC,1," 2/27/13"
"Benatar, Pat","Fire And Ice",SGB21,6,SGB21,,SG,1," 2/27/13"
"Bennett, Tony","Fly Me To The Moon",DK086,11,DK086,,DK,1," 2/27/13"
"Berry, John",Faithfully,SD041,10,SD041,,SD,1," 2/27/13"
"Bette Midler","From A Distance",SF053,15,SF053,,SF,1," 2/27/13"
"Big House",Faith,SC8464,4,SC8464,,SC,1," 2/27/13"
"Bishop, Elvin","Fooled Around & Fell In Love",PI003,13,PI003,,PI,1," 2/27/13"
"Bishop, Elvin","Fooled Around And Fell In Love",CBEP474-5,9,CBEP474-5,,CB,1," 2/27/13"
"Blazin' Squad","Flip Reverse",SF211,9,SF211,,SF,1," 2/27/13"
"Blige, Mary J","Family Affair",PHM0202,3,PHM0202,,PH,1," 2/27/13"
"Blige, Mary J.","Family Affair",SC8741,14,SC8741,,SC,1," 2/27/13"
"Blink 182","Feeling This",SC3393,11,SC3393,,SC,1," 2/27/13"
"Blink 182","First Date",SC8758,11,SC8758,,SC,1," 2/27/13"
"Bloodhound Gang, The","Fire Water Burn",SC8700,2,SC8700,,SC,1," 2/27/13"
"Bob Seger","Fire Lake",AH8020,10,AH8020,,AH,1," 2/27/13"
"Bob Wills & His Texas Playboys","Faded Love",CBE3-01,7,CBE3-01,,CB,1," 2/27/13"
"Bogguss, Suzy","From Where I Stand",CB90038,15,CB90038,,CB,1," 2/27/13"
Bomshel,"Fight Like A Girl",PHMC0905,4,PHMC0905,,PH,1," 2/27/13"
"Boone, Pat","Friendly Persuasion",CB5013-03,15,CB5013-03,,CB,1," 2/27/13"
"Bowie, David",Fame,SGB060,8,SGB060,,SG,1," 2/27/13"
"Boyz Ii Men","Four Seasons Of Lonliness",PHM9711,8,PHM9711,,PH,1," 2/27/13"
Brandy,"Full Moon",CBEP473-6,14,CBEP473-6,,CB,1," 2/27/13"
"Brian McKnight","Fall 5.0",PHMU1108,4,PHMU1108,,PH,1," 2/27/13"
"Broadman Hymnal","Face To Face",CB70018,10,CB70018,,CB,1," 2/27/13"
"Broadman Hymnal","Fairest Lord Jesus",CB70020,5,CB70020,,CB,1," 2/27/13"
"Broadman Hymnal","Footsteps Of Jesus",CB70020,7,CB70020,,CB,1," 2/27/13"
"Brooke Hogan feat Stacks",Falling,PHMP0909,8,PHMP0909,,PH,1," 2/27/13"
"Brooks & Dunn","Few Good Rides Away, A",SC8282,2,SC8282,,SC,1," 2/27/13"
"Brooks, Garth","Face To Face",SC8265,3,SC8265,,SC,1," 2/27/13"
"Brooks, Garth",Fever,SC8224,5,SC8224,,SC,1," 2/27/13"
"Brooks, Garth","Friends In Low Places",SC8105,14,SC8105,,SC,1," 2/27/13"
"Brown, Arthur",Fire,SF070,5,SF070,,SF,1," 2/27/13"
"Brown, Chris",Forever,PHMP0808,4,PHMP0808,,PH,1," 2/27/13"
"Browne, Tom","Funking For Jamaica",SF067,8,SF067,,SF,1," 2/27/13"
Buckcherry,"For The Movies",PHT9915,8,PHT9915,,PH,1," 2/27/13"
"Budden, Joe",Fire,PHU0310,2,PHU0310,,PH,1," 2/27/13"
"Budden, Joe wvocal",Fire,PHU0310,11,PHU0310,,PH,1," 2/27/13"
"Buffalo Springfield","For What It's Worth",DK053,14,DK053,,DK,1," 2/27/13"
"Buffett, Jimmy",Fins,SC8147,4,SC8147,,SC,1," 2/27/13"
"Buffett, Jimmy","Fruit Cakes",SC8821,3,SC8821,,SC,1," 2/27/13"
"Buffett, Jimmy",Fruitcakes,CB4199,12,CB4199,,CB,1," 2/27/13"
"Build Me Up Buttercup","Foundations, The",PX14,14,PX14,,PX,1," 2/27/13"
"Bullens, Cindy","Freddy My Love",SC2157,6,SC2157,,SC,1," 2/27/13"
"Butler, Jerry","For Your Precious Love",MM6401,7,MM6401,,MM,1," 2/27/13"
"Byrd, Tracy","First Step, The",SC8149,12,SC8149,,SC,1," 2/27/13"
"Byrd, Tracy wvocal","First Step, The",SC2127,12,SC2127,,SC,1," 2/27/13"
"Calling, The","For You",THP0306,17,THP0306,,TH,1," 2/27/13"
"Calling, Theÿ","For You",CB30036,13,CB30036,,CB,1," 2/27/13"
"Campbell, Glen","Faithless Love",SC7569,13,SC7569,,SC,1," 2/27/13"
Candlebox,"Far Behind",SGB031,7,SGB031,,SG,1," 2/27/13"
"Cara, Irene",Fame,MM6112,15,MM6112,,MM,1," 2/27/13"
"Cara, Irene",Flashdance,SC7503,15,SC7503,,SC,1," 2/27/13"
"Cara, Irene","Flashdance (What A Feeling)",CBE26,15,CBE26,,CB,1," 2/27/13"
"Carey, Mariah",Fantasy,SC8497,13,SC8497,,SC,1," 2/27/13"
"Carey, Mariah",Forever,SC8497,11,SC8497,,SC,1," 2/27/13"
"Carlisle, Bob","Father's Love",SC8501,4,SC8501,,SC,1," 2/27/13"
"Carpenter, Mary Chapin & Sheryl Crow","Flesh & Blood",SC8807,5,SC8807,,SC,1," 2/27/13"
"Carpenter, Mary Chapin, Crow, Sheryl And","Flesh And Blood",SC8856,7,SC8856,,SC,1," 2/27/13"
"Carpenter, Mary Chapinÿ& Sheryl Crow & E","Flesh And Blood",CB60312,14,CB60312,,CB,1," 2/27/13"
"Carpenters, The","For All We Know",DK055,8,DK055,,DK,1," 2/27/13"
"Carr, Vicki","For Once In My Life",MM6005,10,MM6005,,MM,1," 2/27/13"
"Carrington, Rodney",Fred,SC8739,12,SC8739,,SC,1," 2/27/13"
"Cartwright, Lionel","Family Tree",SC8245,5,SC8245,,SC,1," 2/27/13"
Cascada,Faded,PHMP0812,5,PHMP0812,,PH,1," 2/27/13"
"Cash, Johnny","Five Feet High And Rising",CB90074,12,CB90074,,CB,1," 2/27/13"
"Cash, Johnny","Flesh & Blood",CB90074,15,CB90074,,CB,1," 2/27/13"
"Cash, Johnny","Flesh And Blood",CB80102,1,CB80102,,CB,1," 2/27/13"
"Cash, Johnny","Folsom Prison Blues",DK067,17,DK067,,DK,1," 2/27/13"
"Cash, Johnny & Dave Matthews","For You",SC8759,13,SC8759,,SC,1," 2/27/13"
"Cash, Johnny & Fiona Apple","Father & Son",SC8867,3,SC8867,,SC,1," 2/27/13"
"Cassidy, Eva & Chuck Brown",Fever,SC2421,17,SC2421,,SC,1," 2/27/13"
"Cassidy, Eva wvocal",Fever,SC2421,12,SC2421,,SC,1," 2/27/13"
"Cee Lo Green","F--K You",PHMP1012,4,PHMP1012,,PH,1," 2/27/13"
"Cee Lo Green feat Melanie Fiona","Fool For You",PHMU1105,3,PHMU1105,,PH,1," 2/27/13"
"Cetera & Kahn","Feels Like Heaven",MM6000,13,MM6000,,MM,1," 2/27/13"
"Cetera, Peter",Faithfully,SD026,10,SD026,,SD,1," 2/27/13"
"Cetera, Peter & Crystal Bernard","Forever Tonight",SC8212,15,SC8212,,SC,1," 2/27/13"
"Chapman, Tracy","Fast Car",SGB21,8,SGB21,,SG,1," 2/27/13"
"Cheap Trick","Flame, The",SC8223,13,SC8223,,SC,1," 2/27/13"
"Chesney, Kenny","Fall In Love",CB60161,9,CB60161,,CB,1," 2/27/13"
"Chesney, Kenny","For The First Time",CB60214,7,CB60214,,CB,1," 2/27/13"
"Chesney, Kenny","From Hillbilly Heaven To Honky Tonk Hell",CB60043,14,CB60043,,CB,1," 2/27/13"
"Chesnutt, Mark","Fallin' Never Felt So Good",CB60199,12,CB60199,,CB,1," 2/27/13"
Chicago,"Funny Honey",MM6282,12,MM6282,,MM,1," 2/27/13"
"Children'sAnimal Songs","Farmer In The Dell, The",SC7008,16,SC7008,,SC,1," 2/27/13"
"Children'sAnimal Songs","Five Little Chickadees",SC7008,15,SC7008,,SC,1," 2/27/13"
"Children'sAnimal Songs","Five Little Monkeys",SC7008,13,SC7008,,SC,1," 2/27/13"
"Children'sAnimal Songs","Flea Fly Song",SC7008,6,SC7008,,SC,1," 2/27/13"
"Children'sAnimal Songs","Fuzzy Wuzzy",SC7008,10,SC7008,,SC,1," 2/27/13"
ChingyAmerie,"Fly Like Me",PHMU0802,6,PHMU0802,,PH,1," 2/27/13"
Christmas,"Feliz Navidad",MM6020,12,MM6020,,MM,1," 2/27/13"
Christmas,"First Noel, The",CB60033,15,CB60033,,CB,1," 2/27/13"
Christmas,"Frosty The Snowman",CB60031,9,CB60031,,CB,1," 2/27/13"
Christmas-Traditional,"Frosty The Snowman",SC8475,4,SC8475,,SC,1," 2/27/13"
"Clapton, Eric","Forever Man",SC8609,5,SC8609,,SC,1," 2/27/13"
"Clark, Sanford","Fool, The",SC8579,6,SC8579,,SC,1," 2/27/13"
"Cline, Patsy","Faded Love",CB90146,12,CB90146,,CB,1," 2/27/13"
"Cline, Patsy","Foolin' Around",CB90146,13,CB90146,,CB,1," 2/27/13"
"Closer To Me",Five,SF185,15,SF185,,SF,1," 2/27/13"
"Coasters, The",Framed,MM6074,6,MM6074,,MM,1," 2/27/13"
"Cochran, Anita","For Crying Out Loud",SC8556,13,SC8556,,SC,1," 2/27/13"
"Cocker, Joe","Feelin' All Right",SC8447,7,SC8447,,SC,1," 2/27/13"
"Colbie Caillat","Fallin' For You",PHMP0909,1,PHMP0909,,PH,1," 2/27/13"
"Cold As Ice",Foreigner,BS7517,6,BS7517,,BS,1," 2/27/13"
"Cole, Nat ''king''","For Sentimental Reasons",SC8288,15,SC8288,,SC,1," 2/27/13"
"Cole, Paula","Feelin' Love",SC8530,14,SC8530,,SC,1," 2/27/13"
"Come Softly To Me","Fleetwoods, The",JV0011,7,JV0011,,JV,1," 2/27/13"
"Con Funk Shun",Ffun,SC8386,12,SC8386,,SC,1," 2/27/13"
"Conlee, John","Friday Night Blues",SC8426,13,SC8426,,SC,1," 2/27/13"
"Conley, Earl Thomas","Fire & Smoke",CBE3-05,8,CBE3-05,,CB,1," 2/27/13"
"Conley, Earl Thomas","Fire And Smoke",CB60169,8,CB60169,,CB,1," 2/27/13"
Coolio,"Fantastic Voyage",AH9821,4,AH9821,,AH,1," 2/27/13"
"Cooper, Alice","Feed My Frankenstein",SGB09,9,SGB09,,SG,1," 2/27/13"
"Cornelius, Helen","First Noel, The",CB60187,6,CB60187,,CB,1," 2/27/13"
"Country Christmas","Frosty The Snowman",CB60188,4,CB60188,,CB,1," 2/27/13"
"Country Gentlemen","Fox On The Run",SC8693,10,SC8693,,SC,1," 2/27/13"
"Cranberries, The","Free To Decide",PHM9609,8,PHM9609,,PH,1," 2/27/13"
"Cray, Robert","Foul Play",MM6144,8,MM6144,,MM,1," 2/27/13"
"Crazy World Of Arthur Brown",Fire,SC8750,12,SC8750,,SC,1," 2/27/13"
Creed,"Freedom Fighter",SC2354,1,SC2354,,SC,1," 2/27/13"
"Creedence Clearwater Revival","Fortunate Son",MM6061,15,MM6061,,MM,1," 2/27/13"
"Crosby, Bing","Far Away Places",SC8249,6,SC8249,,SC,1," 2/27/13"
"Crosby, Rob","Fallin' In And Crawlin' Out",SC8294,7,SC8294,,SC,1," 2/27/13"
"Crosby, Stills, Nash & Young","Find The Cost Of Freedom",SC8891,10,SC8891,,SC,1," 2/27/13"
"Crow, Sheryl","First Cut Is The Deepest",SC8857,1,SC8857,,SC,1," 2/27/13"
"Crow, Sheryl","First Cut Is The Deepest, The",MM6407,16,MM6407,,MM,1," 2/27/13"
"Crow, Sheryl wvocal","First Cut Is The Deepest, The",SC3389,15,SC3389,,SC,1," 2/27/13"
Cult,"Fire Woman",SC8603,5,SC8603,,SC,1," 2/27/13"
Cure,"Fascination Street",SC8696,10,SC8696,,SC,1," 2/27/13"
Cure,"Friday I'm In Love",SF020,9,SF020,,SF,1," 2/27/13"
Cure,"Friday, I'm In Love",SC8242,14,SC8242,,SC,1," 2/27/13"
"Cure, The","Fascination Street",SC8687,5,SC8687,,SC,1," 2/27/13"
"Danger, Harvey","Flagpole Sitta",SC8465,6,SC8465,,SC,1," 2/27/13"
"Daniel, Davis","For Crying Out Loud",CB60163,4,CB60163,,CB,1," 2/27/13"
"Daniels, Clint","Fool's Progress, A",SC8470,2,SC8470,,SC,1," 2/27/13"
Darkness,"Friday Night",SF212,10,SF212,,SF,1," 2/27/13"
"Darling Nikki","Foo Fighters",PHR0402,4,PHR0402,,PH,1," 2/27/13"
"Darling, Helen","Full Deck Of Cards",SC8336,3,SC8336,,SC,1," 2/27/13"
Daughtry,"Feels Like Tonight",PHMP0803,7,PHMP0803,,PH,1," 2/27/13"
"David, Craig","Fill Me In",SC8708,10,SC8708,,SC,1," 2/27/13"
"Davis, Linda","From The Inside Out",SC8528,14,SC8528,,SC,1," 2/27/13"
"Davis, Mac","Forever Lovers",CB90116,13,CB90116,,CB,1," 2/27/13"
"Davis, Mac","Friend, Lover, Woman, Wife",CB90116,11,CB90116,,CB,1," 2/27/13"
"Day, Jennifer","Fun Of Your Love, The",CHM0005,20,CHM0005,,CH,1," 2/27/13"
"Def Leppard",Foolin',SC8872,4,SC8872,,SC,1," 2/27/13"
"Degraw, Gavin","Follow Through",PHM0401,6,PHM0401,,PH,1," 2/27/13"
"Diamond Rio","Finish What We Started",SC8198,15,SC8198,,SC,1," 2/27/13"
"Diamond Rio","Finish What We've Started",MM6101,6,MM6101,,MM,1," 2/27/13"
"Diamond, Neil","Forever In Blue Jeans",SC8627,9,SC8627,,SC,1," 2/27/13"
"Dierks Bentley","Feel That Fire",PHMC0812,1,PHMC0812,,PH,1," 2/27/13"
"Dion, Celine","Falling Into You",SC8316,7,SC8316,,SC,1," 2/27/13"
"Dirty White Boy",Foreigner,BS7517,16,BS7517,,BS,1," 2/27/13"
"Dodd, Deryl","Friends Don't Drive Friends To Drinkin'",MM6179,11,MM6179,,MM,1," 2/27/13"
"Don't Stop","Fleetwood Mac",TU060,1,TU060,,TU,1," 2/27/13"
"Don't Wanna Try","Frankie J",PHM0307,7,PHM0307,,PH,1," 2/27/13"
"Donnas, The","Fall Behind Me",SC8906,6,SC8906,,SC,1," 2/27/13"
"Double Vision",Foreigner,BS7517,10,BS7517,,BS,1," 2/27/13"
"Dr. Dre & Eminem","Forgot About Dre",SC8656,2,SC8656,,SC,1," 2/27/13"
Drivin-N-Cryin,"Fly Me Courageous",SC8638,9,SC8638,,SC,1," 2/27/13"
Dropline,"Fly Away From Here",MM6366,14,MM6366,,MM,1," 2/27/13"
"Dudley, Dave","Fly Away Again",CB90136,13,CB90136,,CB,1," 2/27/13"
"Duets-Green, Al & Lovett, Lyle","Funny How Time Slips Away",DK092,14,DK092,,DK,1," 2/27/13"
"Duff, Hilary",Fly,PHM0411,1,PHM0411,,PH,1," 2/27/13"
"Duff, Hilary wvocal",Fly,PHM0411,10,PHM0411,,PH,1," 2/27/13"
Dwele,"Find A Way",PHU0402,8,PHU0402,,PH,1," 2/27/13"
"Dylan, Bob","Forever Young",SC8856,14,SC8856,,SC,1," 2/27/13"
"Eagle Eye Cherry","Falling In Love Again",SF128,8,SF128,,SF,1," 2/27/13"
"Eagle Eye Cherry","Feels So Right",CBEP477-5,16,CBEP477-5,,CB,1," 2/27/13"
Eamon,"Fuck It",PHM-0402,9,PHM-0402,,PH,1," 2/27/13"
Eamon,"Fuck It (Radio Version)",SC8864,15,SC8864,,SC,1," 2/27/13"
Eamon,"Fuck it I Don't Want You Back",SC3401,8,SC3401,,SC,1," 2/27/13"
"Earle, Steve Fix","Fell Alright",SC8856,3,SC8856,,SC,1," 2/27/13"
"Earth, Wind & Fire",Fantasy,SF011,4,SF011,,SF,1," 2/27/13"
"Easton, Sheena","For Your Eyes Only",SC8468,14,SC8468,,SC,1," 2/27/13"
"Easybeats, The","Friday On My Mind",SC8615,14,SC8615,,SC,1," 2/27/13"
"Edgar Winter Group, The","Free Ride",SC8439,12,SC8439,,SC,1," 2/27/13"
"Elledge, Jimmy","Funny How Time Slips Away",CBEP455-6,5,CBEP455-6,,CB,1," 2/27/13"
"Elton John",Friends,SC8134,11,SC8134,,SC,1," 2/27/13"
"Elvis Presley","Fool Such As I, A",SC8356,3,SC8356,,SC,1," 2/27/13"
"Emerson & Lake & Palmer","From The Beginning",SGB22,7,SGB22,,SG,1," 2/27/13"
"Emerson Drive","Fall Into Me",MM6369,15,MM6369,,MM,1," 2/27/13"
"Emerson, Lake & Palmer","From The Beginning",SC8231,9,SC8231,,SC,1," 2/27/13"
Emma,"Free Me",SF206,6,SF206,,SF,1," 2/27/13"
"En Vogue","Free Your Mind",SC8111,9,SC8111,,SC,1," 2/27/13"
"Engvall, Bill","Fruitcake Makes Me Puke",CB60210,8,CB60210,,CB,1," 2/27/13"
Europe,"Final Countdown, The",SC8684,14,SC8684,,SC,1," 2/27/13"
"Evan & Jaron","From My Head To My Heart",CBEP470-6,16,CBEP470-6,,CB,1," 2/27/13"
"Evans, Sara","Fool I'm A Woman",SC8528,13,SC8528,,SC,1," 2/27/13"
Everclear,"Father Of Mine",PHT9901,6,PHT9901,,PH,1," 2/27/13"
Exile,"Feel Like Fooling Around",DK068,18,DK068,,DK,1," 2/27/13"
"Faith No More","Falling To Pieces",SC8869,2,SC8869,,SC,1," 2/27/13"
"Falls On Me",Fuel,PHR0310,3,PHR0310,,PH,1," 2/27/13"
Fame,Fame,MMBH1-2,17,MMBH1-2,,MM,1," 2/27/13"
"Fargo, Donna","Funny Face",CBEP452-1,12,CBEP452-1,,CB,1," 2/27/13"
"Fast Food Rockers","Fast Food Song, The",SF206,4,SF206,,SF,1," 2/27/13"
Fastball,"Fire Escape",SC8481,5,SC8481,,SC,1," 2/27/13"
"Feels Like The First Time",Foreigner,BS7517,17,BS7517,,BS,1," 2/27/13"
"Feliciano, Jose","Feliz Navidad",SC7212,13,SC7212,,SC,1," 2/27/13"
Felony,"Fanatic, The",SC8571,3,SC8571,,SC,1," 2/27/13"
Fergie,Finally,PHMP0806,6,PHMP0806,,PH,1," 2/27/13"
Ffh,"Fly Away",SC8828,13,SC8828,,SC,1," 2/27/13"
"First Time Ever I Saw Your Face","Flack, Roberta",BS5017,6,BS5017,,BS,1," 2/27/13"
"Flack, Roberta","Feel Like Makin' Love",DKM2017,6,DKM2017,,DK,1," 2/27/13"
"Flack, Roberta","Feel Like Making Love",MMRB2-3,3,MMRB2-3,,MM,1," 2/27/13"
"Flack, Roberta","First Time Ever I Saw Your Face, The",SAVP15,14,SAVP15,,SA,1," 2/27/13"
Floetry,Floetic,THH0301,11,THH0301,,TH,1," 2/27/13"
Foghat,"Fool For The City",SC8539,14,SC8539,,SC,1," 2/27/13"
Footloose,Footloose,MMBH1-4,4,MMBH1-4,,MM,1," 2/27/13"
Foreigner,"Feels Like The First Time",SC7578,15,SC7578,,SC,1," 2/27/13"
"Foster & Lloyd","Fair Shake",SC8525,4,SC8525,,SC,1," 2/27/13"
Frankee,F.U.R.B.,PHM0406,8,PHM0406,,PH,1," 2/27/13"
"Frankenreiter, Donavon & Jack Johnson",Free,PHR0408,1,PHR0408,,PH,1," 2/27/13"
"Franklin, Aretha","Freeway Of Love",SC8223,7,SC8223,,SC,1," 2/27/13"
"Franklin, Arethra","Freeway Of Love",SC8841,2,SC8841,,SC,1," 2/27/13"
"Free, Brian & Assurance","For God So Loved",CBEP466-5,16,CBEP466-5,,CB,1," 2/27/13"
"Frizzell, Lefty","Forever And Always",CB90103,15,CB90103,,CB,1," 2/27/13"
Fuel,"Falls On Me",SC8855,6,SC8855,,SC,1," 2/27/13"
"Fuel wvocal","Falls On Me",SC3389,13,SC3389,,SC,1," 2/27/13"
"Gabe Dixon Band","Five More Hours",PHMP0901,9,PHMP0901,,PH,1," 2/27/13"
"Gayle, Michell",Freedom,SF027,5,SF027,,SF,1," 2/27/13"
"Gazza & Lindisfarne","Fog On The Tyne (Revisited)",SF112,8,SF112,,SF,1," 2/27/13"
"Geils, J., Band","Freeze Frame",SC8197,5,SC8197,,SC,1," 2/27/13"
Genesis,"Follow You Follow Me",SC8611,1,SC8611,,SC,1," 2/27/13"
"George Strait","Fool Hearted Memory",SC8385,9,SC8385,,SC,1," 2/27/13"
"Gerblansky, Ned","Feel Like Making Love",SGB12,8,SGB12,,SG,1," 2/27/13"
"Gerry & Pacemakers, The","Ferry Cross The Mersey",DK023,9,DK023,,DK,1," 2/27/13"
"Gerry & The Pacemakers","Ferry Cross The Mersey",SC8563,14,SC8563,,SC,1," 2/27/13"
"Gill, Vince","Feels Like Love",CB60201,15,CB60201,,CB,1," 2/27/13"
"Gill, Vince","Feels Like This",SD074,11,SD074,,SD,1," 2/27/13"
"Gilley, Mickey","Fool For Your Love",CB60167,11,CB60167,,CB,1," 2/27/13"
"Gin Blossoms","Follow You Down",CBE3-24,15,CBE3-24,,CB,1," 2/27/13"
"Gin Blossoms","Found Out About You",SC8122,1,SC8122,,SC,1," 2/27/13"
"Gin Blossoms, The","Follow You Down",SD026,8,SD026,,SD,1," 2/27/13"
"Gin Blossoms, The","Found Out About You",MM6057,13,MM6057,,MM,1," 2/27/13"
"Glen Hansard & Marketa Irglova","Falling Slowly",PHMP0806,9,PHMP0806,,PH,1," 2/27/13"
"Go Your Own Way","Fleetwood Mac",TU060,2,TU060,,TU,1," 2/27/13"
Gospel,"Face To Face",CBEP456-2,10,CBEP456-2,,CB,1," 2/27/13"
Gospel,"Fairest Lord Jesus",CBEP456-4,5,CBEP456-4,,CB,1," 2/27/13"
Gospel,"Flow Gently Sweet Afton",DK801,15,DK801,,DK,1," 2/27/13"
Gospel,"Footsteps Of Jesus",CBEP456-4,7,CBEP456-4,,CB,1," 2/27/13"
"Grand Funk Railroad, The","Footstompin' Music",SC7562,3,SC7562,,SC,1," 2/27/13"
"Grandpa Jones","Falling Leaves",CBEP476-2,17,CBEP476-2,,CB,1," 2/27/13"
"Green, Al","For The Good Times",SC8860,9,SC8860,,SC,1," 2/27/13"
"Green, Vivian",Fanatic,PHU0308,9,PHU0308,,PH,1," 2/27/13"
"Green, Vivian wvocal",Fanatic,PHU0308,18,PHU0308,,PH,1," 2/27/13"
"Greenwood, Lee","Fool's Gold",SC8541,11,SC8541,,SC,1," 2/27/13"
Guster,"Fa Fa (Never Be The Same Again)",SC8622,1,SC8622,,SC,1," 2/27/13"
Gypsy,"Fleetwood Mac",TU060,3,TU060,,TU,1," 2/27/13"
"Haggard, Merle","Farmer's Daughter",CB90154,3,CB90154,,CB,1," 2/27/13"
"Haggard, Merle","Fightin' Side Of Me, The",CBEP452-1,14,CBEP452-1,,CB,1," 2/27/13"
"Haggard, Merle","Fugitive, The",SC2158,5,SC2158,,SC,1," 2/27/13"
Hair,"Flesh Failures (Let The Sunshine In)",SC8663,11,SC8663,,SC,1," 2/27/13"
Hair,"Frank Mills",SC8663,13,SC8663,,SC,1," 2/27/13"
"Hall, Tom T.","Faster Horses (the Cowboy And The Poet)",CB90107,1,CB90107,,CB,1," 2/27/13"
"Hall, Tom T.","Faster Horses (The Cowboy And The Poet)",CB20255,11,CB20255,,CB,1," 2/27/13"
"Hall, Tom T.","Fox On The Run",CB60136,8,CB60136,,CB,1," 2/27/13"
"Hamilton, Joe Frank & Reynolds","Fallin' In Love",CBEP474-1,8,CBEP474-1,,CB,1," 2/27/13"
"Hank Williams Jr.","Family Tradition",SC8114,2,SC8114,,SC,1," 2/27/13"
"Harry, Debbie","French Kissin' In The Usa",SF075,14,SF075,,SF,1," 2/27/13"
"Hathaway, Lalah","Forever, For Always, For Love",PHU0503,5,PHU0503,,PH,1," 2/27/13"
"Hayward, Justin","Forever Autumn",BL27,8,BL27,,BL,1," 2/27/13"
"Head Games",Foreigner,BS7517,7,BS7517,,BS,1," 2/27/13"
Heart,Fanatic,PHMP1212,9,PHMP1212,,PH,1," 2/27/13"
"Heatherly, Eric","Flowers On The Wall",SC8602,10,SC8602,,SC,1," 2/27/13"
"Helms, Bobby",Fraulein,SC8538,12,SC8538,,SC,1," 2/27/13"
"Hendrix, Jimi",Fire,SC8404,5,SC8404,,SC,1," 2/27/13"
"Hendrix, Jimi","Foxy Lady",SC1030,4,SC1030,,SC,1," 2/27/13"
"Henley, Don","For My Wedding",CB60213,13,CB60213,,CB,1," 2/27/13"
"Henry, Pauline","Feel Like Makin' Love",SF025,7,SF025,,SF,1," 2/27/13"
"Herd, The","From The Underworld",SF069,6,SF069,,SF,1," 2/27/13"
"Here Comes That Rainy Day Feeling","Fortunes, The",PLC09,5,PLC09,,PL,1," 2/27/13"
"Herndon, Ty","Few Short Years, A",SD097,14,SD097,,SD,1," 2/27/13"
"Hill, Faith",Free,CB30033,8,CB30033,,CB,1," 2/27/13"
"Hill, Jordan","For The Love Of You",PHM9607,9,PHM9607,,PH,1," 2/27/13"
"Hometown Newsÿ","First, Second Chance",CB60310,12,CB60310,,CB,1," 2/27/13"
Honeys,"Finally Found",SF126,2,SF126,,SF,1," 2/27/13"
"Hot Blooded",Foreigner,PI038,13,PI038,,PI,1," 2/27/13"
"Howard, Adina","Freak Like Me",SC8656,10,SC8656,,SC,1," 2/27/13"
"Howard, Rebecca Lynn",Forgive,CB60235,15,CB60235,,CB,1," 2/27/13"
"I Can't Help Myself","Four Tops, The",SF073,9,SF073,,SF,1," 2/27/13"
"I Don't Want To Live Without You",Foreigner,BS7517,14,BS7517,,BS,1," 2/27/13"
"I Want To Know What Love Is",Foreigner,PI038,15,PI038,,PI,1," 2/27/13"
"I'm Telling You Now","Freddie & The Dreamers",SF084,12,SF084,,SF,1," 2/27/13"
"Ian, Janis","From Me To You",SC8510,7,SC8510,,SC,1," 2/27/13"
"Idol, Bill","Flesh For Fantasy",SC2321,7,SC2321,,SC,1," 2/27/13"
"Idol, Bill wvocal","Flesh For Fantasy",SC2321,15,SC2321,,SC,1," 2/27/13"
"Idol, Billy","Flesh For Fantasy",SC8641,7,SC8641,,SC,1," 2/27/13"
"Indigo Girls, The","Fill It Up Again",PHR0408,3,PHR0408,,PH,1," 2/27/13"
"Ingram, Jack",Flutter,SC8394,12,SC8394,,SC,1," 2/27/13"
"Ingram, James & John Tesh","Forever More I'll Be The One",SC8515,1,SC8515,,SC,1," 2/27/13"
"Isley Brothers, The","Fight The Power",SC8143,12,SC8143,,SC,1," 2/27/13"
"Issacs, The","From The Depths Of My Heart",CBEP466-1,2,CBEP466-1,,CB,1," 2/27/13"
"Ivy League","Funny How Love Can Be",SF064,7,SF064,,SF,1," 2/27/13"
"J. Geils Band, The","Flame Thrower",SC8624,11,SC8624,,SC,1," 2/27/13"
"J. Geils Band, The",Freeze-Frame,SD026,12,SD026,,SD,1," 2/27/13"
"Jack Ingram",Free,PHMC1004,4,PHMC1004,,PH,1," 2/27/13"
Jaheim,Fabulous,PHU0301,2,PHU0301,,PH,1," 2/27/13"
"Jaheim & Tha Rayne",Fabulous,SC8805,11,SC8805,,SC,1," 2/27/13"
"Jaheim wvocal",Fabulous,PHU0301,11,PHU0301,,PH,1," 2/27/13"
"James Gang","Funk #49",SC8724,10,SC8724,,SC,1," 2/27/13"
"James Gang, The","Funk #49",DK1109,9,DK1109,,DK,1," 2/27/13"
"James Otto","For You",PHMC0810,9,PHMC0810,,PH,1," 2/27/13"
"James Taylor","Fire And Rain",SF166,3,SF166,,SF,1," 2/27/13"
"James, Brett","Female Bonding",MM6101,2,MM6101,,MM,1," 2/27/13"
"James, Etta","Feel Like Breakin' Up...",MM6155,12,MM6155,,MM,1," 2/27/13"
"Jamie Foxx","Fly Love",PHMU1107,6,PHMU1107,,PH,1," 2/27/13"
"Jamie Foxx feat Drake","Fall For Your Type",PHMU1102,2,PHMU1102,,PH,1," 2/27/13"
"Janet Jackson",Feedback,PHMP0804,3,PHMP0804,,PH,1," 2/27/13"
"Jars Of Clay",Flood,SC8661,11,SC8661,,SC,1," 2/27/13"
"Jefferson Starship","Find Your Way Back",SC8580,2,SC8580,,SC,1," 2/27/13"
"Jefferson, Paul","Fear Of A Broken Heart",SC8311,8,SC8311,,SC,1," 2/27/13"
"Jett, Joan","Fake Friends",SC2285,5,SC2285,,SC,1," 2/27/13"
Jewel,"Foolish Games",CBE2-29,10,CBE2-29,,CB,1," 2/27/13"
Jodeci,"Forever My Lady",SAVP25,16,SAVP25,,SA,1," 2/27/13"
"Joe Frank Hamilton & Reynolds","Fallin' In Love",SC8181,13,SC8181,,SC,1," 2/27/13"
"Joel, Billy","For The Longest Time",CBE3-21,11,CBE3-21,,CB,1," 2/27/13"
"John, Elton","Friends Never Say Goodbye",MM6316,12,MM6316,,MM,1," 2/27/13"
"John, Elton","Funeral For A Friend-Love Lies Bleeding",AH8017,11,AH8017,,AH,1," 2/27/13"
"John, Elton & The Backstreet Boys","Friends Never Say Goodbye",SC8645,8,SC8645,,SC,1," 2/27/13"
"Johnny Angel","Fabares, Shelley",KJT09,20,KJT09,,KJ,1," 2/27/13"
"Johnson, Jack",Flake,CB30029,11,CB30029,,CB,1," 2/27/13"
"Johnson, Puff","Forever More",SC8290,10,SC8290,,SC,1," 2/27/13"
"Jones, George","Finally Friday",SC8142,11,SC8142,,SC,1," 2/27/13"
"Jones, Norah","Feelin' The Same Way",THMH0307,18,THMH0307,,TH,1," 2/27/13"
"Jones, Norah","Feeling The Same Way",MM6393,7,MM6393,,MM,1," 2/27/13"
"Jordan, Montell",Falling,SC8337,12,SC8337,,SC,1," 2/27/13"
Journey,Faithfully,MM6110,13,MM6110,,MM,1," 2/27/13"
Journey,"Feeling That Way",SC8658,9,SC8658,,SC,1," 2/27/13"
"Judd, Wynonna",Freedom,CB90044,15,CB90044,,CB,1," 2/27/13"
"Judd, Wynonna And Naomi","Flies On The Butter",SC8857,15,SC8857,,SC,1," 2/27/13"
"Jukebox Heroÿÿÿ",Foreigner,BS7517,4,BS7517,,BS,1," 2/27/13"
Kansas,"Fight Fire With Fire",SC8648,14,SC8648,,SC,1," 2/27/13"
"Kanye West","Flashing Lights",PHMU0802,4,PHMU0802,,PH,1," 2/27/13"
"Karen Peck & New River","Four Days Late",CBEP478-5,16,CBEP478-5,,CB,1," 2/27/13"
"Keith Urban","For You",PHMC1207,2,PHMC1207,,PH,1," 2/27/13"
"Kelly, R.","Feeling On Your Booty",SC8726,3,SC8726,,SC,1," 2/27/13"
"Kelly, R.",Fiesta,MM6346,4,MM6346,,MM,1," 2/27/13"
"Kelly, R., Boo & Gotti",Fiesta,SC8695,10,SC8695,,SC,1," 2/27/13"
"Kershaw, Sammy","Fit To Be Tied Down",CB60014,13,CB60014,,CB,1," 2/27/13"
"Ketchum, Hal","Five O'clock World",SC8234,13,SC8234,,SC,1," 2/27/13"
"Keyes, Alicia",Fallen,SGB65,3,SGB65,,SG,1," 2/27/13"
"Keyes, Alicia",Fallin',MM6346,15,MM6346,,MM,1," 2/27/13"
"Keys, Alicia",Fallin',SC8776,11,SC8776,,SC,1," 2/27/13"
"Keys, Alicia",Falling,CBEP470-5,8,CBEP470-5,,CB,1," 2/27/13"
"Kid Rock","Feel Like Makin' Love",SC8859,11,SC8859,,SC,1," 2/27/13"
"Kid Rock",Forever,SC8732,5,SC8732,,SC,1," 2/27/13"
Kids,"Frosty The Snowman",CBEP462-1,5,CBEP462-1,,CB,1," 2/27/13"
"Killing Me Softly With His Song","Flack, Roberta",KJT08,3,KJT08,,KJ,1," 2/27/13"
"Kimberley Locke",Fall,PHMP0806,8,PHMP0806,,PH,1," 2/27/13"
"King, Matt","From Your Knees",CB20086,11,CB20086,,CB,1," 2/27/13"
"Kinks, The","Father Christmas",SC8900,6,SC8900,,SC,1," 2/27/13"
Kiss,Firehouse,SC8701,13,SC8701,,SC,1," 2/27/13"
Kiss,Forever,SC8791,4,SC8791,,SC,1," 2/27/13"
"Kool & The Gang",Fresh,SC8755,11,SC8755,,SC,1," 2/27/13"
Korn,"Falling Away From Me",SC8626,3,SC8626,,SC,1," 2/27/13"
Korn,"Freak On A Leash",SC8626,6,SC8626,,SC,1," 2/27/13"
"Korn wvocal","Freak On A Leash",SC2221,9,SC2221,,SC,1," 2/27/13"
"Krauss, Alison","Find My Way Back To My Heart",CHM9705F,17,CHM9705F,,CH,1," 2/27/13"
"Krauss, Alison","Find My Way Backto My Heart",SC8504,8,SC8504,,SC,1," 2/27/13"
"Krauss, Alison","Forget About It",SC8556,10,SC8556,,SC,1," 2/27/13"
"Krauss, Allison & Union Station","Forget About It",CB80138,8,CB80138,,CB,1," 2/27/13"
"Kravitz, Larry","Fly Away",SGB11,11,SGB11,,SG,1," 2/27/13"
"Kravitz, Lenny","Fly Away",MM6261,10,MM6261,,MM,1," 2/27/13"
"La Bouche","Fallin' In Love",PHM9611,8,PHM9611,,PH,1," 2/27/13"
"Lady Antebellum","Friday Night",PHMC1203,4,PHMC1203,,PH,1," 2/27/13"
"Lagrimas De Alegria",Fares,SC7105,1,SC7105,,SC,1," 2/27/13"
Landslide,"Fleetwood Mac",TU060,4,TU060,,TU,1," 2/27/13"
"Last Time",Fuel,TU089,9,TU089,,TU,1," 2/27/13"
"Last Time, The",Fuel,THR0203,16,THR0203,,TH,1," 2/27/13"
"Latimer, Kenny","For You",MMRB2-2,10,MMRB2-2,,MM,1," 2/27/13"
"Lattimore, Kenny","For You",MM6203,12,MM6203,,MM,1," 2/27/13"
"Laura Izibor","From My Heart To Yours",PHMU0902,5,PHMU0902,,PH,1," 2/27/13"
"Lavigne, Avril","Falling Down",SC8793,5,SC8793,,SC,1," 2/27/13"
"Lawrence, Steve",Footsteps,SAVP40,6,SAVP40,,SA,1," 2/27/13"
"Led Zeppelin","Fool In The Rain",SC8840,13,SC8840,,SC,1," 2/27/13"
"Ledoux, Chris","Five Dollar Fine",SC8341,10,SC8341,,SC,1," 2/27/13"
"Lee, Brenda","Fool #1",CB60129,14,CB60129,,CB,1," 2/27/13"
"Lee, Brenda","Fool Number One",CBEP455-4,9,CBEP455-4,,CB,1," 2/27/13"
"Lee, Peggy",Fever,MMSTA2-2,18,MMSTA2-2,,MM,1," 2/27/13"
"Leona Lewis",Fireflies,PHMU1301,5,PHMU1301,,PH,1," 2/27/13"
"Lewis, Huey & The News","Feeling Alright",SC8709,13,SC8709,,SC,1," 2/27/13"
"Liana Conway",Free,PHMC1302,9,PHMC1302,,PH,1," 2/27/13"
"Life Sucks When You Die",Fools,AMS2001,1,AMS2001,,AM,1," 2/27/13"
"Limp Bizkit",Faith,SC8626,12,SC8626,,SC,1," 2/27/13"
"Lipps Inc.","Funky Town",SF107,9,SF107,,SF,1," 2/27/13"
"Lipps Inc.",Funkytown,DK095,14,DK095,,DK,1," 2/27/13"
"Lipps, Inc.","Funky Town",CBEP468-4,13,CBEP468-4,,CB,1," 2/27/13"
"Little Big Town","Fine Line",PHMC0810,5,PHMC0810,,PH,1," 2/27/13"
"Little Feat","Fat Man In The Bathtub",SC8479,2,SC8479,,SC,1," 2/27/13"
"Little Texas","First Time For Everything",CB60106,5,CB60106,,CB,1," 2/27/13"
"Locklin, Hank","Followed Closely By My Teardrops",CB90220,15,CB90220,,CB,1," 2/27/13"
"Locklin, Hank","From Here To There To You",CB90220,12,CB90220,,CB,1," 2/27/13"
"Loggins, Kenny",Footloose,SC7506,13,SC7506,,SC,1," 2/27/13"
"Loggins, Kenny","For The First Time",SC8457,10,SC8457,,SC,1," 2/27/13"
"Loggins, Kenny","Forever Love",SC8477,12,SC8477,,SC,1," 2/27/13"
"Longer Than","Fogelberg, Dan",KC007,6,KC007,,KC,1," 2/27/13"
"Lonny Bereal feat Kelly Rowland",Favor,PHMU1111,3,PHMU1111,,PH,1," 2/27/13"
"Lopez, Jennifer","Feelin' So Good",SGB038,18,SGB038,,SG,1," 2/27/13"
"Lopez, Jennifer","Feeling So Good",MM6308,15,MM6308,,MM,1," 2/27/13"
"Lopez, Jennifer","Feelin' So Good",CB30001,13,CB30001,,CB,1," 2/27/13"
"Loring, G. & C. Anderson","Friends And Lovers",SAVP21,13,SAVP21,,SA,1," 2/27/13"
"Loring, Gloria & Carl Anderson","Friends & Lovers",SC8119,11,SC8119,,SC,1," 2/27/13"
"Lynn, Loretta","Fist City",CB90073,14,CB90073,,CB,1," 2/27/13"
"Lynn, Loretta wvocal","Fist City",SC2275,12,SC2275,,SC,1," 2/27/13"
"Lynn, Shelby","Feelin' Kind Of Lonely Tonight",CB60141,9,CB60141,,CB,1," 2/27/13"
"Lynyrd Skynyrd","Free Bird",SGB16,15,SGB16,,SG,1," 2/27/13"
Madonna,Fever,SC8246,4,SC8246,,SC,1," 2/27/13"
Madonna,Frozen,SF118,15,SF118,,SF,1," 2/27/13"
"Mandrell, Barbara","Fast Lanes And Counry Roads",SC8506,2,SC8506,,SC,1," 2/27/13"
"Mandrell, Barbara","Feed The Fire",CB90102,7,CB90102,,CB,1," 2/27/13"
"Marsha Ambrosius","Far Away",PHMU1104,3,PHMU1104,,PH,1," 2/27/13"
"Marshall Tucker Band, The","Fire On The Mountain",CBE2-12,12,CBE2-12,,CB,1," 2/27/13"
"Marshall, Amanda","Fall From Grace",MM6197,3,MM6197,,MM,1," 2/27/13"
"Marvelous 3","Freak Of The Week",SC8519,6,SC8519,,SC,1," 2/27/13"
"Matchbox 20",Feel,CB90226,12,CB90226,,CB,1," 2/27/13"
"Matchbox Twenty",Feel,THMR0310,8,THMR0310,,TH,1," 2/27/13"
"Matt Nathanson","Falling Apart",PHMP0906,9,PHMP0906,,PH,1," 2/27/13"
"Mattea, Kathy","Few Good Things Remain, A",SC8269,14,SC8269,,SC,1," 2/27/13"
Maxwell,Fortunate,SC8545,12,SC8545,,SC,1," 2/27/13"
"Maxwell wvocal",Fortunate,PHM9905,17,PHM9905,,PH,1," 2/27/13"
"Mazzy Star","Fade Into You",SC8237,12,SC8237,,SC,1," 2/27/13"
"Mccartney, Paul",Freedom,CBE3-26,15,CBE3-26,,CB,1," 2/27/13"
"Mccartney, Paul","From A Lover To A Friend",MM6352,6,MM6352,,MM,1," 2/27/13"
"Mccoy, Neal","For A Change",CB90057,2,CB90057,,CB,1," 2/27/13"
"McCoy, Neal","For A Change",SD009,3,SD009,,SD,1," 2/27/13"
"Mccoy, Neal","For A Change",CBEP460-1,16,CBEP460-1,,CB,1," 2/27/13"
"Mccoy, Neal","Forever Works For Me",MM6304,6,MM6304,,MM,1," 2/27/13"
"McCoy, Neal","Forever Works For Me",SD072,13,SD072,,SD,1," 2/27/13"
"Mcentire, Reba","Fallin' Out Of Love",CB90054,4,CB90054,,CB,1," 2/27/13"
"Mcentire, Reba","Falling Out Of Love",CB60101,12,CB60101,,CB,1," 2/27/13"
"Mcentire, Reba",Fancy,CB60011,14,CB60011,,CB,1," 2/27/13"
"Mcentire, Reba","Fear Of Being Alone, The",MM6176,2,MM6176,,MM,1," 2/27/13"
"McEntire, Reba","Fear Of Being Alone, The",SD031,3,SD031,,SD,1," 2/27/13"
"Mcentire, Reba","Fear Of Being Alone, The",CHM9610,13,CHM9610,,CH,1," 2/27/13"
"Mcentire, Reba","For Herself",CB90054,9,CB90054,,CB,1," 2/27/13"
"Mcentire, Reba","For My Broken Heart",MM6017,6,MM6017,,MM,1," 2/27/13"
"McEntire, Reba","For My Broken Heart",SC2013,6,SC2013,,SC,1," 2/27/13"
"Mcentire, Reba","For My Broken Heart",CB60011,11,CB60011,,CB,1," 2/27/13"
"Mcentire, Reba","Forever Love",CHT9809,2,CHT9809,,CH,1," 2/27/13"
"McEntire, Reba","Forever Love",SD053,2,SD053,,SD,1," 2/27/13"
"Mcentire, Reba","Forever Love",CB90055,15,CB90055,,CB,1," 2/27/13"
"McGraw, Tim","For A Little While",SD057,2,SD057,,SD,1," 2/27/13"
"Mcgraw, Tim","For A Little While",CB90036,15,CB90036,,CB,1," 2/27/13"
"McGraw, Tim","Forget About Us",CB20289,12,CB20289,,CB,1," 2/27/13"
"Mclachlan, Sarah",Fallen,SC8855,4,SC8855,,SC,1," 2/27/13"
"McLachlan, Sarah",Fallen,MM6403,6,MM6403,,MM,1," 2/27/13"
"Mclachlan, Sarah",Fallen,THP0312,14,THP0312,,TH,1," 2/27/13"
"Mclachlan, Sarah wvocal",Fallen,SC3391,12,SC3391,,SC,1," 2/27/13"
"Megan Redmond",Falling,PHMC1206,6,PHMC1206,,PH,1," 2/27/13"
Mel-B,"Feels So Good",SF176,8,SF176,,SF,1," 2/27/13"
"Melissa Etheridge","Fearless Love",PHMP1004,2,PHMP1004,,PH,1," 2/27/13"
MercyMe,"Finally Home",PHMP0906,7,PHMP0906,,PH,1," 2/27/13"
"Merle Haggard","Fugitive, The",SC8365,12,SC8365,,SC,1," 2/27/13"
Metallica,"Fade To Black",SC8756,12,SC8756,,SC,1," 2/27/13"
Metallica,"For Whom The Bell Tolls",SC2289,7,SC2289,,SC,1," 2/27/13"
Metallica,Fuel,SC8829,4,SC8829,,SC,1," 2/27/13"
"Michael, George",Faith,MM6105,14,MM6105,,MM,1," 2/27/13"
"Michael, George","Fast Love",SC8286,12,SC8286,,SC,1," 2/27/13"
"Michael, George","Father Figure",SF145,4,SF145,,SF,1," 2/27/13"
"Michael, George",Freedom,BL19,5,BL19,,BL,1," 2/27/13"
"Midler, Bette",Friends,MM6046,6,MM6046,,MM,1," 2/27/13"
"Midler, Bette","From A Distance",SC7514,14,SC7514,,SC,1," 2/27/13"
"Midnight Star",Freak-A-Zoid,SC8644,5,SC8644,,SC,1," 2/27/13"
"Miller, Mitch","Five Foot Two Eyes Of Blue",CB5018-02,13,CB5018-02,,CB,1," 2/27/13"
"Miller, Ned","From A Jack To A King",SC8114,8,SC8114,,SC,1," 2/27/13"
"Miller, Steve, Band","Fly Like An Eagle",SC8197,14,SC8197,,SC,1," 2/27/13"
"Mitchell, Joni","Free Man In Paris",SC8518,6,SC8518,,SC,1," 2/27/13"
"Modest Mouse","Float On",MM6417,12,MM6417,,MM,1," 2/27/13"
"Molly Hatchet","Flirtin' With Disaster",SC8449,9,SC8449,,SC,1," 2/27/13"
"Moments To Remember","Four Lads, The",JV0005,9,JV0005,,JV,1," 2/27/13"
"Money, Eddie","Fall In Love Again",SC8274,9,SC8274,,SC,1," 2/27/13"
Monica,"First Night, The",CBE3-25,11,CBE3-25,,CB,1," 2/27/13"
Monica,"For You I Will",CBEP457-1,15,CBEP457-1,,CB,1," 2/27/13"
"Monro, Matt","From Russia With Love",SAVP10,17,SAVP10,,SA,1," 2/27/13"
"Monroe, Matt","From Russia With Love",SC8468,7,SC8468,,SC,1," 2/27/13"
"Montgomery Gentry","Fine Line, The",SC8748,10,SC8748,,SC,1," 2/27/13"
"Montgomery, John Michael","Four-Wheel Drive",CB20553,8,CB20553,,CB,1," 2/27/13"
"Montgomery, John Michael",Friends,CHM9612,14,CHM9612,,CH,1," 2/27/13"
"Moore, Abra","Four Leaf Clover",SC8381,7,SC8381,,SC,1," 2/27/13"
"Morgan, Jane",Fascination,DK095,15,DK095,,DK,1," 2/27/13"
"Morgan, Lorrie","Five Minutes",SGB15,15,SGB15,,SG,1," 2/27/13"
"Morgan, Lorrie & Sammy Kershaw","Finally Found Someone",CB60222,9,CB60222,,CB,1," 2/27/13"
"Morissette, Alanis",Forgivin',SGB08,15,SGB08,,SG,1," 2/27/13"
Move,"Fire Brigade",SF070,6,SF070,,SF,1," 2/27/13"
"Move, The","Flowers In The Rain",SF069,3,SF069,,SF,1," 2/27/13"
"Mr. Blue","Fleetwoods, The",JV0011,8,JV0011,,JV,1," 2/27/13"
"Mumford & Sons","Feel The Tide",PHMP1207,8,PHMP1207,,PH,1," 2/27/13"
"Murphy, David Lee","Fish Ain't Bitin'",MM6080,15,MM6080,,MM,1," 2/27/13"
"Murphy, Michael Martin","Face In The Crowd, A",CB90221,7,CB90221,,CB,1," 2/27/13"
"Murray, Anne","Feed This Fire",CB90101,7,CB90101,,CB,1," 2/27/13"
Mya,Fallen,SC8864,12,SC8864,,SC,1," 2/27/13"
Mya,Free,SF180,14,SF180,,SF,1," 2/27/13"
"Myers, Billie","Few Words Too Many, A",SC8499,2,SC8499,,SC,1," 2/27/13"
"Naughty By Nature & 3LW","Feels Good",PHU0209,7,PHU0209,,PH,1," 2/27/13"
"Naughty By Nature & 3Lw","Feels Good (Don't Worry Bout A Thing)",SC8766,8,SC8766,,SC,1," 2/27/13"
"Naughty By Nature & 3LW wvocal","Feels Good",PHU0209,16,PHU0209,,PH,1," 2/27/13"
"Neither One Of Us","Franklin, Aretha",TUFP03,7,TUFP03,,TU,1," 2/27/13"
Nelly,"Flap Your Wings",SC8883,10,SC8883,,SC,1," 2/27/13"
"Nelson, Willie","Forgiving You Was Easy",SC8345,10,SC8345,,SC,1," 2/27/13"
"New Found Glory","Failure's Not Flattering",PHR0410,7,PHR0410,,PH,1," 2/27/13"
"Newman, Jimmy","Fallen Star, A",SC8383,12,SC8383,,SC,1," 2/27/13"
Nickelback,"Feelin' Way Too Damn Good",SC8883,8,SC8883,,SC,1," 2/27/13"
Nickelback,"Feeling Way Too Damn Good",MM6417,2,MM6417,,MM,1," 2/27/13"
Nickelback,"Figured You Out",SC8855,7,SC8855,,SC,1," 2/27/13"
"Nickelback wvocal","Figured You Out",SC3391,15,SC3391,,SC,1," 2/27/13"
"Nitty Gritty Dirt Band, The","Fishin' In The Dark",SC8455,13,SC8455,,SC,1," 2/27/13"
"No Woman, No Cry","Fugees, The",THM9609,2,THM9609,,TH,1," 2/27/13"
"Nugent, Ted","Free For All",SC8334,5,SC8334,,SC,1," 2/27/13"
"O'Jays, The","For The Love Of Money",SC8870,3,SC8870,,SC,1," 2/27/13"
"O'jays, The","For The Love Of Money",SAVP31,7,SAVP31,,SA,1," 2/27/13"
"O'jays, The","Forever Mine",SC8755,5,SC8755,,SC,1," 2/27/13"
"O'neal, Jamie",Frantic,CB60230,3,CB60230,,CB,1," 2/27/13"
"O'Neal, Jamie",Frantic,SC3303,4,SC3303,,SC,1," 2/27/13"
"O'neal, Jamie",Frantic,SC8795,5,SC8795,,SC,1," 2/27/13"
"Oak Ridge Boys, The","Fancy Free",CBE4-17,4,CBE4-17,,CB,1," 2/27/13"
"Ohio Players",Fire,CBEP474-1,11,CBEP474-1,,CB,1," 2/27/13"
"Ohio Players, The",Fire,PI005,16,PI005,,PI,1," 2/27/13"
"On The Radio (remember The Days)","Furtado, Nelly",THP0206,16,THP0206,,TH,1," 2/27/13"
"One Thing Leads To Another","Fixx, The",AH2005,8,AH2005,,AH,1," 2/27/13"
"One, The","Foo Fighters, The",THR0204,12,THR0204,,TH,1," 2/27/13"
Orgy,"Fiction (Dreams In Digital)",SC8673,2,SC8673,,SC,1," 2/27/13"
"Osbourne, Ozzy","Flying High Again",SC8631,13,SC8631,,SC,1," 2/27/13"
"Oslin, K.t.","Feeding A Hungry Heart",SC8302,15,SC8302,,SC,1," 2/27/13"
Outspoken,Farther,THMR0304,18,THMR0304,,TH,1," 2/27/13"
"Owen, Mark","Four Minute Warning",SF209,3,SF209,,SF,1," 2/27/13"
"Owl City",Fireflies,PHMP0912,2,PHMP0912,,PH,1," 2/27/13"
"Pablo, Petey",Freek-A-Leek,SC8908,9,SC8908,,SC,1," 2/27/13"
Parliament,Flashlight,SC8863,11,SC8863,,SC,1," 2/27/13"
"Parnell, Leroy","Family Tree",CB60159,11,CB60159,,CB,1," 2/27/13"
"Parton, Dolly","Full Circle",CB60135,9,CB60135,,CB,1," 2/27/13"
"Patsy Cline","Faded Love",SC8158,10,SC8158,,SC,1," 2/27/13"
"Paul Carrack","For Once In Our Lives",SC8389,7,SC8389,,SC,1," 2/27/13"
"Paycheck, Johnny","For A Minute There",CB90144,11,CB90144,,CB,1," 2/27/13"
"Paycheck, Johnny","Friend, Lover, Wife",SC7570,10,SC7570,,SC,1," 2/27/13"
"Peniston, Ce Ce",Finally,SF036,9,SF036,,SF,1," 2/27/13"
"Perry, Steve","Foolish Heart",CBEP467-5,14,CBEP467-5,,CB,1," 2/27/13"
"Peterson, Michael","From Here To Eternity",CHM9712,19,CHM9712,,CH,1," 2/27/13"
"Petty, Tom","Free Fallin'",SC7577,3,SC7577,,SC,1," 2/27/13"
"Petty, Tom & The Heartbreakers","Free Falling",CBE4-07,13,CBE4-07,,CB,1," 2/27/13"
"Phair, Liz","F--- And Run",SC8800,11,SC8800,,SC,1," 2/27/13"
"Pharrell & Jay Z",Frontin',PHU0309,9,PHU0309,,PH,1," 2/27/13"
"Pharrell & Jay Z wvocal",Frontin',PHU0309,18,PHU0309,,PH,1," 2/27/13"
"Pharrell Feat. Jay-Z",Frontin',THMH0310,4,THMH0310,,TH,1," 2/27/13"
Phish,Free,SC8343,4,SC8343,,SC,1," 2/27/13"
"Pickett, Wilson","Fire And Water",SAVP32,10,SAVP32,,SA,1," 2/27/13"
"Pickett, Wilson","Funky Broadway",CBEP459-2,12,CBEP459-2,,CB,1," 2/27/13"
"Pigg, Landon","Falling In Love At A Coffee Shop",PHMP0807,9,PHMP0807,,PH,1," 2/27/13"
Pillar,Fireproof,THMR0307,14,THMR0307,,TH,1," 2/27/13"
Pink,"F--kin' Perfect",PHMP1103,2,PHMP1103,,PH,1," 2/27/13"
Pink,"Family Portrait",SC8793,8,SC8793,,SC,1," 2/27/13"
Pink,"Feel Good Time",SC8834,14,SC8834,,SC,1," 2/27/13"
Pink,Funhouse,PHMP0912,3,PHMP0912,,PH,1," 2/27/13"
"Pink & William Orbit","Feel Good Time",CBE4-11,14,CBE4-11,,CB,1," 2/27/13"
"Pink Feat. William Orbit","Feel Good Time",THP0309,5,THP0309,,TH,1," 2/27/13"
"Pinkard & Bowden","Folk Music",SC8739,8,SC8739,,SC,1," 2/27/13"
Pinmonkey,Fly,SD101,10,SD101,,SD,1," 2/27/13"
"Pirates Of The Mississippi, The","Feed Jake",CB60098,15,CB60098,,CB,1," 2/27/13"
"Pointer Sisters, The",Fire,CBE20,15,CBE20,,CB,1," 2/27/13"
Poison,"Fallen Angel",SC8734,3,SC8734,,SC,1," 2/27/13"
"Powerman 5000",Free,THMR0307,12,THMR0307,,TH,1," 2/27/13"
"Presley, Elvis","Faded Love",MMVEU-03,11,MMVEU-03,,MM,1," 2/27/13"
"Presley, Elvis","Fair Is Moving On, The",MM6414,14,MM6414,,MM,1," 2/27/13"
"Presley, Elvis",Fairytales,MMVEU-02,15,MMVEU-02,,MM,1," 2/27/13"
"Presley, Elvis","Fame And Fortune",CBEP465-1,16,CBEP465-1,,CB,1," 2/27/13"
"Presley, Elvis","Farther Along",MM6382,10,MM6382,,MM,1," 2/27/13"
"Presley, Elvis",Fever,CBEP465-5,14,CBEP465-5,,CB,1," 2/27/13"
"Presley, Elvis","Find Out What's Happenin'",MM6398,4,MM6398,,MM,1," 2/27/13"
"Presley, Elvis","First In Line",MM6414,1,MM6414,,MM,1," 2/27/13"
"Presley, Elvis","First Noel, The",CB60186,16,CB60186,,CB,1," 2/27/13"
"Presley, Elvis","First Time Ever I Saw Your Face, The (Li",MM6371,9,MM6371,,MM,1," 2/27/13"
"Presley, Elvis","Flaming Star",CB90060,13,CB90060,,CB,1," 2/27/13"
"Presley, Elvis","Follow That Dream",MM6123,10,MM6123,,MM,1," 2/27/13"
"Presley, Elvis","Follow That Dream  Follow That Dream",MMVE05,10,MMVE05,,MM,1," 2/27/13"
"Presley, Elvis",Fool,MMVEU-05,1,MMVEU-05,,MM,1," 2/27/13"
"Presley, Elvis","Fool Such As I, A",CBEP465-1,14,CBEP465-1,,CB,1," 2/27/13"
"Presley, Elvis","Fool, The",MM6398,2,MM6398,,MM,1," 2/27/13"
"Presley, Elvis","Fools Fall In Love",MMVEU-07,1,MMVEU-07,,MM,1," 2/27/13"
"Presley, Elvis","For Ol' Time Sake",MMVEU-02,4,MMVEU-02,,MM,1," 2/27/13"
"Presley, Elvis","For The Good Times",MMVE08,15,MMVE08,,MM,1," 2/27/13"
"Presley, Elvis","For The Heart",CB90061,13,CB90061,,CB,1," 2/27/13"
"Presley, Elvis","For The Heart (Live) In Memphis",MM6306,5,MM6306,,MM,1," 2/27/13"
"Presley, Elvis","For The Heart-live In Memphis",MMVEU-02,5,MMVEU-02,,MM,1," 2/27/13"
"Presley, Elvis","For The Millionth And Last Time",MMVEU-01,4,MMVEU-01,,MM,1," 2/27/13"
"Presley, Elvis","Forget Me Never",MM6371,12,MM6371,,MM,1," 2/27/13"
"Presley, Elvis","Fountain Of Love",MMVEU-07,10,MMVEU-07,,MM,1," 2/27/13"
"Presley, Elvis","Frankfurt Special",MM6288,2,MM6288,,MM,1," 2/27/13"
"Presley, Elvis","Frankfurt Special  G.I. Blues",MMVE20,2,MMVE20,,MM,1," 2/27/13"
"Presley, Elvis","Frankie And Johnny",MMVE05,15,MMVE05,,MM,1," 2/27/13"
"Presley, Elvis","From A Jack To A King",CB90093,10,CB90093,,CB,1," 2/27/13"
"Presley, Elvis","Fun In Acapulco",MMVE17,3,MMVE17,,MM,1," 2/27/13"
"Presley, Elvis","Fun In Alcapulco",MM6249,3,MM6249,,MM,1," 2/27/13"
"Presley, Elvis","Funny How Time Slips Away",CB90094,8,CB90094,,CB,1," 2/27/13"
"Price, Kelly","Friend Of Mine",SC8473,14,SC8473,,SC,1," 2/27/13"
"Price, Ray","For The Good Times",DK059,18,DK059,,DK,1," 2/27/13"
"Pride, Charlie & Hal Ketchum","For Today",SC8236,5,SC8236,,SC,1," 2/27/13"
"Prisoner Of Love",Foreigner,BS7517,2,BS7517,,BS,1," 2/27/13"
"Pseudo Echo","Funky Town",CBE3-22,7,CBE3-22,,CB,1," 2/27/13"
"Pseudo Echo",Funkytown,SAVP33,13,SAVP33,,SA,1," 2/27/13"
"Public Enemy","Fight The Power",SC8760,2,SC8760,,SC,1," 2/27/13"
"Puff Johnson","Forever More",SC8349,3,SC8349,,SC,1," 2/27/13"
Queen,"Fat Bottomed Girls",SC8169,9,SC8169,,SC,1," 2/27/13"
Queen,"Friends Will Be Friends",SF056,5,SF056,,SF,1," 2/27/13"
"Queensryche & Rush","Fly By Night",SC8691,13,SC8691,,SC,1," 2/27/13"
"Queensryche & Rush",Freewill,SC8691,4,SC8691,,SC,1," 2/27/13"
"R. Kelly","Feelin' Single",PHMU1208,1,PHMU1208,,PH,1," 2/27/13"
R.E.M.,"Fall On Me",SC8894,3,SC8894,,SC,1," 2/27/13"
Radiohead,"Fake Plastic Trees",SC8749,1,SC8749,,SC,1," 2/27/13"
Rancid,"Fall Back Down",THMR0311,5,THMR0311,,TH,1," 2/27/13"
"Randy Travis","Forever & Ever Amen",SC8102,14,SC8102,,SC,1," 2/27/13"
"Randy Travis","Forever Together",SC8135,10,SC8135,,SC,1," 2/27/13"
"Rascal Flatts","Feels Like Today",SC8884,3,SC8884,,SC,1," 2/27/13"
"Rascal Flatts wvocal","Feels Like Today",PHN0409,11,PHN0409,,PH,1," 2/27/13"
"Ray Price","For The Good Times",SC8102,7,SC8102,,SC,1," 2/27/13"
"Raybon Brothers & Newton-John",Falling,MM6225,7,MM6225,,MM,1," 2/27/13"
"Rea, Chris",Fool,SC8188,7,SC8188,,SC,1," 2/27/13"
"Reach Out And Ill Be There","Four Tops",SF054,7,SF054,,SF,1," 2/27/13"
"Red Hot Chilli Peppers","Fortune Faded",SF212,14,SF212,,SF,1," 2/27/13"
"Redding, Otis","Fa-Fa-Fa-Fa-Fa (Sad Song)",SC8863,9,SC8863,,SC,1," 2/27/13"
"Reeves, Jim","Four Walls",CBE27,13,CBE27,,CB,1," 2/27/13"
Republica,"From Rush Hour With Love",SF125,7,SF125,,SF,1," 2/27/13"
Respect,"Franklin, Aretha",KJT09,7,KJT09,,KJ,1," 2/27/13"
"Restless Heart","Familiar Pain",CB60112,10,CB60112,,CB,1," 2/27/13"
"Restless Heart","Fast Movin' Train",SC8692,11,SC8692,,SC,1," 2/27/13"
"Restless Heart","Fast Moving Train",SC8214,11,SC8214,,SC,1," 2/27/13"
"Restless Heart","For Lack Of Better Words",CB60115,14,CB60115,,CB,1," 2/27/13"
"Revon The Red Line",Foreigner,BS7517,15,BS7517,,BS,1," 2/27/13"
Rhiannon,"Fleetwood Mac",TU060,5,TU060,,TU,1," 2/27/13"
"Rich, John","Forever Loving You",CB60218,15,CB60218,,CB,1," 2/27/13"
"Richard X & Kelis","Finest Dreams",SF208,14,SF208,,SF,1," 2/27/13"
"Richey, Kim","From Where I Stand",SC8267,13,SC8267,,SC,1," 2/27/13"
Ricochet,"Freedom Isn't Free",CB60232,14,CB60232,,CB,1," 2/27/13"
Rihanna,Farewell,PHMU1204,6,PHMU1204,,PH,1," 2/27/13"
"Rimes, Leann","Feels Like Home",SC8484,14,SC8484,,SC,1," 2/27/13"
"Rocky Horror Picture Show, The","Fanfare Don't Dream It",SC8472,14,SC8472,,SC,1," 2/27/13"
"Rolling Stones, The","Fool To Cry",SC8670,11,SC8670,,SC,1," 2/27/13"
"Romeo's Tune","Forbert, Steve",AMS1502,3,AMS1502,,AM,1," 2/27/13"
"Ronstadt, Linda",Frenesi,MM6009,15,MM6009,,MM,1," 2/27/13"
Roxette,"Fading Like A Flower",SAVP25,8,SAVP25,,SA,1," 2/27/13"
"Ruffin, Jimmy","Farewell Is A Lonely Sound",BL34,11,BL34,,BL,1," 2/27/13"
Rush,"Fly By Night",SC8586,13,SC8586,,SC,1," 2/27/13"
Rush,"Fly By Night-In The Mood",SGB025,10,SGB025,,SG,1," 2/27/13"
"Rushen, Patrice","Forget Me Not",CBEP468-4,17,CBEP468-4,,CB,1," 2/27/13"
"Rushen, Patrice","Forget Me Nots",SF067,9,SF067,,SF,1," 2/27/13"
"Rydell, Bobby","Forget Him",SC8575,10,SC8575,,SC,1," 2/27/13"
"S Club 8","Fool No More",SF206,13,SF206,,SF,1," 2/27/13"
"Santana & Dido","Feels Like Fire",THP0304,13,THP0304,,TH,1," 2/27/13"
"Santiago, Lina","Feels So Good",SC8257,15,SC8257,,SC,1," 2/27/13"
Santigold,Fame,PHMU1207,8,PHMU1207,,PH,1," 2/27/13"
Sara,"Fleetwood Mac",TU060,6,TU060,,TU,1," 2/27/13"
"Say You Love Me","Fleetwood Mac",TU060,7,TU060,,TU,1," 2/27/13"
"Say You Will",Foreigner,BS7517,12,BS7517,,BS,1," 2/27/13"
"Scaggs, Boz","Fly Like A Bird",SC8246,11,SC8246,,SC,1," 2/27/13"
Seal,"Fly Like An Eagle",SC8340,12,SC8340,,SC,1," 2/27/13"
"Sean Garrett feat Drake","Feel Love",PHMU1102,7,PHMU1102,,PH,1," 2/27/13"
"Second Hand Rose","Funny Girl",KC008,7,KC008,,KC,1," 2/27/13"
"Secondhand Serenade","Fall For You",PHMP0809,3,PHMP0809,,PH,1," 2/27/13"
Seether,"Fake It",PHMP0801,5,PHMP0801,,PH,1," 2/27/13"
"Seger, Bob","Fire Down Below",SGB025,13,SGB025,,SG,1," 2/27/13"
"Seger, Bob & Silver Bullet Band","Fire Lake",SC8763,4,SC8763,,SC,1," 2/27/13"
"Seger, Bob & The Silver Bullet Band","Feel Like A Number",SC8583,7,SC8583,,SC,1," 2/27/13"
"Seger, Bob & The Silver Bullet Band","Fire Lake",SC8846,12,SC8846,,SC,1," 2/27/13"
"Selena Gomez & the Scene","Falling Down",PHMP0912,7,PHMP0912,,PH,1," 2/27/13"
Shaggy,"Freaky Girl",MM6343,15,MM6343,,MM,1," 2/27/13"
"Shaw, Victoria",Forgiveness,SC8179,13,SC8179,,SC,1," 2/27/13"
"Shelton, Ricky Van","From A Jack To A King",CB90050,12,CB90050,,CB,1," 2/27/13"
"Sheppard & Brooks","Faking Love",SC8408,12,SC8408,,SC,1," 2/27/13"
"Sheppard, T. G.",Finally,CB90109,14,CB90109,,CB,1," 2/27/13"
"Sheppard, T.g.",Finally,SC8697,5,SC8697,,SC,1," 2/27/13"
"Shine Down","Fly From The Inside",THMR0307,13,THMR0307,,TH,1," 2/27/13"
Signs,"Five Man Electrical Band",PI009,15,PI009,,PI,1," 2/27/13"
Silk,"Forever & Ever",SF104,9,SF104,,SF,1," 2/27/13"
"Silver Springs","Fleetwood Mac",TU060,8,TU060,,TU,1," 2/27/13"
"Simon, Paul","Father & Daughter",MM6378,15,MM6378,,MM,1," 2/27/13"
"Simon, Paul","Father And Daughter",SC8818,2,SC8818,,SC,1," 2/27/13"
"Simply Red","For Your Babies",SC8279,7,SC8279,,SC,1," 2/27/13"
"Sinatra, Frank","Fly Me To The Moon",SC8825,14,SC8825,,SC,1," 2/27/13"
"Sinatra, Frank","French Foreign Legion",MM6085,8,MM6085,,MM,1," 2/27/13"
"Skaggs, Ricky","From The Word Love",SC8278,7,SC8278,,SC,1," 2/27/13"
Slaughter,"Fly To The Angels",SC8346,14,SC8346,,SC,1," 2/27/13"
"Sly & Family Stone","Family Affair",CBE3-19,1,CBE3-19,,CB,1," 2/27/13"
"Sly & Family Stone, The","Family Affair",DK054,14,DK054,,DK,1," 2/27/13"
"Sly & The Family Stone","Family Affair",SAVP31,5,SAVP31,,SA,1," 2/27/13"
"Smith, Will","Freakin' It",SC8593,11,SC8593,,SC,1," 2/27/13"
"Snoop Dogg","From Tha Chuuuch To Da Palace",SC8805,8,SC8805,,SC,1," 2/27/13"
Soluna,"For All Time",CB30026,3,CB30026,,CB,1," 2/27/13"
"Soul Decisi",Faded,CB30007,1,CB30007,,CB,1," 2/27/13"
"Soul Decision",Faded,SC8625,14,SC8625,,SC,1," 2/27/13"
"Soul Decision & Thrust",Faded,CBEP470-1,13,CBEP470-1,,CB,1," 2/27/13"
"Soul Doctor",Foreigner,BS7517,1,BS7517,,BS,1," 2/27/13"
Souldecision,Faded,MM6313,3,MM6313,,MM,1," 2/27/13"
"Souldecision & Thrust",Faded,CB80025,11,CB80025,,CB,1," 2/27/13"
Soundgarden,"Fell On Black Days",SC8148,15,SC8148,,SC,1," 2/27/13"
"Spears, Britney","From My Bottom Of My Broken Heart",MM6295,5,MM6295,,MM,1," 2/27/13"
"Spears, Britney","From The Bottom Of My Broken Heart",SGB030,18,SGB030,,SG,1," 2/27/13"
Staind,Fade,CB30017,14,CB30017,,CB,1," 2/27/13"
Staind,"For You",SC8735,13,SC8735,,SC,1," 2/27/13"
"Stairway To The Stars","Fitzgerald, Ella",BS4017,7,BS4017,,BS,1," 2/27/13"
"Stallone, Frank","Far From Over",SAVP12,7,SAVP12,,SA,1," 2/27/13"
"Stand Back","Fleetwood Mac",TU060,9,TU060,,TU,1," 2/27/13"
Standard,"For He's A Jolly Good Fellow",CBEP469-4,11,CBEP469-4,,CB,1," 2/27/13"
"Standard Reminiscing","Five Foot Two",SC7025,2,SC7025,,SC,1," 2/27/13"
"Standard Reminiscing","For Me And My Gal",SC7027,6,SC7027,,SC,1," 2/27/13"
"Statler Brothers, The","Flowers On The Wall",DK064,17,DK064,,DK,1," 2/27/13"
"Steely Dan","Fm (No Static At All)",SC2192,7,SC2192,,SC,1," 2/27/13"
"Stegall, Keith","Fifty Fifty",SC8285,11,SC8285,,SC,1," 2/27/13"
"Stephens, Rachel",Funkydory,SF211,12,SF211,,SF,1," 2/27/13"
"Steve Miller Band, The","Fly Like An Eagle",CBEP474-6,13,CBEP474-6,,CB,1," 2/27/13"
"Stevens, Cat","Father & Son",SC8609,4,SC8609,,SC,1," 2/27/13"
"Stevie Wonder","For Once In My Life",SC8361,2,SC8361,,SC,1," 2/27/13"
"Stevie Wonder","For Your Love",SC8164,6,SC8164,,SC,1," 2/27/13"
"Stewart, Rod","Faith Of The Heart",SC8515,7,SC8515,,SC,1," 2/27/13"
"Stewart, Rod","First Cut Is The Deepest, The",SC8722,15,SC8722,,SC,1," 2/27/13"
"Stewart, Rod","Forever Young",SC8722,3,SC8722,,SC,1," 2/27/13"
Sting,"Fields Of Gold",SC8272,12,SC8272,,SC,1," 2/27/13"
Sting,"Fortress Around Your Heart",SC8643,2,SC8643,,SC,1," 2/27/13"
Sting,Fragile,SC2336B,2,SC2336B,,SC,1," 2/27/13"
"Sting wvocal",Fragile,SC2336B,10,SC2336B,,SC,1," 2/27/13"
"Stone, Doug","Faith In Me, Faith In You",SD016,13,SD016,,SD,1," 2/27/13"
"Stone, Doug","Fourteen Minutes Old",MM6065,2,MM6065,,MM,1," 2/27/13"
"Strait, George","Famous Last Words Of A Fool",SC8703,7,SC8703,,SC,1," 2/27/13"
"Strait, George","Fire I Can't Put Out, A",SC8493,13,SC8493,,SC,1," 2/27/13"
"Strait, George","Fireman, The",SC8703,11,SC8703,,SC,1," 2/27/13"
"Strait, George","Fool Hearted Memory",CBE06,10,CBE06,,CB,1," 2/27/13"
"Streisand, Barbra","For All We Know",SC8302,3,SC8302,,SC,1," 2/27/13"
"Streisand, Barbra","Free Again",MMSTA2-1,13,MMSTA2-1,,MM,1," 2/27/13"
"Stripes White, The","Fell In Love With A Girl",SC3324,7,SC3324,,SC,1," 2/27/13"
"Studdard, Ruben","Flying Without Wings",MM6390,15,MM6390,,MM,1," 2/27/13"
Styx,"Fooling Yourself",SC8725,7,SC8725,,SC,1," 2/27/13"
"Sugar Ray","Falls Apart",SC8640,13,SC8640,,SC,1," 2/27/13"
"Sugar Ray","Falls Apart(Run Away)",MM6292,10,MM6292,,MM,1," 2/27/13"
"Sugar Ray",Fly,SC8640,12,SC8640,,SC,1," 2/27/13"
"Sum 41","Fat Lip",SC8699,12,SC8699,,SC,1," 2/27/13"
Surface,"First Time, The",SC8126,4,SC8126,,SC,1," 2/27/13"
Sweet,"Fox On The Run",SC8750,13,SC8750,,SC,1," 2/27/13"
"Sweet, The","Fox On The Run",SF035,9,SF035,,SF,1," 2/27/13"
"T-Pain Feat Chris Brown",Freeze,PHMP0904,5,PHMP0904,,PH,1," 2/27/13"
"Tamperer & Maya","Feel It",SF120,10,SF120,,SF,1," 2/27/13"
"Taylor, James","Fire And Rain",SC7547,14,SC7547,,SC,1," 2/27/13"
"That Was Yesterday",Foreigner,BS7517,13,BS7517,,BS,1," 2/27/13"
"The Dream",Falsetto,PHMU0803,5,PHMU0803,,PH,1," 2/27/13"
"The Killers feat Ryan Pardey","Feel It In My Bones",PHMP1302,9,PHMP1302,,PH,1," 2/27/13"
"The Little Willies","For The Good Times",PHMC1204,9,PHMC1204,,PH,1," 2/27/13"
"The Script","For The First Time",PHMP1102,3,PHMP1102,,PH,1," 2/27/13"
"Til You Come Back To Me","Franklin, Aretha",DG02,4,DG02,,DG,1," 2/27/13"
"Timbuk 3","Future's So Bright, I Gotta Wear Shades",SC8176,8,SC8176,,SC,1," 2/27/13"
"Times Like These","Foo Fighters",TU186,17,TU186,,TU,1," 2/27/13"
"Tippin, Aaron","For You I Will",SD057,13,SD057,,SD,1," 2/27/13"
"Toad The Wet Sprocket","Fall Down",SC8242,11,SC8242,,SC,1," 2/27/13"
"Tone Loc","Funky Cold Medina",SF016,15,SF016,,SF,1," 2/27/13"
"Townsend, Ed","For Your Love",MMOLD02,20,MMOLD02,,MM,1," 2/27/13"
Traditional,"Frosty The Snowman",SC7210,11,SC7210,,SC,1," 2/27/13"
Train,Free,SC8519,12,SC8519,,SC,1," 2/27/13"
"Travis, Randy","Forever And Ever Amen",MMCP2K04,20,MMCP2K04,,MM,1," 2/27/13"
"Travis, Randy","Forever And Ever, Amen",MMGCP9804,20,MMGCP9804,,MM,1," 2/27/13"
"Travis, Randy","Forever Together",CB60101,13,CB60101,,CB,1," 2/27/13"
"Travis, Randy & George Jones","Few Good Ole Country Boys, A",CB60149,14,CB60149,,CB,1," 2/27/13"
"Tritt, Travis","Foolish Pride",SC8120,11,SC8120,,SC,1," 2/27/13"
"Tucker, Tanya","Find Out What's Happenin'",CB90041,14,CB90041,,CB,1," 2/27/13"
"Turner, Joe","Flip, Flop & Fly",SGB056,7,SGB056,,SG,1," 2/27/13"
"Turner, Trik","Friends & Family",SC8757,6,SC8757,,SC,1," 2/27/13"
"Tv Theme","F Troop",MM6031,9,MM6031,,MM,1," 2/27/13"
"Tv Theme","Facts Of Life, The",SC8435,9,SC8435,,SC,1," 2/27/13"
"Tv Theme","Family Matters",SC8435,14,SC8435,,SC,1," 2/27/13"
"Tv Theme","Family Ties",SC8435,18,SC8435,,SC,1," 2/27/13"
"Tv Theme","Fat Albert & The Cosby Kids",SC8438,22,SC8438,,SC,1," 2/27/13"
"Tv Theme","Felix The Cat",SC8438,4,SC8438,,SC,1," 2/27/13"
"Tv Theme",Flintstones,MM6031,12,MM6031,,MM,1," 2/27/13"
"TV Theme","Flintstones, The",SC7210,27,SC7210,,SC,1," 2/27/13"
"Tv Theme","Fresh Prince Of Bel-Air",SC8435,11,SC8435,,SC,1," 2/27/13"
"Tv Theme","Full House",SC8435,4,SC8435,,SC,1," 2/27/13"
"Tv Tunes",F-Troop,SC8116,8,SC8116,,SC,1," 2/27/13"
"Tv Tunes","Flintstones, The",SC8116,15,SC8116,,SC,1," 2/27/13"
"Tv Tunes","Fresh Prince Of Bel Air",SC2163,1,SC2163,,SC,1," 2/27/13"
"Twain, Shania","Forever & For Always",SC8904,15,SC8904,,SC,1," 2/27/13"
"Twain, Shania","Forever And For Always",THMC0307,20,THMC0307,,TH,1," 2/27/13"
"Twain, Shania","From This Moment On",SGB19,15,SGB19,,SG,1," 2/27/13"
"Twain, Shania & Bryan White","From This Moment On",CBEP463-3,17,CBEP463-3,,CB,1," 2/27/13"
"Twain, Shania & White, Bryan","From This Moment On",SC7600,13,SC7600,,SC,1," 2/27/13"
"Twitty, Conway","Fifteen Years Ago",CB80101,14,CB80101,,CB,1," 2/27/13"
"Twitty, Conway & Loretta Lynn",Feelings,SC8408,5,SC8408,,SC,1," 2/27/13"
"Ultra Nate","Found A Cure",SF120,9,SF120,,SF,1," 2/27/13"
"Uncle Kracker","Follow Me",SC8680,13,SC8680,,SC,1," 2/27/13"
Upo,"Feel Alive",SC8673,5,SC8673,,SC,1," 2/27/13"
Urgent,Foreigner,BS7517,9,BS7517,,BS,1," 2/27/13"
"Vale, Jerry","For Mama",MMSTA2-2,7,MMSTA2-2,,MM,1," 2/27/13"
"Van Halen","Feel Your Love Tonight",SGB04,1,SGB04,,SG,1," 2/27/13"
"Van Halen","Finish What Ya Started",SC8583,1,SC8583,,SC,1," 2/27/13"
"Van Shelton, Ricky","From A Jack To A King",CBE3-07,8,CBE3-07,,CB,1," 2/27/13"
"Velvet Revolver","Fall To Pieces",PHR0411,3,PHR0411,,PH,1," 2/27/13"
"Velvet Revolver wvocal","Fall To Pieces",PHR0411,12,PHR0411,,PH,1," 2/27/13"
"Verve Pipe","Freshman, The",PHGH1900-3,8,PHGH1900-3,,PH,1," 2/27/13"
"Verve Pipe, The","Freshmen, The",SC8369,13,SC8369,,SC,1," 2/27/13"
"Vogues, The","Five O'clock World",SC8218,14,SC8218,,SC,1," 2/27/13"
"Wagoner, Porter & Dolly Parton","Forty Miles From Poplar Bluff",CB90083,12,CB90083,,CB,1," 2/27/13"
"Waiting For A Girl Like You",Foreigner,BS7517,8,BS7517,,BS,1," 2/27/13"
"Walker, Clay","Few Questions, A",MM6389,10,MM6389,,MM,1," 2/27/13"
"Walker, Clay wvocal","Few Questions, A",PHN0308,17,PHN0308,,PH,1," 2/27/13"
"Ward, Chris","Fall Reaching",MM6168,12,MM6168,,MM,1," 2/27/13"
"Wariner, Steve","Faith In You",CB60197,13,CB60197,,CB,1," 2/27/13"
"Watson, Gene","Farewell Party",SC7555,6,SC7555,,SC,1," 2/27/13"
"Watson, Gene","Forever Again",CB90081,14,CB90081,,CB,1," 2/27/13"
"Watson, Gene","Fourteen Carat Mind",CBE2-03,15,CBE2-03,,CB,1," 2/27/13"
"Wayne Brady",F.W.B.,PHMU0904,6,PHMU0904,,PH,1," 2/27/13"
Wham,Freedom,DK052,9,DK052,,DK,1," 2/27/13"
"What It Is To Burnÿ",Finch,THR0305,14,THR0305,,TH,1," 2/27/13"
"What's Luv","Fat & Ashanti",THH0205,11,THH0205,,TH,1," 2/27/13"
"WHEN THE LIGHTS GO DOWN","FAITH HILL",TT161,20,TT161,,TT,1," 2/27/13"
"Where Do We Go From Here",Filter,THR0210,10,THR0210,,TH,1," 2/27/13"
"White Stripes, The","Fell In Love With A Girl",SC8789,3,SC8789,,SC,1," 2/27/13"
Whitesnake,"Fool For Your Lovin'",SF021,1,SF021,,SF,1," 2/27/13"
Whitesnake,"Fool For Your Loving",SC8585,2,SC8585,,SC,1," 2/27/13"
Whodini,"Freaks Come Out At Night",SC8875,15,SC8875,,SC,1," 2/27/13"
"Wilkinsons, The","Fly The Angel Song",SC8496,12,SC8496,,SC,1," 2/27/13"
"Williams Jr., Hank & Kid Rock","F Word (Live Tv Version), The",SC8769,7,SC8769,,SC,1," 2/27/13"
"Williams Jr., Hank & Kid Rock","F Word, The (Live TV Version)",SC3318,7,SC3318,,SC,1," 2/27/13"
"Williams, Don","Falling Again",SC8676,3,SC8676,,SC,1," 2/27/13"
"Williams, Hank Jr.","Family Tradition",CB60016,10,CB60016,,CB,1," 2/27/13"
"Williams, Hank Jr.","Finders Are Keepers",SC7569,2,SC7569,,SC,1," 2/27/13"
"Williams, Robbie",Feel,MM6384,3,MM6384,,MM,1," 2/27/13"
"Williams, Robbie",Freedom,SF061,7,SF061,,SF,1," 2/27/13"
"Willis, Bob","Faded Love",DK074,18,DK074,,DK,1," 2/27/13"
"Wills, Bob","Faded Love",DKM2018,12,DKM2018,,DK,1," 2/27/13"
"Winter, Edgar","Free Ride",DK1109,6,DK1109,,DK,1," 2/27/13"
"Winter, Edgar, Group","Free Ride",CBE4-04,1,CBE4-04,,CB,1," 2/27/13"
"Winwood, Steve","Finer Things, The",SC8378,14,SC8378,,SC,1," 2/27/13"
"Wiseman, Mac","Footprints In The Snow",CBEP476-4,13,CBEP476-4,,CB,1," 2/27/13"
"With Heaven On Our Side",Foreigner,BS7517,3,BS7517,,BS,1," 2/27/13"
"Womack, Lee Ann","Fool, The",CHM9708,16,CHM9708,,CH,1," 2/27/13"
"Womack, Lee Ann","Forever Everyday",SC8794,14,SC8794,,SC,1," 2/27/13"
"Womack, Lee Ann wvocal","Forever Everyday",SC3340,14,SC3340,,SC,1," 2/27/13"
"Wonder, Stevie","For Once In My Life",SC8866,11,SC8866,,SC,1," 2/27/13"
"Worley, Darryl","Family Tree",CB60243,10,CB60243,,CB,1," 2/27/13"
"Worley, Darryl wvocal","Family Tree",SC3340,12,SC3340,,SC,1," 2/27/13"
"Worleyl, Darryl","Family Tree",SC8794,13,SC8794,,SC,1," 2/27/13"
Wynonna,Freedom,CB20102,10,CB20102,,CB,1," 2/27/13"
"Wynonna & Naomi Judd","Flies On The Butter",PHN0405,3,PHN0405,,PH,1," 2/27/13"
"Wynonna & Naomi Judd","Flies On The Butter (You Can't Go Home A",SC3387,1,SC3387,,SC,1," 2/27/13"
"Wynonna & Naomi Judd wvocal","Flies On The Butter (You Can't Go Home A",SC3387,9,SC3387,,SC,1," 2/27/13"
"Xtm & Dj Chucky Presents","Fly On The Wings Of Love",SF207,10,SF207,,SF,1," 2/27/13"
"Yankovic, Weird Al",Fat,SGB23,2,SGB23,,SG,1," 2/27/13"
"Yardbirds, The","For Your Love",DK019,16,DK019,,DK,1," 2/27/13"
"Yates, Billy",Flowers,CHM9707,17,CHM9707,,CH,1," 2/27/13"
"Yoakam, Dwight","Fast As You",MMGCOU01,12,MMGCOU01,,MM,1," 2/27/13"
"Young Gunz","Friday Night",PHU0407,6,PHU0407,,PH,1," 2/27/13"
"Young, Faron","Face To The Wall",CB90217,12,CB90217,,CB,1," 2/27/13"
