"3 Doors Down",Kryptonite,CBEP470-2,1,CBEP470-2,CB,1," 2/27/13"
Abba,"Knowing Me Knowing You",MM6302,7,MM6302,MM,1," 2/27/13"
Again,"Kravitz, Lenny",PHM0101,5,PHM0101,PH,1," 2/27/13"
Ainsley,"Keep Me A Secret",SF202,13,SF202,SF,1," 2/27/13"
Alabama,"Katy Brought My Guitar Back Today",SC8301,1,SC8301,SC,1," 2/27/13"
Alabama,"Keepin' Up",CB90002,15,CB90002,CB,1," 2/27/13"
"All My Life","K-Ci & JoJo",PHM9803,6,PHM9803,PH,1," 2/27/13"
"Alone I Break",Korn,TU142,2,TU142,TU,1," 2/27/13"
Amazing,"Kelley, Josh",PHM0401,8,PHM0401,PH,1," 2/27/13"
"American Bad Ass","Kid Rock",TU098,2,TU098,TU,1," 2/27/13"
"American Woman","Kravitz, Lenny",PHT9915,6,PHT9915,PH,1," 2/27/13"
"Anderson, Lynn","Keep Me In Mind",CB90114,9,CB90114,CB,1," 2/27/13"
"Andre, Peter","Kiss The Girl",SF123,5,SF123,SF,1," 2/27/13"
"Andrews, Jessica",Karma,SD092,10,SD092,SD,1," 2/27/13"
"Andy Grammer","Keep Your Head Up",PHMP1109,2,PHMP1109,PH,1," 2/27/13"
"Anka, Paul","Kissin' On The Phone",SAVP06,6,SAVP06,SA,1," 2/27/13"
"Are You Gonna Go My Way","Kravitz, Lenny",BS5417,15,BS5417,BS,1," 2/27/13"
"Armstrong, Louis","Kiss To Build A Dream On, A",MM6037,15,MM6037,MM,1," 2/27/13"
Avant,"Kiss Goodbye",PHMU1101,9,PHMU1101,PH,1," 2/27/13"
Avant,"Kiss Goodbye (MPX)",PHMU1101,18,PHMU1101,PH,1," 2/27/13"
"Banks, Lloyd",Karma,PHU0501,1,PHU0501,PH,1," 2/27/13"
Bawitdaba,"Kid Rock",TU098,3,TU098,TU,1," 2/27/13"
"Beach Boys, The",Kokomo,CBE21,7,CBE21,CB,1," 2/27/13"
"Being Green","Kermit The Frog",KC009,14,KC009,KC,1," 2/27/13"
Believe,"Kravitz, Lenny",NT005,7,NT005,NT,1," 2/27/13"
"Bellamy Brothers","Kids Of The Baby Boom",CB90110,15,CB90110,CB,1," 2/27/13"
"Bellamy Brothers, The","Kids Of The Baby Boom",CBE4-19,4,CBE4-19,CB,1," 2/27/13"
"Benton, Brook",Kiddeo,DK070,11,DK070,DK,1," 2/27/13"
"Benton, Brook",Kiddio,CBEP459-4,16,CBEP459-4,CB,1," 2/27/13"
"Berry, John","Kiss Me In The Car",MM6080,10,MM6080,MM,1," 2/27/13"
Beth,Kiss,AH8002,1,AH8002,AH,1," 2/27/13"
"Better Than Ezra","King Of New Orleans",SC8348,14,SC8348,SC,1," 2/27/13"
"Black Crowes, The","Kicking My Heart Around",SC8515,14,SC8515,SC,1," 2/27/13"
"Black, Clint","Killin' Time",MM6011,13,MM6011,MM,1," 2/27/13"
Blackhawk,"King Of The World",MM6181,13,MM6181,MM,1," 2/27/13"
"Bon Jovi","Keep The Faith",SC8638,13,SC8638,SC,1," 2/27/13"
"Born To Be A Hick","Kid Rock",TU098,4,TU098,TU,1," 2/27/13"
"Brady Bunch, The","Keep On",SC8620,5,SC8620,SC,1," 2/27/13"
"Broadman Hymnal","Keep Walkin'",CB70023,8,CB70023,CB,1," 2/27/13"
"Brooks, Garth","Kickin' And Screamin'",SC8243,2,SC8243,SC,1," 2/27/13"
"Buble, Michael","Kissing A Fool",MM6410,2,MM6410,MM,1," 2/27/13"
Buckinghams,"Kind Of A Drag",CBEP472-5,11,CBEP472-5,CB,1," 2/27/13"
"Buckinghams, The","Kind Of A Drag",SGB049,9,SGB049,SG,1," 2/27/13"
Butterflyz,"Keys, Alicia",TU173,4,TU173,TU,1," 2/27/13"
"Bye Bye Birdie",Kids,DK1107,10,DK1107,DK,1," 2/27/13"
"Byrd, Tracy","Keeper Of The Stars, The",SC7595,14,SC7595,SC,1," 2/27/13"
"Byrd, Tracy wvocal","Keeper Of The Stars, The",SC2127,10,SC2127,SC,1," 2/27/13"
"Cali Swag District",Kickback,PHMU1105,8,PHMU1105,PH,1," 2/27/13"
"Call My Job","King, Albert",HV06B,13,HV06B,HV,1," 2/27/13"
"Carry On My Wayward Son",Kansas,DG01,13,DG01,DG,1," 2/27/13"
"Carter, Clarence","Kiss You All Over",SC2027,6,SC2027,SC,1," 2/27/13"
"Cartman, Eric","Kyles Mom's A Bitch",SGB12,12,SGB12,SG,1," 2/27/13"
"Cash, June Carter","Keep On The Sunny Side",SC3386,7,SC3386,SC,1," 2/27/13"
"Cash, June Carter wvocal","Keep On The Sunny Side",SC3386,15,SC3386,SC,1," 2/27/13"
Catatonia,"Karaoke Queen",SF140,9,SF140,SF,1," 2/27/13"
"Chanel, Bruce","Keep On",SF100,3,SF100,SF,1," 2/27/13"
"Cherish Feat Yung Joc",Killa,PHMU0804,6,PHMU0804,PH,1," 2/27/13"
"Children'sAnimal Songs",Kookaburra,SC7008,8,SC7008,SC,1," 2/27/13"
"Clarence Carter","Kiss You All Over",SC8117,9,SC8117,SC,1," 2/27/13"
"Clark, Terri","Keeper Of The Flame",SC8351,14,SC8351,SC,1," 2/27/13"
"Come Dancing","Kinks, The",AH8013,14,AH8013,AH,1," 2/27/13"
"Confederate Railroad, The","Keep On Rockin'",CB60115,11,CB60115,CB,1," 2/27/13"
"Courtesy Of The Red White And Blu","Keith, Toby",TU127,4,TU127,TU,1," 2/27/13"
"Courtesy Of The Red White And Blue","Keith, Toby",TU185,3,TU185,TU,1," 2/27/13"
"Courtesy Of The Red, White, & Blue","Keith, Toby",PHN0208,1,PHN0208,PH,1," 2/27/13"
Cowboy,"Kid Rock",TU098,5,TU098,TU,1," 2/27/13"
Crazy,"K-Ci & JoJo",PHM0103,9,PHM0103,PH,1," 2/27/13"
"Crow, Sheryl","Kiss That Girl",MM6340,7,MM6340,MM,1," 2/27/13"
"Culture Club","Karma Chameleon",SC8197,7,SC8197,SC,1," 2/27/13"
"Cummings, Chris","Kind Of Heart That Breaks, The",SD047,13,SD047,SD,1," 2/27/13"
"Dark & Grey","Kid Rock",TU098,6,TU098,TU,1," 2/27/13"
"Dave Hollister, Daveÿ& Az","Keep Lovin' You",CB30035,9,CB30035,CB,1," 2/27/13"
"Davis, Mac","Kiss It And Make It Better",CB90116,15,CB90116,CB,1," 2/27/13"
Dawn,"Knock Three Times",CBEP464-2,17,CBEP464-2,CB,1," 2/27/13"
"Dean, Billy, Suzy Bogguss & Jilian","Keep Mom And Dad In Love",CB60220,9,CB60220,CB,1," 2/27/13"
"Dean, Billy, Suzy Bogguss & Jillian","Keep Mom And Dad In Love",SC8711,15,SC8711,SC,1," 2/27/13"
"Deep Purple","Kentucky Woman",SC8724,13,SC8724,SC,1," 2/27/13"
"Deep Purple","Knocking At Your Back Door",SC8756,1,SC8756,SC,1," 2/27/13"
"Devil Without A Cause","Kid Rock",TU098,7,TU098,TU,1," 2/27/13"
"Diamond, Neil","Kentucky Woman",CBEP472-5,14,CBEP472-5,CB,1," 2/27/13"
"Dig In","Kravitz, Lenny",THR0112,18,THR0112,TH,1," 2/27/13"
"Don't Close Your Eyes",Kixx,AMS1501,4,AMS1501,AM,1," 2/27/13"
"Don't Think I'm Not",Kandi,TU022,9,TU022,TU,1," 2/27/13"
"Douglas, Carl","Kung Fu Fighting",DK003,14,DK003,DK,1," 2/27/13"
"Duglas, Carl","Kung Fu Fighting",SF104,3,SF104,SF,1," 2/27/13"
"Dupree, Simon & The Big Sound",Kites,SF087,13,SF087,SF,1," 2/27/13"
"Dylan, Bob","Knockin' On Heaven's Door",SC7529,15,SC7529,SC,1," 2/27/13"
"Elton John","Kiss The Bride",SC8182,10,SC8182,SC,1," 2/27/13"
"Elvis Presley","Kentucky Rain",SC8155,13,SC8155,SC,1," 2/27/13"
"Emerson, Lake & Palmer","Karn Evil #9",AH8003,15,AH8003,AH,1," 2/27/13"
"Exies, The",Kickout,THMR0308,4,THMR0308,TH,1," 2/27/13"
Exile,"Kiss You All Over",BL18,15,BL18,BL,1," 2/27/13"
"Fairchild, Barbara","Kid Stuff",SC8558,5,SC8558,SC,1," 2/27/13"
"Fist Of Rage","Kid Rock",TU098,8,TU098,TU,1," 2/27/13"
"Flack, Roberta","Killing Me Softly",DKM2030,4,DKM2030,DK,1," 2/27/13"
"Flack, Roberta","Killing Me Softly (With His Song)",DK041,9,DK041,DK,1," 2/27/13"
"Flack, Roberta","Killing Me Softly With His Song",SAVP13,8,SAVP13,SA,1," 2/27/13"
"Floyd, Eddie","Knock On Wood",CBEP459-2,16,CBEP459-2,CB,1," 2/27/13"
"Ford, Lita","Kiss Me Deadly",DK028,17,DK028,DK,1," 2/27/13"
Forever,"Kid Rock",THR0202,14,THR0202,TH,1," 2/27/13"
"Four Tops, The","Keeper Of The Castle",SC8204,3,SC8204,SC,1," 2/27/13"
Fugees,"Killing Me Softly",SAVP20,15,SAVP20,SA,1," 2/27/13"
"Fugees, The","Killing Me Softly",MMRB2-2,15,MMRB2-2,MM,1," 2/27/13"
"Fugees, The","Killing Me Softly (With His Song)",BL08,15,BL08,BL,1," 2/27/13"
"Fugees, The & Lauryn Hill","Killing Me Softly",CB40018,12,CB40018,CB,1," 2/27/13"
"Gary Allan","Kiss Me When I'm Down",PHMC1012,5,PHMC1012,PH,1," 2/27/13"
"Generation X","King Rocker",SF109,7,SF109,SF,1," 2/27/13"
"Gentrys, The","Keep On Dancing",DK030,10,DK030,DK,1," 2/27/13"
"Georgia Satellites, The","Keep Your Hands To Yourself",SC7509,15,SC7509,SC,1," 2/27/13"
"Getcha Some","Keith, Toby",SC3100,3,SC3100,SC,1," 2/27/13"
"Gibbs, Georgia","Kiss Of Fire",DK036,18,DK036,DK,1," 2/27/13"
"Gill, Vince","Key To Life, The",SC8751,3,SC8751,SC,1," 2/27/13"
"Gill, Vince","Kindly Keep It Country",CB60125,10,CB60125,CB,1," 2/27/13"
"Give It To You","Knight, Jordan",PHT9906,8,PHT9906,PH,1," 2/27/13"
"Give It Up","K.C. & The Sunshine Band",AH8421,3,AH8421,AH,1," 2/27/13"
"Go West","King Of Wishful Thinking",SC8518,15,SC8518,SC,1," 2/27/13"
"Good Time Charlie","King, Albert",HV06B,5,HV06B,HV,1," 2/27/13"
Gospel,"Keep Walkin'",CBEP456-7,8,CBEP456-7,CB,1," 2/27/13"
Gospel,"King Of Eternity",CB70003,11,CB70003,CB,1," 2/27/13"
"Guns 'N' Roses","Knockin' On Heaven's Door",AH8007,1,AH8007,AH,1," 2/27/13"
"Guns N' Roses","Knockin' On Heaven's Door",SGB025,5,SGB025,SG,1," 2/27/13"
"Guns N' Roses","Knockin' On Heaven'S Door",SC8869,1,SC8869,SC,1," 2/27/13"
"Haggard, Merle","Kentucky Gambler",CB90025,12,CB90025,CB,1," 2/27/13"
"Hall & Oates","Kiss On My List",SC8427,6,SC8427,SC,1," 2/27/13"
"Hank Williams Jr.","Keep The Change",PHMC1201,4,PHMC1201,PH,1," 2/27/13"
"Harrison, Wilbert","Kansas City",MMGCP9810,18,MMGCP9810,MM,1," 2/27/13"
"Hating (everything That I Could Find)",Korn,TU142,5,TU142,TU,1," 2/27/13"
"He Drinks Tequila","Kershaw & Morgan",TUFP07,13,TUFP07,TU,1," 2/27/13"
"Here To Stay",Korn,PHR0206,8,PHR0206,PH,1," 2/27/13"
"Hero (theme From Spiderman)","Kroeger, Chad & Josey Scott",PHR0207,1,PHR0207,PH,1," 2/27/13"
"Higgins, Bertie","Key Largo",MMGCP9806,17,MMGCP9806,MM,1," 2/27/13"
"Holly Williams","Keep The Change",PHMC0906,9,PHMC0906,PH,1," 2/27/13"
"How Come You Don't Call Me","Keys, Alicia",PHM0207,3,PHM0207,PH,1," 2/27/13"
"How Do You Like Me Now","Keith, Toby",TUFP25,14,TUFP25,TU,1," 2/27/13"
"Human League, The","Keep Feeling Fascination",SC8314,15,SC8314,SC,1," 2/27/13"
"I Am The Bullgod","Kid Rock",TU098,10,TU098,TU,1," 2/27/13"
"I Believe I Can Fly",Kelly,PHM9701,7,PHM9701,PH,1," 2/27/13"
"I Believe I Can Fly","Kelly, R.",PI048,1,PI048,PI,1," 2/27/13"
"I Can't Sleep Baby",Kelly,THM9609,9,THM9609,TH,1," 2/27/13"
"I Could Never Take The Place Of Your Man","Knight, Jordan",PHT9913,6,PHT9913,PH,1," 2/27/13"
"I Love This Bar","Keith, Toby",TU228,8,TU228,TU,1," 2/27/13"
"I Say A Little Prayer","King, Diana",PHM9709,4,PHM9709,PH,1," 2/27/13"
"I Wanna Talk About Me","Keith, Toby",PHN0201,3,PHN0201,PH,1," 2/27/13"
"I'm Just Talkin' About Tonight","Keith, Toby",TUFP25,18,TUFP25,TU,1," 2/27/13"
"I'm Your Angel","Kelly & Dion",PHT9812,2,PHT9812,PH,1," 2/27/13"
"I've Got To Use My Imagination","Knight, Gladys & The Pips",DG09,9,DG09,DG,1," 2/27/13"
"Jay & Techniques, The","Keep The Ball Rollin'",SAVP27,4,SAVP27,SA,1," 2/27/13"
"Jim & Jesse","Knoxville Girl",CBE3-15,14,CBE3-15,CB,1," 2/27/13"
"Jimmie Rodgers","Kisses Sweeter Than Wine",SC8196,1,SC8196,SC,1," 2/27/13"
"Jimmy White","Katy Did",PHMC1106,8,PHMC1106,PH,1," 2/27/13"
"Joel, Billy","Keeping The Faith",SC8667,14,SC8667,SC,1," 2/27/13"
"Joel, Billy","Keepin' The Faith",CBEP467-5,2,CBEP467-5,CB,1," 2/27/13"
"Jones, Tom",Kiss,SC8718,12,SC8718,SC,1," 2/27/13"
"Just Got Paid","Kemp, Johnny",AH8014,9,AH8014,AH,1," 2/27/13"
"K.C. & The Sunshine Band","Keep It Comin' Love",CB90192,10,CB90192,CB,1," 2/27/13"
"Katie Armiger","Kiss Me Now",PHMC1005,8,PHMC1005,PH,1," 2/27/13"
"Kc & The Sunshine Band","Keep It Comin' Love",SC8634,13,SC8634,SC,1," 2/27/13"
"KC & The Sunshine Band","Keep It Coming Love",CBEP468-3,3,CBEP468-3,CB,1," 2/27/13"
"Keith Sweat feat Johnny Gill & Gerald Le","Knew It All Along",PHMU1205,4,PHMU1205,PH,1," 2/27/13"
"Keith Urban","Kiss A Girl",PHMC0906,1,PHMC0906,PH,1," 2/27/13"
"Kendricks, Eddie","Keep On Truckin'",DK068,6,DK068,DK,1," 2/27/13"
"Keri Hilson feat Kanye West & Ne-Yo","Knock You Down",PHMU0911,3,PHMU0911,PH,1," 2/27/13"
"Kevin Spencer Family, The","Keys To The Kingdom",CBEP466-4,11,CBEP466-4,CB,1," 2/27/13"
"Keys, Alicia",Karma,PHU0502,1,PHU0502,PH,1," 2/27/13"
"King, Jessica","Keep Me In Your Will",CBEP478-3,12,CBEP478-3,CB,1," 2/27/13"
Lace,"Kiss 'em All",CB60201,10,CB60201,CB,1," 2/27/13"
"Las Ketchup","Ketchup Song, The",SC8793,15,SC8793,SC,1," 2/27/13"
"Las Ketchup","Ketchup Song, The (Spanish)",MM6376,16,MM6376,MM,1," 2/27/13"
"Las Ketchup wvocal","Ketchup Song, The",PHM0301,17,PHM0301,PH,1," 2/27/13"
"Lavigne, Avril","Knockin' On Heaven's Door",SF205,16,SF205,SF,1," 2/27/13"
"Led Zeppelin",Kashmir,SGB028,13,SGB028,SG,1," 2/27/13"
"Little Big Town","Kiss Goodbye",PHMC1101,3,PHMC1101,PH,1," 2/27/13"
"Little Big Town","Kiss Goodbye (MPX)",PHMC1101,12,PHMC1101,PH,1," 2/27/13"
"Little Eva","Keep Your Hands Off My Baby",SC8415,1,SC8415,SC,1," 2/27/13"
"Little Texas","Kick A Little",SD004,11,SD004,SD,1," 2/27/13"
"Lonely Road Of Faith","Kid Rock",TU098,11,TU098,TU,1," 2/27/13"
"Lynn, Shelby","Killin' Kind",MM6343,14,MM6343,MM,1," 2/27/13"
"Manhattans, The","Kiss & Say Goodbye",CBEP474-2,6,CBEP474-2,CB,1," 2/27/13"
"Manhattans, The","Kiss And Say Goodbye",MMRB04,15,MMRB04,MM,1," 2/27/13"
Marillion,Kayleigh,SF021,13,SF021,SF,1," 2/27/13"
"Marino, Frank & Mahagony Rush","King Bee- Back Door Man",AH8006,11,AH8006,AH,1," 2/27/13"
"Marley, Bob",Kaya,MM6375,13,MM6375,MM,1," 2/27/13"
"Marques Houston","Kickin And Screamin",PHMU1007,6,PHMU1007,PH,1," 2/27/13"
"Martin, Steve","King Tut",MM6047,1,MM6047,MM,1," 2/27/13"
"Martin, Steve & Toot Uncommons","King Tut",SC8544,4,SC8544,SC,1," 2/27/13"
"Master P","Kenny's Dead",SGB12,11,SGB12,SG,1," 2/27/13"
MC5,"Kick Out The Jams",SC2400,1,SC2400,SC,1," 2/27/13"
"MC5 wvocal","Kick Out The Jams",SC2400,10,SC2400,SC,1," 2/27/13"
"Mccann, Lila","Kiss Me Now",MM6301,15,MM6301,MM,1," 2/27/13"
"McGraw, Tim","Kill Myself",SC8907,5,SC8907,SC,1," 2/27/13"
"Me Myself And I","Knowles, Beyonce",PHM0402,3,PHM0402,PH,1," 2/27/13"
Meatloaf,"Kiss Is A Terrible Thing To Waste, A",SF129,3,SF129,SF,1," 2/27/13"
"Mellencamp, John","Key West Intermezzo",MM6173,13,MM6173,MM,1," 2/27/13"
"Mellencamp, John","Key West Intermezzo (I Saw You First)",SC8632,9,SC8632,SC,1," 2/27/13"
"Merchant, Natalie","Kind & Generous",SC8465,15,SC8465,SC,1," 2/27/13"
"Metro Station",Kelsey,PHMP0905,8,PHMP0905,PH,1," 2/27/13"
MGMT,Kids,PHMP0908,9,PHMP0908,PH,1," 2/27/13"
"Michael, George","Kissing A Fool",DK051,3,DK051,DK,1," 2/27/13"
"Middleman, Georgia","Kick Down The Door",SC8665,6,SC8665,SC,1," 2/27/13"
Milkshake,Kelis,PHM0402,8,PHM0402,PH,1," 2/27/13"
"Miller, Roger","Kansas City Star",SC8538,3,SC8538,SC,1," 2/27/13"
"Miller, Roger","King Of The Road",DK032,15,DK032,DK,1," 2/27/13"
Monica,"Knock Knock",THH0312,16,THH0312,TH,1," 2/27/13"
Monica,"Knock Knock (Radio Version)",SC8849,15,SC8849,SC,1," 2/27/13"
"Monica wvocal","Knock Knock (Radio Version)",SC3388,9,SC3388,SC,1," 2/27/13"
"Monroe, Bill","Kentucky Waltz",CB80138,7,CB80138,CB,1," 2/27/13"
"Montgomery, John Michael","Kick It Up",MM6077,6,MM6077,MM,1," 2/27/13"
"Moore, Gary","King Of The Blues",SGB066,10,SGB066,SG,1," 2/27/13"
"Motley Crue","Kickstart My Heart",SC8734,9,SC8734,SC,1," 2/27/13"
"Mr. Big Stuff","Knight, Jean",SF072,10,SF072,SF,1," 2/27/13"
"Mr. Mister",Kyrie,SC8443,4,SC8443,SC,1," 2/27/13"
"Myers, Billie","Kiss The Rain",BL26,11,BL26,BL,1," 2/27/13"
"Neither One Of Us","Knight, Gladys & The Pips",HV04,8,HV04,HV,1," 2/27/13"
"No Secrets","Kids In America",MM6413,7,MM6413,MM,1," 2/27/13"
Nylons,"Kiss Him Goodbye",CBEP472-6,3,CBEP472-6,CB,1," 2/27/13"
"Offspring, The","Kids Aren't Alright, The",SC8545,8,SC8545,SC,1," 2/27/13"
"Offspring, The","Kinds Aren't Alright, The",SF148,11,SF148,SF,1," 2/27/13"
"Only God Knows Why","Kid Rock",TU098,12,TU098,TU,1," 2/27/13"
"Orlando, Tony & Dawn","Knock Three Times",CBE2-18,15,CBE2-18,CB,1," 2/27/13"
"Owens, Buck","Kansas City Song, The",SC8642,3,SC8642,SC,1," 2/27/13"
"Page, Martin","Keeper Of The Flame",SC8195,8,SC8195,SC,1," 2/27/13"
"Palmer, Robert","Know By Now",SC2337,4,SC2337,SC,1," 2/27/13"
"Paul Revere & Raiders",Kicks,SC1999NSC03,12,SC1999NSC03,SC,1," 2/27/13"
"Piano And I","Keys, Alicia",THH0204,17,THH0204,TH,1," 2/27/13"
Pictures,"Kid Rock",TU098,13,TU098,TU,1," 2/27/13"
"Police, The","King Of Pain",SC8322,11,SC8322,SC,1," 2/27/13"
"Presidents Of The Usa",Kitty,SC8486,5,SC8486,SC,1," 2/27/13"
"Presley, Elvis","Kentucky Rain",CBEP465-3,14,CBEP465-3,CB,1," 2/27/13"
"Presley, Elvis","King Creole",MMVE07,2,MMVE07,MM,1," 2/27/13"
"Presley, Elvis","King Is Dead, The",MM6266,1,MM6266,MM,1," 2/27/13"
"Presley, Elvis","King Is Gone, The",MMVE18,1,MMVE18,MM,1," 2/27/13"
"Presley, Elvis","King Of The Whole Wide World",MM6123,9,MM6123,MM,1," 2/27/13"
"Presley, Elvis","King Of The Whole Wide World  Kid Galaha",MMVE05,9,MMVE05,MM,1," 2/27/13"
"Presley, Elvis","Kismet (Harum Scarum)",MMVEU-04,3,MMVEU-04,MM,1," 2/27/13"
"Presley, Elvis","Kiss Me Quick",MMVE09,12,MMVE09,MM,1," 2/27/13"
"Presley, Elvis","Kissin' Cousins",CBEP465-2,12,CBEP465-2,CB,1," 2/27/13"
"Presley, Elvis","Known Only To Him",SC8536,11,SC8536,SC,1," 2/27/13"
"Presley, Elvis",Ku-U-I-Po,MM6248,6,MM6248,MM,1," 2/27/13"
"Presley, Elvis","KU-U-I-PO  Aloha concert",MMVE16,6,MMVE16,MM,1," 2/27/13"
"Pride, Charlie","Kiss An Angel Good Morning",DK076,16,DK076,DK,1," 2/27/13"
Prince,Kiss,SF007,16,SF007,SF,1," 2/27/13"
"Prodigal Son","Kid Rock",TU098,14,TU098,TU,1," 2/27/13"
Queen,"Keep Yourself Alive",SC8772,14,SC8772,SC,1," 2/27/13"
Queen,"Killer Queen",DK097,6,DK097,DK,1," 2/27/13"
"Rage Against The Machine","Killing In The Name",SC2364,8,SC2364,SC,1," 2/27/13"
"Reid, Mike","Keep On Walkin'",SC8245,13,SC8245,SC,1," 2/27/13"
"Reo Speedwagon","Keep On Loving You",DK052,10,DK052,DK,1," 2/27/13"
"Reo Speedwagon","Keep The Fire Burnin'",SC8574,15,SC8574,SC,1," 2/27/13"
"Revere, Paul & Raiders, The",Kicks,DK020,13,DK020,DK,1," 2/27/13"
"Revere, Paul & The Raiders",Kicks,SC8679,12,SC8679,SC,1," 2/27/13"
"Rock & Roll All Nite",Kiss,AH2000,2,AH2000,AH,1," 2/27/13"
"Rock You Baby","Keith, Toby",TU185,10,TU185,TU,1," 2/27/13"
"Rodgers, Jimmie","Kisses Sweeter Than Wine",MM6156,14,MM6156,MM,1," 2/27/13"
"Roger Miller","King Of The Road",SC7513,14,SC7513,SC,1," 2/27/13"
"Run D.M.C.","King Of Rock",SC8875,6,SC8875,SC,1," 2/27/13"
Sade,"Kiss Of Life",SC8279,3,SC8279,SC,1," 2/27/13"
Seal,"Kiss From A Rose",MMBK09,13,MMBK09,MM,1," 2/27/13"
"Secret Love","Kathy Kirby",SF066,10,SF066,SF,1," 2/27/13"
"Sedaka, Neil","King Of Clowns",SAVP12,8,SAVP12,SA,1," 2/27/13"
"Seger, Bob",Katmandu,SC8447,11,SC8447,SC,1," 2/27/13"
"Seger, Bob & The Silver Bullet Band",Katmandu,SC8846,13,SC8846,SC,1," 2/27/13"
"Shake Your Booty","KC & The Sunshine Band",KBA22842,2,KBA22842,KB,1," 2/27/13"
"Shannon, Del","Keep Searching",SF086,14,SF086,SF,1," 2/27/13"
"Shelton, Ricky Van","Keep It Between The Lines",MM6010,15,MM6010,MM,1," 2/27/13"
"Simon, Paul",Kodachrome,CBE26,5,CBE26,CB,1," 2/27/13"
"Siouxsie & Banshees","Kiss Them For Me",SC8598,14,SC8598,SC,1," 2/27/13"
"Sister 7","Know What You Mean",SC8469,14,SC8469,SC,1," 2/27/13"
"Sixpence None The Richer","Kiss Me",MMCP2K09,17,MMCP2K09,MM,1," 2/27/13"
"Sixpence None The Richer wvocal","Kiss Me",PHM9905,12,PHM9905,PH,1," 2/27/13"
"Skillrex feat. Sirah",Kyoto,PHMU1205,6,PHMU1205,PH,1," 2/27/13"
"Spencer Davis Group, The","Keep On Running",SF045,13,SF045,SF,1," 2/27/13"
"Stand By Me","King, Ben E.",KJT09,6,KJT09,KJ,1," 2/27/13"
Standard,Kumbaya,SC2022,5,SC2022,SC,1," 2/27/13"
"Standard Reminiscing",K-K-K-Katy,SC7037,4,SC7037,SC,1," 2/27/13"
"Standard wvocal",Kumbaya,SC2022,13,SC2022,SC,1," 2/27/13"
"Steel Magnolia","Keep On Loving You",PHMC0911,2,PHMC0911,PH,1," 2/27/13"
"Steely Dan","Kid Charlemagne",SC2192,2,SC2192,SC,1," 2/27/13"
"Stewart, Ami","Knock On Wood",CBEP468-4,8,CBEP468-4,CB,1," 2/27/13"
"Strait, George","King Of Broken Hearts, The",SC8309,1,SC8309,SC,1," 2/27/13"
"Strait, George","King Of The Mountain",CB60007,15,CB60007,CB,1," 2/27/13"
"Strait, George wvocal","King Of The Mountain",SC3004,10,SC3004,SC,1," 2/27/13"
"Streisand, Barbra","Kiss Me In The Rain",MM6046,10,MM6046,MM,1," 2/27/13"
"Stuart, Marty","Kiss Me I'm Gone",SC8135,14,SC8135,SC,1," 2/27/13"
"Sunday Afternoon","Kinks, The",PLC09,3,PLC09,PL,1," 2/27/13"
"Sweat, Keith","Keep It Comin'",SC8363,12,SC8363,SC,1," 2/27/13"
"Switch Into Glide","Kings, The",AH2001,7,AH2001,AH,1," 2/27/13"
"The River","Ken Dodd",SF066,15,SF066,SF,1," 2/27/13"
"The Script",Kaleidoscope,PHMP1212,3,PHMP1212,PH,1," 2/27/13"
Thoughtless,Korn,TU142,17,TU142,TU,1," 2/27/13"
"Three Doors Down",Kryptonite,CBE2-28,1,CBE2-28,CB,1," 2/27/13"
"Three Doors Down",Krytonite,CB80025,2,CB80025,CB,1," 2/27/13"
"Three Sheets To The Wind","Kid Rock",TU098,1,TU098,TU,1," 2/27/13"
"Tippen, Aaron","Kiss This",SD074,10,SD074,SD,1," 2/27/13"
"Tippin, Aaron","Kiss This",SC8619,12,SC8619,SC,1," 2/27/13"
"Tired Of Waiting","Kinks, The",PLC09,4,PLC09,PL,1," 2/27/13"
Tonic,"Knock Down Walls",SC8581,13,SC8581,SC,1," 2/27/13"
"Too Shy",Kajagoogoo,BS3817,8,BS3817,BS,1," 2/27/13"
Total,"Kissin' You",SC8286,11,SC8286,SC,1," 2/27/13"
"Travis, Randy","King Of The Road",SD038,5,SD038,SD,1," 2/27/13"
"Twain, Shania",Ka-Ching!,SF204,7,SF204,SF,1," 2/27/13"
"Tyler, Kris","Keeping Your Kisses",MM6199,7,MM6199,MM,1," 2/27/13"
Ub40,"Kingston Town",BL09,5,BL09,BL,1," 2/27/13"
UB40,"Kingston Town",SF003,11,SF003,SF,1," 2/27/13"
"Violent Femmes","Kiss Off",SC8571,4,SC8571,SC,1," 2/27/13"
"Wariner, Steve & Garth Brooks","Katie Wants A Fast One",SC8630,14,SC8630,SC,1," 2/27/13"
"Wasting Time","Kid Rock",TU098,15,TU098,TU,1," 2/27/13"
Weezer,"Keep Fishin'",PHR0210,4,PHR0210,PH,1," 2/27/13"
"Wet Willie","Keep On Smilin'",CBE2-12,15,CBE2-12,CB,1," 2/27/13"
Whites,"Keep On The Sunnyside",CBE3-15,13,CBE3-15,CB,1," 2/27/13"
"Why Do I Feel So Sad","Keyes, Alicia",THH0210,18,THH0210,TH,1," 2/27/13"
"Wilde, Kim","Keep Me Hanging On",SF001,5,SF001,SF,1," 2/27/13"
"Wilde, Kim","Kids In America",SF037,12,SF037,SF,1," 2/27/13"
"Williams, Hank",Kaw-Liga,DK065,18,DK065,DK,1," 2/27/13"
"Williams, Robbie","Karma Killer",SF140,15,SF140,SF,1," 2/27/13"
"Williams, Robbie & Kylie Minogue",Kids,SF172,9,SF172,SF,1," 2/27/13"
"Work It Out","Knowles, Beyonce",THH0211,18,THH0211,TH,1," 2/27/13"
"World's Greatest, The","Kelly, R.",THP0203,12,THP0203,TH,1," 2/27/13"
"Wynette, Tammy","Kids Say The Darndest Things",SC8561,15,SC8561,SC,1," 2/27/13"
"You Shouldn't Kiss Me Like That","Keith, Toby",TUFP26,20,TUFP26,TU,1," 2/27/13"
"Young Fresh N New",Kelis,SF185,7,SF185,SF,1," 2/27/13"
"Young, Faron","Keeping Up With The Joneses",CB90217,14,CB90217,CB,1," 2/27/13"
"Zevon, Warren","Keep Me In Your Heart",SC8874,2,SC8874,SC,1," 2/27/13"
