04,"Natasha Bedingfield - Angel",PHMP0811,0,PHMP0811,PH,1," 2/27/13"
"112 & Super Cat","Na Na Na",PHU0310,4,PHU0310,PH,1," 2/27/13"
"112 & Super Cat wvocal","Na Na Na",PHU0310,13,PHU0310,PH,1," 2/27/13"
"2 Unlimited","No Limits",SF006,5,SF006,SF,1," 2/27/13"
3Lw,"No More (Baby I'm A Do Right)",CBEP470-5,16,CBEP470-5,CB,1," 2/27/13"
"88 Lines About 44 Women",Nails,AMS2001,5,AMS2001,AM,1," 2/27/13"
"A3Rd Strike","No Light",PHR0207,7,PHR0207,PH,1," 2/27/13"
Abba,"Name Of The Game, The",MM6302,10,MM6302,MM,1," 2/27/13"
"Adams, Oleta","Never Knew Love",SC8248,7,SC8248,SC,1," 2/27/13"
"Adams, Ryan","New York, New York",MM6352,9,MM6352,MM,1," 2/27/13"
"Alice In Chains","No Excuses",SC8122,3,SC8122,SC,1," 2/27/13"
"All Of Me","Nelson, Willie",TU208,1,TU208,TU,1," 2/27/13"
"All Saints","Never Ever",CBEP457-2,14,CBEP457-2,CB,1," 2/27/13"
"Allan, Gary","No Man In His Wrong Heart",SC8474,14,SC8474,SC,1," 2/27/13"
"Allan, Gary","Nothing On But The Radio",PHN0409,7,PHN0409,PH,1," 2/27/13"
"Allan, Gary wvocal","Nothing On But The Radio",PHN0409,16,PHN0409,PH,1," 2/27/13"
"Allman Brothers Band, The","No One To Run With",SC8146,14,SC8146,SC,1," 2/27/13"
"Almost There","Nolen, Gabbie",PHN0206,3,PHN0206,PH,1," 2/27/13"
"Always On My Mind","Nelson, Willie",TU208,2,TU208,TU,1," 2/27/13"
"Always Something There To Remind Me","Naked Eyes",AH8014,2,AH8014,AH,1," 2/27/13"
"Amitri, Del","Not Where It's At",SC8460,14,SC8460,SC,1," 2/27/13"
"Anderson, John","Nobody's Got It All",CB60208,15,CB60208,CB,1," 2/27/13"
"Anderson, Lynn","No Another Time",CB90114,14,CB90114,CB,1," 2/27/13"
"Andrews, Jessica",Now,CBE4-28,6,CBE4-28,CB,1," 2/27/13"
"Angel Flying Too Close To The Ground","Nelson, Willie",TU208,3,TU208,TU,1," 2/27/13"
"Anne Murray & Dave Loggins","Nobody Loves Me Like You Do",SC8119,9,SC8119,SC,1," 2/27/13"
"Aretha Franklin","Natural Woman, A (You Make Me Feel Like)",SC8126,1,SC8126,SC,1," 2/27/13"
"Association, The","Never My Love",SC8441,10,SC8441,SC,1," 2/27/13"
"Astley, Rick","Never Gonna Give You Up",SAVP09,7,SAVP09,SA,1," 2/27/13"
"Austin, Sherrie","Never Been Kissed",SD063,13,SD063,SD,1," 2/27/13"
"Avenged Sevenfold",Nightmare,PHMP1011,7,PHMP1011,PH,1," 2/27/13"
AWOLNATION,"Not Your Fault",PHMP1112,3,PHMP1112,PH,1," 2/27/13"
"Azar, Steve","Nights Like This",SC8336,12,SC8336,SC,1," 2/27/13"
"B.o.B feat Bruno Mars","Nothin' On You",PHMU1004,3,PHMU1004,PH,1," 2/27/13"
Babyface,"Never Keeping Secrets",SC8121,14,SC8121,SC,1," 2/27/13"
Badfinger,"No Matter What",SC8706,14,SC8706,SC,1," 2/27/13"
"Badu, Erykah","Next Lifetime",SC8377,10,SC8377,SC,1," 2/27/13"
"Baez, Joan","Night They Drove Old Dixie Down, The",MMOLD02,14,MMOLD02,MM,1," 2/27/13"
"Baker, Anita","No One In The World",SC8259,2,SC8259,SC,1," 2/27/13"
"Band, The","Night They Drove Old Dixie Down, The",DK044,16,DK044,DK,1," 2/27/13"
"Barnett, Mandy","Now That's All Right With Me",CB60008,12,CB60008,CB,1," 2/27/13"
"Barrie, Jj","No Charge",BL33,11,BL33,BL,1," 2/27/13"
Basia,"New Day For You, A",SC8518,13,SC8518,SC,1," 2/27/13"
"Beastie Boys, The","No Sleep Til Brooklyn",MM6380B,13,MM6380B,MM,1," 2/27/13"
"Beatles, The","Night Before",SC8820,14,SC8820,SC,1," 2/27/13"
"Beatles, The","No Reply",DK006,10,DK006,DK,1," 2/27/13"
"Beatles, The","Norwegian Wood",DK1111,3,DK1111,DK,1," 2/27/13"
"Beatles, The","Norwegian Wood (This Bird Has Flown)",SC8685,1,SC8685,SC,1," 2/27/13"
"Beatles, The","Nowhere Man",DK016,11,DK016,DK,1," 2/27/13"
"BeBe & CeCe Winans","Never Thought",PHMU1006,7,PHMU1006,PH,1," 2/27/13"
Beck,"New Pollution, The",SC8390,2,SC8390,SC,1," 2/27/13"
"Bedingfield, Daniel","Never Gonna Leave Your Side",SF208,4,SF208,SF,1," 2/27/13"
"Bee Gees","New York Mining Disaster",SC8770,1,SC8770,SC,1," 2/27/13"
"Bee Gees, The","Night Fever",SAVP16,14,SAVP16,SA,1," 2/27/13"
"Beer For My Horses","Nelson, Willie & Toby Keith",TU208,4,TU208,TU,1," 2/27/13"
"Bennett, Tony","Nice Work If You Can Get It",MMGSTA05,11,MMGSTA05,MM,1," 2/27/13"
"Benson, George","Never Give Up On A Good Thing",BL27,7,BL27,BL,1," 2/27/13"
Berlin,"No More Words",SC8338,6,SC8338,SC,1," 2/27/13"
"Berry, Chuck","No Particular Place To Go",SC8218,1,SC8218,SC,1," 2/27/13"
Beyonce,"Naughty Girl",PHM0406,2,PHM0406,PH,1," 2/27/13"
"Beyonce & Lil' Flip","Naughty Girl (Remix)",PHU0406,4,PHU0406,PH,1," 2/27/13"
"Billy Preston","Nothing From Nothing",SC8138,8,SC8138,SC,1," 2/27/13"
"Black Sabbath",N.i.b.,SC8660,4,SC8660,SC,1," 2/27/13"
"Black, Clint","Nightlife, The",CB60107,7,CB60107,CB,1," 2/27/13"
"Black, Clint","No Time To Kill",CB90008,14,CB90008,CB,1," 2/27/13"
"Black, Clint","Nobody's Home",SC8628,6,SC8628,SC,1," 2/27/13"
"Black, Clint","Nothin' But The Taillights",CBEP460-3,17,CBEP460-3,CB,1," 2/27/13"
"Black, Clint","Nothing's News",CB90008,5,CB90008,CB,1," 2/27/13"
Blackstreet,"No Diggity",SC7582,13,SC7582,SC,1," 2/27/13"
"Blige, Mary J","No More Drama",PHM0204,4,PHM0204,PH,1," 2/27/13"
"Blige, Mary J.","No More Drama",CBEP473-2,14,CBEP473-2,CB,1," 2/27/13"
"Blige, Mary J.","Not Goin' Cry",CBEP458-1,12,CBEP458-1,CB,1," 2/27/13"
"Blige, Mary J.","Not Gon' Cry",MMRB02,13,MMRB02,MM,1," 2/27/13"
"Blige, Mary J.","Not Gonna Cry",PHM9604,5,PHM9604,PH,1," 2/27/13"
"Blige, Mary J. & Eve","Not Today",PHM0403,2,PHM0403,PH,1," 2/27/13"
"Blind Melon","No Rain",MM6030,12,MM6030,MM,1," 2/27/13"
Bloodstone,"Natural High",MM6368,4,MM6368,MM,1," 2/27/13"
"Blue County","Nothin' But Cowboy Boots",PHN0503,7,PHN0503,PH,1," 2/27/13"
"Blue Eyes Crying In The Rain","Nelson, Willie",TU208,5,TU208,TU,1," 2/27/13"
"Blue Pearl","Naked In The Rain",SF036,2,SF036,SF,1," 2/27/13"
"Blue Skies","Nelson, Willie",TU208,6,TU208,TU,1," 2/27/13"
"Bob Seger","Night Moves",SC8174,14,SC8174,SC,1," 2/27/13"
"Bobby Vee","Night Has A Thousand Eyes, The",SF064,9,SF064,SF,1," 2/27/13"
Bodyjar,"Not The Same",SC2400,5,SC2400,SC,1," 2/27/13"
"Bodyjar wvocal","Not The Same",SC2400,14,SC2400,SC,1," 2/27/13"
"Bogguss, Suzy","No Way Out",MM6169,12,MM6169,MM,1," 2/27/13"
"Bogguss, Suzy","Nobody Love, Nobody Gets Hurt",SC8485,15,SC8485,SC,1," 2/27/13"
"Bon Jovi","Never Say Goodbye",SC8716,9,SC8716,SC,1," 2/27/13"
"Bonamy, James","Naked To The Pain",SC8388,3,SC8388,SC,1," 2/27/13"
"Bone Crusher","Never Scared",PHU0307,3,PHU0307,PH,1," 2/27/13"
"Bonnie Raitt","Not The Only One",SC8366,13,SC8366,SC,1," 2/27/13"
Boyzone,"No Matter What",SC8548,15,SC8548,SC,1," 2/27/13"
"Brand New Heavies","Never Stop",SC8754,13,SC8754,SC,1," 2/27/13"
"Broadman Hymnal","Near The Cross",CB70021,13,CB70021,CB,1," 2/27/13"
"Broadman Hymnal","Near To The Heart Of God",CB70021,6,CB70021,CB,1," 2/27/13"
"Broadman Hymnal","Nearer My God To Thee",CB70020,4,CB70020,CB,1," 2/27/13"
"Broadman Hymnal","Nothing But The Blood",CB70022,10,CB70022,CB,1," 2/27/13"
"Broadman Hymnal","Nothing Can Compare",CB70023,1,CB70023,CB,1," 2/27/13"
Brokenheartsville,"Nichols, Joe",THC0302,15,THC0302,TH,1," 2/27/13"
"Brooks & Dunn","Neon Moon",SC8505,11,SC8505,SC,1," 2/27/13"
"Brooks, Garth","Neon Moon",SGB24,10,SGB24,SG,1," 2/27/13"
"Brooks, Garth","Night I Called The Old Man Out, The",MM6065,14,MM6065,MM,1," 2/27/13"
"Brooks, Garth","Night Will Only Know, The",SC8301,2,SC8301,SC,1," 2/27/13"
"Brooks, Garth","Not Counting You",SC8162,13,SC8162,SC,1," 2/27/13"
"Brown, T. Graham","Never In A Million Tears",SC8546,9,SC8546,SC,1," 2/27/13"
"Brown, T. Graham","Never In A Million Years",CB60179,3,CB60179,CB,1," 2/27/13"
"Bruce, Ed",Nights,SC8426,4,SC8426,SC,1," 2/27/13"
"Buffalo Club","Nothin' Less Than Love",SD042,10,SD042,SD,1," 2/27/13"
"Buffalo Club, The","Nothin' Less Than Love",SC8384,14,SC8384,SC,1," 2/27/13"
"Byrd, Tracy","No Ordinary Man",CB60148,10,CB60148,CB,1," 2/27/13"
Cake,"Never There",SC8503,13,SC8503,SC,1," 2/27/13"
Cake,"No Phone",PHR0502,7,PHR0502,PH,1," 2/27/13"
"Calender Girl","Neil Sedaka",SF084,7,SF084,SF,1," 2/27/13"
"Carey, Mariah","Never Forget You",SC8497,15,SC8497,SC,1," 2/27/13"
"Carey, Mariah","Never Too Far",CB30015,10,CB30015,CB,1," 2/27/13"
"Carey, Mariah","Never Too Far-Hero Medley",SC8744,9,SC8744,SC,1," 2/27/13"
"Carlson, Paulette","Not With My Heart You Don't",SC8321,1,SC8321,SC,1," 2/27/13"
"Carmen, Eric","Never Gonna Fall In Love Again",DKM2029,15,DKM2029,DK,1," 2/27/13"
"Caroline's Spine","Nothing To Prove",SC8616,8,SC8616,SC,1," 2/27/13"
"Carpenter, Mary Chapin","Never Had It So Good",CB90029,8,CB90029,CB,1," 2/27/13"
"Carpenter, Mary Chapin","Not Too Much To Ask",SC8180,14,SC8180,SC,1," 2/27/13"
"Carson, Jeff","Not On Your Love",MM6101,15,MM6101,MM,1," 2/27/13"
"Cash, Rosanne","Never Be You",SC8564,11,SC8564,SC,1," 2/27/13"
"Cassidy, David","No Bridge I Wouldn't Cross",SC8519,8,SC8519,SC,1," 2/27/13"
"Cat Scratch Fever","Nugent, Ted",AH8002,3,AH8002,AH,1," 2/27/13"
"Cetera, Peter & Amy Grant","Next Time I Fall In Love",SC8119,13,SC8119,SC,1," 2/27/13"
"Chambers, Kasey","Not Pretty Enough",CB60233,15,CB60233,CB,1," 2/27/13"
"Chapman, Tracy","New Beginning",SC8316,14,SC8316,SC,1," 2/27/13"
Chef,"No Substitute-Oh Kathy Lee",SGB12,4,SGB12,SG,1," 2/27/13"
"Chesney, Kenny","Never Gonna Feel That Way Again",CB20367,10,CB20367,CB,1," 2/27/13"
"Chesney, Kenny","No Shirt, No Shoes, No Problem",CB20367,8,CB20367,CB,1," 2/27/13"
"Chesney, Kenny","No Shoes, No Shirt, No Problems",MM6389,15,MM6389,MM,1," 2/27/13"
"Chesney, Kenny wvocal","No Shoes, No Shirt, No Problems",PHN0308,15,PHN0308,PH,1," 2/27/13"
"Children'sSilly Songs","Nobody Likes Me",SC7009,7,SC7009,SC,1," 2/27/13"
"Chorus Line",Nothing,SC8547,4,SC8547,SC,1," 2/27/13"
"Chris Brown","No BS",PHMU1102,1,PHMU1102,PH,1," 2/27/13"
"Chris Brown feat Justin Bieber","Next 2 You",PHMP1106,6,PHMP1106,PH,1," 2/27/13"
"Chris Young",Neon,PHMC1202,5,PHMC1202,PH,1," 2/27/13"
Christmas,"Nuttin' For Christmas",CB60038,11,CB60038,CB,1," 2/27/13"
"Christmas-Freberg, Stan","Nuttin' For Christmas",SC8557,3,SC8557,SC,1," 2/27/13"
"Christmas-Yankovic, Weird Al","Night Santa Went Crazy, The",SC8780,7,SC8780,SC,1," 2/27/13"
Cinderella,"Nobody's Fool",DK047,15,DK047,DK,1," 2/27/13"
"City Of New Orleans","Nelson, Willie",TU208,7,TU208,TU,1," 2/27/13"
"Clapton, Eric","No Alibis",SGB028,11,SGB028,SG,1," 2/27/13"
"Clark, Dee","Nobody But You",SC8526,6,SC8526,SC,1," 2/27/13"
"Clark, Terri","No Fear",CB60208,11,CB60208,CB,1," 2/27/13"
"Clark, Terri","Now That I Found You",CHM9807,15,CHM9807,CH,1," 2/27/13"
"Coe, David Allan","Now I Lay Me Down To Cheat",CB90115,12,CB90115,CB,1," 2/27/13"
"Cole, Nat ''King''","Nature Boy",SAVP05,9,SAVP05,SA,1," 2/27/13"
"Collective Soul",Needs,MM6292,4,MM6292,MM,1," 2/27/13"
"Collective Soul","Needs (Radio Version)",SC8595,9,SC8595,SC,1," 2/27/13"
"Collective Soul","No More, No Less",SC8545,6,SC8545,SC,1," 2/27/13"
"Collins, Jim","Next Step, The",CB60045,7,CB60045,CB,1," 2/27/13"
"Collins, Tyler","Never Alone (Eeyore's Lullaby)",SC8233,1,SC8233,SC,1," 2/27/13"
"Colvin, Shawn","Nothin' On Me",SC8452,13,SC8452,SC,1," 2/27/13"
"Combs, Michael","Not For Sale",CBEP478-2,13,CBEP478-2,CB,1," 2/27/13"
"Come As You Are",Nirvana,BS5417,2,BS5417,BS,1," 2/27/13"
"Commodores, The",Nightshift,DK021,9,DK021,DK,1," 2/27/13"
"Conley, Earl Thomas","Nobody Falls Like A Fool",CB60168,10,CB60168,CB,1," 2/27/13"
"Cool To Be A Fool","Nichols, Joe",PHN0401,8,PHN0401,PH,1," 2/27/13"
"Cooper, Alice","No More Mr. Nice Guy",SF024,7,SF024,SF,1," 2/27/13"
"Country Gentlemen","Nine Pound Hammer",CBE3-15,15,CBE3-15,CB,1," 2/27/13"
"Cox, Deborah","Nobody Supposed To Be Here",SC8501,15,SC8501,SC,1," 2/27/13"
"Cox, Deborah","Nobody's Supposed To Be Here",PHT9903,7,PHT9903,PH,1," 2/27/13"
Cracker,"Nothing To Believe In",SC8304,14,SC8304,SC,1," 2/27/13"
"Cray, Robert","Nothin' But A Woman",MM6144,7,MM6144,MM,1," 2/27/13"
"Croce, Jim","New York's Not My Home",CB90204,14,CB90204,CB,1," 2/27/13"
"D.J. Jazzy Jeff & Fresh Prince","Nightmare On My Street, A",SC7212,8,SC7212,SC,1," 2/27/13"
"D.J. Jazzy Jeff & The Fresh Prince","Nightmare On My Street, A",SC8086,9,SC8086,SC,1," 2/27/13"
"Dayne, Taylor","Naked Without You",SGB11,10,SGB11,SG,1," 2/27/13"
"Deadeye Dick","New Age Girl",SC8169,3,SC8169,SC,1," 2/27/13"
"Def Leppard",Now,CBEP477-2,17,CBEP477-2,CB,1," 2/27/13"
"Delaney & Bonnie & Sister","Never Ending Song Of Love",AH8011,15,AH8011,AH,1," 2/27/13"
"Derek & The Dominos","Nobody Knows You When You're Down & Out",SC8327,8,SC8327,SC,1," 2/27/13"
"Destiny's Child","No No No",CB90227,7,CB90227,CB,1," 2/27/13"
"Diamond Rio","Night Is Fallin' In My Heart",SC8692,13,SC8692,SC,1," 2/27/13"
"Diamond Rio","Norma Jean Riley",SC8101,14,SC8101,SC,1," 2/27/13"
"Diamond Rio","Nowhere Bound",CB90012,15,CB90012,CB,1," 2/27/13"
"Diffie, Joe","New Way (To Light Up An Old Flame)",CBE2-07,14,CBE2-07,CB,1," 2/27/13"
"Diffie, Joe","New Way To Light Up An Old Flame",CB90019,3,CB90019,CB,1," 2/27/13"
"Diffie, Joe","Next Thing Smokin'",MM6017,14,MM6017,MM,1," 2/27/13"
"Diffie, Joe","Night To Remember, A",SC8528,10,SC8528,SC,1," 2/27/13"
Dilemma,"Nelly & Kelly Rowland",THH0210,10,THH0210,TH,1," 2/27/13"
"Dion, Celine","New Day Has Come, A",CBE3-28,11,CBE3-28,CB,1," 2/27/13"
"Dion, Celine","Nothing Broken But My Heart",SC8363,15,SC8363,SC,1," 2/27/13"
"Don't Mess With My Man","Nivea & Brian & Brandon Casey",THH0211,13,THH0211,TH,1," 2/27/13"
"Don't Tell Me You Love Me","Night Ranger",PI009,17,PI009,PI,1," 2/27/13"
"Doobie Brothers, The","Need A Little Taste Of Love",SAVP26,16,SAVP26,SA,1," 2/27/13"
"Dr. Dre & Snoop Doggy Dogg","Nuthin' But A ''g'' Thang",SC7586,15,SC7586,SC,1," 2/27/13"
"Duets-Loggins, Dave & Murray, Anne","Nobody Loves Me Like You Do",DK082,10,DK082,DK,1," 2/27/13"
"Duets-Streisand, Barbra & Summer, Donna","No More Tears",DK024,5,DK024,DK,1," 2/27/13"
"Dunn, Holly","No Love Have I",SC8324,12,SC8324,SC,1," 2/27/13"
"Duran Duran",Notorious,DK094,16,DK094,DK,1," 2/27/13"
"Eagles, The","New Kid In Town",SC8125,10,SC8125,SC,1," 2/27/13"
"Easton, Sheena","Nearness Of You, The",SC8246,14,SC8246,SC,1," 2/27/13"
"Edmonds, Kevon","No Love",SC8607,12,SC8607,SC,1," 2/27/13"
"Edmonds, Kevon","No Love (I'm Not Used To)",SGB045,8,SGB045,SG,1," 2/27/13"
"Eels, The","Novocaine For The Soul",SC8325,1,SC8325,SC,1," 2/27/13"
"Elam, Katrina","No End In Sight",SC8907,13,SC8907,SC,1," 2/27/13"
"Elisabeth Withers","No Regrets",PHMU1008,7,PHMU1008,PH,1," 2/27/13"
"Ellis, Shirley","Name Game, The",SC8526,14,SC8526,SC,1," 2/27/13"
"Emerson Drive",November,PHN0411,2,PHN0411,PH,1," 2/27/13"
"Emerson Drive wvocal",November,PHN0411,11,PHN0411,PH,1," 2/27/13"
"En Vogue","No Fool No More",SC8487,6,SC8487,SC,1," 2/27/13"
"England Dan & John Ford Coley","Nights Are Forever Without You",SC8790,8,SC8790,SC,1," 2/27/13"
"Engvall, Bill, Tracy Byrd & Neal Mccoy T","Now That's Awesome",CB60217,6,CB60217,CB,1," 2/27/13"
"Engvall, Byrd, McCoy & Brown","Now That's Awsome",CB20266,10,CB20266,CB,1," 2/27/13"
"Eric Benet","Never Want To Live Without You",PHMU1103,9,PHMU1103,PH,1," 2/27/13"
"Eric Paslay","Never Really Wanted",PHMC1111,3,PHMC1111,PH,1," 2/27/13"
"Estefan, Gloria","Nayib's Song",SC8246,8,SC8246,SC,1," 2/27/13"
"Etheridge, Melissa","No Souvenirs",SC8535,5,SC8535,SC,1," 2/27/13"
"Etheridge, Melissa","Nowhere To Go",PHM9609,7,PHM9609,PH,1," 2/27/13"
"Evans, Sara","No Place That Far",CBE2-06,15,CBE2-06,CB,1," 2/27/13"
Ex-Girlfriend,"No Doubt",SC3185,3,SC3185,SC,1," 2/27/13"
Exile,"Nobody's Talkin'",SC8502,10,SC8502,SC,1," 2/27/13"
"Fat Les","Naughty Christmas (Goblin In The Office)",SF128,15,SF128,SF,1," 2/27/13"
"Figured You Out",Nickelback,PHR0401,6,PHR0401,PH,1," 2/27/13"
"Fishin' In The Dark","Nitty Gritty Dirt Band, The",HV04,14,HV04,HV,1," 2/27/13"
"Fleetwood Mac","Never Going Back Again",SC8644,1,SC8644,SC,1," 2/27/13"
"Florence + The Machine","No Light, No Light",PHMP1202,3,PHMP1202,PH,1," 2/27/13"
"Folk Implosion","Natural One",SC8254,9,SC8254,SC,1," 2/27/13"
"Foo Fighters, The","Next Year",SC8637,6,SC8637,SC,1," 2/27/13"
"Forester Sisters, The","Nothing's Gonna Bother Me",CB60094,10,CB60094,CB,1," 2/27/13"
"Foster, Radney","Nobody Wins",SC8157,11,SC8157,SC,1," 2/27/13"
"Fox, Samantha","Naughty Girls (Need Love Too)",DK042,4,DK042,DK,1," 2/27/13"
"Frank Ocean",Novacane,PHMU1112,4,PHMU1112,PH,1," 2/27/13"
"Frank Sinatra","New York, New York",SC8118,3,SC8118,SC,1," 2/27/13"
"Franklin, Aretha","Natural Woman, A",CBE26,9,CBE26,CB,1," 2/27/13"
"Franklin, Arethra","Natural Woman, A",SC8841,8,SC8841,SC,1," 2/27/13"
"Franz Ferdinand","No You Girls",PHMP0906,5,PHMP0906,PH,1," 2/27/13"
"Freberg, Stan","Nuttin' For Christmas",SC7212,14,SC7212,SC,1," 2/27/13"
"Frehley, Ace","New York Groove",SC8397,10,SC8397,SC,1," 2/27/13"
"Fugees, The","No Woman, No Cry",PHM9609,2,PHM9609,PH,1," 2/27/13"
Future,"Neva End",PHMU1301,1,PHMU1301,PH,1," 2/27/13"
Gallery,"Nice To Be With You",AH8011,11,AH8011,AH,1," 2/27/13"
"Garden Party","Nelson, Ricky",KJT07,6,KJT07,KJ,1," 2/27/13"
"Gately, Steven","New Beginning",SF165,6,SF165,SF,1," 2/27/13"
"Gatlin, Larry","Night Time Magic",CB90105,2,CB90105,CB,1," 2/27/13"
"Gaynor, Gloria","Never Can Say Goodbye",CBEP468-1,12,CBEP468-1,CB,1," 2/27/13"
Genesis,"No Reply At All",SC8611,3,SC8611,SC,1," 2/27/13"
"Georgia On My Mind","Nelson, Willie",TU208,8,TU208,TU,1," 2/27/13"
"Gill, Vince","Never Knew Lonely",CBEP453-1,11,CBEP453-1,CB,1," 2/27/13"
"Gill, Vince","Next Big Thing",MM6379,13,MM6379,MM,1," 2/27/13"
"Gill, Vince","No Future In The Past",SC8260,13,SC8260,SC,1," 2/27/13"
"Girl Blondie, The","Nothing Is Real But",SF140,12,SF140,SF,1," 2/27/13"
Girlfriend,"N Sync",THP0205,10,THP0205,TH,1," 2/27/13"
"Girls Allowed","No Good Advice",SF204,2,SF204,SF,1," 2/27/13"
"Gloria Gaynor","Never Can Say Goodbye",SF055,7,SF055,SF,1," 2/27/13"
"Gold City","Nobody's There",CBEP466-1,13,CBEP466-1,CB,1," 2/27/13"
Gone,"N Sync",THP0201,12,THP0201,TH,1," 2/27/13"
"Goo Goo Dolls, The",Naked,SC8248,12,SC8248,SC,1," 2/27/13"
"Goo Goo Dolls, The",Name,CBEP458-1,17,CBEP458-1,CB,1," 2/27/13"
"Good Friend","Nine Days",THP0211,16,THP0211,TH,1," 2/27/13"
"Gordon, Nina","Now I Can Die",CB30011,14,CB30011,CB,1," 2/27/13"
Gospel,"Near The Cross",CBEP456-5,13,CBEP456-5,CB,1," 2/27/13"
Gospel,"Near To The Heart Of God",CBEP456-5,6,CBEP456-5,CB,1," 2/27/13"
Gospel,"Nearer My God To Thee",DK801,8,DK801,DK,1," 2/27/13"
Gospel,"Nearer, My God To Thee",CBEP456-4,4,CBEP456-4,CB,1," 2/27/13"
Gospel,"Nothing But The Blood",CBEP456-6,10,CBEP456-6,CB,1," 2/27/13"
Gospel,"Nothing Can Compare",CBEP456-7,1,CBEP456-7,CB,1," 2/27/13"
"Gracin, Josh","Nothin' To Lose",SC8907,6,SC8907,SC,1," 2/27/13"
"Greek Favorites","Never On Sunday",SC8193,6,SC8193,SC,1," 2/27/13"
"Greek Favorites","Nina Na E Na E",SC8193,4,SC8193,SC,1," 2/27/13"
"Guess Who, The","No Sugar Tonight- New Mother Nature",SC7562,8,SC7562,SC,1," 2/27/13"
"Guess Who, The","No Time",SC8575,11,SC8575,SC,1," 2/27/13"
"Guns 'n' Roses","November Rain",MM6008,7,MM6008,MM,1," 2/27/13"
"Guns N' Roses","November Rain",SC8791,9,SC8791,SC,1," 2/27/13"
"Haggard, Merle","Natural High",CB60167,2,CB60167,CB,1," 2/27/13"
"Hair Of The Dog",Nazareth,DG02,9,DG02,DG,1," 2/27/13"
"Hall, Tom T.","Negatory Romance",CB90107,4,CB90107,CB,1," 2/27/13"
"Hart, Corey","Never Surrender",SC8393,9,SC8393,SC,1," 2/27/13"
"Head East","Never Been Any Reason",SC8594,15,SC8594,SC,1," 2/27/13"
Heart,Never,SC7559,12,SC7559,SC,1," 2/27/13"
Heart,"Nothin' At All",SC2175,7,SC2175,SC,1," 2/27/13"
Hellagood,"No Doubt",PHM0206,2,PHM0206,PH,1," 2/27/13"
"Henley, Don","Not Enough Love In The World",AH8004,4,AH8004,AH,1," 2/27/13"
"Herndon, Ty","No Mercy",SC8596,11,SC8596,SC,1," 2/27/13"
"Hey Baby","No Doubt",PHM0202,2,PHM0202,PH,1," 2/27/13"
"Hey Baby","No Doubt & Bounty Killer",THP0203,10,THP0203,TH,1," 2/27/13"
"Hey Baby","Nugent, Ted",DG02,8,DG02,DG,1," 2/27/13"
Hi-Five,"Never Should've Let You Go",SC8270,1,SC8270,SC,1," 2/27/13"
"Highway Man","Nelson, Willie",TU208,9,TU208,TU,1," 2/27/13"
"Hill, Dru","Never Make A Promise",SC8395,7,SC8395,SC,1," 2/27/13"
"Hill, Lauren","Nothing Even Matters",SGB11,9,SGB11,SG,1," 2/27/13"
"Holly Valance","Naughty Girl",SF200,15,SF200,SF,1," 2/27/13"
"Honeymoon Suite","New Girl Now",SC8514,3,SC8514,SC,1," 2/27/13"
"Horton, Johnny","North To Alaska",DK069,16,DK069,DK,1," 2/27/13"
"Hot In Here",Nelly,PHM0208,6,PHM0208,PH,1," 2/27/13"
"Houston, Whitney","Not Right But Okay",SGB06,6,SGB06,SG,1," 2/27/13"
"How You Remind Me",Nickelback,PHR0111,5,PHR0111,PH,1," 2/27/13"
"Human Beinz, The","Nobody But Me",AH8011,5,AH8011,AH,1," 2/27/13"
"Humble Pie","Natural Born Boogie",SF070,15,SF070,SF,1," 2/27/13"
Hungry,"Navarro, Dave",PHR0112,8,PHR0112,PH,1," 2/27/13"
"I Drive Myself Crazy","N Sync",PHT9906,3,PHT9906,PH,1," 2/27/13"
"I Like Dreamin'","Nolan, Kenny",DG03,7,DG03,DG,1," 2/27/13"
"I Want You Back","N Sync",PHM9803,7,PHM9803,PH,1," 2/27/13"
"I'm Just A Girl","No Doubt",HV03,13,HV03,HV,1," 2/27/13"
"I'm Still In Love With You","New Edition",PHM9701,9,PHM9701,PH,1," 2/27/13"
"Iglesias, Enrique & Kelis","Not In Love",MM6408,3,MM6408,MM,1," 2/27/13"
Incubus,"Nice To Know You",SC8735,15,SC8735,SC,1," 2/27/13"
Inxs,"Need You Tonight",BL07,14,BL07,BL,1," 2/27/13"
Inxs,"Never Tear Us Apart",DK062,2,DK062,DK,1," 2/27/13"
Inxs,"New Sensation",DK092,9,DK092,DK,1," 2/27/13"
"Inxs, The","Never Tear Us Apart",SC8687,14,SC8687,SC,1," 2/27/13"
"Isaacs, Sonya","No Regrets Yet",PHN0402,8,PHN0402,PH,1," 2/27/13"
"It's Gonna Be Me","N Sync",PHM0006,3,PHM0006,PH,1," 2/27/13"
"Ja Rule & Fat Joe & Jadakiss","New York",PHU0502,3,PHU0502,PH,1," 2/27/13"
"Jackson Five, The","Never Can Say Goodbye",SC8323,1,SC8323,SC,1," 2/27/13"
"Jackson, Freddie","Nice N' Slow",SC8405,6,SC8405,SC,1," 2/27/13"
"Jackson, Janet",Nasty,SAVP41,8,SAVP41,SA,1," 2/27/13"
Jaheim,Never,PHMU0802,9,PHMU0802,PH,1," 2/27/13"
"Jefferson Starship","Nothing's Gonna Stop Us Now",BL19,7,BL19,BL,1," 2/27/13"
Jewel,"Near You Always",SC2169,2,SC2169,SC,1," 2/27/13"
"Jim Brickman feat Rush Of Fools","Never Far Away",PHMP0904,2,PHMP0904,PH,1," 2/27/13"
"Jim Jones feat Noe & Brittney Taylor","Na Na Nana Na Na",PHMU0906,6,PHMU0906,PH,1," 2/27/13"
"Joel, Billy","New York State Of Mind",CBE3-20,12,CBE3-20,CB,1," 2/27/13"
"Joel, Billy & Tony Bennett","New York State Of Mind",SC8761,15,SC8761,SC,1," 2/27/13"
"John, Elton",Nikita,BL31,12,BL31,BL,1," 2/27/13"
"Jones & Kershaw","Never Bit A Bullet Like This Before",SC8215,1,SC8215,SC,1," 2/27/13"
"Jones & Wynette","Near You",SC8511,12,SC8511,SC,1," 2/27/13"
"Jones, Howard","No One Is To Blame",SC7549,2,SC7549,SC,1," 2/27/13"
"Jones, Norah","Nearness Of You, The",CB90157,14,CB90157,CB,1," 2/27/13"
"Jones, Norah",Nightingale,CB90157,8,CB90157,CB,1," 2/27/13"
"Jordin Sparks Feat Chris Brown","No Air",PHMP0804,1,PHMP0804,PH,1," 2/27/13"
"Judd, Wynonna","No One Else On Earth",MMGCOU03,15,MMGCOU03,MM,1," 2/27/13"
"Judd, Wynonna wvocal","No One Else On Earth",SC2016,10,SC2016,SC,1," 2/27/13"
"Just What The Doctor Ordered","Nugent, Ted",DG03,14,DG03,DG,1," 2/27/13"
"Juvenile & Wacko & Skip","Nolia Clap",PHU0412,3,PHU0412,PH,1," 2/27/13"
"K's Choice","Not An Addict",SC8457,13,SC8457,SC,1," 2/27/13"
"Kelly Price feat Stokley","Not My Daddy",PHMU1104,6,PHMU1104,PH,1," 2/27/13"
"Kershaw, Sammy","National Working Woman's Holiday",CBE4-21,15,CBE4-21,CB,1," 2/27/13"
Khaleel,"No Mercy",SC8503,5,SC8503,SC,1," 2/27/13"
"Kid Cudi","No One Believes Me",PHMU1112,2,PHMU1112,PH,1," 2/27/13"
"Kimes, Royal Wade & Garth Brooks","Night Birds",SD106,11,SD106,SD,1," 2/27/13"
"King, Carole",Nightingale,SC8410,4,SC8410,SC,1," 2/27/13"
"King, Carole","Now And Forever",SC8302,7,SC8302,SC,1," 2/27/13"
"Kings Of Leon",Notion,PHMP0909,5,PHMP0909,PH,1," 2/27/13"
"Kingsmen, The","Next Cloud, The",CBEP478-5,12,CBEP478-5,CB,1," 2/27/13"
Kiss,"Nothing Can Keep Me From You",PHT9912,4,PHT9912,PH,1," 2/27/13"
"Knight, Gladys","Neither One Of Us",SC2153,8,SC2153,SC,1," 2/27/13"
"Knight, Gladys & Pips, The","Neither One Of Us",DK048,14,DK048,DK,1," 2/27/13"
"Knight, Gladys & The Pips","Neither One Of Us",MMRB2-3,14,MMRB2-3,MM,1," 2/27/13"
"Knopfler, Mark","Nobody's Got The Gun",SC8294,6,SC8294,SC,1," 2/27/13"
"Knowles, Beyonce","Naughty Girl",SC8902,3,SC8902,SC,1," 2/27/13"
"Knowles, Beyonc‚","Naughty Girl",SC8878,5,SC8878,SC,1," 2/27/13"
"Krauss, Alison","New Favorite",CB90158,14,CB90158,CB,1," 2/27/13"
"Krauss, Alison","New Fool",SC8306,11,SC8306,SC,1," 2/27/13"
"Krauss, Alison & Union Station","New Favorite",CB60245,11,CB60245,CB,1," 2/27/13"
"Kris Allen","No Boundaries",PHMP0908,2,PHMP0908,PH,1," 2/27/13"
"Labelle, Patti","New Attitude",DK028,15,DK028,DK,1," 2/27/13"
"LaBelle, Patti","New Day",PHU0407,1,PHU0407,PH,1," 2/27/13"
"Lampa, Rachael","No Greater Love",SC8828,15,SC8828,SC,1," 2/27/13"
"Last Thing I Need First Thing This Morni","Nelson, Willie",TU208,10,TU208,TU,1," 2/27/13"
"Lathan Moore","Nothin' Like A Woman",PHMC1207,8,PHMC1207,PH,1," 2/27/13"
"Lattimore, Kenny","Never Too Busy",SC8290,6,SC8290,SC,1," 2/27/13"
"Lavigne, Avril","Nobody's Home",PHM0501,4,PHM0501,PH,1," 2/27/13"
"Lawrence, Vicki","Night The Lights Went Out In Georgia, Th",SC8204,8,SC8204,SC,1," 2/27/13"
"Lennon, John","Nobody Told Me",MM6211,8,MM6211,MM,1," 2/27/13"
"Lennox, Annie","No More ''i Love You's''",MM6096,1,MM6096,MM,1," 2/27/13"
"Lennox, Annie","No More ''I Love You's''",SF019,7,SF019,SF,1," 2/27/13"
"Lennox, Annie","No More I Love You's",SC8164,9,SC8164,SC,1," 2/27/13"
LeToya,"Not Anymore",PHMU0906,4,PHMU0906,PH,1," 2/27/13"
"Lewis, Michelle","Nowhere And Everywhere",SC8487,7,SC8487,SC,1," 2/27/13"
"Lil Ru","Nasty Song",PHMU0907,8,PHMU0907,PH,1," 2/27/13"
"Lil Scrappy","No Problem",PHU0409,8,PHU0409,PH,1," 2/27/13"
"Lil Scrappy wvocal","No Problem",PHU0409,17,PHU0409,PH,1," 2/27/13"
Limahl,"Never Ending Story",SC8782,14,SC8782,SC,1," 2/27/13"
"Limp Bizkit",Nookie,SC8626,11,SC8626,SC,1," 2/27/13"
"Limp Bizkit wvocal",Nookie,SC2221,13,SC2221,SC,1," 2/27/13"
"Linkin Park",Numb,THR0401,11,THR0401,TH,1," 2/27/13"
"Lion Sleeps Tonight, The","Nash, Johnny",TUFP04,6,TUFP04,TU,1," 2/27/13"
Lithium,Nirvana,BS5417,5,BS5417,BS,1," 2/27/13"
"Little River Band, The","Night Owls, The",SC8283,11,SC8283,SC,1," 2/27/13"
"Living In The Promiseland","Nelson, Willie",TU208,11,TU208,TU,1," 2/27/13"
Lloyd,Naked,PHMU1110,8,PHMU1110,PH,1," 2/27/13"
"Loggins, Dave & Murray, Ann","Nobody Loves Me Like You Do",CBE2-02,6,CBE2-02,CB,1," 2/27/13"
"Loggins, Kenny","Nobody's Fool",SC8283,3,SC8283,SC,1," 2/27/13"
Lonestar,"No News",SD024,8,SD024,SD,1," 2/27/13"
Lonestar,"Not A Day Goes By",CB60230,11,CB60230,CB,1," 2/27/13"
"Louisana's Leroux","New Orleans Ladies",SC8577,9,SC8577,SC,1," 2/27/13"
"Louisiana's Le Roux","New Orleans Ladies",MM6328,14,MM6328,MM,1," 2/27/13"
"Love Hurts",Nazareth,DG03,5,DG03,DG,1," 2/27/13"
"Loveless, Patty","Night's Too Long, The",SC8161,10,SC8161,SC,1," 2/27/13"
"Loveless, Patty","Nothing But The Wheel",CB90048,15,CB90048,CB,1," 2/27/13"
Lumidee,"Never Leave You",PHM0309,4,PHM0309,PH,1," 2/27/13"
Lumidee,"Never Leave You (Uh Ooh, Uh Oooh!)",THH0309,6,THH0309,TH,1," 2/27/13"
Lumidee,"Never Leave You (Uh Oooh Uh Oooh)",SF208,16,SF208,SF,1," 2/27/13"
Lumidee,"Never Leave You Uh Ooh",CB30040,11,CB30040,CB,1," 2/27/13"
"Lumidee wvocal","Never Leave You",PHM0309,13,PHM0309,PH,1," 2/27/13"
"Luscious Jackson","Naked Eye",SC8381,11,SC8381,SC,1," 2/27/13"
"Lynns, The","Nights Like These",SC8504,13,SC8504,SC,1," 2/27/13"
"Lynyrd Skynyrd","Needle & The Spoon, The",SC8459,15,SC8459,SC,1," 2/27/13"
"Lynyrd Skynyrd","Needle And Spoon, The",SGB43,12,SGB43,SG,1," 2/27/13"
"Lynyrd Skynyrd","Needle And The Spoon, The",CB90156,12,CB90156,CB,1," 2/27/13"
Madonna,"Nothing Really Matters",PHT9905,2,PHT9905,PH,1," 2/27/13"
"Malloy, Mitch","Nobody Wins In This War",SC8274,15,SC8274,SC,1," 2/27/13"
"Mama, Don't Let Your Babies","Nelson, Willie & Waylon Jennings",KJT06,14,KJT06,KJ,1," 2/27/13"
"Mamas Don't Let Your Babies","Nelson, Willie & Waylon Jennings",TU208,12,TU208,TU,1," 2/27/13"
"Mandrell, Barbara","No One Mends A Broken Heart Like You",SC8537,12,SC8537,SC,1," 2/27/13"
"Maria, Shut Up And Kiss Me","Nelson, Willie",TU208,13,TU208,TU,1," 2/27/13"
"Marley, Bob","No Woman, No Cry",MM6083,14,MM6083,MM,1," 2/27/13"
"Marley, Bob & The Wailers","No Woman, No Cry",SC2443,14,SC2443,SC,1," 2/27/13"
"Maroon 5","Never Gonna Leave This Bed",PHMP1104,3,PHMP1104,PH,1," 2/27/13"
"Martin, Keith","Never Find Someone Like You",SC8156,8,SC8156,SC,1," 2/27/13"
"Martin, Ricky & Christina Aguilera","Nobody Wants To Be Lonely",CB30009,9,CB30009,CB,1," 2/27/13"
"Marx, Richard","Nothing Left Behind Us",SD007,7,SD007,SD,1," 2/27/13"
"Marx, Richard","Now & Forever",SC8111,14,SC8111,SC,1," 2/27/13"
"Marx, Richard","Now And Forever",MM6110,11,MM6110,MM,1," 2/27/13"
"Mattea, Kathy","Nobody's Gonna Rain On Our Parade",MM6064,3,MM6064,MM,1," 2/27/13"
"Mavericks, The","Neon Blue",CB60156,12,CB60156,CB,1," 2/27/13"
"Mayer, John","No Such Thing",CBE3-27,15,CBE3-27,CB,1," 2/27/13"
"Mayfield, Curtis","New World Order",MM6173,8,MM6173,MM,1," 2/27/13"
"Mcbride & The Ride","No More Cryin'",MM6077,7,MM6077,MM,1," 2/27/13"
"Mccomas, Brian","Night Disappear With You",CB60223,14,CB60223,CB,1," 2/27/13"
"Mccoy, Neal","No Doubt About It",DK087,12,DK087,DK,1," 2/27/13"
"McEntire, Reba","New Fool At An Old Game",SC2013,7,SC2013,SC,1," 2/27/13"
"Mcentire, Reba","New Fool At An Old Game",CB90053,13,CB90053,CB,1," 2/27/13"
"Mcentire, Reba","Night The Lights Went Out In Georgia, Th",MMGCP9804,19,MMGCP9804,MM,1," 2/27/13"
"Mcentire, Reba","Night The Lights Went Out...",MMBK04,19,MMBK04,MM,1," 2/27/13"
"Mcgraw, Tim","Not A Moment Too Soon",CB20118,12,CB20118,CB,1," 2/27/13"
"McGraw, Tim","Not A Moment Too Soon",SD009,13,SD009,SD,1," 2/27/13"
"Medeiros, Glen","Nothing's Gonna Change My Love For You",SC8585,8,SC8585,SC,1," 2/27/13"
"Medeiros, Glen","Nothings Gonna Change My Love For You",SF108,15,SF108,SF,1," 2/27/13"
"Mendes & Pizzulo & Miller","Never Gonna Let You Go",SC8482,2,SC8482,SC,1," 2/27/13"
"Mendocino County Line","Nelson, Willie & Lee Ann Womack",TU208,14,TU208,TU,1," 2/27/13"
"Merman, Ethel","No Business Like Show Business",MMSTA2-4,7,MMSTA2-4,MM,1," 2/27/13"
"Messina, Jo Dee","No Time For Tears",CB60198,15,CB60198,CB,1," 2/27/13"
Metallica,"No Leaf Clover (Live Version)",SC8830,8,SC8830,SC,1," 2/27/13"
Metallica,"Nothing Else Matters",SC8829,9,SC8829,SC,1," 2/27/13"
"Middleman, Georgia","No Place Like Home",CB60204,12,CB60204,CB,1," 2/27/13"
"Miller, Dean","Nowhere Usa",SC8388,4,SC8388,SC,1," 2/27/13"
"Mills, Stephanie","Never Knew Love Like This Bef",MM6127,1,MM6127,MM,1," 2/27/13"
"Milsap, Ronnie","No Gettin' Over Me",CB60139,4,CB60139,CB,1," 2/27/13"
"Milsap, Ronnie","Nobody Likes Sad Songs",CB60168,2,CB60168,CB,1," 2/27/13"
"Mint Condition","Nothing Left To Stay",PHMU0810,8,PHMU0810,PH,1," 2/27/13"
"Miranda Lambert","Nobody's Fool",PHMC1204,5,PHMC1204,PH,1," 2/27/13"
"Monroe, Bill","New Mule Skinner Blues",CBEP476-2,5,CBEP476-2,CB,1," 2/27/13"
"Monroe, Bill","Nine Pound Hammer",SC8693,7,SC8693,SC,1," 2/27/13"
"Montana, Billy","No Yesterday",SC8224,11,SC8224,SC,1," 2/27/13"
"Montgomery, John Michael","Nickels And Dimes And Love",SC2006,8,SC2006,SC,1," 2/27/13"
"Montgomery, John Michael","No Man's Land",SC8189,12,SC8189,SC,1," 2/27/13"
"Montgomery, John Michael","Nothing Catches Jesus By Surprise",SC8596,8,SC8596,SC,1," 2/27/13"
"Montgomery, Melba","No Charge",CB80107,9,CB80107,CB,1," 2/27/13"
"Moody Blues","Nights In White Satin",CBE3-19,13,CBE3-19,CB,1," 2/27/13"
"Moody Blues, The","Never Comes The Day",DK1110,7,DK1110,DK,1," 2/27/13"
"Moody Blues, The","Nights In White Satin",SC8354,14,SC8354,SC,1," 2/27/13"
"Moore, Tina","Never Gonna Let You Go",SF115,12,SF115,SF,1," 2/27/13"
Mudvayne,"Not Falling",PHR0302,3,PHR0302,PH,1," 2/27/13"
"Murray, Ann & Dave Loggins","Nobody Loves Me Like You Do",CBEP463-1,17,CBEP463-1,CB,1," 2/27/13"
"Murray, Anne","Now And Forever (You And Me)",SC8647,15,SC8647,SC,1," 2/27/13"
"Murray, Anne & Dave Loggins","Nobody Loves Me Like You Do",CB90101,14,CB90101,CB,1," 2/27/13"
"My Friends Over You","New Found Glory",THR0211,10,THR0211,TH,1," 2/27/13"
"My Heroes Have Always Been Cowboys","Nelson, Willie",TU208,15,TU208,TU,1," 2/27/13"
"My Heros Will Always Be Cowboys","Nelson, Willie",DG08,10,DG08,DG,1," 2/27/13"
"Myles, Heather","Never Had A Broken Heart",CB60238,12,CB60238,CB,1," 2/27/13"
N.O.R.E,Nothin',PHU0210,1,PHU0210,PH,1," 2/27/13"
N.O.R.E.,Nothin',SC3326,4,SC3326,SC,1," 2/27/13"
N.o.r.e.,Nothin',SC8773,12,SC8773,SC,1," 2/27/13"
"N.O.R.E. wvocal",Nothin',PHU0210,10,PHU0210,PH,1," 2/27/13"
Nas,Nasty,PHMU1111,8,PHMU1111,PH,1," 2/27/13"
"Nash, Leigh","Need To Be Next To You",MM6325,12,MM6325,MM,1," 2/27/13"
Ne-Yo,"Never Knew I Needed",PHMP1002,8,PHMP1002,PH,1," 2/27/13"
Nelly,"Na Na-na Na",PHU0501,3,PHU0501,PH,1," 2/27/13"
Nelly,Nellyville,SC8812,12,SC8812,SC,1," 2/27/13"
Nelly,"No. 1",SC8735,2,SC8735,SC,1," 2/27/13"
Nellyville,Nelly,SC3356,4,SC3356,SC,1," 2/27/13"
Nellyville,"Nelly wvocal",SC3356,12,SC3356,SC,1," 2/27/13"
"Nelson, Ricky","Never Be Anyone Else But You",SC8599,15,SC8599,SC,1," 2/27/13"
"Nelson, Willie","Nothing I Can Do About It Now",SC8403,15,SC8403,SC,1," 2/27/13"
"Never Again",Nickelback,THR0210,11,THR0210,TH,1," 2/27/13"
Nickelback,"Never Again",SC8740,9,SC8740,SC,1," 2/27/13"
Nitty,"Nasty Girl",PHM0412,2,PHM0412,PH,1," 2/27/13"
"No Doubt",New,SC8531,4,SC8531,SC,1," 2/27/13"
"O'connor, Sinead","Nothing Compares 2 U",SC8777,1,SC8777,SC,1," 2/27/13"
"O'Connor, Sinead","Nothing Compares 2 U",DK049,7,DK049,DK,1," 2/27/13"
"O'connor, Sinead","Nothing Compares 2 U",SC7545,9,SC7545,SC,1," 2/27/13"
"O'Connor, Sinead","Nothing Compares 2 U",SAVP33,15,SAVP33,SA,1," 2/27/13"
"O'neal, Jamie & Michael Mcdonald","Not So Distant Day",SC8759,10,SC8759,SC,1," 2/27/13"
"Oak Ridge Boys","No Matter How High",CB90108,6,CB90108,CB,1," 2/27/13"
"Oak Ridge Boys, The","No Matter How High",CB60149,8,CB60149,CB,1," 2/27/13"
Odyssey,"Native New Yorker",SF068,11,SF068,SF,1," 2/27/13"
"On The Road Again","Nelson, Willie",TU208,16,TU208,TU,1," 2/27/13"
"Osbourne, Ozzie","No More Tears",SC7565,5,SC7565,SC,1," 2/27/13"
"Osbourne, Ozzy",N.i.b.,SC8848,4,SC8848,SC,1," 2/27/13"
"Osbourne, Ozzy","No More Tears",SC8848,3,SC8848,SC,1," 2/27/13"
"Oslin, K.t.","New Way Home",SC8243,13,SC8243,SC,1," 2/27/13"
"Palmer, Rissi","No Air",PHMC0808,8,PHMC0808,PH,1," 2/27/13"
"Panic At The Disco","Nine In The Afternoon",PHMP0805,8,PHMP0805,PH,1," 2/27/13"
"Paper Lace","Night Chicago Died, The",CBEP464-6,16,CBEP464-6,CB,1," 2/27/13"
"Parr, John","Naughty Naughty",SC8597,7,SC8597,SC,1," 2/27/13"
"Parton, Dolly","Nine To Five",MMBK06,14,MMBK06,MM,1," 2/27/13"
"Perez, Amanda",Never,PHM0310,9,PHM0310,PH,1," 2/27/13"
"Perez, Amanda wvocal",Never,PHM0310,18,PHM0310,PH,1," 2/27/13"
"Petty, Tom & Stevie Nicks","Needles And Pins",SAVP39,13,SAVP39,SA,1," 2/27/13"
"Po' Folks","Nappy Roots & Anthony Hamilton",THH0211,11,THH0211,TH,1," 2/27/13"
"Pointer Sisters, The","Neutron Dance",DK031,7,DK031,DK,1," 2/27/13"
Poison,"Nothin' But A Good Time",MM6315,9,MM6315,MM,1," 2/27/13"
"Poncho And Lefty","Nelson, Willie & Merle Haggard",TU208,17,TU208,TU,1," 2/27/13"
Pop,"N Sync",THP0109,10,THP0109,TH,1," 2/27/13"
"Presley, Elvis","Never Again",MM6371,5,MM6371,MM,1," 2/27/13"
"Presley, Elvis","Never Been To Spain",MMVE16,14,MMVE16,MM,1," 2/27/13"
"Presley, Elvis","Never Ending",MMVEU-07,14,MMVEU-07,MM,1," 2/27/13"
"Presley, Elvis","Never Say Yes",MM6415,9,MM6415,MM,1," 2/27/13"
"Presley, Elvis","New Orleans",MM6123,13,MM6123,MM,1," 2/27/13"
"Presley, Elvis","New Orleans King Creole",MMVE05,13,MMVE05,MM,1," 2/27/13"
"Presley, Elvis","Next Step Is Love, The",CBEP465-4,15,CBEP465-4,CB,1," 2/27/13"
"Presley, Elvis","Next Step Is Love, The  That's The Way I",MMVE15,10,MMVE15,MM,1," 2/27/13"
"Presley, Elvis","Night Rider",MM6414,9,MM6414,MM,1," 2/27/13"
"Presley, Elvis","No More (Blue Hawaii)",MMVEU-04,8,MMVEU-04,MM,1," 2/27/13"
"Presley, Elvis","Now And Then There's A Fool Such As I",MMVE07,6,MMVE07,MM,1," 2/27/13"
"Preston, Billy","Nothing From Nothing",SC2027,8,SC2027,SC,1," 2/27/13"
"Price, Ray","Night Life",CB90076,14,CB90076,CB,1," 2/27/13"
"Pride, Charlie","Never Been So Loved",CB90065,14,CB90065,CB,1," 2/27/13"
"Pride, Charlie","Night Games",CB90065,12,CB90065,CB,1," 2/27/13"
"Primavera, Conjunto","Necesito Decirte",SC2211,2,SC2211,SC,1," 2/27/13"
Queen,"Now I'm Here",SC8772,12,SC8772,SC,1," 2/27/13"
"Queens Of The Stone Age","No One Knows",PHR0301,3,PHR0301,PH,1," 2/27/13"
"Queens Of The Stone Ageÿ","No One Knows",CB30036,1,CB30036,CB,1," 2/27/13"
"Queensryche & Rush","New World Man",SC8691,10,SC8691,SC,1," 2/27/13"
"R. Kelly","Number One Hit",PHMU1108,10,PHMU1108,PH,1," 2/27/13"
Radiohead,"No Suprises",SF118,7,SF118,SF,1," 2/27/13"
"Raitt, Bonnie","Nick Of Time",MM6026,14,MM6026,MM,1," 2/27/13"
"Raphael Saadiq feat Stevie Wonder & CJ H","Never Give You Up",PHMU0905,5,PHMU0905,PH,1," 2/27/13"
"Rawls, Lou","Natural Man",MM6368,1,MM6368,MM,1," 2/27/13"
"Raye, Collin","Not That Different",CBEP453-6,14,CBEP453-6,CB,1," 2/27/13"
"Reeves, Ronna","Never Let Him See Me Cry",SC8278,14,SC8278,SC,1," 2/27/13"
"Renay, Diane","Navy Blue",SC8364,12,SC8364,SC,1," 2/27/13"
"Restless Heart","New York Hold Her Tight",CB90028,12,CB90028,CB,1," 2/27/13"
"Restless Heart","No End To The Road",SD053,14,SD053,SD,1," 2/27/13"
"Restless Heart","No End To This Road",CB20040,12,CB20040,CB,1," 2/27/13"
"Ricky Martin","Nobody Wants To Be Lonely",SF176,15,SF176,SF,1," 2/27/13"
"Rimes, LeAnn","Nothin `bout Love Makes Sense",SC8897,15,SC8897,SC,1," 2/27/13"
"Rimes, Leann","Nothin' Bout Love Makes Sense",PHN0412,5,PHN0412,PH,1," 2/27/13"
"Rimes, LeAnn","Nothin' New Under The Moon",SD054,2,SD054,SD,1," 2/27/13"
"Rimes, Leann","Nothin' New Under The Moon",CB60105,13,CB60105,CB,1," 2/27/13"
"River Road",Nickajack,SC8394,13,SC8394,SC,1," 2/27/13"
"Rolling Stones, The","Not Fade Away",DK020,16,DK020,DK,1," 2/27/13"
"Ronnie Milsap","No Gettin' Over Me",SC8380,9,SC8380,SC,1," 2/27/13"
"Ruff Endz","No More",SC8654,3,SC8654,SC,1," 2/27/13"
"S Club 7",Natural,SF170,12,SF170,SF,1," 2/27/13"
"S Club 7","Never Had A Dream Come True",SC8688,14,SC8688,SC,1," 2/27/13"
Sade,"No Ordinary Love",MM6030,10,MM6030,MM,1," 2/27/13"
Salt-N-Pepa,"None Of Your Business",SC8754,8,SC8754,SC,1," 2/27/13"
"Santana & Musiq","Nothing At All (Radio Version)",SC8818,15,SC8818,SC,1," 2/27/13"
"Santana W- Musiq","Nothing At All",PHM0304,8,PHM0304,PH,1," 2/27/13"
Scorpions,"No One Like You",SC1030,7,SC1030,SC,1," 2/27/13"
"Scorpions, The","No One Like You",SC8631,10,SC8631,SC,1," 2/27/13"
"Screaming Trees","Nearly Lost You",SC8749,2,SC8749,SC,1," 2/27/13"
"Seals, Brady","Natural Born Lovers",SC8394,15,SC8394,SC,1," 2/27/13"
"Searchers, The","Needles & Pins",DK019,10,DK019,DK,1," 2/27/13"
"Sears, Dawn","Nothin' But Good",SC8321,10,SC8321,SC,1," 2/27/13"
"Sedaka, Neil","Next Door To An Angel",SC7566,14,SC7566,SC,1," 2/27/13"
Seether,"No Resolution",PHMP1206,7,PHMP1206,PH,1," 2/27/13"
"Seger, Bob","Night Moves",SC2159,6,SC2159,SC,1," 2/27/13"
"Seger, Bob & The Silver Bullet Band","Night Moves",SC8846,6,SC8846,SC,1," 2/27/13"
Serani,"No Games",PHMU0907,7,PHMU0907,PH,1," 2/27/13"
"Seven Spanish Angels","Nelson, Willie",TU208,18,TU208,TU,1," 2/27/13"
Shalamar,"Night To Remember, A",BL24,3,BL24,BL,1," 2/27/13"
"Sharp, Kevin","Nobody Knows",CBEP460-3,14,CBEP460-3,CB,1," 2/27/13"
Shenandoah,"Next To You, Next To Me",CB60058,5,CB60058,CB,1," 2/27/13"
"Simon, Carly","Nobody Does It Better",CBE3-20,13,CBE3-20,CB,1," 2/27/13"
"Simply Red","New Flame, A",SF149,11,SF149,SF,1," 2/27/13"
"Sinatra, Frank","New York, New York",SC7210,17,SC7210,SC,1," 2/27/13"
"Sinatra, Frank","Nice 'N Easy",SGB033,12,SGB033,SG,1," 2/27/13"
"Sinatra, Frank","Night And Day",DK062,12,DK062,DK,1," 2/27/13"
"Singletary, Daryl","Note, The",MMCOU205,18,MMCOU205,MM,1," 2/27/13"
"Singletary, Daryle","Note, The",CHM9803,19,CHM9803,CH,1," 2/27/13"
"Singletary, Daryle","Now And Again",CB60223,7,CB60223,CB,1," 2/27/13"
"Sister Christian","Night Ranger",AMS1502,4,AMS1502,AM,1," 2/27/13"
"Sly & Robbie","Night Nurse",SF115,11,SF115,SF,1," 2/27/13"
"Smells Like Teen Spirit",Nirvana,BS5417,7,BS5417,BS,1," 2/27/13"
"Smile Empty Soul","Nowhere Kids",THR0401,17,THR0401,TH,1," 2/27/13"
"Smith, Connie","Nobody But A Fool Would Love You",CB90088,15,CB90088,CB,1," 2/27/13"
"Smyth, Patty","No Mistakes",MM6008,13,MM6008,MM,1," 2/27/13"
"Smythe, Patty","No Mistakes",MM6021B,5,MM6021B,MM,1," 2/27/13"
"South Sixty Five","No Easy Goodbye",CB60172,5,CB60172,CB,1," 2/27/13"
"Spider Webs","No Doubt",HV03,7,HV03,HV,1," 2/27/13"
Standard-Traditional,"Nearness Of You, The",DK098,18,DK098,DK,1," 2/27/13"
"Starr, Ringo","No No Song",SC8172,6,SC8172,SC,1," 2/27/13"
Starship,"Nothing's Gonna Stop Us Now",SC8585,15,SC8585,SC,1," 2/27/13"
Steam,"Na Na Hey Hey Kiss Him Good",SF168,2,SF168,SF,1," 2/27/13"
Steam,"Na Na Hey Hey Kiss Him Goodbye",MMGCP9801,17,MMGCP9801,MM,1," 2/27/13"
Steam,"Na Na Hey Hey Kiss...",MMBK01,17,MMBK01,MM,1," 2/27/13"
"Stigers, Curtis","Never Saw A Miracle",MM6198,9,MM6198,MM,1," 2/27/13"
Sting,"Nothing 'bout Me",SC8279,2,SC8279,SC,1," 2/27/13"
Stir,"New Beginning",SC8607,6,SC8607,SC,1," 2/27/13"
"Stop Draggin' My Heart Around","Nicks, Stevie & Tom Petty",KJT07,5,KJT07,KJ,1," 2/27/13"
"Strait, George","Nerve, The",CB90017,12,CB90017,CB,1," 2/27/13"
"Strait, George","Nobody In His Right Mind Would Have Left",SC8483,1,SC8483,SC,1," 2/27/13"
"Strait, George","Nobody In His Right Mind Would've Left H",CBE4-18,13,CBE4-18,CB,1," 2/27/13"
"Streisand & Summer","No More Tears",SF022,12,SF022,SF,1," 2/27/13"
"Streisand, Barbra & Donna Summer","No More Tears (Enough Is Enough)",CBEP474-4,4,CBEP474-4,CB,1," 2/27/13"
"Stuart, Marty","Now That's Country",SC8506,9,SC8506,SC,1," 2/27/13"
"Summar, Trent & The New Row Mob","New Money",CB60205,2,CB60205,CB,1," 2/27/13"
"Supernaw, Doug","Not Enough Hours In The Night",SC8205,8,SC8205,SC,1," 2/27/13"
"Sweat, Keith & Athena Cage",Nobody,SC8325,12,SC8325,SC,1," 2/27/13"
"Swing Out Sister",Notgonnachange,SC8238,10,SC8238,SC,1," 2/27/13"
Sylvia,Nobody,DKM2017,13,DKM2017,DK,1," 2/27/13"
T.A.T.U.,"Not Gonna Get Us",SF205,4,SF205,SF,1," 2/27/13"
T.a.t.u.,"Not Gonna Get Us",THMP0307,12,THMP0307,TH,1," 2/27/13"
T.I.,"No Matter What",PHMU0808,9,PHMU0808,PH,1," 2/27/13"
"Take That","Never Forget",SF039,7,SF039,SF,1," 2/27/13"
Taproot,"No Surrender",PHMP1208,9,PHMP1208,PH,1," 2/27/13"
"Taylor, James","Never Die Young",SC8259,4,SC8259,SC,1," 2/27/13"
"Terri Clark","Northern Girl",PHMC1110,8,PHMC1110,PH,1," 2/27/13"
"That's What Girls Do","No Secrets",THP0210,12,THP0210,TH,1," 2/27/13"
"The Fray","Never Say Never",PHMP0905,6,PHMP0905,PH,1," 2/27/13"
"The Goo Goo Dolls",Notbroken,PHMP1102,6,PHMP1102,PH,1," 2/27/13"
"The Impossible","Nichols, Joe",TU127,13,TU127,TU,1," 2/27/13"
"They're Coming To Take Me","Napoleon XIV",TU069,12,TU069,TU,1," 2/27/13"
"Third Eye Blind","Never Let You Go",MM6295,10,MM6295,MM,1," 2/27/13"
"Third World","Now That We Found Love",SC7597,9,SC7597,SC,1," 2/27/13"
"Third World","Now That We've Found Love",MM6083,3,MM6083,MM,1," 2/27/13"
"This Face","Nelson, Willie",TU208,19,TU208,TU,1," 2/27/13"
"This I Promise You","N Sync",TU002,13,TU002,TU,1," 2/27/13"
"Thomas, B.j.","New Looks From An Old Lover",SC8455,8,SC8455,SC,1," 2/27/13"
"Thompson, Hank","New Green Light, The",CB90134,4,CB90134,CB,1," 2/27/13"
"Three Dog Night","Never Been To Spain",SC2027,7,SC2027,SC,1," 2/27/13"
"Tillis, Mel","New Patches",CB90089,14,CB90089,CB,1," 2/27/13"
"Tim McGraw","Nothin' To Die For",PHMC0801,9,PHMC0801,PH,1," 2/27/13"
Tlc,"No Scrubs",CBE2-28,2,CBE2-28,CB,1," 2/27/13"
TLC,"No Scrubs",PHM9905,2,PHM9905,PH,1," 2/27/13"
Tlc,"No Scrubs",NSC2000-02,4,NSC2000-02,NS,1," 2/27/13"
TLC,"No Scrubs",SC8035,4,SC8035,SC,1," 2/27/13"
Tlc,"No Scrubs",DK1115,13,DK1115,DK,1," 2/27/13"
"TLC wvocal","No Scrubs",PHM9905,11,PHM9905,PH,1," 2/27/13"
"To All The Girls I've Loved Before","Nelson, Willie & Julio Iglesias",TU208,20,TU208,TU,1," 2/27/13"
"Tony Rich Project, The","Nobody Knows",CBEP457-1,16,CBEP457-1,CB,1," 2/27/13"
"Too Bad",Nickelback,TU089,17,TU089,TU,1," 2/27/13"
"Total & Da Brat","No One Else",SC8257,10,SC8257,SC,1," 2/27/13"
"Toy Dolls","Nellie The Elephant",SF042,2,SF042,SF,1," 2/27/13"
Toya,"No Matta What (Party All Night)",CB30022,8,CB30022,CB,1," 2/27/13"
Traditional,"Nuttin' For Christmas",CBEP462-3,14,CBEP462-3,CB,1," 2/27/13"
"Tragically Hip","New Orleans Is Sinking",MM6271,4,MM6271,MM,1," 2/27/13"
"Travis, Randy","No Place Like Home",SC8434,14,SC8434,SC,1," 2/27/13"
"Tremeloes, The","Number One",SF065,14,SF065,SF,1," 2/27/13"
Trillville,"Neva Eva",PHU0402,1,PHU0402,PH,1," 2/27/13"
"Trisha Yearwood","Nothin Bout Memphis",PHMC0903,9,PHMC0903,PH,1," 2/27/13"
"Tritt, Travis","No More Looking Over My Shoulder",SC8507,15,SC8507,SC,1," 2/27/13"
"Tritt, Travis","Nothing Short Of Dying",CB60106,14,CB60106,CB,1," 2/27/13"
"Turner, Ike & Tina","Not Bush City Limits",SF023,7,SF023,SF,1," 2/27/13"
"Tv Theme",Nanny,SC8435,5,SC8435,SC,1," 2/27/13"
"Twain, Shania","No One Needs To Know",SC8446,14,SC8446,SC,1," 2/27/13"
"Twitty, Conway","Next In Line",SC8392,5,SC8392,SC,1," 2/27/13"
U2,"New Year's Day",SC8811,10,SC8811,SC,1," 2/27/13"
"Ugly Kid Joe",Neighbor,SC8830,3,SC8830,SC,1," 2/27/13"
"Ultra Nate","New Kind Of Medicine",SF123,7,SF123,SF,1," 2/27/13"
Usher,"Nice & Slow",SC8440,14,SC8440,SC,1," 2/27/13"
"Vale, Jerry","Non Dimenticar",MM6240,4,MM6240,MM,1," 2/27/13"
"Vandross, Luther","Never Let Me Go",MM6091,11,MM6091,MM,1," 2/27/13"
"Vandross, Luther","Never Too Much",SF067,3,SF067,SF,1," 2/27/13"
"Vanity 6","Nasty Girl",SC8777,6,SC8777,SC,1," 2/27/13"
"Vashawn Mitchell","Nobody Greater",PHMU1109,6,PHMU1109,PH,1," 2/27/13"
"Vee, Bobby","Night Has A Thousand Eyes, The",SC8429,1,SC8429,SC,1," 2/27/13"
"Verve Pipe, The","Never Let You Down",MM6348,11,MM6348,MM,1," 2/27/13"
"Void, Romeo","Never Say Never",SC8522,2,SC8522,SC,1," 2/27/13"
"Watson, Gene","Next To Nothin'",CB60225,8,CB60225,CB,1," 2/27/13"
"Watson, Gene","Nothing Sure Looked Good On You",SC7569,15,SC7569,SC,1," 2/27/13"
"Where Do We Go","No Mercy",THM9609,5,THM9609,TH,1," 2/27/13"
"White, Barry","Never Never Gonna Give You Up",MM6055,5,MM6055,MM,1," 2/27/13"
"White, Lari","Now I Know",SD004,10,SD004,SD,1," 2/27/13"
"Williams, Don","Nobody But You",SC8697,10,SC8697,SC,1," 2/27/13"
"Williams, Hank Jr.","Naked Women And Beer",CB60199,1,CB60199,CB,1," 2/27/13"
"Williams, Hank Sr.","Nobody's Lonesome For Me",CB90067,15,CB90067,CB,1," 2/27/13"
"Williams, Robbie","No Regrets",SF127,1,SF127,SF,1," 2/27/13"
"Wills, Bob & The Texas Playboys","New San Antonio Rose",SC8555,14,SC8555,SC,1," 2/27/13"
"Wills, Mark","Nineteen Somethin'",THC0301,16,THC0301,TH,1," 2/27/13"
"Wills, Mark","Nineteen Something",SD101,3,SD101,SD,1," 2/27/13"
"Wills, Mark wvocal","Nineteen Somethin'",SC3340,11,SC3340,SC,1," 2/27/13"
"Womack, Lee Ann","Never Again Again",MM6196,7,MM6196,MM,1," 2/27/13"
"Womack, Lee Ann","Never Again, Again",CHM9705F,16,CHM9705F,CH,1," 2/27/13"
"Womack, Lee Ann","Now You See Me Now You Don't",SC8546,7,SC8546,SC,1," 2/27/13"
"Wonder, Wayne","No Letting Go",THP0306,18,THP0306,TH,1," 2/27/13"
"Wright, Chely","Never Love You Enough",CB60223,9,CB60223,CB,1," 2/27/13"
"Wright, Michelle","New Kind Of Love",CB60096,10,CB60096,CB,1," 2/27/13"
"Wright, Michelle","Nobody's Girl",SC8303,3,SC8303,SC,1," 2/27/13"
"Wyatt, Keke & Avant","Nothing In This World",CB30019,12,CB30019,CB,1," 2/27/13"
"Wynette, Tammy & George Jones","Near You",MM6314,14,MM6314,MM,1," 2/27/13"
Wynonna,"No One Else On Earth",SC8165,14,SC8165,SC,1," 2/27/13"
"Ying Yang Twins",Naggin',SC3388,4,SC3388,SC,1," 2/27/13"
"Ying Yang Twins wvocal",Naggin',SC3388,12,SC3388,SC,1," 2/27/13"
"Yoakam, Dwight",Nothing,CB60144,15,CB60144,CB,1," 2/27/13"
"Yoakam, Dwight","Nothing's Changed Here",SC8352,7,SC8352,SC,1," 2/27/13"
"You Know You're Right",Nirvana,TU159,18,TU159,TU,1," 2/27/13"
"Young Gunz","No Better Love",PHU0404,8,PHU0404,PH,1," 2/27/13"
"Zombie, Rob","Never Gonna Stop (Red, Red Kroovy)",SC8758,8,SC8758,SC,1," 2/27/13"
