112,"Only You",SC8295,4,SC8295,SC,1," 2/27/13"
"2 Evisa","Oh La La La",SF114,10,SF114,SF,1," 2/27/13"
"2 Pac & Eminem","One Day At A Time",PHU0404,4,PHU0404,PH,1," 2/27/13"
"5 Stairsteps","Ooh Child",SC8860,13,SC8860,SC,1," 2/27/13"
"50 Cent",Outlaw,PHMU1201,7,PHMU1201,PH,1," 2/27/13"
"5Th Dimension, The","One Less Bell To Answer",MMGSTA05,18,MMGSTA05,MM,1," 2/27/13"
Aaliyah,"One I Gave My Heart To, The",SC8422,7,SC8422,SC,1," 2/27/13"
Abba,"One Of Us",MM6360,8,MM6360,MM,1," 2/27/13"
"Abdul, Paula","Opposites Attract",DK095,11,DK095,DK,1," 2/27/13"
"Adams, Bryan","On A Day Like Today",SC8490,9,SC8490,SC,1," 2/27/13"
"Adams, Bryan","Only Thing That Looks Good On Me Is You,",MM6150,12,MM6150,MM,1," 2/27/13"
"Adams, Yolanda","Open My Heart",SC8637,14,SC8637,SC,1," 2/27/13"
"Aguilera, Christina",Ovbious,CB90168,12,CB90168,CB,1," 2/27/13"
"Air Supply","One That You Love, The",DK027,10,DK027,DK,1," 2/27/13"
"Air Supply","Out Of Nothing At All",SC8264,8,SC8264,SC,1," 2/27/13"
Alabama,"Of Course I'm Alright",CHM9801,18,CHM9801,CH,1," 2/27/13"
Alabama,"Old Flame",CB60022,11,CB60022,CB,1," 2/27/13"
Alabama,"On This Side Of The Moon",SC8306,15,SC8306,SC,1," 2/27/13"
Alabama,"Once Upon A Lifetime",DK088,10,DK088,DK,1," 2/27/13"
"All Or Nothing",O-Town,PHM0106,9,PHM0106,PH,1," 2/27/13"
"Allan, Gary","One, The",SC8745,7,SC8745,SC,1," 2/27/13"
"Allan, Gary wvocal","One, The",SC3300,10,SC3300,SC,1," 2/27/13"
"Allman Brothers Band, The","One Way Out",SC8675,13,SC8675,SC,1," 2/27/13"
"Alone Again (Naturally)","O'Sullivan, Gilbert",AH2013,7,AH2013,AH,1," 2/27/13"
"Alter Bridge","Open Your Eyes",PHR0410,2,PHR0410,PH,1," 2/27/13"
Anastacia,"One Day In Your Life",SC8768,3,SC8768,SC,1," 2/27/13"
Animotion,Obsession,SF037,8,SF037,SF,1," 2/27/13"
"Arnold, Eddy","Out Of The Blue",SC8321,11,SC8321,SC,1," 2/27/13"
Ashanti,"Only U",SC8908,12,SC8908,SC,1," 2/27/13"
Asia,"Only Time Will Tell",SC8552,14,SC8552,SC,1," 2/27/13"
"Astley, Rick","Ones You Love, The",MM6040,10,MM6040,MM,1," 2/27/13"
"Austin, Sherrie","One Solitary Tear",CHM9712,15,CHM9712,CH,1," 2/27/13"
"Authority Zero","One More Minute",THMR0303,14,THMR0303,TH,1," 2/27/13"
"Azar, Steve","One Good Reason Why",CB20553,11,CB20553,CB,1," 2/27/13"
Backstabbers,"O'Jays, The",DG09,7,DG09,DG,1," 2/27/13"
"Backstreet Boys, The","One, The",SF165,14,SF165,SF,1," 2/27/13"
"Badu, Erykah","On & On",SC8357,12,SC8357,SC,1," 2/27/13"
"Badu, Erykah","On And On",CBE3-25,2,CBE3-25,CB,1," 2/27/13"
"Banks, Lloyd","On Fire (Radio Version)",SC8879,8,SC8879,SC,1," 2/27/13"
"Barenaked Ladies","One Week",SC8640,11,SC8640,SC,1," 2/27/13"
"Barlow, Gary","Open Road",SF116,1,SF116,SF,1," 2/27/13"
"BB Mak","Out Of My Heart",PHM0210,6,PHM0210,PH,1," 2/27/13"
"Bb Mak","Out Of My Heart",MM6370,11,MM6370,MM,1," 2/27/13"
"Bb Mak","Out Of My Heart (Into Your Head)",CB30028,2,CB30028,CB,1," 2/27/13"
BBMak,"Out Of My Heart (Into Your Head)",CBEP473-2,5,CBEP473-2,CB,1," 2/27/13"
Beaches,"Otto Titsling",MM6175,1,MM6175,MM,1," 2/27/13"
"Beatles, The","Ob La Di, Ob La Da",SAVP03,7,SAVP03,SA,1," 2/27/13"
"Beatles, The","Ob-La-Di, Ob-La-Da",SC7573,14,SC7573,SC,1," 2/27/13"
"Beatles, The","Octopus' Garden",MM6060,13,MM6060,MM,1," 2/27/13"
"Beatles, The","Octopus's Garden",SC8820,10,SC8820,SC,1," 2/27/13"
"Beatles, The","Oh Darling",SC7525,13,SC7525,SC,1," 2/27/13"
"Beatles, The","Oh! Darling",SC8821,5,SC8821,SC,1," 2/27/13"
"Bee Gees, The","Only One Woman",SAVP34,11,SAVP34,SA,1," 2/27/13"
"Bellamy Brothers","Old Hippie",CB90110,13,CB90110,CB,1," 2/27/13"
"Bellamy Brothers, The","Old Hippie",MM6143,11,MM6143,MM,1," 2/27/13"
"Bellamy Brothers, The","Old Hippie (The Sequel)",SC8250,2,SC8250,SC,1," 2/27/13"
"Bellamy Brothers, The","Old Hippie Christmas",CB60210,6,CB60210,CB,1," 2/27/13"
"Bellamy Brothers, The","On A Summer Night",SC8287,6,SC8287,SC,1," 2/27/13"
"Bennett, Tony","Once Upon A Time",MM6242,7,MM6242,MM,1," 2/27/13"
"Bennett, Tony","One For My Baby",MM6068,10,MM6068,MM,1," 2/27/13"
"Benson, George","On Broadway",MMGCP9802,15,MMGCP9802,MM,1," 2/27/13"
"Bentley, Stephanie","Once I Was The Light Of Your Life",SC8307,1,SC8307,SC,1," 2/27/13"
"Berry, John","Over My Shoulder",SC8463,14,SC8463,SC,1," 2/27/13"
"Better Than Ezra","One More Murder",SC8481,6,SC8481,SC,1," 2/27/13"
"Big Brovaz",Ok,SF202,2,SF202,SF,1," 2/27/13"
"Big Tymers","Oh Yeah",PHU0301,8,PHU0301,PH,1," 2/27/13"
"Big Tymers & Gotti & Boo &Tateeze","Oh Yeah",THH0301,10,THH0301,TH,1," 2/27/13"
"Big Tymers wvocal","Oh Yeah",PHU0301,17,PHU0301,PH,1," 2/27/13"
"Bishop, Stephen","On And On",SAVP34,17,SAVP34,SA,1," 2/27/13"
"Black Crowes, The","Only A Fool",SC8531,2,SC8531,SC,1," 2/27/13"
"Black Hawk","One Night In New Orleans",CB60237,5,CB60237,CB,1," 2/27/13"
"Black, Clint","One Emotion",CB60143,12,CB60143,CB,1," 2/27/13"
"Black, Clint","One More Payment",CB90008,8,CB90008,CB,1," 2/27/13"
"Blessid Union Of Souls, The","Oh Virginia",SC8257,13,SC8257,SC,1," 2/27/13"
"Blige, Mary J",Ooh!,PHU0311,1,PHU0311,PH,1," 2/27/13"
"Blige, Mary J.",Ooh!,THH0312,11,THH0312,TH,1," 2/27/13"
Blondie,"One Way Or Another",DK083,18,DK083,DK,1," 2/27/13"
"Blue Angel","Orbison, Roy",BS7017,10,BS7017,BS,1," 2/27/13"
"Blue Bayou","Orbison, Roy",BS7017,11,BS7017,BS,1," 2/27/13"
Blur,"Out Of Time",SF205,5,SF205,SF,1," 2/27/13"
"Bob Seger","Old Time Rock & Roll",SC8106,9,SC8106,SC,1," 2/27/13"
"Bogguss, Suzy","Outbound Plane",CBE4-20,15,CBE4-20,CB,1," 2/27/13"
"Bolton, Michael","Once In A Lifetime",MM6091,14,MM6091,MM,1," 2/27/13"
"Bolton, Michael","Only A Woman Like You",MM6363,7,MM6363,MM,1," 2/27/13"
"Bon Jovi","One Wild Night",SF180,9,SF180,SF,1," 2/27/13"
"Bonham, Tracy","One, The",SC8316,5,SC8316,SC,1," 2/27/13"
"Boone Creek","One Way Track",CBEP476-5,3,CBEP476-5,CB,1," 2/27/13"
"Boys II Men","On Bended Knee",MMRB2-3,6,MMRB2-3,MM,1," 2/27/13"
"Boyz Ii Men","On Bended Knee",CBEP458-3,1,CBEP458-3,CB,1," 2/27/13"
"Boyz II Men","On Bended Knee",SD010,1,SD010,SD,1," 2/27/13"
"Boyz Ii Men","On Bended Knee",MMRB04,18,MMRB04,MM,1," 2/27/13"
"Boyz II Men","One More Dance",PHMU1206,5,PHMU1206,PH,1," 2/27/13"
"Brewer & Shipley","One Toke Over The Line",SC1999NSC07,14,SC1999NSC07,SC,1," 2/27/13"
"Britney Spears Parody","Oops I Farted Again",MM6330,1,MM6330,MM,1," 2/27/13"
"Broadman Hymnal","Oh Say But I'm Glad",CB70023,12,CB70023,CB,1," 2/27/13"
"Broadman Hymnal","Old Rugged Cross, The",CB70017,16,CB70017,CB,1," 2/27/13"
"Broadman Hymnal","On Jordan's Stormy Banks",CB70020,15,CB70020,CB,1," 2/27/13"
"Broadman Hymnal","Only Believe",CB70021,14,CB70021,CB,1," 2/27/13"
"Broadman Hymnal","Only Trust Him",CB70020,1,CB70020,CB,1," 2/27/13"
"Broadman Hymnal","Other Side Of Jordan, The",CB70023,3,CB70023,CB,1," 2/27/13"
Broadway,"On A Clear Day",MM6100A,13,MM6100A,MM,1," 2/27/13"
Broadway-Oklahoma,Oklahoma,DK080,18,DK080,DK,1," 2/27/13"
"Brock, Chad","Ordinary Life",SD060,10,SD060,SD,1," 2/27/13"
"Brokop, Lisa","One Of Those Nights",SC8171,6,SC8171,SC,1," 2/27/13"
"Brooks & Dunn","Only In America",CB60221,13,CB60221,CB,1," 2/27/13"
"Brooks, Garth","Old Stuff, The",MM6129,10,MM6129,MM,1," 2/27/13"
"Brooks, Garth","One Night A Day",MM6056,5,MM6056,MM,1," 2/27/13"
"Brown, Horace","One For The Money",SC8281,3,SC8281,SC,1," 2/27/13"
"Browns, The","Old Lamplighter, The",SC8599,9,SC8599,SC,1," 2/27/13"
"Buck Owens","Open Up Your Heart",SC8383,13,SC8383,SC,1," 2/27/13"
"Buddy Holly","Oh Boy",SC8353,12,SC8353,SC,1," 2/27/13"
"Butler, Jerry","Only The Strong Survive",SC8364,1,SC8364,SC,1," 2/27/13"
"Byrd, Tracy","On Again, Off Again",CB90037,14,CB90037,CB,1," 2/27/13"
"Cabrera, Ryan","On The Way Down",MM6417,11,MM6417,MM,1," 2/27/13"
"Cafferty, John & The Beaver Brown Band","On The Dark Side",SC8176,13,SC8176,SC,1," 2/27/13"
"Calling, The","Our Lives",MM6412,13,MM6412,MM,1," 2/27/13"
Cam'ron,"Oh Boy",PHU0209,3,PHU0209,PH,1," 2/27/13"
"Cam'ron & Juelz Santana","Oh Boy",SC8766,6,SC8766,SC,1," 2/27/13"
"Cam'ron wvocal","Oh Boy",PHU0209,12,PHU0209,PH,1," 2/27/13"
"Candy Man","Orbison, Roy",BS7017,12,BS7017,BS,1," 2/27/13"
"Canned Heat","On The Road Again",SC8814,14,SC8814,SC,1," 2/27/13"
Caprice,"Oh Yeah",SF146,13,SF146,SF,1," 2/27/13"
"Cara, Irene","Out Here On My Own",SC8585,9,SC8585,SC,1," 2/27/13"
"Carey, Mariah","One, The",SC8834,3,SC8834,SC,1," 2/27/13"
"Carey, Mariah & Boyz Ii Men","One Sweet Day",PHM9512,2,PHM9512,PH,1," 2/27/13"
"Carey, Mariah & Boyz II Men","One Sweet Day",SC2401,3,SC2401,SC,1," 2/27/13"
"Carey, Mariah & Boyz Ii Men","One Sweet Day",SC8497,14,SC8497,SC,1," 2/27/13"
"Carlton, Vanessa","Ordinary Day",CBEP473-5,11,CBEP473-5,CB,1," 2/27/13"
"Carpenter, Mary Chapin","Only A Dream",SC8282,13,SC8282,SC,1," 2/27/13"
"Carpenters, The","Only Yesterday",CB90194,15,CB90194,CB,1," 2/27/13"
"Carr, Vicki","Otra Vez Enamorada",MM6138,7,MM6138,MM,1," 2/27/13"
"Carter, Carlene","One Love",CB60098,14,CB60098,CB,1," 2/27/13"
"Carter, Deana","Once Upon A December",SD046,12,SD046,SD,1," 2/27/13"
"Cash, Johnny","One On The Right Is On My Left, The",CB90074,14,CB90074,CB,1," 2/27/13"
"Cash, Johnny","One On The Right Is On The Left, The",SC8442,8,SC8442,SC,1," 2/27/13"
"Cash, Johnny","One Piece At A Time",CB90074,9,CB90074,CB,1," 2/27/13"
"Cash, Johnny",Oney,SC8442,12,SC8442,SC,1," 2/27/13"
"Cash, Johnny","Orange Blossom Special",SC8400,15,SC8400,SC,1," 2/27/13"
"Cassidy, Eva","Over The Rainbow",SC2421,1,SC2421,SC,1," 2/27/13"
"Cassidy, Eva wvocal","Over The Rainbow",SC2421,9,SC2421,SC,1," 2/27/13"
"Cat Stevens","Oh Very Young",SC1999NSC07,12,SC1999NSC07,SC,1," 2/27/13"
"Cetera, Peter","One Clear Voice",SC8312,13,SC8312,SC,1," 2/27/13"
Cher,"One By One",SF034,9,SF034,SF,1," 2/27/13"
Cherie,"Older Than My Years",PHM0410,4,PHM0410,PH,1," 2/27/13"
"Chesnutt, Mark","Old Country",SC8165,11,SC8165,SC,1," 2/27/13"
"Chesnutt, Mark","Old Flames Have New Names",SC8133,9,SC8133,SC,1," 2/27/13"
Chi-Lites,"Oh Girl",MM6401,10,MM6401,MM,1," 2/27/13"
"Chi-Lites, The","Oh Girl",DK001,18,DK001,DK,1," 2/27/13"
"Chico DeBarge","Oh No",PHMU0910,5,PHMU0910,PH,1," 2/27/13"
"Chiffons, The","One Fine Day",MMOLD03,16,MMOLD03,MM,1," 2/27/13"
"Children's Activity Songs","Once An Austrian Went Yodeling",SC7002,16,SC7002,SC,1," 2/27/13"
"Children's Activity Songs","One Bottle Of Pop",SC7002,7,SC7002,SC,1," 2/27/13"
"Children's Favorites","Old Macdonald Had A Farm",CBE2-30,15,CBE2-30,CB,1," 2/27/13"
"Children's Happy Songs","Oh Susanna",SC7001,10,SC7001,SC,1," 2/27/13"
"Children's Happy Songs","Old Macdonald",SC7001,12,SC7001,SC,1," 2/27/13"
"Children'sSilly Songs","On Top Of Old Smokey",SC7009,4,SC7009,SC,1," 2/27/13"
Children's,"On Top Of Old Smoky",CBE3-14,3,CBE3-14,CB,1," 2/27/13"
Chingy,"One Call Away",PHU0404,3,PHU0404,PH,1," 2/27/13"
"Chorus Line",One,MMSTA03,13,MMSTA03,MM,1," 2/27/13"
Christmas,"O Come All Ye Faithful",MM6374,15,MM6374,MM,1," 2/27/13"
Christmas,"O Come O Come Immanual",SC2018,8,SC2018,SC,1," 2/27/13"
Christmas,"O Holy Night",MM6374,9,MM6374,MM,1," 2/27/13"
Christmas,"O Little Town Of Bethlehem",CB60035,8,CB60035,CB,1," 2/27/13"
Christmas,"O' Christmas Tree",CB60033,6,CB60033,CB,1," 2/27/13"
Christmas,"O' Come All Ye Faithful",CB60033,14,CB60033,CB,1," 2/27/13"
Christmas,"O' Holy Night",CB60031,13,CB60031,CB,1," 2/27/13"
Christmas,"Old Christmas Card",CB60032,9,CB60032,CB,1," 2/27/13"
Christmas,"Old Man's Back In Town, The",CB60036,15,CB60036,CB,1," 2/27/13"
Christmas,"On This Day",CB60036,7,CB60036,CB,1," 2/27/13"
Christmas,"One Bright Star",CB60036,13,CB60036,CB,1," 2/27/13"
"Christmas Reminiscing","Oh Come All Ye Faithful",SC7030,2,SC7030,SC,1," 2/27/13"
"Cigarettes And Alcohol","Oasis w~vocal",BS5217,2,BS5217,BS,1," 2/27/13"
"Clapton, Eric","Only You And I Know",SGB20,12,SGB20,SG,1," 2/27/13"
"Clapton, Eric","Outside Woman Blues",SGB20,2,SGB20,SG,1," 2/27/13"
"Clinton, Gregory","One Shot At A Time",CB60151,3,CB60151,CB,1," 2/27/13"
"Close My Eyes Forever","Osbourne, Ozzy & Lita Ford",AH2003,10,AH2003,AH,1," 2/27/13"
"Coffey, Kellie","Outside Looking In",CB60242,14,CB60242,CB,1," 2/27/13"
"Cole, Natalie","Orange Colored Sky",MMSTA02,9,MMSTA02,MM,1," 2/27/13"
"Cole, Natalie","Our Love",SC8323,12,SC8323,SC,1," 2/27/13"
"Collins, Phil","One More Night",CBEP467-6,12,CBEP467-6,CB,1," 2/27/13"
"Come Out And Play","Offspring, The",AMS1505,3,AMS1505,AM,1," 2/27/13"
"Confederate Railroad, The","One You Love The Most, The",SC8336,2,SC8336,SC,1," 2/27/13"
"Conley, Earl Thomas","Once In A Blue Moon",CB90111,14,CB90111,CB,1," 2/27/13"
"Connick, Harry Jr.","On The Street Where You Live",MMSTA03,14,MMSTA03,MM,1," 2/27/13"
"Cooper, Alice","Only Woman Bleed",AH8002,9,AH8002,AH,1," 2/27/13"
"Cooper, Alice","Only Women Bleed",SC8650,2,SC8650,SC,1," 2/27/13"
"Cornelius, Helen","O' Holy Night",CB60187,8,CB60187,CB,1," 2/27/13"
"Corrs, The","On My Father's Wings",SC8530,8,SC8530,SC,1," 2/27/13"
"Costello, Elvis","Oliver's Army",BL27,10,BL27,BL,1," 2/27/13"
Country,"O' Come All Ye Faithful",CBEP462-2,9,CBEP462-2,CB,1," 2/27/13"
"Country Christmas","O' Come All Ye Faithful",CB60188,6,CB60188,CB,1," 2/27/13"
Coven,"One Tin Soldier",CBE21,11,CBE21,CB,1," 2/27/13"
Coven,"One Tin Soldier, The Legend Of Billy Jac",SC8651,1,SC8651,SC,1," 2/27/13"
"Cranberries, The","Ode To My Family",SD015,9,SD015,SD,1," 2/27/13"
"Crawford, Randy","One Day I'll Fly Away",SF110,1,SF110,SF,1," 2/27/13"
"Crazy Train","Osbourne, Ozzie",AH8015,8,AH8015,AH,1," 2/27/13"
Cream,"Outside Woman Blues",SGB027,11,SGB027,SG,1," 2/27/13"
Creed,One,SC8515,12,SC8515,SC,1," 2/27/13"
Creed,"One Last Breath",CB30023,13,CB30023,CB,1," 2/27/13"
"Croce, Jim","One Less Set Of Footsteps",CB90204,8,CB90204,CB,1," 2/27/13"
"Croce, Jim",Operator,CBE3-19,14,CBE3-19,CB,1," 2/27/13"
"Croce, Jim","Operator (that's Not The Way It Feels)",CB90204,2,CB90204,CB,1," 2/27/13"
"Croce, Jim","Operator (That's Not The Way It Feels)",SC7575,8,SC7575,SC,1," 2/27/13"
"Crosby, Stills, Nash & Young",Ohio,SC8231,5,SC8231,SC,1," 2/27/13"
"Crosby, Stills, Nash & Young","Only Waiting For You",SC8302,8,SC8302,SC,1," 2/27/13"
"Crosby, Stills, Nash & Young","Our House",SC8683,4,SC8683,SC,1," 2/27/13"
"Crowe, J.d. & New South","Old Home Place",SC8693,14,SC8693,SC,1," 2/27/13"
"Crowe, J.d. & The New South","Old Home Place",CBEP476-4,2,CBEP476-4,CB,1," 2/27/13"
Crying,"Orbison, Roy",BS7017,1,BS7017,BS,1," 2/27/13"
"Cyrus, Billy Ray","One Last Thrill",SC8171,12,SC8171,SC,1," 2/27/13"
"Dabu, Erykah","On And On",MM6394,5,MM6394,MM,1," 2/27/13"
Danleers,"One Summer Night",MM6018,8,MM6018,MM,1," 2/27/13"
"Dave Clark Five","Over And Over",CBEP472-1,6,CBEP472-1,CB,1," 2/27/13"
"Dave Clark Five, The","Over & Over",CB5014-02,2,CB5014-02,CB,1," 2/27/13"
"Dave Clark Five, The","Over And Over",SC7554,11,SC7554,SC,1," 2/27/13"
"David Guetta feat Estelle","One Love",PHMU1005,9,PHMU1005,PH,1," 2/27/13"
"Davis, Mac","One Hell Of A Woman",SC8588,15,SC8588,SC,1," 2/27/13"
"Dean, Billy","Once In A While",SC8161,11,SC8161,SC,1," 2/27/13"
"Dean, Billy","Only Here For A Little While",CBEP453-2,14,CBEP453-2,CB,1," 2/27/13"
"Dean, Billy","Only The Wind",MM6017,7,MM6017,MM,1," 2/27/13"
"Defy You","Offspring, The",THR0203,10,THR0203,TH,1," 2/27/13"
"Dells, The","Oh What A Night",SC8251,10,SC8251,SC,1," 2/27/13"
"Desert Rose Band, The","One Step Forward",SC8567,5,SC8567,SC,1," 2/27/13"
"Diamond Rio","Oh Me Oh My Sweet Baby",SC8133,14,SC8133,SC,1," 2/27/13"
"Diamond Rio","One More Day",CBE3-09,14,CBE3-09,CB,1," 2/27/13"
"Diamond Rio","One More Day With You",CB60211,10,CB60211,CB,1," 2/27/13"
"Diamond Rio wvocal","One More Day",SC2336A,11,SC2336A,SC,1," 2/27/13"
"Diamond, Neil","One Hand One Heart",SC8264,9,SC8264,SC,1," 2/27/13"
"Diamond, Neil & W. Jennings","One Good Love",MM6145,10,MM6145,MM,1," 2/27/13"
"Die Trying","Oxygen's Gone",PHR0308,3,PHR0308,PH,1," 2/27/13"
"Die Trying wvocal","Oxygen's Gone",PHR0308,12,PHR0308,PH,1," 2/27/13"
Dina,"Ooh Child",SC8266,13,SC8266,SC,1," 2/27/13"
"Dion, Celine","O Holy Night",SC8781,3,SC8781,SC,1," 2/27/13"
"Dion, Celine","Only One Road",SD017,9,SD017,SD,1," 2/27/13"
Dishwalla,"Once In A While",SC8481,11,SC8481,SC,1," 2/27/13"
Divine,"One More Try",SC8519,13,SC8519,SC,1," 2/27/13"
"Dixie Chicks, The","Once You've Loved Somebody",CB60175,12,CB60175,CB,1," 2/27/13"
"Dock Of The Bay, The","Otis Redding",SF073,12,SF073,SF,1," 2/27/13"
"Dodd, Deryl","One Ride In Vegas",CB20311,8,CB20311,CB,1," 2/27/13"
"Don't Go Away",Oasis,PHM9710,5,PHM9710,PH,1," 2/27/13"
"Don't Look Back In Anger",Oasis,THM9609,6,THM9609,TH,1," 2/27/13"
"Douglas, Craig","Only Sixteen",SF062,1,SF062,SF,1," 2/27/13"
"Drake, Dusty","One Last Time",CB60310,7,CB60310,CB,1," 2/27/13"
"Dream Baby","Orbison, Roy",BS7017,4,BS7017,BS,1," 2/27/13"
Dreamer,"Osbourne, Ozzy",TU089,4,TU089,TU,1," 2/27/13"
Drifters,"On Broadway",CBE3-16,13,CBE3-16,CB,1," 2/27/13"
"Drifters, The","On Broadway",DK021,15,DK021,DK,1," 2/27/13"
"Duets-McDonald, Michael & LaBelle, Patti","On My Own",DK003,5,DK003,DK,1," 2/27/13"
"Duets-Tritt, Travis & Loveless, Patty","Out Of Control Raging Fire",SD090,14,SD090,SD,1," 2/27/13"
"Dunn, Holly","Only When I Love",CBE4-18,14,CBE4-18,CB,1," 2/27/13"
"Duran Duran","Ordinary World",MM6001,12,MM6001,MM,1," 2/27/13"
"Eagles, The","Ol' 55",SC8583,4,SC8583,SC,1," 2/27/13"
"Eagles, The","One Of These Nights",SC8125,2,SC8125,SC,1," 2/27/13"
"Eddie Rabbitt","On Second Thought",SC8135,2,SC8135,SC,1," 2/27/13"
"Edwin Hawkins' Singers, The","Oh Happy Day",DK031,17,DK031,DK,1," 2/27/13"
"Elliot, Missy, Ludacris & Trina","One Minute Man",SC8720,15,SC8720,SC,1," 2/27/13"
"Elliott Yamin","One Word",PHMP0802,9,PHMP0802,PH,1," 2/27/13"
Elvira,"Oak Ridge Boys, The",KJT06,6,KJT06,KJ,1," 2/27/13"
"Elvis Presley","One Night",SC8356,11,SC8356,SC,1," 2/27/13"
"Emerson Drive","Only God",SD106,6,SD106,SD,1," 2/27/13"
"Emerson Drive","Only God Could Stop Me Loving You",MM6386,14,MM6386,MM,1," 2/27/13"
"Emotionally Yours","O'Jays, The",HV04,10,HV04,HV,1," 2/27/13"
Enya,"Only Time",CBE3-27,14,CBE3-27,CB,1," 2/27/13"
Enya,"Only You",MM6335,8,MM6335,MM,1," 2/27/13"
Enya,"Orinoco Flow",SC8577,10,SC8577,SC,1," 2/27/13"
"Eric Hutchinson","Ok, It's Alright With Me",PHMP0909,4,PHMP0909,PH,1," 2/27/13"
"Estefan, Gloria","Oye Mi Canto",MM6009,2,MM6009,MM,1," 2/27/13"
"Eve 6","On The Roof Again",SC8672,7,SC8672,SC,1," 2/27/13"
"Eve 6","Open Road Song",SC8534,14,SC8534,SC,1," 2/27/13"
Everclear,"One Hit Wonder",SC8515,2,SC8515,SC,1," 2/27/13"
Farther,Outspoken,THR0304,18,THR0304,TH,1," 2/27/13"
Fastball,"Out Of My Head",CB30008,14,CB30008,CB,1," 2/27/13"
"Fastball wvocal","Out Of My Head",PHM9909,15,PHM9909,PH,1," 2/27/13"
"Fifth Dimension","One Less Bell To Answer",CBE3-17,8,CBE3-17,CB,1," 2/27/13"
"Finger Eleven","One Thing",MM6420,13,MM6420,MM,1," 2/27/13"
Fire,"Ohio Express, The",SF072,4,SF072,SF,1," 2/27/13"
"Fisher, Eddie","Oh My Papa",MM6156,13,MM6156,MM,1," 2/27/13"
"Fisher, Eddie","Oh! My Pa-Pa",CBE3-16,3,CBE3-16,CB,1," 2/27/13"
"Fitzgerald, Ella","On The Sunny Side Of The Street",SAVP07,11,SAVP07,SA,1," 2/27/13"
Fixx,"One Thing Leads To Another",SC8696,15,SC8696,SC,1," 2/27/13"
"Fixx, The","One Thing Leads To Another",SC8221,9,SC8221,SC,1," 2/27/13"
"Fleetwood Mac","Oh Daddy",SC2377,5,SC2377,SC,1," 2/27/13"
"Fleetwood Mac","Over My Head",SC8785,7,SC8785,SC,1," 2/27/13"
"Fogerty, John","Old Man Down The Road, The",SC7564,1,SC7564,SC,1," 2/27/13"
"Foo Fighters","One, The",CBEP477-2,14,CBEP477-2,CB,1," 2/27/13"
"Four Preps, The","Organ Grinder's Swing",SAVP36,16,SAVP36,SA,1," 2/27/13"
"Four Seasons, The","Opus 17 (Don't Worry 'Bout Me)",CB90191,7,CB90191,CB,1," 2/27/13"
"Frampton, Peter","Out Of The Blue",SC8238,6,SC8238,SC,1," 2/27/13"
"Frank Sinatra","On The Sunny Side Of The Street",CBEP469-5,4,CBEP469-5,CB,1," 2/27/13"
"Free, Brian & Assurance","Old Time Way",CBEP478-1,11,CBEP478-1,CB,1," 2/27/13"
"Freemans, The","Once Was Enough",CBEP466-3,4,CBEP466-3,CB,1," 2/27/13"
"Frey, Glen","One You Love, The",AH8004,3,AH8004,AH,1," 2/27/13"
Funkadelic,"One Nation Under A Groove",SC8386,1,SC8386,SC,1," 2/27/13"
"Furtado, Nelly","On The Radio",MM6359,9,MM6359,MM,1," 2/27/13"
"Furtado, Nelly","On The Radio (Remember The Days)",CB30023,14,CB30023,CB,1," 2/27/13"
"Gap Band, The","Oops Upside Your Head",SF028,14,SF028,SF,1," 2/27/13"
Garbage,"Only Happy When It Rains",SC8348,8,SC8348,SC,1," 2/27/13"
"Garland, Judy","Over The Rainbow",SAVP02,18,SAVP02,SA,1," 2/27/13"
"Gatlin, Larry","O' Holy Night",CBEP462-2,11,CBEP462-2,CB,1," 2/27/13"
"Gayle, Crystal","Our Love Is On The Faultline",SC8461,1,SC8461,SC,1," 2/27/13"
"Gentry, Bobbie","Ode To Billie Joe",SGB41,12,SGB41,SG,1," 2/27/13"
"Gentry, Bobbie","Ode To Billy Joe",DK033,15,DK033,DK,1," 2/27/13"
"George Strait","Ocean Front Property",SC8104,3,SC8104,SC,1," 2/27/13"
"George Strait","One Night At A Time",SC8370,10,SC8370,SC,1," 2/27/13"
"George Strait","Overnight Male",SC8177,6,SC8177,SC,1," 2/27/13"
"Get Me Through","Osbourne, Ozzy",PHR0201,8,PHR0201,PH,1," 2/27/13"
"Gibson, Don","Oh Lonesome Me",CB60134,10,CB60134,CB,1," 2/27/13"
"Gibson, Don","Oh, Lonesome Me",CBEP451-2,13,CBEP451-2,CB,1," 2/27/13"
"Gill, Vince","Oklahoma Borderline",SC7570,13,SC7570,SC,1," 2/27/13"
"Gill, Vince","One Bright Star",CBEP462-6,4,CBEP462-6,CB,1," 2/27/13"
"Gill, Vince","One More Last Chance",DKM2021,13,DKM2021,DK,1," 2/27/13"
"Gilley, Mickey","O' Little Town Of Bethlehem",CBEP462-2,13,CBEP462-2,CB,1," 2/27/13"
"Gillman, Billy","One Voice",CBE2-11,11,CBE2-11,CB,1," 2/27/13"
"Gilman, Billy",Oklahoma,SD078,13,SD078,SD,1," 2/27/13"
"Gilman, Billy","One Voice",SC8619,11,SC8619,SC,1," 2/27/13"
"Gina G.","Ooh Aah...just A Little Bit",PHM9701,3,PHM9701,PH,1," 2/27/13"
"Go Go's, The","Our Lips Are Sealed",SC8331,14,SC8331,SC,1," 2/27/13"
Gospel,"Oh Promise Me",SC2181,5,SC2181,SC,1," 2/27/13"
Gospel,"Oh Say But I'm Glad",CBEP456-7,12,CBEP456-7,CB,1," 2/27/13"
Gospel,"Old Rugged Cross, The",CBEP456-1,16,CBEP456-1,CB,1," 2/27/13"
Gospel,"Old Time Way",CB70003,7,CB70003,CB,1," 2/27/13"
Gospel,"On Jordan's Stormy Banks",CBEP456-4,15,CBEP456-4,CB,1," 2/27/13"
Gospel,"One Day At A Time",CB70003,8,CB70003,CB,1," 2/27/13"
Gospel,"Only Believe",CBEP456-5,14,CBEP456-5,CB,1," 2/27/13"
Gospel,"Only Trust Him",CBEP456-4,1,CBEP456-4,CB,1," 2/27/13"
Gospel,"Onward Christian Soldiers",DK801,2,DK801,DK,1," 2/27/13"
Gospel,"Onward, Christian Soldiers",CBEP456-1,6,CBEP456-1,CB,1," 2/27/13"
Gospel,"Other Side Of Jordan, The",CBEP456-7,3,CBEP456-7,CB,1," 2/27/13"
"Gotta Get Away","Offspring, The",AMS1505,4,AMS1505,AM,1," 2/27/13"
"Graham, Larry","One In A Million",MMRB2-3,18,MMRB2-3,MM,1," 2/27/13"
"Graham, Larry","One In A Million You",SC8126,12,SC8126,SC,1," 2/27/13"
"Great Divide, The","Out Of Here Tonight",CB60216,8,CB60216,CB,1," 2/27/13"
"Great White","Once Bitten Twice Shy",SGB031,12,SGB031,SG,1," 2/27/13"
"Griffin, Patty","One Big Love",PHM9810,8,PHM9810,PH,1," 2/27/13"
"Haggard, Merle","Okie From Muskogee",DK061,18,DK061,DK,1," 2/27/13"
"Haggard, Merle","Old Man From The Mountain",CB90119,3,CB90119,CB,1," 2/27/13"
"Hall & Oates","Out Of Touch",CBEP467-4,14,CBEP467-4,CB,1," 2/27/13"
"Hall, Daryl & John Oates","One On One",SC8588,4,SC8588,SC,1," 2/27/13"
"Hall, Tom T.","O' Christmas Tree",CBEP462-2,7,CBEP462-2,CB,1," 2/27/13"
"Hall, Tom T.","Old Dogs Children & Watermelon Wine",SC7537,1,SC7537,SC,1," 2/27/13"
"Hall, Tom T.","Old Dogs, Children And Watermelon Wine",CB80104,10,CB80104,CB,1," 2/27/13"
"Hands Off The Wheel",Oleander,PHR0305,5,PHR0305,PH,1," 2/27/13"
"Harris, Emmylou","Once More",CB90016,10,CB90016,CB,1," 2/27/13"
"Harris, Emmylou","One Of These Days",CB90016,11,CB90016,CB,1," 2/27/13"
"Harris, Sam","Over The Rainbow",MM6198,13,MM6198,MM,1," 2/27/13"
"Harvey, Pj","One Line",SC8800,12,SC8800,SC,1," 2/27/13"
"Hawkes, Chesney","One And Only, The",SF112,15,SF112,SF,1," 2/27/13"
"Hawkins, Sophie B.","Only Love",SD026,9,SD026,SD,1," 2/27/13"
"Hayes, Wade","Old Enough To Know Better",CB60145,12,CB60145,CB,1," 2/27/13"
"Hayes, Wade","On A Good Night",SC8289,10,SC8289,SC,1," 2/27/13"
"Head, Murray","One Night In Bangkok",SC8397,9,SC8397,SC,1," 2/27/13"
"Head, Murray","One Night In Bankok",MM6192,15,MM6192,MM,1," 2/27/13"
"Hed planet Earth","Other Side",THMR0311,3,THMR0311,TH,1," 2/27/13"
"Hey Ya",Outkast,PHM0312,9,PHM0312,PH,1," 2/27/13"
"Hill, Faith",One,THMP0307,11,THMP0307,TH,1," 2/27/13"
"Hill, Faith wvocal",One,PHM0309,18,PHM0309,PH,1," 2/27/13"
"Hill, Jessie","Ooh Poo Pah Doo",DK037,10,DK037,DK,1," 2/27/13"
"Hit That",Offspring,PHR0402,2,PHR0402,PH,1," 2/27/13"
"Hollies, The","On A Caroousel",SC8575,9,SC8575,SC,1," 2/27/13"
"Hollister, Dave","One Woman Man",CBEP473-1,12,CBEP473-1,CB,1," 2/27/13"
"Holly, Buddy","Oh Boy",MM6074,14,MM6074,MM,1," 2/27/13"
"Holly, Buddy & The Crickets","Oh Boy",MMOLD02,7,MMOLD02,MM,1," 2/27/13"
Hoobastank,"Out Of Control",PHR0401,3,PHR0401,PH,1," 2/27/13"
"Hootie & Blowfish, The","Only Wanna Be With You",DK098,3,DK098,DK,1," 2/27/13"
"Hootie & The Blowfish","Old Man & Me",MM6150,15,MM6150,MM,1," 2/27/13"
"Hootie & The Blowfish","Only Lonely",SC8501,13,SC8501,SC,1," 2/27/13"
"Hootie & The Blowfish","Only Wanna Be With You",MMBK09,14,MMBK09,MM,1," 2/27/13"
"Houston, Whitney","On My Own",SF203,10,SF203,SF,1," 2/27/13"
"Houston, Whitney","One Moment In Time",SAVP21,16,SAVP21,SA,1," 2/27/13"
"Houston, Whitney","One Of Those Days",THH0302,14,THH0302,TH,1," 2/27/13"
"Houston, Whitney wvocal","One Of Those Days",PHU0302,14,PHU0302,PH,1," 2/27/13"
"How Bizarre",OMC,PHM9706,4,PHM9706,PH,1," 2/27/13"
"Howard, Rebecca Lynn","Out Here In The Water",CB60195,15,CB60195,CB,1," 2/27/13"
"Husky, Ferlin",Once,CB90138,4,CB90138,CB,1," 2/27/13"
"Hyman, Phyllis","Old Friend",SAVP38,12,SAVP38,SA,1," 2/27/13"
"In My Dreams","Orbison, Roy",BS7017,8,BS7017,BS,1," 2/27/13"
"Ingram, Jack","One Thing",CB60238,11,CB60238,CB,1," 2/27/13"
"Ingram, James","One Hundred Ways",MMGCP9806,18,MMGCP9806,MM,1," 2/27/13"
"Inner Circle","Ob-La-Di, Ob-La-Da",MM6375,7,MM6375,MM,1," 2/27/13"
Innocent,"Our Lady Peace",PHR0211,2,PHR0211,PH,1," 2/27/13"
Inxs,"One Thing, The",SC7564,10,SC7564,SC,1," 2/27/13"
"Inxs, The","Original Sin",SC8687,4,SC8687,SC,1," 2/27/13"
Irish,"Orange And The Green, The",SC2017,2,SC2017,SC,1," 2/27/13"
Irish-Traditional,"Oh, Danny Boy",DK070,16,DK070,DK,1," 2/27/13"
"Isaacs, Sonya","On My Way To You",SC8608,11,SC8608,SC,1," 2/27/13"
"It's Over","Orbison, Roy",BS7017,9,BS7017,BS,1," 2/27/13"
"Jackson, Michael","One More Chance",SF211,5,SF211,SF,1," 2/27/13"
Jana,"Ooh Baby, Baby",SC8542,13,SC8542,SC,1," 2/27/13"
"Jay-Z & Swizz Beatz","On To The Next One",PHMU1004,2,PHMU1004,PH,1," 2/27/13"
"Jennings & Nelson","On The Road Again",CB90042,12,CB90042,CB,1," 2/27/13"
"Jennings, Waylon","Od Hearted Woman, A",CB80103,1,CB80103,CB,1," 2/27/13"
"Jennings, Waylon","Only Daddy That'll Walk The Line",SC8419,1,SC8419,SC,1," 2/27/13"
"Jerrod Niemann","Only God Could Love You More",PHMC1302,1,PHMC1302,PH,1," 2/27/13"
"Jewell, Buddy","One Step At A Time",SC8881,9,SC8881,SC,1," 2/27/13"
"Jewell, Buddy wvocal","One Step At A Time",SC3416,13,SC3416,SC,1," 2/27/13"
"Jewish Favorites","Oif N Pripitchok",SC8166,9,SC8166,SC,1," 2/27/13"
"Jewish Favorites","Ose Shalom",SC8166,10,SC8166,SC,1," 2/27/13"
"Jim & Jesse","Old Slew Foot",CB60060,14,CB60060,CB,1," 2/27/13"
"Jimmie Rodgers","Oh Oh I'm Falling In Love Again",SC8396,8,SC8396,SC,1," 2/27/13"
"Joel, Billy","Only The Good Die Young",SC8605,15,SC8605,SC,1," 2/27/13"
"John, Elton","One, The",SAVP37,16,SAVP37,SA,1," 2/27/13"
"Johnnie & Joe","Over The Mountain, Across The Sea",MM6149,8,MM6149,MM,1," 2/27/13"
"Johnny Cash","One Piece At A Time",SC8144,7,SC8144,SC,1," 2/27/13"
"Johnson, Carolyn Dawn","One Day Closer To You",SC8774,6,SC8774,SC,1," 2/27/13"
"Jon B","Only One",PHMU1205,8,PHMU1205,PH,1," 2/27/13"
"Jones, George","Once You've Had The Best",CB90155,13,CB90155,CB,1," 2/27/13"
"Jones, George","One I Loved Back Then, The",CB90075,13,CB90075,CB,1," 2/27/13"
"Jones, George","Our Bed Of Roses",CB60211,4,CB60211,CB,1," 2/27/13"
"Jones, Norah","One Flight Down",CB90157,9,CB90157,CB,1," 2/27/13"
"Josh Abbott Band feat Kacey Musgraves","Oh, Tonight",PHMC1110,4,PHMC1110,PH,1," 2/27/13"
Journey,"Only The Young",SC8641,12,SC8641,SC,1," 2/27/13"
Journey,"Open Arms",SC8192,13,SC8192,SC,1," 2/27/13"
"Judd, Wynonna","Only Love",MM6029,15,MM6029,MM,1," 2/27/13"
"Judds, The","One Hundred & Two",CB60101,3,CB60101,CB,1," 2/27/13"
"Judds, The","One Hundred And Two",SC8628,14,SC8628,SC,1," 2/27/13"
"Judds, The","One Man Woman",SC8133,13,SC8133,SC,1," 2/27/13"
"Justin Bieber","One Less Lonely Girl",PHMP1002,2,PHMP1002,PH,1," 2/27/13"
"Kamakawiwo'ole, Israel","Over The Rainbowwhat A Wonderful World",SC8850,8,SC8850,SC,1," 2/27/13"
"Kamakawiwo'ole, Isreal","Over The Rainbow",PHM0406,6,PHM0406,PH,1," 2/27/13"
"Kate Earl","One Woman Army",PHMP1302,8,PHMP1302,PH,1," 2/27/13"
"Keith Urban","Only You Can Love Me This Way",PHMC0910,1,PHMC0910,PH,1," 2/27/13"
"Kentucky Headhunters, The","Oh Lonesome Me",CBE11,13,CBE11,CB,1," 2/27/13"
"Keri Hilson & Chris Brown","One Night Stand",PHMU1105,1,PHMU1105,PH,1," 2/27/13"
"Kershaw, Sammy","One Day Left To Live",CB90032,15,CB90032,CB,1," 2/27/13"
"Kevon Edmonds",Oh,PHMU0912,5,PHMU0912,PH,1," 2/27/13"
"Kid Rock","Only God Knows Why",SC7585,15,SC7585,SC,1," 2/27/13"
"Kidman, Nicole","One Day I'll Fly Away",SC8762,7,SC8762,SC,1," 2/27/13"
"King, Carole","One Fine Day",SC8305,13,SC8305,SC,1," 2/27/13"
"King, Jill","One Mississippi",CB60246,15,CB60246,CB,1," 2/27/13"
"King'S X","Over My Head",SC8869,5,SC8869,SC,1," 2/27/13"
"Kinleys, The","Ooh Aah Crazy Kind Of Love Thing",CB60174,14,CB60174,CB,1," 2/27/13"
KJon,"On The Ocean",PHMU0906,2,PHMU0906,PH,1," 2/27/13"
"Knight, Gladys & The Pips","On And On",SC8634,4,SC8634,SC,1," 2/27/13"
"Krauss, Alison","Oh Atlanta",SC8224,12,SC8224,SC,1," 2/27/13"
"LaBelle, Patti & Michael McDonald","On My Own",SF110,11,SF110,SF,1," 2/27/13"
"Lane, Cristy","One Day At A Time",DK077,15,DK077,DK,1," 2/27/13"
"Lawrence, Tracy","One Step Ahead Of The Storm",SD047,8,SD047,SD,1," 2/27/13"
"Leah Seawright","On The Backroads",PHMC1109,9,PHMC1109,PH,1," 2/27/13"
"Led Zeppelin","Ocean, The",SC8437,5,SC8437,SC,1," 2/27/13"
"Led Zeppelin","Out On The Tiles",SC8674,11,SC8674,SC,1," 2/27/13"
"Led Zeppelin","Over The Hills And Far Away",SC8437,15,SC8437,SC,1," 2/27/13"
"Lee, Johnny","One In A Million",CBEP452-3,13,CBEP452-3,CB,1," 2/27/13"
"Legend, John","Ordinary People",PHM0503,6,PHM0503,PH,1," 2/27/13"
"Les Miserables","On My Own",SF149,14,SF149,SF,1," 2/27/13"
"Levert, Gerald","One Million Times",PHU0502,5,PHU0502,PH,1," 2/27/13"
"Lewis, Aaron & Fred Durst",Outside,PHM0106,8,PHM0106,PH,1," 2/27/13"
"Lewis, Crystal","Only Fools",SC8661,4,SC8661,SC,1," 2/27/13"
"Lewis, Jerry Lee","Once More With Feeling",CB90082,8,CB90082,CB,1," 2/27/13"
"Lewis, Jerry Lee","One Minute Past Eternity",CB90082,6,CB90082,CB,1," 2/27/13"
Lighthouse,"One Fine Morning",SC8750,14,SC8750,SC,1," 2/27/13"
"Linkin Park","One Step Closer",SC8659,13,SC8659,SC,1," 2/27/13"
"Liquid Dreams",O-Town,PHM0104,4,PHM0104,PH,1," 2/27/13"
"Little Feat","Oh Atlanta",SC8449,11,SC8449,SC,1," 2/27/13"
"Little People","O' White Christmas",SC8780,13,SC8780,SC,1," 2/27/13"
"Little River Band, The","Other Guy, The",SC8583,10,SC8583,SC,1," 2/27/13"
"Live Forever","Oasis w~vocal",BS5217,4,BS5217,BS,1," 2/27/13"
"Locklin, Hank","One Step Ahead Of My Past",CB90220,11,CB90220,CB,1," 2/27/13"
"Lohan, Lindsay",Over,PHM0503,1,PHM0503,PH,1," 2/27/13"
"Loretta Lynn","One's On The Way",SC8367,6,SC8367,SC,1," 2/27/13"
"Loveless, Patty","On Down The Line",MM6065,11,MM6065,MM,1," 2/27/13"
"Loveless, Patty","On Your Way Home",SC3392,14,SC3392,SC,1," 2/27/13"
"Loveless, Patty","On Yur Way Home",SC8857,13,SC8857,SC,1," 2/27/13"
"Loveless, Patty & Travis Tritt","Out Of Control Raging Fire",SC8751,15,SC8751,SC,1," 2/27/13"
"Lupe Fiasco feat Trey Songz","Out Of My Head",PHMU1106,1,PHMU1106,PH,1," 2/27/13"
"Lynch, Claire","Out Among The Stars",CBEP476-5,10,CBEP476-5,CB,1," 2/27/13"
"Lynn, Loretta","One's On The Way",CB90073,11,CB90073,CB,1," 2/27/13"
"Lynn, Loretta","Out Of My Head And Back In My Bed",SC2275,8,SC2275,SC,1," 2/27/13"
"Lynn, Loretta wvocal","Out Of My Head And Back In My Bed",SC2275,16,SC2275,SC,1," 2/27/13"
"M People","One Night In Heaven",SF036,12,SF036,SF,1," 2/27/13"
Madness,"One Step Beyond",SF113,6,SF113,SF,1," 2/27/13"
Madness,"Our House",SC8522,11,SC8522,SC,1," 2/27/13"
Madonna,"Open Your Heart",SC8771,15,SC8771,SC,1," 2/27/13"
Magnapop,"Open The Door",SC8308,13,SC8308,SC,1," 2/27/13"
"Mandrell, Barbara","One Of A Kind Pair Of Fools",CBEP452-4,14,CBEP452-4,CB,1," 2/27/13"
"Mandrell, Barbara","One Of A Kind, Pair Of Fools",SC8355,7,SC8355,SC,1," 2/27/13"
"Mandrell, Barbara","Only A Lonely Heart Knows",SC8455,7,SC8455,SC,1," 2/27/13"
"Manhattan Transfer",Operator,MMRB01,14,MMRB01,MM,1," 2/27/13"
"Manilow, Barry","One Voice",SC8891,12,SC8891,SC,1," 2/27/13"
"Mann, Manfred","Oh No Not My Baby",SF086,2,SF086,SF,1," 2/27/13"
"Mariah Carey & Boys Ii Men","One Sweet Day",SF166,2,SF166,SF,1," 2/27/13"
"Marley, Bob","One Love",MM6083,4,MM6083,MM,1," 2/27/13"
"Martell, Lena","One Day At A Time",SF141,8,SF141,SF,1," 2/27/13"
"Martin, Brad","One Of Those Days",CB60309,12,CB60309,CB,1," 2/27/13"
"Martin, Brad wvocal","One Of Those Days",SC3367,11,SC3367,SC,1," 2/27/13"
"Martin, Dean","Object Of My Affection",MM6419-1,12,MM6419-1,MM,1," 2/27/13"
"Martins, The","Only God Knows",CBEP466-6,6,CBEP466-6,CB,1," 2/27/13"
"Matthews, Dave",Oh,PHR0407,9,PHR0407,PH,1," 2/27/13"
"Mavericks, The","O What A Thrill",CB60121,14,CB60121,CB,1," 2/27/13"
"Mayday Parade","Oh Well, Oh Well",PHMP1201,5,PHMP1201,PH,1," 2/27/13"
"McBride, Martina","Over The Rainbow (live version)",SC8907,8,SC8907,SC,1," 2/27/13"
"Mccready, Mindy","One In A Million",SC8546,13,SC8546,SC,1," 2/27/13"
"Mccready, Mindy","Other Side Of This Kiss, The",CB60095,4,CB60095,CB,1," 2/27/13"
"McCready, Mindy","Other Side Of This Kiss, The",SC3078,4,SC3078,SC,1," 2/27/13"
"Mccready, Mindy","Other Side Of This Kiss, The",SC8464,10,SC8464,SC,1," 2/27/13"
"McCready, Mindy","Other Side Of This Kiss, The",SD052,10,SD052,SD,1," 2/27/13"
"Mccready, Mindy","Other Side, The",CBE4-22,14,CBE4-22,CB,1," 2/27/13"
"Mcdaniels, Gene","One Hundred Pounds Of Clay",CBEP455-3,3,CBEP455-3,CB,1," 2/27/13"
"Mcdonald, Michael & Labelle, Patti","On My Own",SC2130,3,SC2130,SC,1," 2/27/13"
"Mcdowell, Ronnie","Older Women",CB60056,15,CB60056,CB,1," 2/27/13"
"Mcentire & Gill","Oklahoma Swing",MM6089,1,MM6089,MM,1," 2/27/13"
"Mcentire, Reba","On My Own",CB60154,6,CB60154,CB,1," 2/27/13"
"Mcentire, Reba","On This Day",CBEP462-6,2,CBEP462-6,CB,1," 2/27/13"
"Mcentire, Reba","One Honest Heart",CB60173,3,CB60173,CB,1," 2/27/13"
"McEntire, Reba","One Honest Heart",SD061,5,SD061,SD,1," 2/27/13"
"Mcentire, Reba","One Honest Heart",CBEP461-5,15,CBEP461-5,CB,1," 2/27/13"
"Mcentire, Reba","One Last Good Hand",SC8317,6,SC8317,SC,1," 2/27/13"
"Mcentire, Reba","One Promise Too Late",SC8411,14,SC8411,SC,1," 2/27/13"
"Mcentire, Reba","Only In My Mind",SC8421,11,SC8421,SC,1," 2/27/13"
"McEntire, Reba & Vince Gill","Oklahoma Swing",SC2067,2,SC2067,SC,1," 2/27/13"
"Mcentire, Reba & Vince Gill","Oklahoma Swing",CB90053,15,CB90053,CB,1," 2/27/13"
"McGraw, Tim","One Of These Days",SD050,2,SD050,SD,1," 2/27/13"
"Mcgraw, Tim","One Of These Days",CB20118,10,CB20118,CB,1," 2/27/13"
"McGraw, Tim","One Of These Days",SC8873,11,SC8873,SC,1," 2/27/13"
"Mcgraw, Tim","One Of These Days",CB90036,13,CB90036,CB,1," 2/27/13"
"Mckameys, The","Other Side, The",CBEP478-1,15,CBEP478-1,CB,1," 2/27/13"
"McKnight, Brian","On The Down Low",SD020,7,SD020,SD,1," 2/27/13"
"Mcknight, Brian","On The Down Low",SC8203,14,SC8203,SC,1," 2/27/13"
"Mcknight, Brian","One Last Cry",SC8279,9,SC8279,SC,1," 2/27/13"
"Mel C","On The Horizon",SF206,8,SF206,SF,1," 2/27/13"
"Men At Work",Overkill,SAVP25,12,SAVP25,SA,1," 2/27/13"
"Michael, George","One More Try",DK055,1,DK055,DK,1," 2/27/13"
"Michael, George",Outside,SF126,14,SF126,SF,1," 2/27/13"
"Midnight Star",Operator,BL24,15,BL24,BL,1," 2/27/13"
"Mike & The Mechanics","Over My Shoulder",SC8170,14,SC8170,SC,1," 2/27/13"
"Miller, Lydia","Out Of Loneliness",CB60215,3,CB60215,CB,1," 2/27/13"
"Miller, Mitch","Oh, Susanna",CBEP469-4,3,CBEP469-4,CB,1," 2/27/13"
"Mills Brothers","Old Folks At Home",CBEP469-3,9,CBEP469-3,CB,1," 2/27/13"
"Mills Brothers, The","Old Folks At Home",CB5018-02,11,CB5018-02,CB,1," 2/27/13"
"Milsap, Ronnie","Only One Love In My Life",SC7570,3,SC7570,SC,1," 2/27/13"
"Minogue, Kylie","On A Night Like This",SF171,1,SF171,SF,1," 2/27/13"
"Minor, Shane","Ordinary Love",CB20097,11,CB20097,CB,1," 2/27/13"
"Miracles, The","Ooh Baby Baby",CBEP459-6,5,CBEP459-6,CB,1," 2/27/13"
"Montgomery Gentry","One In Every Crowd",PHMC0904,2,PHMC0904,PH,1," 2/27/13"
"Montgomery Gentry","Oughta Be More Songs About That",PHMC1002,5,PHMC1002,PH,1," 2/27/13"
"Montgomery, John Michael","Oh How She Shines",SC8296,7,SC8296,SC,1," 2/27/13"
"Moore, Mandy","Only Hope",SC8762,5,SC8762,SC,1," 2/27/13"
"Morgan, Lorrie","One Of Those Nights",MMCOU201,12,MMCOU201,MM,1," 2/27/13"
"Morgan, Lorrie","One Of Those Nights Tonight",CB60044,14,CB60044,CB,1," 2/27/13"
"Morgan, Lorrie","Out Of Your Shoes",MM6086,10,MM6086,MM,1," 2/27/13"
"Morrison, Van","One Irish Rover",SC8737,16,SC8737,SC,1," 2/27/13"
"Motels, The","Only The Lonely",PI003,18,PI003,PI,1," 2/27/13"
Mud,"Oh Boy",SF035,7,SF035,SF,1," 2/27/13"
"Murphy, David Lee","Out With A Bang",SC8216,6,SC8216,SC,1," 2/27/13"
"Murphy, George","Oh! You Beautiful Doll",CB5018-01,17,CB5018-01,CB,1," 2/27/13"
"Murry Head","One Night In Bankok",SF037,6,SF037,SF,1," 2/27/13"
"My Fair Lady","On The Street Where You Live",MMBH1-2,14,MMBH1-2,MM,1," 2/27/13"
"N.O.R.E. & Nina Sky & Daddy Yankee et Al","Oye Mi Canto",PHM0502,2,PHM0502,PH,1," 2/27/13"
"N.Y., N.Y, It's A Wonderful Town","On The Town",KC008,11,KC008,KC,1," 2/27/13"
Nas,"One Mic",MM6380A,10,MM6380A,MM,1," 2/27/13"
"Nas & Qb's Finest","Oochie Wally",SC8688,10,SC8688,SC,1," 2/27/13"
"Naughty By Nature",O.p.p.,MM6380B,14,MM6380B,MM,1," 2/27/13"
Ne-Yo,"One In a Million",PHMU1012,1,PHMU1012,PH,1," 2/27/13"
"Nelly & Tim McGraw","Over & Over",PHM0501,3,PHM0501,PH,1," 2/27/13"
"Nelson, Willie","On The Road Again",SAVP04,15,SAVP04,SA,1," 2/27/13"
"Nelson, Willie","Once You're Past The Blues",SC8287,9,SC8287,SC,1," 2/27/13"
"New Edition","One More Day",SC8460,10,SC8460,SC,1," 2/27/13"
"New Hinsons, The",Oasis,CBEP466-4,14,CBEP466-4,CB,1," 2/27/13"
"New Hinsons, The","Old Ship Of Zion",CBEP466-3,16,CBEP466-3,CB,1," 2/27/13"
"Noel Gourdin","One Love",PHMU0812,8,PHMU0812,PH,1," 2/27/13"
"O' Kanes, The","Oh Darlin'",SC8642,12,SC8642,SC,1," 2/27/13"
"O'brienÿ, Mollie","Orphan Girl",CBEP476-5,4,CBEP476-5,CB,1," 2/27/13"
"O'sullivan, Gilbert","Ooh Baby",SC8314,3,SC8314,SC,1," 2/27/13"
Offspring,"Original Prankster",PHM0103,8,PHM0103,PH,1," 2/27/13"
"Offspring, The","Original Prankster",SC8659,9,SC8659,SC,1," 2/27/13"
"Oh Pretty Woman","Orbison, Roy",BS7017,3,BS7017,BS,1," 2/27/13"
Oklahoma,"Oh What A Beautiful Morning",SF008,10,SF008,SF,1," 2/27/13"
Oklahoma,"Oh, What A Beautiful Mornin'",DK093,16,DK093,DK,1," 2/27/13"
Oklahoma,Oklahoma,SC8127,11,SC8127,SC,1," 2/27/13"
Omarion,O,PHU0503,1,PHU0503,PH,1," 2/27/13"
"On A Clear Day You Can See Forever","On A Clear Day You Can See Forever",MMBH1-3,3,MMBH1-3,MM,1," 2/27/13"
"One Of Us","Osborne, Joan",PHM9512,4,PHM9512,PH,1," 2/27/13"
"Only The Lonely","Orbison, Roy",BS7017,2,BS7017,BS,1," 2/27/13"
"Oooby Dooby","Orbison, Roy",BS7017,14,BS7017,BS,1," 2/27/13"
"Orbison, Roy","Oh Pretty Woman",SF043,7,SF043,SF,1," 2/27/13"
"Orbison, Roy","Oh, Pretty Woman",CB80046,8,CB80046,CB,1," 2/27/13"
"Orbison, Roy","Only The Lonely",DK007,16,DK007,DK,1," 2/27/13"
"Osborne, Jeffrey","On The Wings Of Love",SC8126,13,SC8126,SC,1," 2/27/13"
"Osborne, Joan","One Of Us",CBE29,14,CBE29,CB,1," 2/27/13"
"Osbourne, Joan","One Of Us",SC7583,3,SC7583,SC,1," 2/27/13"
"Osbourne, Ozzy","Over The Mountain",SC8848,14,SC8848,SC,1," 2/27/13"
"Osmonds, The","One Bad Apple",DK044,12,DK044,DK,1," 2/27/13"
"Papa Don't Preach","Osbourne, Kelly",THR0210,15,THR0210,TH,1," 2/27/13"
"Parker Jr, Ray","Other Woman, The",MM6368,2,MM6368,MM,1," 2/27/13"
"Parker, Caryl Mack","One Night Stand",SC8358,13,SC8358,SC,1," 2/27/13"
"Parnell, Lee Roy","On The Road",SC8131,3,SC8131,SC,1," 2/27/13"
"Parton, Dolly","Old Flames Can't Hold A Candle To You",CB60136,12,CB60136,CB,1," 2/27/13"
"Patti Labelle & Michael Mcdonald","On My Own",SC8119,5,SC8119,SC,1," 2/27/13"
"Patti Page","Old Cape Cod",SC8196,11,SC8196,SC,1," 2/27/13"
"Paycheck, Johnny","Old Violin",CB90144,15,CB90144,CB,1," 2/27/13"
"Paycheck, Johnny","Outlaw's Prayer, The",CB90144,2,CB90144,CB,1," 2/27/13"
"Peach Union","On My Own",SC8395,3,SC8395,SC,1," 2/27/13"
"Perry, Steve","Oh Sherrie",SC8413,9,SC8413,SC,1," 2/27/13"
"Pet Shop Boys, The","Opportunities (Let's Make Lots Of Money)",SC8678,15,SC8678,SC,1," 2/27/13"
"Pitney, Gene","Only Love Can Break A Heart",SC8191,7,SC8191,SC,1," 2/27/13"
"Plain White T's","Our Time Now",PHMP0804,4,PHMP0804,PH,1," 2/27/13"
"Platters, The","Only You",SAVP13,13,SAVP13,SA,1," 2/27/13"
"Platters, The","Only You (And You Alone)",CBEP463-1,14,CBEP463-1,CB,1," 2/27/13"
Popcaan,"Only Man She Want",PHMU1206,9,PHMU1206,PH,1," 2/27/13"
"Presley, Elvis","O Come All Ye Faithful",MM6215,10,MM6215,MM,1," 2/27/13"
"Presley, Elvis","O Come All Ye Faithfull",MMVE14,10,MMVE14,MM,1," 2/27/13"
"Presley, Elvis","O Little Town Of Bethlehem",MMVE14,5,MMVE14,MM,1," 2/27/13"
"Presley, Elvis","O' Come All Ye Faithful",CB60186,11,CB60186,CB,1," 2/27/13"
"Presley, Elvis","O' Little Town Of Bethlehem",CB60186,10,CB60186,CB,1," 2/27/13"
"Presley, Elvis","Oh Happy Day",MM6382,15,MM6382,MM,1," 2/27/13"
"Presley, Elvis","Old Shep",MMVEU-01,6,MMVEU-01,MM,1," 2/27/13"
"Presley, Elvis","On A Snowy Christmas Night",CB60186,12,CB60186,CB,1," 2/27/13"
"Presley, Elvis","Once Is Enough",MM6415,10,MM6415,MM,1," 2/27/13"
"Presley, Elvis","One Boy Two Little Girls (Kissin' Cousin",MM6381,13,MM6381,MM,1," 2/27/13"
"Presley, Elvis","One Broken Heart For Sale",CBEP465-2,16,CBEP465-2,CB,1," 2/27/13"
"Presley, Elvis","One Night",MMVE07,14,MMVE07,MM,1," 2/27/13"
"Presley, Elvis","One Night Of Sin",MMVE17,12,MMVE17,MM,1," 2/27/13"
"Presley, Elvis","One Sided Love Affair",MM6414,10,MM6414,MM,1," 2/27/13"
"Presley, Elvis","One Track Heart (Roustabout)",MM6381,15,MM6381,MM,1," 2/27/13"
"Presley, Elvis","Only Believe",MM6382,5,MM6382,MM,1," 2/27/13"
"Presley, Elvis","Only The Strong Survive",MMVE01,11,MMVE01,MM,1," 2/27/13"
"Pretty Fly For A White Guy","Offspring, The",AMS1505,5,AMS1505,AM,1," 2/27/13"
"Pretty Paper","Orbison, Roy",BS7017,6,BS7017,BS,1," 2/27/13"
"Pretty Woman","Orbison, Roy",TUFP03,14,TUFP03,TU,1," 2/27/13"
"Price, Ray","One More Time",SC8712,13,SC8712,SC,1," 2/27/13"
"Puckett, Gary & The Union Gap","Over You",SC8218,4,SC8218,SC,1," 2/27/13"
"Puff Johnson","Over And Over",SC8340,3,SC8340,SC,1," 2/27/13"
"Put Your Hand In The Hand",Ocean,PI047,17,PI047,PI,1," 2/27/13"
R.E.M,"One I Love, The",SD020,13,SD020,SD,1," 2/27/13"
R.e.m,"Orange Crush",SC8638,3,SC8638,SC,1," 2/27/13"
R.e.m.,"One I Love, The",SC7564,3,SC7564,SC,1," 2/27/13"
R.E.M.,"One I Love, The",SC2440,5,SC2440,SC,1," 2/27/13"
R.E.M.,"Orange Crush",SC2440,3,SC2440,SC,1," 2/27/13"
"Rabbitt, Eddie","On Second Thought",DK057,10,DK057,DK,1," 2/27/13"
Radiohead,Optimistic,SC8659,5,SC8659,SC,1," 2/27/13"
"Raitt, Bonnie","One Belief Away",MM6234,11,MM6234,MM,1," 2/27/13"
"Raspberies, The","Overnight Sensation",SC8724,7,SC8724,SC,1," 2/27/13"
"Raye, Collin","On The Verge",CHM9704,16,CHM9704,CH,1," 2/27/13"
"Raye, Collin","One Boy, One Girl",SGB036,17,SGB036,SG,1," 2/27/13"
"Raye, Collin","Open Arms",CB60030,13,CB60030,CB,1," 2/27/13"
"Rea, Chris","On The Beach",SF058,7,SF058,SF,1," 2/27/13"
"Ready For The World","Oh Sheila",SC8293,11,SC8293,SC,1," 2/27/13"
"Ready For The World","Oh Shelia",CBEP467-6,6,CBEP467-6,CB,1," 2/27/13"
"Red Hot Chili Peppers",Otherside,MM6295,13,MM6295,MM,1," 2/27/13"
"Red Hot Chili Peppers, The","Other Side, The",SGB42,5,SGB42,SG,1," 2/27/13"
"Red Hot Chili Peppers, The",Otherside,CB30015,13,CB30015,CB,1," 2/27/13"
"Reeves, Jim","Old Christmas Card",CBEP462-4,13,CBEP462-4,CB,1," 2/27/13"
Rent,"Out Tonight",MM6282,5,MM6282,MM,1," 2/27/13"
"Reo Speedwagon","One Lonely Night",SC8658,2,SC8658,SC,1," 2/27/13"
"Rich & Fricke","On My Knees",SC8511,4,SC8511,SC,1," 2/27/13"
"Richie, Lionel","Ordinary Girl",SC8312,10,SC8312,SC,1," 2/27/13"
"Ride Away","Orbison, Roy",BS7017,15,BS7017,BS,1," 2/27/13"
Rihanna,"Only Girl (In The World)",PHMP1012,1,PHMP1012,PH,1," 2/27/13"
"Rimes, Leann","On The Side Of Angels",CB90020,5,CB90020,CB,1," 2/27/13"
"Rimes, LeAnn","On The Side Of Angels",SD044,7,SD044,SD,1," 2/27/13"
"Rimes, Leann","On The Side Of Angels",CHM9712,17,CHM9712,CH,1," 2/27/13"
"Rimes, Leann","One Way Ticket",MM6169,2,MM6169,MM,1," 2/27/13"
"Rimes, LeAnn","One Way Ticket",SD033,3,SD033,SD,1," 2/27/13"
"Rimes, Leann","One Way Ticket",MM6193,14,MM6193,MM,1," 2/27/13"
"Rimes, Leann","One Way Ticket (Because I Can)",MMCOU203,8,MMCOU203,MM,1," 2/27/13"
"Robinson, Smokey","One Heartbeat",DK024,14,DK024,DK,1," 2/27/13"
"Robinson, Smokey","Ooh Baby, Baby",DK015,15,DK015,DK,1," 2/27/13"
"Rochelle & The Candels","Once Upon A Time",MM6385,3,MM6385,MM,1," 2/27/13"
"Rock Version","O' Holy Night",CB60209,13,CB60209,CB,1," 2/27/13"
"Rocky Horror Picture Show, The","Over At The Frankenstein Place",SC8472,3,SC8472,SC,1," 2/27/13"
"Rogers, Kenny","Ol' Red",SC8287,4,SC8287,SC,1," 2/27/13"
"Roll With It","Oasis w~vocal",BS5217,7,BS5217,BS,1," 2/27/13"
"Rolling Stones, The","Out Of Tears",SC8374,12,SC8374,SC,1," 2/27/13"
"Ronstadt, Linda","Oh No Not My Baby",MM6045,11,MM6045,MM,1," 2/27/13"
"Ronstadt, Linda","Oh Not My Baby",SAVP20,5,SAVP20,SA,1," 2/27/13"
"Ronstadt, Linda","Ooh Baby, Baby",MM6182,7,MM6182,MM,1," 2/27/13"
"Rose Royce","Ooh Boy",SC8606,4,SC8606,SC,1," 2/27/13"
"Royal, Billy Joe","Out Of Sight And On My Mind",SC8642,15,SC8642,SC,1," 2/27/13"
"Rubio, Paulina","One You Love, The",CB30033,6,CB30033,CB,1," 2/27/13"
"Ruby & Romantics, The","Our Day Will Come",DK046,14,DK046,DK,1," 2/27/13"
"Ruby & The Romanics","Our Day Will Come",CB5014-03,4,CB5014-03,CB,1," 2/27/13"
"Ruby & The Romantics","Our Day Will Come",CBEP455-2,17,CBEP455-2,CB,1," 2/27/13"
"Running Scared","Orbison, Roy",BS7017,7,BS7017,BS,1," 2/27/13"
Rush,"One Little Victory",SC3320,2,SC3320,SC,1," 2/27/13"
Saga,"On The Loose",SC8684,5,SC8684,SC,1," 2/27/13"
"Sandler, Adam","Ode To My Car",AH8009,16,AH8009,AH,1," 2/27/13"
Santana,"Open Invitation",SGB025,14,SGB025,SG,1," 2/27/13"
Santana,"Oye Come Va",SAVP20,8,SAVP20,SA,1," 2/27/13"
Santana,"Oye Como Va",DK1109,4,DK1109,DK,1," 2/27/13"
"Sarah Buxton","Outside My Window",PHMC0910,4,PHMC0910,PH,1," 2/27/13"
"Sayer, Leo","One Man Band",SF104,2,SF104,SF,1," 2/27/13"
"Seals, Dan","One Friend",SC8424,12,SC8424,SC,1," 2/27/13"
"Sedaka, Neil","Oh Carol",SF017,11,SF017,SF,1," 2/27/13"
"Sedaka, Neil","Oh, Carol",DK014,9,DK014,DK,1," 2/27/13"
"Seger, Bob","Old Time Rock & Roll",SC7519,2,SC7519,SC,1," 2/27/13"
"Seger, Bob","Old Time Rock 'N Roll",CBE1-24,1,CBE1-24,CB,1," 2/27/13"
"Seger, Bob","Old Time Rock 'n Roll",MM6024,1,MM6024,MM,1," 2/27/13"
"Seger, Bob","Old Time Rock 'N Roll",PI004,1,PI004,PI,1," 2/27/13"
"Seger, Bob","Old Time Rock 'n Roll",MMGCP9801,5,MMGCP9801,MM,1," 2/27/13"
"Seger, Bob","Old Time Rock 'N Roll",SF015,7,SF015,SF,1," 2/27/13"
"Seger, Bob","Old Time Rock 'n' Roll",MMCP2K01,5,MMCP2K01,MM,1," 2/27/13"
"Seger, Bob & The Silver Bullet Band","Old Time Rock & Roll",SC8846,15,SC8846,SC,1," 2/27/13"
"Seldom Scene, The","Old Train",CBEP476-2,11,CBEP476-2,CB,1," 2/27/13"
"Seven Mary Three","Over Your Shoulder",SC8478,1,SC8478,SC,1," 2/27/13"
Shaggy,"Oh Carolina",SF050,8,SF050,SF,1," 2/27/13"
Shakira,Objection,CBEP473-3,9,CBEP473-3,CB,1," 2/27/13"
Shakira,"Objection (Tango)",SC8775,15,SC8775,SC,1," 2/27/13"
Shakira,"One, The",CBE4-10,13,CBE4-10,CB,1," 2/27/13"
"Shelton, Blake","Ol' Red",CB60234,2,CB60234,CB,1," 2/27/13"
"Sheppard, T. G.","One Owner Heart",CB90109,4,CB90109,CB,1," 2/27/13"
"Sheppard, T. G.","Only One You",CB90109,13,CB90109,CB,1," 2/27/13"
"Sheppard, T.g.","One Owner Heart",CB60124,11,CB60124,CB,1," 2/27/13"
"Sheppard, T.g.","Only One You",SC8537,3,SC8537,SC,1," 2/27/13"
"Sheppard, TG","One Owner Heart",CB20253,12,CB20253,CB,1," 2/27/13"
"Shiek, Duncan","On A High",MM6370,13,MM6370,MM,1," 2/27/13"
Showboat,"Old Man River",SF008,5,SF008,SF,1," 2/27/13"
"Sick Puppies","Odd One",PHMP1004,6,PHMP1004,PH,1," 2/27/13"
"Sinatra, Frank","One For My Baby (And One More For The Ro",SGB033,15,SGB033,SG,1," 2/27/13"
SL2,"On A Raggae Tip",SF050,11,SF050,SF,1," 2/27/13"
"Smith, Connie","Once A Day",SAVP04,16,SAVP04,SA,1," 2/27/13"
"Some Might Say","Oasis w~vocal",BS5217,3,BS5217,BS,1," 2/27/13"
"Somewhere Out Thereÿ","Our Lady Peace",THR0207,14,THR0207,TH,1," 2/27/13"
"Sommers, Joanie","One Boy",SAVP08,14,SAVP08,SA,1," 2/27/13"
Souldecision,"Ooh It's Kind Of Crazy",MM6335,12,MM6335,MM,1," 2/27/13"
Soundtrack,"On The Street Where You Live",SAVP07,13,SAVP07,SA,1," 2/27/13"
Southern,"One Day At A Time",CBE3-14,7,CBE3-14,CB,1," 2/27/13"
"Spears, Britney","One Kiss From You",CB90165,15,CB90165,CB,1," 2/27/13"
"Spears, Britney","Oops I Did It Again",SF165,4,SF165,SF,1," 2/27/13"
"Spears, Britney","Oops! I Did It Again",SC8613,14,SC8613,SC,1," 2/27/13"
"Spears, Britney","Oops! I Did It Agian",CB90165,3,CB90165,CB,1," 2/27/13"
"Spears, Britney",Outrageous,SC8864,9,SC8864,SC,1," 2/27/13"
"Spears, Britney",Overprotected,SC8747,14,SC8747,SC,1," 2/27/13"
Spinners,"One Of A Kind(Love Affair)",SC1999NSC01,14,SC1999NSC01,SC,1," 2/27/13"
"Spinners, The","One Of A Kind",SC8667,7,SC8667,SC,1," 2/27/13"
"Stafford, Jo","On London Bridge",DK009,18,DK009,DK,1," 2/27/13"
Standard,"Oh Susanna",SC2022,7,SC2022,SC,1," 2/27/13"
Standard,"Oh, Susanna",DK038,14,DK038,DK,1," 2/27/13"
Standard,"Old Folks At Home (Swanee River)",DK038,9,DK038,DK,1," 2/27/13"
Standard,"On The Street Where You Live",DK045,8,DK045,DK,1," 2/27/13"
Standard,"One Heart At A Time",CB60121,10,CB60121,CB,1," 2/27/13"
"Standard Reminiscing","Oh, Susanna",SC7037,6,SC7037,SC,1," 2/27/13"
"Standard Reminiscing","Ol' Man River",SC7032,4,SC7032,SC,1," 2/27/13"
"Standard Reminiscing","On The Sunny Side Of The Street",SC7033,1,SC7033,SC,1," 2/27/13"
"Standard Reminiscing","Over There",SC7024,4,SC7024,SC,1," 2/27/13"
"Standard wvocal","Oh Susanna",SC2022,15,SC2022,SC,1," 2/27/13"
Standard-Traditional,"Old Man River",DK067,15,DK067,DK,1," 2/27/13"
Standard-Traditional,"On A Slow Boat To China",DK067,16,DK067,DK,1," 2/27/13"
Standard-Traditional,"On The Sunny Side Of The Street",DK072,13,DK072,DK,1," 2/27/13"
Standard-Traditional,"Orange And The Green, The",SC8737,15,SC8737,SC,1," 2/27/13"
"Statler Brothers, The","Oh Baby Mine (I Get So Lonely)",CB90135,7,CB90135,CB,1," 2/27/13"
"Steeles, The","On The Road To Emmaus",CBEP478-2,10,CBEP478-2,CB,1," 2/27/13"
Steps,"One For Sorrow",SF125,1,SF125,SF,1," 2/27/13"
"Stevens, Cat","Oh Very Young",SC8790,10,SC8790,SC,1," 2/27/13"
"Stevens, Ray","Osama Yo Mama",SD092,14,SD092,SD,1," 2/27/13"
"Stevens, Ray","Osama-Yo' Mama",SC8739,6,SC8739,SC,1," 2/27/13"
"Stewart, Gary","Out Of Hand",SC8525,11,SC8525,SC,1," 2/27/13"
"Stewart, Rod","Ooh La La",SC8722,11,SC8722,SC,1," 2/27/13"
"Stewart, Rod","Our Love Is Here To Stay",MM6410,11,MM6410,MM,1," 2/27/13"
"Strait, George","Ocean Front Property",SC7588,10,SC7588,SC,1," 2/27/13"
"Strait, George","Old Time Christmas",CB60210,11,CB60210,CB,1," 2/27/13"
"Strait, George","One Night At A Time",SC8703,14,SC8703,SC,1," 2/27/13"
"Strait, George","One Of You",CB60174,10,CB60174,CB,1," 2/27/13"
"Strait, George","Out Of The Blue Clear Sky",CBEP460-1,8,CBEP460-1,CB,1," 2/27/13"
"Strait, George","Overnight Male",CB60108,8,CB60108,CB,1," 2/27/13"
"Strait, George","Overnight Success",SC8421,13,SC8421,SC,1," 2/27/13"
"Sugar Ray",Ours,CBEP477-6,16,CBEP477-6,CB,1," 2/27/13"
Sugarbabes,Overload,SF172,14,SF172,SF,1," 2/27/13"
"Summer, Donna","On The Radio",SC8297,5,SC8297,SC,1," 2/27/13"
"Sweet Dream Baby","Orbison, Roy",BS7017,13,BS7017,BS,1," 2/27/13"
"Taff, Russ","One & Only Love",SC8163,13,SC8163,SC,1," 2/27/13"
"Talking Heads","Once In A Lifetime",SC8687,13,SC8687,SC,1," 2/27/13"
Tamia,"Officially Missing You",THMH0310,2,THMH0310,TH,1," 2/27/13"
"The Roots & Betty Wright","Old Songs",PHMU1203,8,PHMU1203,PH,1," 2/27/13"
"The Vines",Outtathaway,THR0302,14,THR0302,TH,1," 2/27/13"
"Thompson, Hank","Older The Violin The Sweater The Music,",CB90134,14,CB90134,CB,1," 2/27/13"
"Thompson, Hank","On Tap, In The Can, Or In The Bottle",CB90134,12,CB90134,CB,1," 2/27/13"
"Thorogood, George & The Destroyers","One Bourbon, One Scotch, One Beer",SC8151,15,SC8151,SC,1," 2/27/13"
"Three Dog Night","Old Fashioned Love Song",DK051,15,DK051,DK,1," 2/27/13"
"Three Dog Night",One,CBE3-18,12,CBE3-18,CB,1," 2/27/13"
"Three Dog Night wvocal",One,SC2305,13,SC2305,SC,1," 2/27/13"
"Tie A Yellow Ribbon","Orlando, Tony",AH2013,12,AH2013,AH,1," 2/27/13"
"Tillis, Pam","One Of Those Things",CB60096,4,CB60096,CB,1," 2/27/13"
"Tim McGraw","One Part, Two Part",PHMC1204,3,PHMC1204,PH,1," 2/27/13"
"Time Won't Let Me","Outsiders, The",DG05,13,DG05,DG,1," 2/27/13"
Tonic,"Open Up Your Eyes",SC8462,14,SC8462,SC,1," 2/27/13"
Traditional,"O Holy Night",SC8086,3,SC8086,SC,1," 2/27/13"
Traditional,"On Top Of Old Smokey",DK096,10,DK096,DK,1," 2/27/13"
"Trailer Choir","Off The Hillbilly Hook",PHMC0809,8,PHMC0809,PH,1," 2/27/13"
Train,Ordinary,MM6417,7,MM6417,MM,1," 2/27/13"
"Travis, Randy","Old 8X10",CB90027,7,CB90027,CB,1," 2/27/13"
"Travis, Randy","On The Other Hand",CBE11,9,CBE11,CB,1," 2/27/13"
"Travis, Randy","Oscar The Angel",SC8282,14,SC8282,SC,1," 2/27/13"
"Travis, Randy","Out Of My Bones",CHM9806,15,CHM9806,CH,1," 2/27/13"
"Trevino, Rick","Only Lonely Me",SC8480,14,SC8480,SC,1," 2/27/13"
"Trick Pony","On A Mission",THC0212,14,THC0212,TH,1," 2/27/13"
"Trick Pony","On A Night Like This",SD085,9,SD085,SD,1," 2/27/13"
"Tritt, Travis","Only You And You Alone",SC8247,7,SC8247,SC,1," 2/27/13"
"Tucker, Tanya","Oh What It Did To Me",CB90150,15,CB90150,CB,1," 2/27/13"
"Tucker, Tanya","Old Weakness (Coming On Strong)",SC8823,15,SC8823,SC,1," 2/27/13"
"Tucker, Tanya","One Love At A Time",SC8401,13,SC8401,SC,1," 2/27/13"
"Turner, Ike & Tina","Oh My My Can You Boogie",MMOLD01,8,MMOLD01,MM,1," 2/27/13"
"Tv Theme","One Day At A Time",SC8435,13,SC8435,SC,1," 2/27/13"
Tweet,Oops,SC8797,11,SC8797,SC,1," 2/27/13"
Tweet,"Oops (Oh My)",MM6364,8,MM6364,MM,1," 2/27/13"
Twista,"Overnight Celebrity",PHU0406,6,PHU0406,PH,1," 2/27/13"
U2,One,SC8811,12,SC8811,SC,1," 2/27/13"
"Used To Be My Girl","O'Jays, The",KBA22842,4,KBA22842,KB,1," 2/27/13"
Usher,"One Day You'll Be Mine",SC8503,15,SC8503,SC,1," 2/27/13"
"Usher feat Will I Am",OMG,PHMU1006,1,PHMU1006,PH,1," 2/27/13"
"Valli, Frankie","Our Day Will Come",MMOLD01,12,MMOLD01,MM,1," 2/27/13"
"Vanessa Carlton","Ordinary Day",SF200,3,SF200,SF,1," 2/27/13"
"Vines, The",Outtathaway,PHR0301,8,PHR0301,PH,1," 2/27/13"
"Wakely, Jimmy","One Has My Name The Other Has My Heart",SC8445,8,SC8445,SC,1," 2/27/13"
"Wakely, Jimmy","One Has My Name, The Other Has My Heart",CBEP451-1,16,CBEP451-1,CB,1," 2/27/13"
"Walker, Clay","Once In A Lifetime Love",CBEP463-6,10,CBEP463-6,CB,1," 2/27/13"
"Walker, Clay","One Two I Love You",CB90007,11,CB90007,CB,1," 2/27/13"
"Walker, Clay","One, Two, I Love You",SC8376,10,SC8376,SC,1," 2/27/13"
"Walker, Clay","Only On Days That End In Y",MM6148,8,MM6148,MM,1," 2/27/13"
"Walker, Clay","Ordinary People",CB90007,14,CB90007,CB,1," 2/27/13"
Wallflowers,"One Headlight",CBE3-28,2,CBE3-28,CB,1," 2/27/13"
"Wallflowers, The","One Headlight",MM6188,9,MM6188,MM,1," 2/27/13"
"Walsh, Joe","Ordinary Average Guy",SC8763,7,SC8763,SC,1," 2/27/13"
"Watson, Gene","Old Man And His Horn, The",SC8558,15,SC8558,SC,1," 2/27/13"
"Watson, Gene","Old Porch Swing",SC8243,5,SC8243,SC,1," 2/27/13"
"Waylon Jennings","Only Daddy That'll Walk The Line",SC8365,2,SC8365,SC,1," 2/27/13"
"Wayne Brady",Ordinary,PHMU0812,6,PHMU0812,PH,1," 2/27/13"
"Wells, Kitty & Red Foley","One By One",SC8592,4,SC8592,SC,1," 2/27/13"
"Wells, Mary","One Who Really Loves You, The",MMRB05,12,MMRB05,MM,1," 2/27/13"
Whatever,"Oasis w~vocal",BS5217,8,BS5217,BS,1," 2/27/13"
"White, Bryan","One Small Miracle",MMCOU204,17,MMCOU204,MM,1," 2/27/13"
"Wilkinsons, The","Outside Providence",PHN0209,9,PHN0209,PH,1," 2/27/13"
"Williams, Don","One Good Well",SC7556,10,SC7556,SC,1," 2/27/13"
"Williams, Hank Jr.","Old Habits",SC8403,5,SC8403,SC,1," 2/27/13"
"Williams, Vanessa","Oh How The Years Go By",SC8440,1,SC8440,SC,1," 2/27/13"
Wiseguys,"Ooh La La",SF142,12,SF142,SF,1," 2/27/13"
"Wizard Of Oz","Over The Rainbow",MMBH1-5,1,MMBH1-5,MM,1," 2/27/13"
"Wright, Michelle","One Good Man",MM6064,12,MM6064,MM,1," 2/27/13"
"Wright, Michelle","One Time Around",CB60104,15,CB60104,CB,1," 2/27/13"
"Wynette, Tammy","One Of A Kind",CB60136,9,CB60136,CB,1," 2/27/13"
Wynonna,"Only Love",SC8167,11,SC8167,SC,1," 2/27/13"
"Yankovic, Weird Al","One More Minute",SC2267,3,SC2267,SC,1," 2/27/13"
Yazoo,"Only You",SF105,12,SF105,SF,1," 2/27/13"
"Yearwood, Trisha","O Mexico",SC8306,12,SC8306,SC,1," 2/27/13"
"Yearwood, Trisha","Oh Lonesome You",MM6003,15,MM6003,MM,1," 2/27/13"
"Yearwood, Trisha","On A Bus To St Cloud",CB60155,15,CB60155,CB,1," 2/27/13"
Yellowcard,"Ocean Ave",MM6420,4,MM6420,MM,1," 2/27/13"
Yellowcard,"Ocean Avenue",SC8905,10,SC8905,SC,1," 2/27/13"
Yes,"Owner Of A Lonely Heart",CBEP467-4,13,CBEP467-4,CB,1," 2/27/13"
"You Got it","Orbison, Roy",BS7017,5,BS7017,BS,1," 2/27/13"
"Young, Neil",Ohio,SC8683,11,SC8683,SC,1," 2/27/13"
"Young, Neil","Old Man",SC8683,10,SC8683,SC,1," 2/27/13"
"Young, Paul","Oh Girl",MM6001,14,MM6001,MM,1," 2/27/13"
