112,"Peaches And Cream",SC8702,2,SC8702,,SC,1," 2/27/13"
"2001 Space Odyssey","Presley, Elvis",KC006,1,KC006,,KC,1," 2/27/13"
"24 Hours From Tulsa","Pitney, Gene",PX14,6,PX14,,PX,1," 2/27/13"
3LW,"Playas Gon' Play",PHM0108,6,PHM0108,,PH,1," 2/27/13"
"50 Cent",P.I.M.P.,PHU0309,1,PHU0309,,PH,1," 2/27/13"
"50 Cent","P.I.M.P. (Radio Version)",SC8844,10,SC8844,,SC,1," 2/27/13"
"50 Cent","P.i.m.p. (Remix)",THMH-0311,1,THMH-0311,,TH,1," 2/27/13"
"50 Cent & Eminem","Patiently Waiting",SC8822,2,SC8822,,SC,1," 2/27/13"
"50 Cent wvocal",P.I.M.P.,PHU0309,10,PHU0309,,PH,1," 2/27/13"
911,"Party People (Friday Night)",SF118,9,SF118,,SF,1," 2/27/13"
Abc,"Poison Arrow",SC7564,7,SC7564,,SC,1," 2/27/13"
"Abdul, Paula","Promise Of A New Day, The",DK1104,13,DK1104,,DK,1," 2/27/13"
ACDC,"Problem Child",SC8869,11,SC8869,,SC,1," 2/27/13"
"Ace, Johnny","Pledging My Love",CBEP454-4,10,CBEP454-4,,CB,1," 2/27/13"
"Adam Ant","Prince Charming",SF111,1,SF111,,SF,1," 2/27/13"
"Adams, Bryan","Please Forgive Me",MM6038,13,MM6038,,MM,1," 2/27/13"
Adema,Promises,PHR0402,3,PHR0402,,PH,1," 2/27/13"
Aerosmith,Pink,SC8635,12,SC8635,,SC,1," 2/27/13"
"Al Dexter & His Troopers","Pistol Packin' Mama",SC8538,10,SC8538,,SC,1," 2/27/13"
Alabama,"Pass It On Down",DK097,15,DK097,,DK,1," 2/27/13"
Alabama,"Pictures And Memories",SC8275,14,SC8275,,SC,1," 2/27/13"
"Alicia Keys feat Beyonce","Put It In A Love Song",PHMU1003,1,PHMU1003,,PH,1," 2/27/13"
Alive,P.O.D.,PHR0201,6,PHR0201,,PH,1," 2/27/13"
Alive,"Pearl Jam",RSZ601,2,RSZ601,,RS,1," 2/27/13"
"All I Ask Of You","Phantom Of The Opera, The",PS1185,15,PS1185,,PS,1," 2/27/13"
"All Shook Up","Presley, Elvis",KJT09,15,KJT09,,KJ,1," 2/27/13"
"Allman Brothers Band, The","Please Call Home",SC8594,14,SC8594,,SC,1," 2/27/13"
"Always On My Mind","Presley, Elvis",KC006,3,KC006,,KC,1," 2/27/13"
Amie,"Pure Prairie League",AH8010,12,AH8010,,AH,1," 2/27/13"
"Amos, Tori","Precious Things",SC8562,9,SC8562,,SC,1," 2/27/13"
"Anderson, John",Paradise,SD023,11,SD023,,SD,1," 2/27/13"
"Anderson, Keith","Pickin' Wildflowers",PHN0503,8,PHN0503,,PH,1," 2/27/13"
"Anderson, Lynn","Promises, Promises",CB90114,4,CB90114,,CB,1," 2/27/13"
"Angel Of Music","Phantom Of The Opera, The",PS1185,11,PS1185,,PS,1," 2/27/13"
Animal,"Pearl Jam",RSZ601,16,RSZ601,,RS,1," 2/27/13"
"Anka, Paul","Puppy Love",DK080,14,DK080,,DK,1," 2/27/13"
"Anka, Paul","Put Your Head On My Shoulder",SC8118,15,SC8118,,SC,1," 2/27/13"
"Another Brick In The Wall","Pink Floyd",DG01,4,DG01,,DG,1," 2/27/13"
"Anthony Hamilton","Please Stay",PHMU1006,4,PHMU1006,,PH,1," 2/27/13"
"Any Way You Want Me","Presley, Elvis",THME01,2,THME01,,TH,1," 2/27/13"
"Are You Lonesome Tonight","Presley, Elvis",ZMP001,8,ZMP001,,ZM,1," 2/27/13"
"Astaire, Fred","Puttin' On The Ritz",NSC2000-07,7,NSC2000-07,,NS,1," 2/27/13"
"Austin, Sherrie","Put Your Heart Into It",CHM9804,18,CHM9804,,CH,1," 2/27/13"
"Away From Me","Puddle Of Mudd",PHR0401,7,PHR0401,,PH,1," 2/27/13"
"B-52's, The","Private Idaho",SC8522,13,SC8522,,SC,1," 2/27/13"
"Backstreet Boys, The","Perfect Fan, The",SC8613,9,SC8613,,SC,1," 2/27/13"
"Bailey & The Boys",Perfect,CB60096,14,CB60096,,CB,1," 2/27/13"
"Barbs And Roses",Pinmonkey,TU127,2,TU127,,TU,1," 2/27/13"
"Bare, Bobby","Please Don't Tell Me How The Story Ends",CB90118,10,CB90118,,CB,1," 2/27/13"
"Barenaked Ladies","Pinch Me",MM6316,10,MM6316,,MM,1," 2/27/13"
"Barnett, Mandy","Planet Of Love",CHM9705F,19,CHM9705F,,CH,1," 2/27/13"
"Barry White","Practice What You Preach",SC8145,15,SC8145,,SC,1," 2/27/13"
"Beastie Boys, The","Paul Revere",SC2312,3,SC2312,,SC,1," 2/27/13"
"Beatles, The","P.s. I Love You",SC8379,3,SC8379,,SC,1," 2/27/13"
"Beatles, The","P.S. I Love You",DK055,7,DK055,,DK,1," 2/27/13"
"Beatles, The","Paperback Writer",CBEP472-3,14,CBEP472-3,,CB,1," 2/27/13"
"Beatles, The","Penny Lane",CBEP472-4,16,CBEP472-4,,CB,1," 2/27/13"
"Beatles, The","Please Please Me",SAVP03,13,SAVP03,,SA,1," 2/27/13"
"Beautiful South","Perfect 10",SF126,6,SF126,,SF,1," 2/27/13"
"Bell Biv Devoe",Poison,MM6380B,9,MM6380B,,MM,1," 2/27/13"
Bellefire,"Perfect Bliss",SF180,16,SF180,,SF,1," 2/27/13"
"Benatar, Pat","Promises In The Dark",SC8815,9,SC8815,,SC,1," 2/27/13"
"Bennett, Tony","Put On A Happy Face",CB5018-03,12,CB5018-03,,CB,1," 2/27/13"
"Berry, John","Power Windows",SD068,11,SD068,,SD,1," 2/27/13"
"Best I Can, The","Perez, Chris",PHT9915,9,PHT9915,,PH,1," 2/27/13"
"Betcha By Golly Wow",Prince,PHM9701,6,PHM9701,,PH,1," 2/27/13"
"Better Man, A","Pearl Jam",RSZ601,10,RSZ601,,RS,1," 2/27/13"
"Beverly Craven","Promise Me",SF053,8,SF053,,SF,1," 2/27/13"
"Big Head Todd & The Monsters","Please Don't Tell Her",SC8389,15,SC8389,,SC,1," 2/27/13"
"Birdman feat Lil Wayne","Pop Bottles",PHMU0803,4,PHMU0803,,PH,1," 2/27/13"
Black,"Pearl Jam",RSZ601,13,RSZ601,,RS,1," 2/27/13"
"Black Sabbath",Paranoid,SF166,12,SF166,,SF,1," 2/27/13"
"Black Sabbath","Paranoid-War Pigs Live",SGB04,15,SGB04,,SG,1," 2/27/13"
"Black, Clint","Put Yourself In My Shoes",CBE3-07,11,CBE3-07,,CB,1," 2/27/13"
Blackhawk,"Postmarked Birmingham",CB60044,15,CB60044,,CB,1," 2/27/13"
Blackoutÿ,"Planet Earth",THR0305,16,THR0305,,TH,1," 2/27/13"
"Blow Me","Peters, Red",AMS2001,15,AMS2001,,AM,1," 2/27/13"
"Blowin' In The Wind","Peter, Paul & Mary",PT2007,15,PT2007,,PT,1," 2/27/13"
"Blue Suede Shoes","Presley, Elvis",THME01,4,THME01,,TH,1," 2/27/13"
Blurry,"Puddle Of Mudd",THR0202,11,THR0202,,TH,1," 2/27/13"
"Bolton, Michael","Please Forgive Me",MM6040,14,MM6040,,MM,1," 2/27/13"
"Bon Jovi","Please Come Home For Christmas",SC8781,14,SC8781,,SC,1," 2/27/13"
"Borrowed Blue","Porch People",PHMC1212,9,PHMC1212,,PH,1," 2/27/13"
Boston,"Peace Of Mind",SC8406,13,SC8406,,SC,1," 2/27/13"
"Bowling For Soup","Punk Rock 101",PHM0310,7,PHM0310,,PH,1," 2/27/13"
"Bowling For Soup wvocal","Punk Rock 101",PHM0310,16,PHM0310,,PH,1," 2/27/13"
"Boyz Ii Men","Pass You By",SC8654,13,SC8654,,SC,1," 2/27/13"
"Boyz Ii Men","Please Don't Go",SC8266,14,SC8266,,SC,1," 2/27/13"
"Brass In Pocket","Pretenders, The",BS3817,9,BS3817,,BS,1," 2/27/13"
Breath,"Pearl Jam",RSZ601,9,RSZ601,,RS,1," 2/27/13"
"Brickman, Jim Feat. Collin Raye & Susan",Peace,THMP-0311,2,THMP-0311,,TH,1," 2/27/13"
"Britney Spears","Piece Of Me",PHMP0802,5,PHMP0802,,PH,1," 2/27/13"
"Broadman Hymnal","Pass Me Not",CB70020,8,CB70020,,CB,1," 2/27/13"
"Broadman Hymnal","Peace Of Prayer, The",CB70023,15,CB70023,,CB,1," 2/27/13"
"Broadman Hymnal","Praise Him! Praise Him",CB70022,2,CB70022,,CB,1," 2/27/13"
"Broadman Hymnal","Praise Him, All Ye Little Children",CB70022,11,CB70022,,CB,1," 2/27/13"
"Brooks & Dunn","Put A Girl In It",PHMC0808,4,PHMC0808,,PH,1," 2/27/13"
"Brooks, Garth","Papa Loved Mama",MM6019,11,MM6019,,MM,1," 2/27/13"
"Brooks, Garth","Papa Loves Mama",SGB24,11,SGB24,,SG,1," 2/27/13"
"Brooks, Garth","Pushing Up Daisies",SC8745,6,SC8745,,SC,1," 2/27/13"
"Brooks, Garth wvocal","Pushing Up Daisies",SC3300,14,SC3300,,SC,1," 2/27/13"
"Brown & Bruwers","Picture Of You, A",SF038,9,SF038,,SF,1," 2/27/13"
"Brown, Cooter","Pure Bred Redneck",SC8232,3,SC8232,,SC,1," 2/27/13"
"Brown, James","Papa's Got A Brand New Bag",CBE2-21,3,CBE2-21,,CB,1," 2/27/13"
"Brown, James","Papa's Got A Brand New Bag (Part 1)",SC8563,15,SC8563,,SC,1," 2/27/13"
"Brown, James","Papa's Got A Brand New Bag Part 1",SC8704,7,SC8704,,SC,1," 2/27/13"
"Brown, James","Papa's Got A Brand New Bag (Part 1)",SC7571,15,SC7571,,SC,1," 2/27/13"
"Brown, James","Please Please Please",CBEP454-6,12,CBEP454-6,,CB,1," 2/27/13"
"Brown, Jim Ed","Pop A Top",SC8509,12,SC8509,,SC,1," 2/27/13"
"Bryan Adams","Please Forgive Me",SC8113,10,SC8113,,SC,1," 2/27/13"
"Budden, Joe","Pump It Up",PHU0307,2,PHU0307,,PH,1," 2/27/13"
"Buffett, Jimmy","Pencil Thin Mustache",SC8147,10,SC8147,,SC,1," 2/27/13"
"Buffett, Jimmy","Pirate Looks At Forty, A",SC8147,2,SC8147,,SC,1," 2/27/13"
"Buffett, Jimmy & Toby Keith","Piece Of Work",SC8897,10,SC8897,,SC,1," 2/27/13"
Bush,"People That We Love, The",PHR0201,7,PHR0201,,PH,1," 2/27/13"
"Busta Rhymes","Put Your Hands Where My Eyes Could See",SC8612,15,SC8612,,SC,1," 2/27/13"
"Busta Rhymes & P. Diddy & Pharrell","Pass The Courvoisier Part Ii",SC8757,8,SC8757,,SC,1," 2/27/13"
"Butthole Surfers",Pepper,SC8856,10,SC8856,,SC,1," 2/27/13"
"Bye Bye Birdie","Put On A Happy Face",MMBH1-3,18,MMBH1-3,,MM,1," 2/27/13"
"Byrd, Tracy","Pink Flamingos",CB60148,9,CB60148,,CB,1," 2/27/13"
"Byrd, Tracy","Put Your Hand In Mine",CHM0002,12,CHM0002,,CH,1," 2/27/13"
"Can't Help Falling In Love","Presley, Elvis",ZMP002,3,ZMP002,,ZM,1," 2/27/13"
"Can't Nobody Hold Me Down","Puff Daddy & Mase",HV06A,10,HV06A,,HV,1," 2/27/13"
"Cannon, Freddie","Palisades Park",DK039,14,DK039,,DK,1," 2/27/13"
"Carlton, Vanessa","Pretty Baby",THP0303,13,THP0303,,TH,1," 2/27/13"
"Carpenter, Mary Chapin","Passionate Kisses",MMGCOU05,20,MMGCOU05,,MM,1," 2/27/13"
"Carpenters, The","Please Mr. Postman",SAVP11,14,SAVP11,,SA,1," 2/27/13"
"Carroll, Dinah","Perfect Year, The",BL14,11,BL14,,BL,1," 2/27/13"
"Carter, Clarence",Patches,DK056,18,DK056,,DK,1," 2/27/13"
"Checker, Chubby","Pony Time",DK043,16,DK043,,DK,1," 2/27/13"
Cher,"Private Number",SF138,6,SF138,,SF,1," 2/27/13"
"Cheri Dennis Feat Yung Joc & Gorilla Zoe","Portrait Of Love",PHMU0804,7,PHMU0804,,PH,1," 2/27/13"
"Children's Activity Songs","Peanut Sat On A Railroad Track, A",SC7002,1,SC7002,,SC,1," 2/27/13"
"Children's Activity Songs","Pop! Goes The Weasel",SC7002,4,SC7002,,SC,1," 2/27/13"
"Children's Songs","Polly Wolly Doodle",DK1103,5,DK1103,,DK,1," 2/27/13"
"Children'sAnimal Songs","Puff The Magic Dragon",SC7008,3,SC7008,,SC,1," 2/27/13"
"Children'sAnimal Songs","Pussy Cat, Pussy Cat",SC7008,14,SC7008,,SC,1," 2/27/13"
"Children'sCampfire Songs","Pick A Bale Of Cotton",SC7007,14,SC7007,,SC,1," 2/27/13"
"Children'sSilly Songs","Paper Of Pins, A",SC7009,11,SC7009,,SC,1," 2/27/13"
Christmas,"Please Come Home For Christmas",CB60034,10,CB60034,,CB,1," 2/27/13"
Christmas,"Pretty Paper",CB60032,12,CB60032,,CB,1," 2/27/13"
Christmas,"Put A Little Holiday In Your Heart",SC2173,1,SC2173,,SC,1," 2/27/13"
"Chuck Wagon & Wheels","Play That Country Music Cowboy",CB20266,11,CB20266,,CB,1," 2/27/13"
"Clapton, Eric",Promises,SC8514,12,SC8514,,SC,1," 2/27/13"
"Clark, Claudine","Party Lights",CBEP455-6,14,CBEP455-6,,CB,1," 2/27/13"
"Clark, Terri","Pain To Kill",SC8823,11,SC8823,,SC,1," 2/27/13"
"Clark, Terri","Poor Poor Pitiful Me",MM6179,12,MM6179,,MM,1," 2/27/13"
"Claypool, Philip","Perfect World",CB60180,9,CB60180,,CB,1," 2/27/13"
Climax,"Precious & Few",DK099,8,DK099,,DK,1," 2/27/13"
Climax,"Precious And Few",CBEP463-2,16,CBEP463-2,,CB,1," 2/27/13"
"Cline, Patsy","Pick Me Up On Your Way Down",CB90148,15,CB90148,,CB,1," 2/27/13"
"Cline, Patsy","Poor Man's Roses, A",MM6084,6,MM6084,,MM,1," 2/27/13"
"Coasters, The","Poison Ivy",MMOLD04,20,MMOLD04,,MM,1," 2/27/13"
"Cohn, Marc","Paper Walls",SC8302,4,SC8302,,SC,1," 2/27/13"
"Coldplay & Rihanna","Princess of China",PHMP1201,2,PHMP1201,,PH,1," 2/27/13"
"Cole, Nat ''King''",Pretend,SAVP05,10,SAVP05,,SA,1," 2/27/13"
"Cole, Nat ''king''",Pretend,CBEP454-1,14,CBEP454-1,,CB,1," 2/27/13"
"Cole, Nat ''king''","Pretender, The",SC8450,4,SC8450,,SC,1," 2/27/13"
"Cole, Natalie","Pink Cadillac",SF108,10,SF108,,SF,1," 2/27/13"
"Collective Soul","Precious Declaration",CBE4-04,10,CBE4-04,,CB,1," 2/27/13"
"Collective Soul","Promises Broken",PHM9602,2,PHM9602,,PH,1," 2/27/13"
Control,"Puddle Of Mudd",PHR0110,4,PHR0110,,PH,1," 2/27/13"
"Cooper, Alice",Poison,SC8734,4,SC8734,,SC,1," 2/27/13"
"Corner Of The Sky",Pippin,KC009,13,KC009,,KC,1," 2/27/13"
"Costello, Elvis","Peace, Love And Understanding",SC8687,8,SC8687,,SC,1," 2/27/13"
"Costello, Elvis","Pump It Up",AH8005,7,AH8005,,AH,1," 2/27/13"
"Cox, Deborah","Play Your Part",THMH0308,8,THMH0308,,TH,1," 2/27/13"
"Craven, Beverly","Promise Me",BL26,14,BL26,,BL,1," 2/27/13"
"Creedence Clearwater Revival","Proud Mary",BL17,15,BL17,,BL,1," 2/27/13"
"Croce, Jim","Photographs & Memories",CB90204,9,CB90204,,CB,1," 2/27/13"
"Crosby, Bing","Pennies From Heaven",DK025,5,DK025,,DK,1," 2/27/13"
"Crosby, Bing & David Bowie","Peace On Earth-The Little Drummer Boy",SC8781,15,SC8781,,SC,1," 2/27/13"
"Crow, Sheryl & Kid Rock",Picture,SC8836,12,SC8836,,SC,1," 2/27/13"
"Crow, Sheryl & Kid Rock wvocal",Picture,SC3358,18,SC3358,,SC,1," 2/27/13"
"Crowell, Rodney","Please Remember Me",SC8171,14,SC8171,,SC,1," 2/27/13"
"Crowley, J.c.","Paint The Town And Hang The Moon",CB60151,6,CB60151,,CB,1," 2/27/13"
"Cry Of Love","Peace Pipe",SC8242,12,SC8242,,SC,1," 2/27/13"
"Cure, The","Pictures Of You (Radio Version)",SC8861,8,SC8861,,SC,1," 2/27/13"
"Curfman, Shannon","Playing With Fire",SC8618,6,SC8618,,SC,1," 2/27/13"
D-12,"Purple Hills",SC8708,8,SC8708,,SC,1," 2/27/13"
"Dakota Moon","Promise I Make, A",SC8453,14,SC8453,,SC,1," 2/27/13"
"Darkness, Darkness","Plant, Robert",PHR0209,3,PHR0209,,PH,1," 2/27/13"
Daughter,"Pearl Jam",RSZ601,5,RSZ601,,RS,1," 2/27/13"
"David, Craig",Personal,PHU0305,9,PHU0305,,PH,1," 2/27/13"
"David, Craig wvocal",Personal,PHU0305,18,PHU0305,,PH,1," 2/27/13"
"Day, Howie","Perfect Time Of Day",SC8855,11,SC8855,,SC,1," 2/27/13"
"Dayne, Taylor","Prove Your Love",DK055,5,DK055,,DK,1," 2/27/13"
"De Do Do Do","Police, The",TU078,5,TU078,,TU,1," 2/27/13"
"Dead Milkmen","Punk Rock Girl",SC8313,11,SC8313,,SC,1," 2/27/13"
"Dee, Joey & Starlighters, The","Peppermint Twist",DK040,14,DK040,,DK,1," 2/27/13"
"Dee, Joey & The Starlighters","Peppermint Twist",CB5014-01,11,CB5014-01,,CB,1," 2/27/13"
"Dee, Joey & The Starliters","Peppermint Twist",CB80044,9,CB80044,,CB,1," 2/27/13"
"Deep Purple","Perfect Strangers",SC8660,8,SC8660,,SC,1," 2/27/13"
"Def Leppard",Photograph,SC7578,13,SC7578,,SC,1," 2/27/13"
"Def Leppard","Pour Some Sugar On Me",MM6315,15,MM6315,,MM,1," 2/27/13"
"Def Leppard",Promises,SC8553,12,SC8553,,SC,1," 2/27/13"
"Depeche Mode","People Are People",SC8696,14,SC8696,,SC,1," 2/27/13"
"Depeche Mode","Personal Jesus",SC8313,13,SC8313,,SC,1," 2/27/13"
"Depeche Mode","Policy Of Truth",SC8696,13,SC8696,,SC,1," 2/27/13"
"Desde El Dia Que Te Fuiste",Pandora,SC7101,1,SC7101,,SC,1," 2/27/13"
"Deshannon, Jackie","Put A Little Love In Your Heart",DK033,16,DK033,,DK,1," 2/27/13"
Desvelado,"Pulido, Bobby",SC7105,3,SC7105,,SC,1," 2/27/13"
"Devil In Disguise","Presley, Elvis",ZMP002,7,ZMP002,,ZM,1," 2/27/13"
"Dexter, Al and His Troopers","Pistol Packin' Mama",CBEP451-1,13,CBEP451-1,,CB,1," 2/27/13"
"Diamond, Neil","Play Me",AH8018,12,AH8018,,AH,1," 2/27/13"
"Diffie, Joe","Pickup Man",SC8139,12,SC8139,,SC,1," 2/27/13"
"Diffie, Joe","Poor Me",CB90019,15,CB90019,,CB,1," 2/27/13"
"Diffie, Joe","Promised Land, The",CB60044,12,CB60044,,CB,1," 2/27/13"
"Diffie, Joe","Prop Me Up Beside The Jukebox",SC7516,14,SC7516,,SC,1," 2/27/13"
"Dion, Celine","Power Of Love",BL26,13,BL26,,BL,1," 2/27/13"
"Dion, Celine","Power Of Love, The",SC8454,13,SC8454,,SC,1," 2/27/13"
"Dion, Celine","Power Of The Dream, The",SC8312,14,SC8312,,SC,1," 2/27/13"
"Dion, Celine","Prayer, The",SC8501,12,SC8501,,SC,1," 2/27/13"
Dissident,"Pearl Jam",RSZ601,7,RSZ601,,RS,1," 2/27/13"
Disturbed,Prayer,CB30032,13,CB30032,,CB,1," 2/27/13"
"Disturbed wvocal",Prayer,SC3333,12,SC3333,,SC,1," 2/27/13"
Ditty,"Paperboys, The",NT005,11,NT005,,NT,1," 2/27/13"
"Dixie Cups, The","People Say",SC8575,5,SC8575,,SC,1," 2/27/13"
"Dj Jazzy Jeff & Fresh Prince, The","Parents Just Don't Understand",SC8667,8,SC8667,,SC,1," 2/27/13"
"Dodd, Deryl","Perl Snaps",CB60235,11,CB60235,,CB,1," 2/27/13"
"Don't Be Cruel","Presley, Elvis",KJT09,14,KJT09,,KJ,1," 2/27/13"
"Don't Let Me Get Me",Pink,THP0205,17,THP0205,,TH,1," 2/27/13"
"Don't Stand So Close To Me","Police, The",TU078,6,TU078,,TU,1," 2/27/13"
"Doors, The","People Are Strange",SGB060,13,SGB060,,SG,1," 2/27/13"
"Dore, Charlie","Pilot Of The Airwaves",SC8577,14,SC8577,,SC,1," 2/27/13"
"Drift & Die","Puddle Of Mudd",PHR0206,5,PHR0206,,PH,1," 2/27/13"
"Drift & Dieÿ","Puddle Of Mudd",THR0207,15,THR0207,,TH,1," 2/27/13"
"Drusky, Roy","Peel Me A Nanner",CB90141,7,CB90141,,CB,1," 2/27/13"
"Drusky, Roy","Pick Of The Week",CB90141,8,CB90141,,CB,1," 2/27/13"
"Dudley, Dave","Pool Shark, The",CB90136,3,CB90136,,CB,1," 2/27/13"
Duets-Meatloaf,"Paradise By The Dashboard Light",AH8001,8,AH8001,,AH,1," 2/27/13"
"Durcal, Rocio","Para Toda La Vida",SC2197,6,SC2197,,SC,1," 2/27/13"
"Dylan, Bob","Positively 4Th Street",MM6072,3,MM6072,,MM,1," 2/27/13"
"Eagles, The","Peaceful Easy Feeling",SC8107,2,SC8107,,SC,1," 2/27/13"
"Eagles, The","Please Come Home For Christmas",SC8184,15,SC8184,,SC,1," 2/27/13"
"Easter, Jeff & Sheri","Praise His Name",CBEP478-4,11,CBEP478-4,,CB,1," 2/27/13"
"Edwards, Tommy","Please Mr. Sun",SC8770,10,SC8770,,SC,1," 2/27/13"
"Elderly Woman Behind The Counter","Pearl Jam",RSZ601,14,RSZ601,,RS,1," 2/27/13"
"Elliott, Missy","Pass That Dutch",PHU0401,3,PHU0401,,PH,1," 2/27/13"
"Elliott, Missy",Pussycat,SC3371,5,SC3371,,SC,1," 2/27/13"
"Elliott, Missy Misdemeanor",P####Cat,SC8844,11,SC8844,,SC,1," 2/27/13"
"Elliott, Missy Misdemeanor","Pass That Dutch (Radio Version)",SC3390,7,SC3390,,SC,1," 2/27/13"
"Elliott, Missy wvocal",Pussycat,SC3371,13,SC3371,,SC,1," 2/27/13"
"Erotic City",Prince,AH8421,2,AH8421,,AH,1," 2/27/13"
Eternal,"Power Of A Woman, The",SF029,13,SF029,,SF,1," 2/27/13"
"Evans, Sara",Perfect,THC0401,12,THC0401,,TH,1," 2/27/13"
"Evans, Sara wvocal",Perfect,SC3382,12,SC3382,,SC,1," 2/27/13"
"Eve 6",Promise,SC8629,7,SC8629,,SC,1," 2/27/13"
"Even Flow","Pearl Jam",RSZ601,1,RSZ601,,RS,1," 2/27/13"
Eventually,Pink,THH0204,13,THH0204,,TH,1," 2/27/13"
"Everly Brothers, The","Price Of Love, The",SF045,11,SF045,,SF,1," 2/27/13"
"Every Breath You Take","Police, The",TU078,7,TU078,,TU,1," 2/27/13"
"Every Little Thing She Does Is Magic","Police, The",TU078,8,TU078,,TU,1," 2/27/13"
Expose',"Point Of No Return",SC8417,14,SC8417,,SC,1," 2/27/13"
"Fairground Attraction",Perfect,SF015,8,SF015,,SF,1," 2/27/13"
"Faith, Adam","Poor Me",SF074,6,SF074,,SF,1," 2/27/13"
"Fallen Angel",Poison,PSJT147,3,PSJT147,,PS,1," 2/27/13"
"Family Portrait",Pink,THP0301,14,THP0301,,TH,1," 2/27/13"
"Farris, Dionne",Passion,SC8240,12,SC8240,,SC,1," 2/27/13"
"Fat Boy Slim","Praise You",SF130,1,SF130,,SF,1," 2/27/13"
"Fatboy Slim","Praise You",SC8531,6,SC8531,,SC,1," 2/27/13"
Fever,"Presley, Elvis",KC006,7,KC006,,KC,1," 2/27/13"
"Fitzgerald, Ella","Puttin' On The Ritz",MMSTA2-3,17,MMSTA2-3,,MM,1," 2/27/13"
"Flatt & Scruggs","Preachin' Prayin' Singin'",CBEP476-2,16,CBEP476-2,,CB,1," 2/27/13"
"Fleetwood Mac",Peacekeeper,THP0306,12,THP0306,,TH,1," 2/27/13"
"Flynnville Train","Preachin' To The Choir",PHMC1011,9,PHMC1011,,PH,1," 2/27/13"
"Fogerty, John",Premonition,SC8478,6,SC8478,,SC,1," 2/27/13"
"For The Good Times","Price, Ray",KJT05,7,KJT05,,KJ,1," 2/27/13"
"Foster The People","Pumped Up Kicks",PHMP1203,2,PHMP1203,,PH,1," 2/27/13"
"Francis, Connie","Pretty Little Baby",SAVP10,13,SAVP10,,SA,1," 2/27/13"
"Frankie Goes To Hollywood","Power Of Love",SF058,9,SF058,,SF,1," 2/27/13"
Free,"Powerman 5000",PHR0307,9,PHR0307,,PH,1," 2/27/13"
"Free Fallin'","Petty, Tom",AMS1510,12,AMS1510,,AM,1," 2/27/13"
Freeze,"Pay The Girl",THP0304,17,THP0304,,TH,1," 2/27/13"
"Fresh Prince, The & Dj Jazzy Jeff","Parents Just Don't Understand",CBE4-10,2,CBE4-10,,CB,1," 2/27/13"
"Frey, Glen","Party Town",AH8003,2,AH8003,,AH,1," 2/27/13"
"Fricke, Janie & Johnny Duncan",Pride,CB90113,14,CB90113,,CB,1," 2/27/13"
"Friendly Persuasion","Pat Boone",SF063,7,SF063,,SF,1," 2/27/13"
"Funny Girl",People,SF008,15,SF008,,SF,1," 2/27/13"
"Furtado, Nelly",Powerless,SF211,14,SF211,,SF,1," 2/27/13"
"Furtado, Nelly","Powerless (Say What You Want)",THP0401,14,THP0401,,TH,1," 2/27/13"
"Furtado, Nelly wvocal","Powerless (Say What You Want)",SC3389,16,SC3389,,SC,1," 2/27/13"
"Gap Band, The","Party Train",SC8667,5,SC8667,,SC,1," 2/27/13"
Garbage,"Push It",SC8462,5,SC8462,,SC,1," 2/27/13"
"Gaye, Marvin","Pride & Joy",MM6067,1,MM6067,,MM,1," 2/27/13"
"Gaye, Marvin","Pride And Joy",MMRB2-5,3,MMRB2-5,,MM,1," 2/27/13"
"George Michael","Praying For Time",SF053,5,SF053,,SF,1," 2/27/13"
"Get The Party Started",Pink,THP0201,14,THP0201,,TH,1," 2/27/13"
"Gill, Vince","Pocket Full Of Gold",MM6011,12,MM6011,,MM,1," 2/27/13"
"Gill, Vince","Pretty Little Adriana",CHM9701,16,CHM9701,,CH,1," 2/27/13"
"Gill, Vince","Pretty Words",CB60162,7,CB60162,,CB,1," 2/27/13"
"Gilley, Mickey","Put Your Dreams Away",CB90077,15,CB90077,,CB,1," 2/27/13"
Ginuwine,Pony,SC8476,12,SC8476,,SC,1," 2/27/13"
"Given To Fly","Pearl Jam",PHM9803,4,PHM9803,,PH,1," 2/27/13"
"Glorified G","Pearl Jam",RSZ601,12,RSZ601,,RS,1," 2/27/13"
Go,"Pearl Jam",RSZ601,3,RSZ601,,RS,1," 2/27/13"
"God Is A DJ",Pink,PHM0402,2,PHM0402,,PH,1," 2/27/13"
"Good Charlotte",Predictable,PHR0411,8,PHR0411,,PH,1," 2/27/13"
"Good Charlotte wvocal",Predictable,PHR0411,17,PHR0411,,PH,1," 2/27/13"
"Good Luck Charm","Presley, Elvis",ZMP002,4,ZMP002,,ZM,1," 2/27/13"
Goodbye,"Pretenders, The",PHM9708,9,PHM9708,,PH,1," 2/27/13"
Gospel,"Pass Me Not",CBEP456-4,8,CBEP456-4,,CB,1," 2/27/13"
Gospel,"Peace Of Prayer, The",CBEP456-7,15,CBEP456-7,,CB,1," 2/27/13"
Gospel,"Praise Him, All Ye Little Children",CBEP456-6,11,CBEP456-6,,CB,1," 2/27/13"
Gospel,"Praise Him, Praise Him",CBEP456-6,2,CBEP456-6,,CB,1," 2/27/13"
Gospel,"Precious Memories",DK801,17,DK801,,DK,1," 2/27/13"
Gospel,"Pressed Against The Thorn",CB70004,6,CB70004,,CB,1," 2/27/13"
Gospel-Elvis,"Peace In The Valley",MM6146,9,MM6146,,MM,1," 2/27/13"
"Got Id","Pearl Jam",RSZ601,18,RSZ601,,RS,1," 2/27/13"
"Gray, David","Please Forgive Me",SF172,13,SF172,,SF,1," 2/27/13"
"Great Divide, The","Pour Me A Vacation",CB60115,5,CB60115,,CB,1," 2/27/13"
"Great Pretender, The","Platters, The",JV0005,2,JV0005,,JV,1," 2/27/13"
"Griggs, Andy","Practice Life",THC0301,15,THC0301,,TH,1," 2/27/13"
"Griggs, Andy & Martina Mcbride","Practice Life",CB60241,5,CB60241,,CB,1," 2/27/13"
"Guitar Man","Presley, Elvis",PX14,15,PX14,,PX,1," 2/27/13"
"Guns 'N' Roses","Paradise City",SF005,4,SF005,,SF,1," 2/27/13"
"Guns 'n' Roses","Paradise City",SC8713,8,SC8713,,SC,1," 2/27/13"
"Guns 'n' Roses",Patience,SC8684,6,SC8684,,SC,1," 2/27/13"
"Guns N Roses","Paradise City",CBE3-22,14,CBE3-22,,CB,1," 2/27/13"
"Guns N' Roses","Paradise City",BL23,4,BL23,,BL,1," 2/27/13"
"Guy Penrod","Pray About Everything - Copy",PHMC1106,4,PHMC1106,,PH,1," 2/27/13"
"Haggard, Merle & Willie Nelson","Pancho And Lefty",CB90119,9,CB90119,,CB,1," 2/27/13"
"Hail Hail","Pearl Jam",RSZ601,11,RSZ601,,RS,1," 2/27/13"
"Hall & Oates","Private Eyes",SC8231,12,SC8231,,SC,1," 2/27/13"
"Hall & Oates","Promise Ain't Enough",SC8395,15,SC8395,,SC,1," 2/27/13"
"Hammer, M.c.","Praise The Lord Together",MM6170,3,MM6170,,MM,1," 2/27/13"
"Harbor Lights","Platters, The",JV0005,5,JV0005,,JV,1," 2/27/13"
"Harling, Keith","Papa Bear",SD052,13,SD052,,SD,1," 2/27/13"
"Harting, Keith","Papa Bear",MM6235,4,MM6235,,MM,1," 2/27/13"
"He Didn't Have To Be","Paisley, Brad",TUFP07,12,TUFP07,,TU,1," 2/27/13"
"Hello God","Parton, Dolly",THC0302,19,THC0302,,TH,1," 2/27/13"
"Hendrix, Jimi","Purple Haze",SC7572,11,SC7572,,SC,1," 2/27/13"
"Hey Pretty",Poe,PHR0108,5,PHR0108,,PH,1," 2/27/13"
"Hill, Faith","Piece Of My Heart",CBE4-21,11,CBE4-21,,CB,1," 2/27/13"
"His Latest Flame","Presley, Elvis",ZMP002,1,ZMP002,,ZM,1," 2/27/13"
Hoku,"Perfect Day",MM6404,10,MM6404,,MM,1," 2/27/13"
"Holly, Buddy","Peggy Sue",SF017,12,SF017,,SF,1," 2/27/13"
"Holly, Buddy & The Crickets","Peggy Sue",SC1004,4,SC1004,,SC,1," 2/27/13"
"Holy, Steve","Put Your Best Dress On",MM6418,14,MM6418,,MM,1," 2/27/13"
"Houston, Marques","Pop That Booty",PHU0403,3,PHU0403,,PH,1," 2/27/13"
"How's Your Whole Family","Peters, Red",AMS2001,16,AMS2001,,AM,1," 2/27/13"
"Howie Day","Perfect Time Of Day",PHM-0402,6,PHM-0402,,PH,1," 2/27/13"
"Huey Lewis","Power Of Love",SF056,8,SF056,,SF,1," 2/27/13"
Hurt,"Presley, Elvis",KC006,9,KC006,,KC,1," 2/27/13"
"I Am Mine","Pearl Jam",TU159,7,TU159,,TU,1," 2/27/13"
"I Believe","Presley, Elvis",KC006,15,KC006,,KC,1," 2/27/13"
"I Go To Pieces","Peter & Gordon",PLC09,6,PLC09,,PL,1," 2/27/13"
"I Had No Right","PM Dawn",PHT9811,8,PHT9811,,PH,1," 2/27/13"
"I Need A Girl","P. Diddy, Usher & Loon",PHM0207,5,PHM0207,,PH,1," 2/27/13"
"I Need Your Love Tonight","Presley, Elvis",ZMP001,6,ZMP001,,ZM,1," 2/27/13"
"I Want Action",Poison,PSJT147,7,PSJT147,,PS,1," 2/27/13"
"I Will Always Love You","Parton, Dolly",TUFP07,17,TUFP07,,TU,1," 2/27/13"
"I Won't Back Down","Petty, Tom",AMS1510,11,AMS1510,,AM,1," 2/27/13"
"I Won't Back Down","Petty, Tom w~vocal",AMS1510,3,AMS1510,,AM,1," 2/27/13"
"I'll Be Missing You","Puff Daddy & Faith Evans",TU078,12,TU078,,TU,1," 2/27/13"
"I'm An Adult Now","Pursuit Of Happiness",GM1000,7,GM1000,,GM,1," 2/27/13"
"I'm Gonna Miss Her","Paisley, Brad",THC0205,20,THC0205,,TH,1," 2/27/13"
"I'm Still In Love With You","Paul, Sean",PHU0401,6,PHU0401,,PH,1," 2/27/13"
"If I Ever Lose My Faith In You","Police, The",TU078,11,TU078,,TU,1," 2/27/13"
"If I Had A Hammer","Peter, Paul & Mary",PT2007,14,PT2007,,PT,1," 2/27/13"
"Iggy Pop","Passenger, The",SF119,14,SF119,,SF,1," 2/27/13"
"Iglesias, Julio","Por Ella",MM6009,10,MM6009,,MM,1," 2/27/13"
"Ikettes, The","Peaches N' Cream",SAVP40,13,SAVP40,,SA,1," 2/27/13"
Immature,"Please Don't Go",SC8286,10,SC8286,,SC,1," 2/27/13"
"Impressions, The","People Get Ready",CBEP459-6,15,CBEP459-6,,CB,1," 2/27/13"
Incubus,"Pardon Me",SC8613,1,SC8613,,SC,1," 2/27/13"
"Indigo Girls, The","Power Of Two",SC8170,4,SC8170,,SC,1," 2/27/13"
"Isaak, Chris",Please,SC8487,11,SC8487,,SC,1," 2/27/13"
"It's Only Make Believe","Presley, Elvis",KC006,5,KC006,,KC,1," 2/27/13"
"Jackson, Alan","Pop A Top",CHM0001,13,CHM0001,,CH,1," 2/27/13"
"Jackson, Janet","Pleasure Principle, The",SC8863,14,SC8863,,SC,1," 2/27/13"
"Jackson, Michael","P.Y.T. (Pretty Young Thing)",DK037,4,DK037,,DK,1," 2/27/13"
"Jagged Edge",Promise,SC8673,8,SC8673,,SC,1," 2/27/13"
Jaheim,"Put That Woman First",THMH0308,5,THMH0308,,TH,1," 2/27/13"
Jaheimÿ,"Put That Woman First",CB30037,13,CB30037,,CB,1," 2/27/13"
"Jailhouse Rock","Presley, Elvis",ZMP001,2,ZMP001,,ZM,1," 2/27/13"
"James Brown","Papa Don't Take No Mess",SC8386,7,SC8386,,SC,1," 2/27/13"
"Jamey Johnson","Playing The Part",PHMC1011,4,PHMC1011,,PH,1," 2/27/13"
January,Pilot,SF071,8,SF071,,SF,1," 2/27/13"
"Jean, Wyclef & Missy Elliott","Party To Damascus",PHU0401,4,PHU0401,,PH,1," 2/27/13"
Jeremy,"Pearl Jam",RSZ601,8,RSZ601,,RS,1," 2/27/13"
"Jewel, Buddy","Pour Out The Rain",MM6391,3,MM6391,,MM,1," 2/27/13"
"Jimi Hendrix","Purple Haze",SC8172,12,SC8172,,SC,1," 2/27/13"
"Jimmy Eat World",Pain,PHR0412,9,PHR0412,,PH,1," 2/27/13"
"Jimmy Eat World","Praise Chorus, A",SC8793,11,SC8793,,SC,1," 2/27/13"
"Joel, Billy","Piano Man",SGB054,14,SGB054,,SG,1," 2/27/13"
"Joel, Billy",Pressure,SC8605,5,SC8605,,SC,1," 2/27/13"
"Joey & Rory","Play The Song",PHMC0907,4,PHMC0907,,PH,1," 2/27/13"
"John, Elton","Philadelphia Freedom",SAVP17,14,SAVP17,,SA,1," 2/27/13"
"John, Olivia Newton",Physical,SC8425,12,SC8425,,SC,1," 2/27/13"
"John, Olivia Newton","Please Mister Please",SC8292,5,SC8292,,SC,1," 2/27/13"
"Jolie & The Wanted","Party On The Patio",CB60231,13,CB60231,,CB,1," 2/27/13"
"Jolie & Wanted","Party On The Patio",CB60229,13,CB60229,,CB,1," 2/27/13"
"Jon B","Pretty Girl",SD020,9,SD020,,SD,1," 2/27/13"
"Jones, George","Picture Of Me Without You, A",CB90075,10,CB90075,,CB,1," 2/27/13"
"Jones, Grace","Pull Up To The Bumper",SF075,15,SF075,,SF,1," 2/27/13"
"Jones, Norah","Painter Song",CB90157,10,CB90157,,CB,1," 2/27/13"
"Joplin, Janis","Piece Of My Heart",MMGCP9803,12,MMGCP9803,,MM,1," 2/27/13"
"Judd, Cledus T.",Plowboy,SC8739,4,SC8739,,SC,1," 2/27/13"
"Just Like A Pill",Pink,PHM0208,1,PHM0208,,PH,1," 2/27/13"
"Just When I Needed You Most","Parton, Dolly",TU172,9,TU172,,TU,1," 2/27/13"
"K.c. & Sunshine Band, The","Please Don't Go",SC8323,3,SC8323,,SC,1," 2/27/13"
"K.C. & The Sunshine Band","Please Don't Go",CB90192,11,CB90192,,CB,1," 2/27/13"
"Kadison, Joshua","Picture Postcards From L.a.",MM6091,5,MM6091,,MM,1," 2/27/13"
"Kadison, Joshua","Picture Postcards From L.A.",SD007,5,SD007,,SD,1," 2/27/13"
"Kadison, Joshua","Picture Postcards From L.a.",SC8140,8,SC8140,,SC,1," 2/27/13"
Kansas,"Play The Game Tonight",SC8648,15,SC8648,,SC,1," 2/27/13"
Kansas,"Point Of Know Return",SC8648,9,SC8648,,SC,1," 2/27/13"
Kansas,"Point Of No Return",SC8204,14,SC8204,,SC,1," 2/27/13"
"Kanye West feat Mr. Hudson",Paranoid,PHMP0906,3,PHMP0906,,PH,1," 2/27/13"
"Kc & The Sunshine Band","Please Don't Go",CBEP467-1,5,CBEP467-1,,CB,1," 2/27/13"
"Keith Urban","Put You In A Song",PHMC1012,1,PHMC1012,,PH,1," 2/27/13"
"Keri Hilson","Pretty Girl Rock",PHMU1103,1,PHMU1103,,PH,1," 2/27/13"
"Kershaw, Sammy","Politics Religion & Her",MM6183,7,MM6183,,MM,1," 2/27/13"
"Kershaw, Sammy","Politics Religion And Her",SD034,14,SD034,,SD,1," 2/27/13"
"Ketchum, Hal","Past The Point Of Rescue",SC8243,15,SC8243,,SC,1," 2/27/13"
"Keyshia Cole Feat 2Pac","Playa Cardz Right",PHMU0901,4,PHMU0901,,PH,1," 2/27/13"
"Kid Rock",Picture,CBE3-28,3,CBE3-28,,CB,1," 2/27/13"
"Kid Rock & Sheryl Crow",Picture,THC0301,20,THC0301,,TH,1," 2/27/13"
"Kid Rock & Sheryl Crow","Picture (Bonus Track)",MM6383,16,MM6383,,MM,1," 2/27/13"
"Kid Rock & Sheryl Crow wvocal",Picture,PHM0301,18,PHM0301,,PH,1," 2/27/13"
"King, B.b.","Paying The Cost To Be The Boss",SC8339,15,SC8339,,SC,1," 2/27/13"
"Kings Of Leon",Pyro,PHMP1104,4,PHMP1104,,PH,1," 2/27/13"
"Kinleys, The",Please,CHM9710,20,CHM9710,,CH,1," 2/27/13"
Kiss,"Phycho Circus",SC2189,6,SC2189,,SC,1," 2/27/13"
Kiss,"Psycho Circus",SC8501,6,SC8501,,SC,1," 2/27/13"
"Knox, Buddy","Party Doll",SC8190,12,SC8190,,SC,1," 2/27/13"
"Krall, Diana","Peel Me A Grape",MM6334,1,MM6334,,MM,1," 2/27/13"
KWS,"Please Don't Go",SF003,6,SF003,,SF,1," 2/27/13"
Lasgo,Pray,SF200,4,SF200,,SF,1," 2/27/13"
"Last Dj, The","Petty, Tom & The Heartbreakers",PHR0212,3,PHR0212,,PH,1," 2/27/13"
"Last Kiss","Pearl Jam",RSZ601,15,RSZ601,,RS,1," 2/27/13"
"Lawrence, Steve","Portrait Of My Love",MMSTA2-3,16,MMSTA2-3,,MM,1," 2/27/13"
"Lawrence, Steve","Portrait Of My Love, A",MMSTA02,13,MMSTA02,,MM,1," 2/27/13"
"Lawrence, Steve","Pretty Blue Eyes",SC8521,7,SC8521,,SC,1," 2/27/13"
"Lawrence, Tracy","Paint Me A Birmingham",MM6407,15,MM6407,,MM,1," 2/27/13"
"Leaving On A Jet Plane","Peter, Paul & Mary",PT2007,13,PT2007,,PT,1," 2/27/13"
"Lee, Brenda","Papa Noel",CB60210,13,CB60210,,CB,1," 2/27/13"
"Lee, Curtis","Pretty Little Angel Eyes",CBEP455-4,14,CBEP455-4,,CB,1," 2/27/13"
"Lee, Dickey",Patches,SC8804,3,SC8804,,SC,1," 2/27/13"
"Lee, Johnny","Pickin' Up Strangers",SC8642,6,SC8642,,SC,1," 2/27/13"
"Lee, Johnny","Prisoner Of Hope",SC8529,13,SC8529,,SC,1," 2/27/13"
"Lehrer, Tom","Poisoning Pigeons In The Park",SC8707,14,SC8707,,SC,1," 2/27/13"
"Lennox, Annie & Al Green","Put A Little Love In Your Heart",CBEP471-2,9,CBEP471-2,,CB,1," 2/27/13"
"Lennox, Annie & Al Greene","Put A Little Love In Your Heart",MMGCP9807,6,MMGCP9807,,MM,1," 2/27/13"
"Lewis, Huey & News, The","Perfect World",DK033,7,DK033,,DK,1," 2/27/13"
"Lewis, Huey & News, The","Power Of Love, The",CBE2-23,4,CBE2-23,,CB,1," 2/27/13"
"Lewis, Huey & The News","Perfect World",CB90198,11,CB90198,,CB,1," 2/27/13"
"Lewis, Huey & The News","Power Of Love",CBEP467-5,9,CBEP467-5,,CB,1," 2/27/13"
"Lewis, Huey & The News","Power Of Love, The",SC8709,9,SC8709,,SC,1," 2/27/13"
"Lighthouse Family","Postcards From Heaven",SF130,11,SF130,,SF,1," 2/27/13"
"Lightning Seeds",Pure,SF149,7,SF149,,SF,1," 2/27/13"
"Linkin Park",Papercut,SC8758,4,SC8758,,SC,1," 2/27/13"
"Lionel Richie","Penny Lover",SC8378,10,SC8378,,SC,1," 2/27/13"
"Little Bit Of You, A","Parnell, Lee Roy",BS5117,8,BS5117,,BS,1," 2/27/13"
"Little Sister","Presley, Elvis",ZMP001,11,ZMP001,,ZM,1," 2/27/13"
"Ll Cool J & Amerie",Paradise,SC8812,10,SC8812,,SC,1," 2/27/13"
"LL Cool J & Amerie",Paradise,THH0303,11,THH0303,,TH,1," 2/27/13"
"Ll Cool J & Amerie W-Vocal",Paradise,PHU0303,9,PHU0303,,PH,1," 2/27/13"
"Lloyd Price",Personality,SF063,15,SF063,,SF,1," 2/27/13"
"LMFAO feat. Lauren Bennett & GoonRock","Party Rock Anthem",PHMP1109,1,PHMP1109,,PH,1," 2/27/13"
"Locklin, Hank","Please Help Me, I'm Falling",CB60021,7,CB60021,,CB,1," 2/27/13"
"Locklin, Hank","Please Help Me, I'm Falling (In Love Wit",SC8158,8,SC8158,,SC,1," 2/27/13"
"Locklin, Hank","Please Help Me, I'm Falling In Love With",SC7589,9,SC7589,,SC,1," 2/27/13"
"Loggins, Dave","Please Come To Boston",CBE21,13,CBE21,,CB,1," 2/27/13"
"Long Tall Sally","Presley, Elvis",KC006,12,KC006,,KC,1," 2/27/13"
"Lopez, Jennifer",Play,SC8695,13,SC8695,,SC,1," 2/27/13"
"Lopez, Jennifer","Promise Me You'll Try",MM6308,10,MM6308,,MM,1," 2/27/13"
Louise,"Pandora's Kiss",SF209,6,SF209,,SF,1," 2/27/13"
"Lynn, Loretta & Jack White","Portland Oregon",SC3416,6,SC3416,,SC,1," 2/27/13"
"Lynn, Loretta & Jack White wvocal","Portland Oregon",SC3416,14,SC3416,,SC,1," 2/27/13"
"Lynyrd Skynyrd","Poison Whiskey",SGB43,7,SGB43,,SG,1," 2/27/13"
M,"Pop Muzik",SC8153,12,SC8153,,SC,1," 2/27/13"
M.I.A.,"Paper Planes",PHMP0812,1,PHMP0812,,PH,1," 2/27/13"
Madonna,"Papa Don't Preach",CBE28,10,CBE28,,CB,1," 2/27/13"
Madonna,"Pappa Don't Preach",SF058,1,SF058,,SF,1," 2/27/13"
Madonna,"Power Of Goodbye",SC8499,14,SC8499,,SC,1," 2/27/13"
Madonna,"Power Of Goodbye, The",SF126,11,SF126,,SF,1," 2/27/13"
"Mann, Manfred","Pretty Flamingo",SF045,15,SF045,,SF,1," 2/27/13"
"Manson, Marilyn","Personal Jesus",PHR0412,7,PHR0412,,PH,1," 2/27/13"
"Manuelle, Victor","Pero Dile",SC2219,3,SC2219,,SC,1," 2/27/13"
"Marathons, The","Peanut Butter",CBEP455-5,15,CBEP455-5,,CB,1," 2/27/13"
"Marley, Bob","Put It On",MM6375,4,MM6375,,MM,1," 2/27/13"
"Maroon 5 feat. Wiz Khalifa",Payphone,PHMP1207,1,PHMP1207,,PH,1," 2/27/13"
"Marques Houston feat Rick Ross","Pullin On Her Hair",PHMU1009,4,PHMU1009,,PH,1," 2/27/13"
MARRS,"Pump Up The Volume",SC8892,7,SC8892,,SC,1," 2/27/13"
"Martin & Meja","Private Emotion",SC8601,7,SC8601,,SC,1," 2/27/13"
"Martin, Dean","Please Don't Talk About Me When I'm Gone",MM6419-2,26,MM6419-2,,MM,1," 2/27/13"
"Martin, Dean","Powder Your Face With Sunshine",MM6419-2,21,MM6419-2,,MM,1," 2/27/13"
"Martin, Ricky","Private Emotion",SGB13,9,SGB13,,SG,1," 2/27/13"
"Martin, Ricky & Meja","Private Emotion",CB30001,10,CB30001,,CB,1," 2/27/13"
"Marvelettes, The","Please Mr Postman",MMOLD03,2,MMOLD03,,MM,1," 2/27/13"
"Marvelettes, The","Please Mr. Postman",CBE18,15,CBE18,,CB,1," 2/27/13"
Masquerade,"Phantom Of The Opera, The",PS1185,16,PS1185,,PS,1," 2/27/13"
"Matchbox 20",Push,CBEP458-2,12,CBEP458-2,,CB,1," 2/27/13"
"Mattea, Kathy","Patiently Waiting",SC8465,14,SC8465,,SC,1," 2/27/13"
"Mavericks, The","Pretender, The",CB60156,13,CB60156,,CB,1," 2/27/13"
"McBride, Martina","Phones Are Ringin' All Over Town",SC2058,1,SC2058,,SC,1," 2/27/13"
"Mcbride, Martina","Phones Are Ringin' All Over Town",CB60153,11,CB60153,,CB,1," 2/27/13"
"Mcclain & Gilley","Paradise Tonight",SC8408,6,SC8408,,SC,1," 2/27/13"
"McCoy, Neal","Party On",SD050,9,SD050,,SD,1," 2/27/13"
"Mccoy, Neal","Party On",CHM9806,18,CHM9806,,CH,1," 2/27/13"
"Mcdowell, Ronnie",Personally,CB60124,2,CB60124,,CB,1," 2/27/13"
"Mcentire, Reba","Please Come To Boston",SC8267,14,SC8267,,SC,1," 2/27/13"
"Mcgraw, Tim","Place In The Sun, A",CB60208,13,CB60208,,CB,1," 2/27/13"
"Mcgraw, Tim","Please Remember Me",SC8528,1,SC8528,,SC,1," 2/27/13"
"McGraw, Tim","Please Remember Me",SD061,2,SD061,,SD,1," 2/27/13"
"Mcgraw, Tim","Please Remember Me",CBEP461-5,16,CBEP461-5,,CB,1," 2/27/13"
"Mclachlan, Sarah",Possession,SC8277,3,SC8277,,SC,1," 2/27/13"
"McLachlan, Sarah",Possession,SC2255,6,SC2255,,SC,1," 2/27/13"
"Mclachlan, Sarah",Possession,MM6197,15,MM6197,,MM,1," 2/27/13"
"Me & Mrs. Jones","Paul, Billy",JV0025,7,JV0025,,JV,1," 2/27/13"
"Me Neither","Paisley, Brad",TUFP08,4,TUFP08,,TU,1," 2/27/13"
Meatloaf,"Paradise By The Dashboard Light",SC7203,8,SC7203,,SC,1," 2/27/13"
Meatloaf,"Paradise By The Dashboard Lights",DKM2022,13,DKM2022,,DK,1," 2/27/13"
Megadeth,"Peace Sells",SC8660,5,SC8660,,SC,1," 2/27/13"
"Mellencamp, John","Paper In Fire",SC8573,13,SC8573,,SC,1," 2/27/13"
"Mellencamp, John","Peaceful World",MM6351,9,MM6351,,MM,1," 2/27/13"
"Mellencamp, John","Pink Houses",SC8514,6,SC8514,,SC,1," 2/27/13"
"Mellencamp, John & India.arie","Peaceful World",SC8730,6,SC8730,,SC,1," 2/27/13"
"Mellencamp, John Cougar","Peaceful World",CB30016,15,CB30016,,CB,1," 2/27/13"
"Mellencamp, John Cougar","Pink Houses",SC7577,13,SC7577,,SC,1," 2/27/13"
"Mellencamp, John Cougar wvocal","Pink Houses",SC2423,14,SC2423,,SC,1," 2/27/13"
"Melody Trio, The","Poor As A Beggar, Rich As A King",CBEP466-6,13,CBEP466-6,,CB,1," 2/27/13"
Memories,"Presley, Elvis",KC006,13,KC006,,KC,1," 2/27/13"
Mermaids,"Popsicles And Icicles",SC8206,10,SC8206,,SC,1," 2/27/13"
"Message In A Bottle","Police, The",TU078,13,TU078,,TU,1," 2/27/13"
"Michael, George","Praying For Time",DK048,3,DK048,,DK,1," 2/27/13"
"Miles, Buddy","Purple Haze",SGB031,15,SGB031,,SG,1," 2/27/13"
"Milsap, Ronnie","Please Don't Tell Me How The Story Ends",SC8342,8,SC8342,,SC,1," 2/27/13"
"Milsap, Ronnie","Pure Love",SC8455,11,SC8455,,SC,1," 2/27/13"
"Minogue, Kylie","Put Yourself In My Place",SF025,14,SF025,,SF,1," 2/27/13"
Moloko,"Pure Pleasure Seeker",SF170,14,SF170,,SF,1," 2/27/13"
"Monkees, The","Pleasant Valley Sunday",SAVP27,17,SAVP27,,SA,1," 2/27/13"
"Montgomery, John Michael",Pictures,CB60243,11,CB60243,,CB,1," 2/27/13"
"Moorer, Allison","Pardon Me",CB60171,7,CB60171,,CB,1," 2/27/13"
"Morgan, Craig",Paradise,MM6312,13,MM6312,,MM,1," 2/27/13"
"Morgan, Lorrie","Picture Of Me Without You, A",DK089,11,DK089,,DK,1," 2/27/13"
"Motley Crue","Primal Scream",SC8843,6,SC8843,,SC,1," 2/27/13"
"Murphy, David Lee","Party Crowd",SC8160,11,SC8160,,SC,1," 2/27/13"
"Murphy, Eddie","Party All The Time",MM6047,8,MM6047,,MM,1," 2/27/13"
"Murray, Anne","Put Your Hand In The Hand",CB90101,11,CB90101,,CB,1," 2/27/13"
"Music Of The Night, The","Phantom Of The Opera, The",PS1185,13,PS1185,,PS,1," 2/27/13"
"Musical Youth","Pass The Dutchie",MM6083,9,MM6083,,MM,1," 2/27/13"
"My Prayer","Platters, The",JV0005,3,JV0005,,JV,1," 2/27/13"
"My Way","Presley, Elvis",KC006,6,KC006,,KC,1," 2/27/13"
"N Sync",Pop,SC8708,5,SC8708,,SC,1," 2/27/13"
Na,"Pretty Polly",CBEP476-6,9,CBEP476-6,,CB,1," 2/27/13"
"Nadie Baila Como Tu El Noa Noa",Pandora,SC7101,8,SC7101,,SC,1," 2/27/13"
"Naked Eyes","Promises, Promises",SC8313,9,SC8313,,SC,1," 2/27/13"
"Nappy Roots","Po' Folks",PHU0209,4,PHU0209,,PH,1," 2/27/13"
"Nappy Roots wvocal","Po' Folks",PHU0209,13,PHU0209,,PH,1," 2/27/13"
"Natasha Bedingfield","Pocketful Of Sunshine",PHMP0805,5,PHMP0805,,PH,1," 2/27/13"
"Ndegeocello, Meshell & Redman & Tweet","Pocketbook (Remix)",SC8773,3,SC8773,,SC,1," 2/27/13"
Ne-Yo,"Part Of The List",PHMU0907,4,PHMU0907,,PH,1," 2/27/13"
Nelly,"Party People",PHMP0807,6,PHMP0807,,PH,1," 2/27/13"
Nelly,"Pimp Juice",PHU0306,2,PHU0306,,PH,1," 2/27/13"
"Nelly wvocal","Pimp Juice",PHU0306,11,PHU0306,,PH,1," 2/27/13"
"Nelson, Ricky","Poor Little Fool",CBEP454-4,16,CBEP454-4,,CB,1," 2/27/13"
"Nelson, Willie","Party's Over, The",SC8555,13,SC8555,,SC,1," 2/27/13"
"Nelson, Willie","Pretty Paper",CBEP462-4,16,CBEP462-4,,CB,1," 2/27/13"
"Nelson, Willie & Haggard, Merle","Pancho And Lefty",SC7522,14,SC7522,,SC,1," 2/27/13"
Never,"Perez, Amanda",THP0206,13,THP0206,,TH,1," 2/27/13"
"New Kids On The Block","Please Don't Go Girl",DK024,1,DK024,,DK,1," 2/27/13"
"New Riders Of The Purple Sage","Panama Red",SC8861,2,SC8861,,SC,1," 2/27/13"
"Newton-John, Olivia",Physical,CBE22,13,CBE22,,CB,1," 2/27/13"
"Nicks, Stevie","Planets Of The Universe",MM6340,6,MM6340,,MM,1," 2/27/13"
"Night Chicago Died, The","Paper Lace",AH8001,7,AH8001,,AH,1," 2/27/13"
"No Mercy","Please Don't Go",SC8357,6,SC8357,,SC,1," 2/27/13"
"Not For You","Pearl Jam",RSZ601,17,RSZ601,,RS,1," 2/27/13"
Nsync,Pop,CBEP470-3,12,CBEP470-3,,CB,1," 2/27/13"
"O'jays, The","Put Your Hands Together",SAVP38,14,SAVP38,,SA,1," 2/27/13"
Ocean,"Put Your Hand In The Hand",DK032,9,DK032,,DK,1," 2/27/13"
"Ocean Colour Scene","Profit In Peace",SF148,10,SF148,,SF,1," 2/27/13"
Offspring,"Pretty Fly (For A White Guy)",SGB038,11,SGB038,,SG,1," 2/27/13"
"Offspring, The","Pretty Fly For A White Guy",PHT9901,4,PHT9901,,PH,1," 2/27/13"
Oklahoma,"People Will Say We're In Love",SF008,11,SF008,,SF,1," 2/27/13"
"Old Cape Cod","Page, Patti",AH8012,6,AH8012,,AH,1," 2/27/13"
"On My Own","Peach Union",PHM9710,8,PHM9710,,PH,1," 2/27/13"
"One Night","Presley, Elvis",ZMP001,3,ZMP001,,ZM,1," 2/27/13"
"Only You","Platters, The",JV0005,1,JV0005,,JV,1," 2/27/13"
"Orbison, Roy","Pretty Woman",DK011,11,DK011,,DK,1," 2/27/13"
"Osbourne, Kelly","Papa Don't Preach",PHR0208,3,PHR0208,,PH,1," 2/27/13"
"Osbourne, Ozzy",Paranoid,SC8848,5,SC8848,,SC,1," 2/27/13"
"Osmond, Marie","Paper Roses",CBEP452-1,17,CBEP452-1,,CB,1," 2/27/13"
"Outsider, The","Perfect Circle, A",PHR0402,8,PHR0402,,PH,1," 2/27/13"
"Paragons & Jesters","Please Let Me Love You",MM6385,4,MM6385,,MM,1," 2/27/13"
"Parnell, Leroy","Power Of Love, The",SC8269,12,SC8269,,SC,1," 2/27/13"
"Parton, Dolly","Pms Blues",SC8214,12,SC8214,,SC,1," 2/27/13"
"Parton, Dolly, Emmylou & Linda","Pain Of Loving You, The",CB60142,3,CB60142,,CB,1," 2/27/13"
"Perrys, The","Praise God, It's Settled, I'm Saved",CBEP478-6,10,CBEP478-6,,CB,1," 2/27/13"
"Persuasions, The","People Get Ready",SC8891,5,SC8891,,SC,1," 2/27/13"
"Peter Paul & Mary","Puff The Magic Dragon",DK1103,13,DK1103,,DK,1," 2/27/13"
"Peter, Paul & Mary","Puff The Magic Dragon",SC7508,15,SC7508,,SC,1," 2/27/13"
"Phair, Liz","Polyester Bride",SC8484,10,SC8484,,SC,1," 2/27/13"
"Phantom Of The Opera, The","Phantom Of The Opera, The",MMBH1-5,5,MMBH1-5,,MM,1," 2/27/13"
Pink,"Please Don't Leave Me",PHMP0904,8,PHMP0904,,PH,1," 2/27/13"
Placebo,"Pure Morning",SF125,12,SF125,,SF,1," 2/27/13"
"Plies Feat Jamie Foxx and The-Dream","Please Excuse My Hands",PHMU0809,3,PHMU0809,,PH,1," 2/27/13"
"Point Of No Return","Phantom Of The Opera, The",PS1185,18,PS1185,,PS,1," 2/27/13"
"Polk Salad Annie","Presley, Elvis",KC006,4,KC006,,KC,1," 2/27/13"
"Potts, M.c.","Put Me Out Of My Misery",SC8298,15,SC8298,,SC,1," 2/27/13"
"Presidents Of The Usa",Peaches,SF049,12,SF049,,SF,1," 2/27/13"
"Presley, Elvis","Paradise Hawaiian Style (Paradise Hawaii",MMVEU-04,15,MMVEU-04,,MM,1," 2/27/13"
"Presley, Elvis",Paralyzed,MMVE04,6,MMVE04,,MM,1," 2/27/13"
"Presley, Elvis",Party,MMVEU-07,4,MMVEU-07,,MM,1," 2/27/13"
"Presley, Elvis","Patch It Up",MMVEU-02,8,MMVEU-02,,MM,1," 2/27/13"
"Presley, Elvis","Peace In The Valley",CB70002,11,CB70002,,CB,1," 2/27/13"
"Presley, Elvis","Pieces Of My Life",MMVEU-03,1,MMVEU-03,,MM,1," 2/27/13"
"Presley, Elvis","Playin' For Keeps",MMVE07,8,MMVE07,,MM,1," 2/27/13"
"Presley, Elvis","Playing For Keeps",CB90060,5,CB90060,,CB,1," 2/27/13"
"Presley, Elvis","Please Don't Stop Loving Me",MM6123,6,MM6123,,MM,1," 2/27/13"
"Presley, Elvis","Please Don't Stop Loving Me  Frankie And",MMVE05,6,MMVE05,,MM,1," 2/27/13"
"Presley, Elvis","Pledging My Love",MMVEU-02,1,MMVEU-02,,MM,1," 2/27/13"
"Presley, Elvis","Pocketful Of Rainbows (G.i.blues )",MM6337,1,MM6337,,MM,1," 2/27/13"
"Presley, Elvis","Pocketful Of Rainbows(G.I.blues )",MMVEU-04,1,MMVEU-04,,MM,1," 2/27/13"
"Presley, Elvis","Polk Salad Annie",MMVE09,15,MMVE09,,MM,1," 2/27/13"
"Presley, Elvis","Polk Salad Annie  MSG Concert",MMVE16,7,MMVE16,,MM,1," 2/27/13"
"Presley, Elvis","Poor Boy",MMVE12,9,MMVE12,,MM,1," 2/27/13"
"Presley, Elvis","Power Of My Love",MMVE10,12,MMVE10,,MM,1," 2/27/13"
"Presley, Elvis","Precious Lord",MMVE03,11,MMVE03,,MM,1," 2/27/13"
"Presley, Elvis","Precious Lord, Take My Hand",MM6081,11,MM6081,,MM,1," 2/27/13"
"Presley, Elvis","Promised Land",SC8679,2,SC8679,,SC,1," 2/27/13"
"Presley, Elvis","Promised Land, The",MMVE03,8,MMVE03,,MM,1," 2/27/13"
"Presley, Elvis","Proud Mary",MMVE18,4,MMVE18,,MM,1," 2/27/13"
"Presley, Elvis","Puppet On A String",CBEP465-2,13,CBEP465-2,,CB,1," 2/27/13"
"Presley, Elvis","Put The Blame On Me",MM6414,11,MM6414,,MM,1," 2/27/13"
"Presley, Elvis","Put Your Hand In The Hand",MMVE19,8,MMVE19,,MM,1," 2/27/13"
"Price, Lloyd",Personality,DK074,13,DK074,,DK,1," 2/27/13"
"Price, Ray",Pride,SC8712,4,SC8712,,SC,1," 2/27/13"
"Prima Donna","Phantom Of The Opera, The",PS1185,14,PS1185,,PS,1," 2/27/13"
Prince,"Pop Life",SC8718,13,SC8718,,SC,1," 2/27/13"
Prince,"Pu$$Y Control",SC8718,1,SC8718,,SC,1," 2/27/13"
Prince,"Purple Rain",SAVP33,16,SAVP33,,SA,1," 2/27/13"
"Psychedelic Furs, The","Pretty In Pink",SC8588,13,SC8588,,SC,1," 2/27/13"
Queen,"Play The Game",SC8772,13,SC8772,,SC,1," 2/27/13"
"R Kelly feat Tyrese, Robin Thicke & The",Pregnant,PHMU1003,4,PHMU1003,,PH,1," 2/27/13"
"Rabbitt, Eddie","Pour Me Another Tequila",SC7555,2,SC7555,,SC,1," 2/27/13"
"Ramones, The","Pet Sematary",SC2252,3,SC2252,,SC,1," 2/27/13"
"Randy Travis","Price To Pay",SC8358,6,SC8358,,SC,1," 2/27/13"
"Rascal Flatts","Prayin' For Daylight",CB60197,6,CB60197,,CB,1," 2/27/13"
Rascals,"People Got To Be Free",SC1999NSC03,15,SC1999NSC03,,SC,1," 2/27/13"
"Rascals, The","People Got To Be Free",CBE2-16,12,CBE2-16,,CB,1," 2/27/13"
"Raspberry Beret",Prince,PI038,16,PI038,,PI,1," 2/27/13"
Re-Flex,"Politics Of Dancing, The",SC8678,1,SC8678,,SC,1," 2/27/13"
Re-United,"Peaches & Herb",KJT08,15,KJT08,,KJ,1," 2/27/13"
"Red Jumpsuit Apparatus","Pen and Paper",PHMP0904,9,PHMP0904,,PH,1," 2/27/13"
"Reed, Lou","Perfect Day",SF115,15,SF115,,SF,1," 2/27/13"
Reef,"Place Your Hands",SF138,10,SF138,,SF,1," 2/27/13"
"Remy Zero","Perfect Memory",SC8768,11,SC8768,,SC,1," 2/27/13"
"Remy Zero",Prophecy,SC8508,11,SC8508,,SC,1," 2/27/13"
"Return To Sender","Presley, Elvis",ZMP002,6,ZMP002,,ZM,1," 2/27/13"
"Rezo Una Oracion Por Ti",Pandora,SC7101,15,SC7101,,SC,1," 2/27/13"
"Richie, Lionel","Penny Lover",CB90169,10,CB90169,,CB,1," 2/27/13"
"Rimes, Leann","Please Remember Me",CB60207,12,CB60207,,CB,1," 2/27/13"
"Rimes, Leann","Purple Rain",CB90020,12,CB90020,,CB,1," 2/27/13"
"Rivers, Johnny","Poor Side Of Town",CBEP472-3,15,CBEP472-3,,CB,1," 2/27/13"
"Rivers, Johnny","Poor Side Of Town, The",DK004,14,DK004,,DK,1," 2/27/13"
"Rivingtons, The","Papa Oo Mau Mau",MM6071,6,MM6071,,MM,1," 2/27/13"
"Robbins, Dennis",Padre,SC8792,4,SC8792,,SC,1," 2/27/13"
"Robbins, Marty","Please Don't Play A Love Song",CB60136,7,CB60136,,CB,1," 2/27/13"
"Robinson, Betty Jean & Nashville Grass","Palms Of Victory",CBEP476-6,4,CBEP476-6,,CB,1," 2/27/13"
"Robison, Charlie","Poor Man's Son",CB60199,3,CB60199,,CB,1," 2/27/13"
"Rock A Hula Baby","Presley, Elvis",PX13,12,PX13,,PX,1," 2/27/13"
"Rock-a-hula Baby","Presley, Elvis",ZMP002,2,ZMP002,,ZM,1," 2/27/13"
"Rockin' Berries, The","Poor Man's Son",SF086,4,SF086,,SF,1," 2/27/13"
"Rocky Horror Picture Show, The","Planet Sachmanet Janet",SC8472,12,SC8472,,SC,1," 2/27/13"
"Rodriguez, Johnny","Pass Me By (If You're Only Passing Throu",SC8647,8,SC8647,,SC,1," 2/27/13"
"Rojas, Tito","Por Mujeres Como Tu",SC2197,2,SC2197,,SC,1," 2/27/13"
"Ronstadt, Linda",Perfidia,MM6009,11,MM6009,,MM,1," 2/27/13"
Roxanne,"Police, The",TU078,14,TU078,,TU,1," 2/27/13"
"Rule, Ja, Lil' Mo & Vita","Put It On Me",SC8680,7,SC8680,,SC,1," 2/27/13"
"Rush, Jennifer","Power Of Love",BL02,8,BL02,,BL,1," 2/27/13"
"Rush, Jennifer & Celine Dion","Power Of Love, The",SF003,5,SF003,,SF,1," 2/27/13"
"Rushlow, Tim","Package, The",CB20311,11,CB20311,,CB,1," 2/27/13"
"Russell, Brenda","Piano In The Dark",SC8293,13,SC8293,,SC,1," 2/27/13"
"S Club Juniors","Puppy Love",SF200,14,SF200,,SF,1," 2/27/13"
Sade,Paradise,SC8405,12,SC8405,,SC,1," 2/27/13"
Sade,"Please Send Me Someone To Love",SC8244,1,SC8244,,SC,1," 2/27/13"
"Salt 'n Pepa","Push It",SC8746,12,SC8746,,SC,1," 2/27/13"
"Salt N Pepa","Push It",SC8169,4,SC8169,,SC,1," 2/27/13"
"Santana & Everlast","Put Your Lights On",MM6290,8,MM6290,,MM,1," 2/27/13"
Satelliteÿ,P.O.D,THR0212,12,THR0212,,TH,1," 2/27/13"
"Sawyer Brown","Perfect World",MM6311,14,MM6311,,MM,1," 2/27/13"
"Sawyer Brown","Puttin' The Dark Back In The Night",CB60097,14,CB60097,,CB,1," 2/27/13"
"Scritti Politti","Perfect Way",SC1999NSC07,4,SC1999NSC07,,SC,1," 2/27/13"
"Se Va, Se Va",Pimpinela,SC7107,7,SC7107,,SC,1," 2/27/13"
Seal,"Prayer For The Dying",SC8272,9,SC8272,,SC,1," 2/27/13"
"Sean Paul","Press It Up",PHMU0910,2,PHMU0910,,PH,1," 2/27/13"
"Seeds, The","Pushin' Too Hard",SC8750,2,SC8750,,SC,1," 2/27/13"
"Seguin, Richard","Protest Song",SC2388,2,SC2388,,SC,1," 2/27/13"
"Seguin, Richard wvocal","Protest Song",SC2388,10,SC2388,,SC,1," 2/27/13"
"She Hates Me","Puddle Of Mudd",TU142,13,TU142,,TU,1," 2/27/13"
"She's Not You","Presley, Elvis",ZMP002,5,ZMP002,,ZM,1," 2/27/13"
SheDaisy,"Passenger Seat",MM6407,7,MM6407,,MM,1," 2/27/13"
"Shelton, Blake","Playboys Of The Southwestern World",SC8837,15,SC8837,,SC,1," 2/27/13"
"Shelton, Blake","Playboys Of The Soutwestern World",MM6391,14,MM6391,,MM,1," 2/27/13"
"Shelton, Blake wvocal","Playboys Of The Southwestern World",PHN0310,14,PHN0310,,PH,1," 2/27/13"
"Sheppard, T. G.","Party Time",SC8183,12,SC8183,,SC,1," 2/27/13"
"Sheppard, T.g.","Party Time",CBE2-06,5,CBE2-06,,CB,1," 2/27/13"
"Sheppard, TG","Party Time",CB20253,7,CB20253,,CB,1," 2/27/13"
Silverchair,"Pure Massacre",SC8240,14,SC8240,,SC,1," 2/27/13"
"Silversun Pickups","Panic Switch",PHMP0907,6,PHMP0907,,PH,1," 2/27/13"
"Simple Plan",Perfect,SC8859,12,SC8859,,SC,1," 2/27/13"
"Simpson, Ashlee","Pieces Of Me",MM6417,15,MM6417,,MM,1," 2/27/13"
"Sinatra, Frank","Please Be Kind",MM6367,6,MM6367,,MM,1," 2/27/13"
"Sinatra, Frank","Put Your Dreams Away",MM6085,4,MM6085,,MM,1," 2/27/13"
"Sky Kings","Picture Perfect",SC8267,6,SC8267,,SC,1," 2/27/13"
"Smash Mouth","Pacific Coast Party",MM6352,10,MM6352,,MM,1," 2/27/13"
"Smashing Pumpkins",Perfect,SC8478,11,SC8478,,SC,1," 2/27/13"
Smile,"Pearl Jam",HV06A,13,HV06A,,HV,1," 2/27/13"
"Smith, Margo","Place In This World",SC2045,3,SC2045,,SC,1," 2/27/13"
"Smoke Gets In Your Eyes","Platters, The",KJT09,19,KJT09,,KJ,1," 2/27/13"
Snap,"Power, The",SC8892,12,SC8892,,SC,1," 2/27/13"
"Snow, Phoebe","Poetry Man",SC8174,2,SC8174,,SC,1," 2/27/13"
Sober,"Paige, Jennifer",SC3116,4,SC3116,,SC,1," 2/27/13"
"Something To Believe In",Poison,AMS1501,8,AMS1501,,AM,1," 2/27/13"
"Soul Asylum","Promises Broken",MM6141,13,MM6141,,MM,1," 2/27/13"
Soundgarden,"Pretty Noose",SC8295,3,SC8295,,SC,1," 2/27/13"
"Spirits In The Material World","Police, The",TU078,16,TU078,,TU,1," 2/27/13"
Sponge,Plowed,SC8874,10,SC8874,,SC,1," 2/27/13"
Squeeze,"Pulling Mussels From A Shell",SC8719,7,SC8719,,SC,1," 2/27/13"
"Squirrel Nut Zippers","Put A Lid On It",SGB07,9,SGB07,,SG,1," 2/27/13"
Staind,"Price To Play",CB30038,14,CB30038,,CB,1," 2/27/13"
"Standard Reminiscing","Peg O' My Heart",SC7027,5,SC7027,,SC,1," 2/27/13"
"Standard Reminiscing","Pennies From Heaven",SC7033,7,SC7033,,SC,1," 2/27/13"
"Standard Reminiscing","Put On Your Old Gray Bonnet",SC7037,2,SC7037,,SC,1," 2/27/13"
"Stanely Brothers","Pig In The Pen",CB60060,13,CB60060,,CB,1," 2/27/13"
"Stanley Brothers, The","Pig In The Pen",CBEP476-1,8,CBEP476-1,,CB,1," 2/27/13"
"Starr, Ringo",Photograph,SC8641,5,SC8641,,SC,1," 2/27/13"
"Status Quo","Pictures Of Matchstick Men",SF070,14,SF070,,SF,1," 2/27/13"
"Steamroller Blues","Presley, Elvis",KC006,10,KC006,,KC,1," 2/27/13"
"Steely Dan",Peg,SC2192,4,SC2192,,SC,1," 2/27/13"
Steppenwolf,"Pusher, The",SC8172,11,SC8172,,SC,1," 2/27/13"
Stereomud,Pain,SC8717,11,SC8717,,SC,1," 2/27/13"
"Stevens, Cat","Peace Train",SC7548,6,SC7548,,SC,1," 2/27/13"
"Stevens, Dodie","Pink Shoelaces",MMOLD03,15,MMOLD03,,MM,1," 2/27/13"
"Stevie Wonder","Part Time Lover",SF056,12,SF056,,SF,1," 2/27/13"
"Stewart, Rod","People Get Ready",SAVP38,13,SAVP38,,SA,1," 2/27/13"
"Stone Temple Pilots",Plush,SC8148,12,SC8148,,SC,1," 2/27/13"
"Strait, George","Peace Of Mind",CB60174,6,CB60174,,CB,1," 2/27/13"
"Streisand, Barbra","Papa Can You Hear Me",MM6127,8,MM6127,,MM,1," 2/27/13"
"Streisand, Barbra",People,MMSTA2-5,13,MMSTA2-5,,MM,1," 2/27/13"
"Streisand, Barbra","Places That Belong To You",SC8272,1,SC8272,,SC,1," 2/27/13"
"Sum 41",Pieces,PHR0503,8,PHR0503,,PH,1," 2/27/13"
"Summar, Trent & The New Row Mob","Paint Your Name In Purple",CB60219,7,CB60219,,CB,1," 2/27/13"
Supergrass,"Pumping On Your Stereo",SF142,6,SF142,,SF,1," 2/27/13"
Surrender,"Presley, Elvis",ZMP001,10,ZMP001,,ZM,1," 2/27/13"
Suspicion,"Presley, Elvis",KC006,11,KC006,,KC,1," 2/27/13"
Sylvia,"Pillow Talk",SC8181,11,SC8181,,SC,1," 2/27/13"
Taco,"Puttin' On The Ritz",CBE1-24,8,CBE1-24,,CB,1," 2/27/13"
"Take That","Praise The Lord Together",SF026,15,SF026,,SF,1," 2/27/13"
"Talking Heads, The","Psycho Killer",SC8678,10,SC8678,,SC,1," 2/27/13"
Taproot,Poem,THR0302,12,THR0302,,TH,1," 2/27/13"
"Taylor Dayne","Prove Your Love",SC8362,10,SC8362,,SC,1," 2/27/13"
"Taylor Swift","Picture To Burn",PHMC0804,1,PHMC0804,,PH,1," 2/27/13"
"Te Vi Partir","Pulido, Roberto",SC7106,10,SC7106,,SC,1," 2/27/13"
Technotronic,"Pump Up The Jam",SAVP23,17,SAVP23,,SA,1," 2/27/13"
"Temptations, The","Papa Was A Rollin' Stone",SC8293,9,SC8293,,SC,1," 2/27/13"
"Temptations, The","Papa Was A Rolling Stone",CBEP464-3,16,CBEP464-3,,CB,1," 2/27/13"
"Temptations, The","Psychedelic Shack",DK078,11,DK078,,DK,1," 2/27/13"
Texas,"Put Your Arms Around Me",SF116,2,SF116,,SF,1," 2/27/13"
"The Band Perry","Postcard From Paris",PHMC1206,1,PHMC1206,,PH,1," 2/27/13"
"The Tony Rich Project","Part The Waves",PHMU0811,4,PHMU0811,,PH,1," 2/27/13"
"There You Go",Pink,TU022,14,TU022,,TU,1," 2/27/13"
"They Might Be Giants","Particle Man",SC8544,11,SC8544,,SC,1," 2/27/13"
"Thin Line Between Love & Hate, A","Pretenders, The",PI038,14,PI038,,PI,1," 2/27/13"
"Think Of Me","Phantom Of The Opera, The",PS1185,10,PS1185,,PS,1," 2/27/13"
"This Time I'm In It For Love",Player,LC0003,14,LC0003,,LC,1," 2/27/13"
"Three Dog Night","Pieces Of April",SC8283,14,SC8283,,SC,1," 2/27/13"
"Tillis, Pam",Please,SC8665,11,SC8665,,SC,1," 2/27/13"
"Tillis, Pam","Put Yourself In My Place",CB60103,3,CB60103,,CB,1," 2/27/13"
"Tillotson, Johnny","Poetry In Motion",DK002,18,DK002,,DK,1," 2/27/13"
Time,"Pink Floyd",AH2003,3,AH2003,,AH,1," 2/27/13"
"Tippin, Aaron","People Like Us",SC8633,13,SC8633,,SC,1," 2/27/13"
Toadies,"Possum Kingdom",SC8530,15,SC8530,,SC,1," 2/27/13"
Traditional,"Put The Blame On Mame",SGB059,8,SGB059,,SG,1," 2/27/13"
"Tragically Hip",Poets,SC8484,11,SC8484,,SC,1," 2/27/13"
"Travis, Randy","Point Of Light",CB60098,13,CB60098,,CB,1," 2/27/13"
"Travis, Randy","Pray For The Fish",SC8842,6,SC8842,,SC,1," 2/27/13"
"Travis, Randy","Price To Pay",SD035,13,SD035,,SD,1," 2/27/13"
"Travis, Randy",Promises,SC7568,4,SC7568,,SC,1," 2/27/13"
"Trick Pony","Pour Me",CB60213,15,CB60213,,CB,1," 2/27/13"
"Tritt, Travis","Put Some Drive In Your Country",CB60016,15,CB60016,,CB,1," 2/27/13"
"Tritt, Travis & Trisha Yearwood","Perfect Love",MMCOU202,1,MMCOU202,,MM,1," 2/27/13"
"Tucker, Tanya","Pecos Promenade",CB60169,3,CB60169,,CB,1," 2/27/13"
"Turner, Ike & Tina","Proud Mary",DK094,15,DK094,,DK,1," 2/27/13"
"Turner, Tina","Private Dancer",SC8667,15,SC8667,,SC,1," 2/27/13"
"Turner, Tina","Proud Mary",CBEP464-3,4,CBEP464-3,,CB,1," 2/27/13"
"Tv Tunes","Partridge Family, The",SC8116,2,SC8116,,SC,1," 2/27/13"
"Tv Tunes","Petticoat Junction",SC8116,3,SC8116,,SC,1," 2/27/13"
"Twain, Shania & Billy Currington","Party For Two",PHN0412,3,PHN0412,,PH,1," 2/27/13"
"Twain, Shania & Billy Currington","Party For Two (Radio Version)",SC8897,1,SC8897,,SC,1," 2/27/13"
"Twain, Shania & Mark McGrath","Party For Two (Radio Version)",SC8906,1,SC8906,,SC,1," 2/27/13"
"Twenty Five To Midnight","Police, The",TU078,17,TU078,,TU,1," 2/27/13"
"Twisted Sister","Price, The",SC8734,5,SC8734,,SC,1," 2/27/13"
"Twitty, Conway","Play Guitar Play",CB90068,5,CB90068,,CB,1," 2/27/13"
"Two People Fell In Love","Paisley, Brad",TUFP26,14,TUFP26,,TU,1," 2/27/13"
U2,Pride,BL23,13,BL23,,BL,1," 2/27/13"
U2,"Pride (In The Name Of Love)",SC8684,12,SC8684,,SC,1," 2/27/13"
"Unchained Melody","Presley, Elvis",KC006,2,KC006,,KC,1," 2/27/13"
"Until It's Time For You To Go","Presley, Elvis",KC006,14,KC006,,KC,1," 2/27/13"
"Us And Them","Pink Floyd",HV09,2,HV09,,HV,1," 2/27/13"
Usher,Papers,PHMU1001,1,PHMU1001,,PH,1," 2/27/13"
Usher,"Pop Ya Collar",SC8664,9,SC8664,,SC,1," 2/27/13"
"Van Dyke, Dick","Put On A Happy Face",DK1103,8,DK1103,,DK,1," 2/27/13"
"Van Halen",Panama,MM6315,7,MM6315,,MM,1," 2/27/13"
"Van Halen wvocal",Panama,SC2248,14,SC2248,,SC,1," 2/27/13"
"Van Shelton, Ricky","Please Come Home For Christmas",CB60184,4,CB60184,,CB,1," 2/27/13"
"Vandross, Luther","Power Of Love Love Power",CBE3-23,6,CBE3-23,,CB,1," 2/27/13"
"Vandross, Luther","Power Of Love, The",SC8274,8,SC8274,,SC,1," 2/27/13"
"Vannett, Connie","Pussycat Song, The",SC8532,13,SC8532,,SC,1," 2/27/13"
"Vaughn, Stevie Ray","Pride & Joy",SC8327,10,SC8327,,SC,1," 2/27/13"
"Vaughn, Stevie Ray","Pride And Joy",SC7597,5,SC7597,,SC,1," 2/27/13"
"Verve Pipe, The",Photograph,SC8308,6,SC8308,,SC,1," 2/27/13"
"Via, Angela","Picture Perfect",SC8616,9,SC8616,,SC,1," 2/27/13"
"Vinton, Bobby","Please Love Me Forever",MM6149,9,MM6149,,MM,1," 2/27/13"
"W.k., Andrew","Party Hard",SC8803,3,SC8803,,SC,1," 2/27/13"
"W.K., Andrew","Party Hard",SC3311,7,SC3311,,SC,1," 2/27/13"
"W.k., Andrew","Party Hard",SC8758,14,SC8758,,SC,1," 2/27/13"
"Wagoner, Porter & Dolly Parton","Please Don't Stop Loving Me",CB90083,10,CB90083,,CB,1," 2/27/13"
"Waite, Tom","Piano Has Been Drinking, The",MM6189,2,MM6189,,MM,1," 2/27/13"
"Walker, Charlie","Pick Me Up On Your Way Down",CB60132,8,CB60132,,CB,1," 2/27/13"
"Wallace, Jerry","Primrose Lane",CBE2-06,12,CBE2-06,,CB,1," 2/27/13"
"Wariner, Steve","Precious Thing",CB60143,4,CB60143,,CB,1," 2/27/13"
"Watson, Gene","Paper Roses",SC8541,4,SC8541,,SC,1," 2/27/13"
"Watson, Gene","Paper Rosie",CB60168,13,CB60168,,CB,1," 2/27/13"
"Watson, Gene","Pick The Wildwood Flower",CB90081,8,CB90081,,CB,1," 2/27/13"
"Way Down","Presley, Elvis",ZMP002,10,ZMP002,,ZM,1," 2/27/13"
"Wayne, Jimmy","Paper Angels",PHN0502,4,PHN0502,,PH,1," 2/27/13"
Weezer,Photograph,SC8735,9,SC8735,,SC,1," 2/27/13"
"Wells, Kitty",Password,SC8367,4,SC8367,,SC,1," 2/27/13"
"When A Man Loves A Woman","Parnell, Leroy",AH2002,13,AH2002,,AH,1," 2/27/13"
"When A Woman Loves A Man","Parnell, Leroy",AH8016,13,AH8016,,AH,1," 2/27/13"
"When In Rome","Promise, The",SC8894,6,SC8894,,SC,1," 2/27/13"
"When We Dance","Police, The",TU078,18,TU078,,TU,1," 2/27/13"
"White, Tony Joe","Polk Salad Annie",SAVP28,17,SAVP28,,SA,1," 2/27/13"
"Who, The","Pictures Of Lily",DK1110,13,DK1110,,DK,1," 2/27/13"
"Who, The","Pinball Wizard",SGB063,6,SGB063,,SG,1," 2/27/13"
"Why'd You Come In Here","Parton, Dolly",DG08,13,DG08,,DG,1," 2/27/13"
"Wild Cherry","Play That Funky Music",SC8386,14,SC8386,,SC,1," 2/27/13"
Wildflowers,"Parton, Dolly & Emmylou",TU172,18,TU172,,TU,1," 2/27/13"
"Wille Nelson","Pretty Paper",SC8185,12,SC8185,,SC,1," 2/27/13"
"Wills, Mark","Places I've Never Been",CHM9707,13,CHM9707,,CH,1," 2/27/13"
"Wilson, Gretchen","Pocahontas Proud",SC8897,13,SC8897,,SC,1," 2/27/13"
"Wilson, Meri","Peter The Meter Reader",SC8333,2,SC8333,,SC,1," 2/27/13"
"Wish You Were Here","Pink Floyd",DG02,2,DG02,,DG,1," 2/27/13"
"Wishing You Were Somehow Here Again","Phantom Of The Opera, The",PS1185,17,PS1185,,PS,1," 2/27/13"
"With You I'm Born Again","Preston, Billy & Syreeta",BS3817,11,BS3817,,BS,1," 2/27/13"
"Wonder, Stevie","Part Time Lover",SAVP11,9,SAVP11,,SA,1," 2/27/13"
"Wonder, Stevie","Part-Time Lover",CBEP467-6,9,CBEP467-6,,CB,1," 2/27/13"
"Wonder, Wayne","Perfect Proposal",SC8858,6,SC8858,,SC,1," 2/27/13"
"Wooley, Sheb","Purple People Eater",MMOLD02,15,MMOLD02,,MM,1," 2/27/13"
"Wooley, Sheb","Purple People Eater, The",CBEP454-2,12,CBEP454-2,,CB,1," 2/27/13"
"World Without Love, A","Peter & Gordon",KC007,4,KC007,,KC,1," 2/27/13"
"Wycle,f Jean & Missy Elliot","Party To Damascus",SF212,13,SF212,,SF,1," 2/27/13"
"Wyclef Jean",Pussycat,SF199,9,SF199,,SF,1," 2/27/13"
"Yankovic, Weird Al","Phony Calls",SGB23,15,SGB23,,SG,1," 2/27/13"
"Yearwood, Trisha","Perfect Love",SC8436,13,SC8436,,SC,1," 2/27/13"
"Yearwood, Trisha","Powerful Thing",CBEP461-2,15,CBEP461-2,,CB,1," 2/27/13"
"Yellow Ledbetter","Pearl Jam",RSZ601,4,RSZ601,,RS,1," 2/27/13"
"Yoakam, Dwight","Please, Please Baby",SC8610,2,SC8610,,SC,1," 2/27/13"
"Yoakam, Dwight","Pocket Of A Clown",CB60144,14,CB60144,,CB,1," 2/27/13"
"Yoakum, Dwight","Please, Please Baby",CB90097,7,CB90097,,CB,1," 2/27/13"
"Yoakum, Dwight","Pocket Of A Clown",CB90097,13,CB90097,,CB,1," 2/27/13"
"You Don't Have To Say You Love Me","Presley, Elvis",KC006,8,KC006,,KC,1," 2/27/13"
"You Have The Right To Remain Silent","Perfect Stranger",TUFP26,19,TUFP26,,TU,1," 2/27/13"
"Your Mama Don't Dance",Poison,PSJT147,14,PSJT147,,PS,1," 2/27/13"
"Youth Of A Nation",P.O.D.,THR0203,13,THR0203,,TH,1," 2/27/13"
"Youth Of A Nation",POD,TU105,20,TU105,,TU,1," 2/27/13"
