10CC,"Rubber Bullets",SF071,1,SF071,SF,1," 2/27/13"
112,"Right Here For You",PHU0403,4,PHU0403,PH,1," 2/27/13"
"38 Special","Rockin' Into The Night",SC8479,3,SC8479,SC,1," 2/27/13"
"3rd Strike",Redemption,PHR0211,3,PHR0211,PH,1," 2/27/13"
"4 Runner",Ripples,SC8239,4,SC8239,SC,1," 2/27/13"
"4 Seasons","Rag Doll",SC8686,4,SC8686,SC,1," 2/27/13"
Aaliyah,"Rock The Boat",SC8726,5,SC8726,SC,1," 2/27/13"
"Abandoned Pools","Remedy, The",SC8768,9,SC8768,SC,1," 2/27/13"
Abba,"Ring Ring",MM6360,6,MM6360,MM,1," 2/27/13"
Abba,"Rock Me",MM6360,12,MM6360,MM,1," 2/27/13"
"Abdul, Paula","Rush Rush",SF036,6,SF036,SF,1," 2/27/13"
Ac-Dc,"Ride On",SC8830,4,SC8830,SC,1," 2/27/13"
Ac-Dc,"Rock 'n Roll Ain't Noise Pollution",SC8701,7,SC8701,SC,1," 2/27/13"
"Ace Hood Feat Trey Songz",Ride,PHMU0812,3,PHMU0812,PH,1," 2/27/13"
"Adam Brand","Ready For Love",PHMC1012,4,PHMC1012,PH,1," 2/27/13"
"Adams, Bryan","Run To You",SC7548,3,SC7548,SC,1," 2/27/13"
Adele,"Right As Rain",PHMP0903,9,PHMP0903,PH,1," 2/27/13"
Adele,"Rolling In The Deep",PHMP1103,3,PHMP1103,PH,1," 2/27/13"
Adele,"Rumour Has It",PHMU1107,4,PHMU1107,PH,1," 2/27/13"
"Adkins, Trace","Rest Of Mine, The",CBEP463-4,16,CBEP463-4,CB,1," 2/27/13"
"Adkins, Trace","Rough And Ready",MM6416,8,MM6416,MM,1," 2/27/13"
Adrenaline,"Rossdale, Gavin",THR0211,14,THR0211,TH,1," 2/27/13"
Aerosmith,"Rag Doll",SC7579,5,SC7579,SC,1," 2/27/13"
"After 7","Ready Or Not",DK069,1,DK069,DK,1," 2/27/13"
"Aguilera, Christina",Reflection,CB90168,13,CB90168,CB,1," 2/27/13"
"Ain't No Way To Treat A Lady","Reddy, Helen",AH2013,15,AH2013,AH,1," 2/27/13"
Alabama,Reckless,MM6029,11,MM6029,MM,1," 2/27/13"
Alabama,"Roll On Eighteen Wheeler",SC8461,15,SC8461,SC,1," 2/27/13"
Alda,"Real Goodtime, A",SF124,2,SF124,SF,1," 2/27/13"
"Aldean, Jason",Relentless,PHMC0807,1,PHMC0807,PH,1," 2/27/13"
"Aldean, Jason",Relentless(MPX),PHMC0807,10,PHMC0807,PH,1," 2/27/13"
"Allan, Gary","Right Where I Need To Be",CBE3-09,16,CBE3-09,CB,1," 2/27/13"
"Allan, Gary",Runaway,CB60195,11,CB60195,CB,1," 2/27/13"
"Allen, Deborah","Rock Me",SC8291,15,SC8291,SC,1," 2/27/13"
"Allen, Deborah","Rockin' Little Christmas",CBEP462-5,1,CBEP462-5,CB,1," 2/27/13"
"Allman Brothers Band, The","Ramblin' Man",DK009,13,DK009,DK,1," 2/27/13"
"Allman Brothers Band, The","Rambling Man",SGB062,9,SGB062,SG,1," 2/27/13"
"Amitri, Del","Roll To Me",SC8212,6,SC8212,SC,1," 2/27/13"
"Anderson, Lynn","Rose Garden",SAVP04,17,SAVP04,SA,1," 2/27/13"
"Anderson, Lynn wvocal","Rose Garden",SC2432,11,SC2432,SC,1," 2/27/13"
"Andrews Sisters, The","Roll Out The Barrel (Beer Barrel Polka)",SC8109,2,SC8109,SC,1," 2/27/13"
Angie,"Rolling Stones, The",UK3102,5,UK3102,UK,1," 2/27/13"
"Are You Jimmy Ray","Ray, Jimmy",PHM9803,5,PHM9803,PH,1," 2/27/13"
"Arie, India","Ready For Love",MM6394,9,MM6394,MM,1," 2/27/13"
"As Tears Go By","Rolling Stones, The",BS9217,2,BS9217,BS,1," 2/27/13"
Ashanti,"Rain On Me",CB30040,7,CB30040,CB,1," 2/27/13"
Ashanti,"Rain On Me (Radio Version)",SC3384,8,SC3384,SC,1," 2/27/13"
Ashanti,"Rock Wit U (Awww Baby)",CB30038,3,CB30038,CB,1," 2/27/13"
"Ashanti wvocal","Rock Wit U (Awww Baby)",SC3371,10,SC3371,SC,1," 2/27/13"
"Asleep At The Wheel & The Dixie Chicks","Roly Poly",CB60197,12,CB60197,CB,1," 2/27/13"
"Autrey, Gene","Rudolph The Red-Nosed Reindeer",SC7210,14,SC7210,SC,1," 2/27/13"
Avant,"Read Your Mind",THH0401,16,THH0401,TH,1," 2/27/13"
B'witched,Rollercoaster,SC8553,13,SC8553,SC,1," 2/27/13"
"B-52's, The",Roam,SC8861,4,SC8861,SC,1," 2/27/13"
"B-52's, The","Rock Lobster",SC8678,3,SC8678,SC,1," 2/27/13"
"B.b. King & Eric Clapton","Riding With The King",SC8814,7,SC8814,SC,1," 2/27/13"
B.o.B,"Ray Bands",PHMU1302,4,PHMU1302,PH,1," 2/27/13"
"Baby, I Need Your Loving","Rivers, Johnny",DG11,14,DG11,DG,1," 2/27/13"
"Bachman Turner Overdrive","Roll On Down The Highway",SC2439,8,SC2439,SC,1," 2/27/13"
"Bachman Turner Overdrive wvocal","Roll On Down The Highway",SC2439,16,SC2439,SC,1," 2/27/13"
"Bachman-Turner Overdrive","Roll On Down The Highway",SC8539,15,SC8539,SC,1," 2/27/13"
"Bad Company","Ready For Love",SGB026,17,SGB026,SG,1," 2/27/13"
"Bad Company","Rock 'n Roll Fantasy",SC8430,15,SC8430,SC,1," 2/27/13"
"Bad Day",R.E.M.,PHR0401,9,PHR0401,PH,1," 2/27/13"
"Ball, David","Riding With Private Malone",CBE3-10,15,CBE3-10,CB,1," 2/27/13"
Bananarama,"Robert Deniro's Waiting",SF033,15,SF033,SF,1," 2/27/13"
"Bang And Blame",R.E.M.,BS5417,11,BS5417,BS,1," 2/27/13"
"Basement Jaxx","Red Alert",SF140,2,SF140,SF,1," 2/27/13"
"Bass, Fontella","Rescue Me",SC7543,10,SC7543,SC,1," 2/27/13"
"Bates, Jeff","Rainbow Man",PHN0312,9,PHN0312,PH,1," 2/27/13"
"Bates, Jeff wvocal","Rainbow Man",PHN0312,18,PHN0312,PH,1," 2/27/13"
"Beach Boys, The","Rock And Roll Music",CBE4-05,5,CBE4-05,CB,1," 2/27/13"
"Beast Of Burden","Rolling Stones, The",UK3102,8,UK3102,UK,1," 2/27/13"
"Beatles, The",Rain,SC8820,12,SC8820,SC,1," 2/27/13"
"Beatles, The","Real Love, The",SC8268,5,SC8268,SC,1," 2/27/13"
"Beatles, The",Revolution,SC8407,13,SC8407,SC,1," 2/27/13"
"Beatles, The","Rock And Roll Music",SAVP03,1,SAVP03,SA,1," 2/27/13"
"Beatles, The","Rocky Raccoon",SC7573,12,SC7573,SC,1," 2/27/13"
"Beatles, The","Rocky Racoon",SC8407,3,SC8407,SC,1," 2/27/13"
"Beatles, The","Roll Over Beethoven",SC8379,1,SC8379,SC,1," 2/27/13"
"Bell, David","Riding With Private Malone",PHN0201,9,PHN0201,PH,1," 2/27/13"
"Bell, David wvocal","Riding With Private Malone",PHN0201,18,PHN0201,PH,1," 2/27/13"
"Bellamy Brothers","Redneck Girl",CB90110,5,CB90110,CB,1," 2/27/13"
"Bellamy Brothers","Rip Off The Knob",CB90110,6,CB90110,CB,1," 2/27/13"
"Bellamy Brothers, The","Redneck Girl",SC8398,11,SC8398,SC,1," 2/27/13"
"Bellamy Brothers, The","Rip Off The Knob",CB60157,7,CB60157,CB,1," 2/27/13"
"Bellamy Brothers, The wvocal","Redneck Girl",SC2320,11,SC2320,SC,1," 2/27/13"
"Ben Folds Five","Rocking The Suburbs",SC8726,10,SC8726,SC,1," 2/27/13"
"Bennett, Tony","Rags To Riches",SGB037,16,SGB037,SG,1," 2/27/13"
"Benton, Brook","Rainy Night In Georgia",DK056,17,DK056,DK,1," 2/27/13"
"Benton, Brook","Rainy Night In Georgia, A",CBEP459-6,8,CBEP459-6,CB,1," 2/27/13"
"Berry, Chuck","Rock & Roll Music",SGB056,11,SGB056,SG,1," 2/27/13"
"Berry, Chuck","Rock And Roll Music",CBEP454-6,16,CBEP454-6,CB,1," 2/27/13"
"Berry, Chuck","Rock N Roll",SF147,3,SF147,SF,1," 2/27/13"
"Berry, Chuck","Roll Over Beethoven",CBEP454-3,15,CBEP454-3,CB,1," 2/27/13"
"Berry, Chuck","Run Rudolph Run",SC8557,12,SC8557,SC,1," 2/27/13"
"Better Than Ezra",Rosealia,SC8233,4,SC8233,SC,1," 2/27/13"
"Big & Rich","Rollin' (The Ballad Of Big & Rich)",SC8907,15,SC8907,SC,1," 2/27/13"
"Big & Rich","Rollin' (The Ballad Of Big & Rich) (rap",SC8907,16,SC8907,SC,1," 2/27/13"
"Big Deal","Rimes, LeAnn",TUFP07,2,TUFP07,TU,1," 2/27/13"
"Big K.R.I.T.","Rich Dad, Poor Dad",PHMU1302,2,PHMU1302,PH,1," 2/27/13"
"Bill Haley & The Comets","Rock Around The Clock",SC7201,15,SC7201,SC,1," 2/27/13"
"Bill Haley and His Comets","Rock Around The Clock",SC1001,8,SC1001,SC,1," 2/27/13"
"Billy Ray Cyrus","Ready, Set, Don't Go",PHMC0801,7,PHMC0801,PH,1," 2/27/13"
"Billy Ray Cyrus","Runway Lights",PHMC1110,7,PHMC1110,PH,1," 2/27/13"
"Black Crowes, The",Remedy,SC8530,11,SC8530,SC,1," 2/27/13"
"Black Eyed Peas & Macy Gray","Request Line",SC8695,11,SC8695,SC,1," 2/27/13"
"Blazin Squad",Reminisce,SF202,8,SF202,SF,1," 2/27/13"
"Blige, Mary J","Rainy Dayz",MM6364,15,MM6364,MM,1," 2/27/13"
"Blige, Mary J & Ja Rule","Rainy Dayz",PHM0206,5,PHM0206,PH,1," 2/27/13"
"Blige, Mary J.","Rainy Dayz",CB30024,5,CB30024,CB,1," 2/27/13"
"Blige, Mary J.","Real Love",THH0306,18,THH0306,TH,1," 2/27/13"
"Blige, Mary J.","Real Love, The",SC8466,10,SC8466,SC,1," 2/27/13"
"Blige, Mary J. & Ja Rule","Rainy Dayz",CBEP473-3,15,CBEP473-3,CB,1," 2/27/13"
"Blink 182","Rock Show, The",SF180,13,SF180,SF,1," 2/27/13"
Blondie,Rapture,SC8609,12,SC8609,SC,1," 2/27/13"
Blondie,"Rip Her To Shreds",SC8840,7,SC8840,SC,1," 2/27/13"
"Blondie wvocal","Rip Her To Shreds",SC2400,11,SC2400,SC,1," 2/27/13"
Blue,"Rimes, LeAnn",AH8016,1,AH8016,AH,1," 2/27/13"
"Blue's Brothers",Rawhide,BL36,13,BL36,BL,1," 2/27/13"
"Blues Brothers","Rubber Biscuit",SC8782,2,SC8782,SC,1," 2/27/13"
"Blues Image","Ride Captain Ride",CBEP464-1,7,CBEP464-1,CB,1," 2/27/13"
"Blues Image, The","Ride Captain Ride",CBE2-15,11,CBE2-15,CB,1," 2/27/13"
"Blues Traveler","Run Around",CBEP458-5,12,CBEP458-5,CB,1," 2/27/13"
"Blues Traveler",Runaround,MM6119,12,MM6119,MM,1," 2/27/13"
"Bob Dylan","Rainy Day Women #12 & #35",SC8172,1,SC8172,SC,1," 2/27/13"
"Bob Seger","Rock N Roll Never Forgets",AH8020,16,AH8020,AH,1," 2/27/13"
"Bob Seger","Roll Me Away",SC1999NSC07,11,SC1999NSC07,SC,1," 2/27/13"
"Bobby Dean",Rebound,PHMC1109,8,PHMC1109,PH,1," 2/27/13"
"Bolton, Michael","Reach Out, I'll Be There",MM6000,5,MM6000,MM,1," 2/27/13"
"Bolton, Michael","River, The",SC8263,6,SC8263,SC,1," 2/27/13"
"Bon Jovi","Raise Your Hands",SC8843,15,SC8843,SC,1," 2/27/13"
"Bon Jovi","Real Life",SC8531,5,SC8531,SC,1," 2/27/13"
"Bon Jovi",Runaway,CB90160,14,CB90160,CB,1," 2/27/13"
"Boney M","Rivers Of Babylon",SF023,15,SF023,SF,1," 2/27/13"
"Bonnie Raitt","Right Down The Line",PHMP1206,4,PHMP1206,PH,1," 2/27/13"
"Boogie Woogie Flu","Rockin' Pneumonia",SC7202,8,SC7202,SC,1," 2/27/13"
Boston,"Rock & Roll Band",SC8648,10,SC8648,SC,1," 2/27/13"
"Bowie, David","Rebel Rebel",SC7576,12,SC7576,SC,1," 2/27/13"
"Bowman, Ronnie","Rise Above",CB60248,5,CB60248,CB,1," 2/27/13"
"Boyz Ii Men & Faith Evans","Relax Your Mind",CB30032,5,CB30032,CB,1," 2/27/13"
"Brenda Lee","Rockin' Around The Christmas Tree",SC8185,1,SC8185,SC,1," 2/27/13"
"Britney Spears",Radar,PHMP0909,2,PHMP0909,PH,1," 2/27/13"
"Broadman Hymnal",Redeemed,CB70018,5,CB70018,CB,1," 2/27/13"
"Broadman Hymnal","Rescue The Perishing",CB70018,3,CB70018,CB,1," 2/27/13"
"Broadman Hymnal","Rock Of Ages",CB70019,11,CB70019,CB,1," 2/27/13"
"Brooks & Dunn","Red Dirt Road",CBE4-27,10,CBE4-27,CB,1," 2/27/13"
"Brooks & Dunn","Red Dirt Road (radio version)",SC3367,2,SC3367,SC,1," 2/27/13"
"Brooks & Dunn","Red Dirt Road (Radio Version)",SC8826,9,SC8826,SC,1," 2/27/13"
"Brooks & Dunn","Rock My World (Little Country Girl)",SC7596,7,SC7596,SC,1," 2/27/13"
"Brooks & Dunn","Rock My World Little Country Girl",CB60019,15,CB60019,CB,1," 2/27/13"
"Brooks & Dunn wvocal","Red Dirt Road (radio version)",SC3367,10,SC3367,SC,1," 2/27/13"
"Brooks, Garth","Red Strokes, The",SC8229,12,SC8229,SC,1," 2/27/13"
"Brooks, Garth","River, The",MM6019,13,MM6019,MM,1," 2/27/13"
"Brooks, Garth",Rodeo,SC8162,12,SC8162,SC,1," 2/27/13"
"Brooks, Garth (As Chris Gaines)","Right Now",SC8569,12,SC8569,SC,1," 2/27/13"
"Brooks, Garth (Chris Gaines)","Right Now",SGB029,13,SGB029,SG,1," 2/27/13"
"Brown Sugar","Rolling Stones, The",BS9217,11,BS9217,BS,1," 2/27/13"
"Brown, Bobby",Roni,SC8439,4,SC8439,SC,1," 2/27/13"
"Browne, Jackson","Rock Me On The Water",AH8005,14,AH8005,AH,1," 2/27/13"
"Browne, Jackson","Running On Empty",SCMILE01,14,SCMILE01,SC,1," 2/27/13"
"Bryant, Keith","Ridin' With The Legend",PHN0412,6,PHN0412,PH,1," 2/27/13"
Buckcherry,Ridin',SC8694,11,SC8694,SC,1," 2/27/13"
"Burke, Keni","Risin' To The Top, Give It All You Got",SF068,6,SF068,SF,1," 2/27/13"
"Bush, Kate","Running Up That Hill",SC8696,9,SC8696,SC,1," 2/27/13"
"By The Way","Red Hot Chili Peppers",PHR0209,1,PHR0209,PH,1," 2/27/13"
"By The Wayÿ","Red Hot Chili Peppers",THR0209,10,THR0209,TH,1," 2/27/13"
"Byrd, Tracy","Revenge Of A Middle-Aged Woman",PHN0501,5,PHN0501,PH,1," 2/27/13"
"Campbell, Glen","Rhinestone Cowboy",SF051,14,SF051,SF,1," 2/27/13"
"Campbell, Stacy Dean",Rosalee,CB60148,15,CB60148,CB,1," 2/27/13"
"Can We Still Be Friends","Rundgren, Todd",AH8015,10,AH8015,AH,1," 2/27/13"
"Can't Stop","Red Hot Chili Peppers",THR0304,16,THR0304,TH,1," 2/27/13"
"Carpenter, Mary Chapin","Right Now",CB90029,13,CB90029,CB,1," 2/27/13"
"Carpenters, The","Rainy Days & Mondays",SC8138,6,SC8138,SC,1," 2/27/13"
"Carpenters, The","Rainy Days And Mondays",PI004,14,PI004,PI,1," 2/27/13"
"Carson, Jeff","Real Life",SD086,9,SD086,SD,1," 2/27/13"
"Carson, Jeff","Real Life (I Never Was The Same Again)",CB60223,8,CB60223,CB,1," 2/27/13"
"Carter, Deana","Ruby Brown",SD068,7,SD068,SD,1," 2/27/13"
Cascades,"Rhythm Of The Rain",SC8770,2,SC8770,SC,1," 2/27/13"
"Cascades, The","Rhythm Of The Rain",SC7526,7,SC7526,SC,1," 2/27/13"
"Cash, Johnny","Ring Of Fire",SC8835,13,SC8835,SC,1," 2/27/13"
"Cash, Rosanne","Runaway Train",SC8414,13,SC8414,SC,1," 2/27/13"
Catatonia,"Road Rage",SF120,14,SF120,SF,1," 2/27/13"
"Cathedrals, The","Ride The Glory Train",CBEP466-5,5,CBEP466-5,CB,1," 2/27/13"
"Caught In The Rain",Revis,PHR0305,6,PHR0305,PH,1," 2/27/13"
"Charlie Daniels Band, The","Road Dogs",CB60202,7,CB60202,CB,1," 2/27/13"
"Chas & Dawn",Rabbit,SF042,16,SF042,SF,1," 2/27/13"
Chevelle,"Red, The",PHR0302,8,PHR0302,PH,1," 2/27/13"
Chicago,"Razzle Dazzle",MM6282,11,MM6282,MM,1," 2/27/13"
"Children's Activity Songs","Ring Around A Rosy",SC7002,14,SC7002,SC,1," 2/27/13"
"Children'sSilly Songs",Rub-A-Dub-Dub,SC7009,10,SC7009,SC,1," 2/27/13"
Chingy,"Right Thurr",PHU0307,8,PHU0307,PH,1," 2/27/13"
Chingy,"Right Thurr (Radio Version)",SC8844,7,SC8844,SC,1," 2/27/13"
Christmas,"Redneck 12 Days Of Christmas",CB60036,3,CB60036,CB,1," 2/27/13"
Christmas,"Rockin' Around The Christmas Tree",MM6020,15,MM6020,MM,1," 2/27/13"
Christmas,"Rockin' Little Christmas",CB60032,8,CB60032,CB,1," 2/27/13"
Christmas,"Rudolph The Red-Nosed Reindeer",CB60031,10,CB60031,CB,1," 2/27/13"
"Christmas Reminiscing","Rudolph The Red-Nosed Reindeer",SC7030,1,SC7030,SC,1," 2/27/13"
"Christmas-Lee, Brenda","Rockin' Around The Christmas Tree",DK058,18,DK058,DK,1," 2/27/13"
Christmas-Traditional,"Rudolph The Red-Nosed Reindeer",DK058,16,DK058,DK,1," 2/27/13"
"Clapton, Eric","Running On Faith",SGB20,8,SGB20,SG,1," 2/27/13"
"Clark, Dee",Raindrops,MMRB04,17,MMRB04,MM,1," 2/27/13"
"Clash, The","Rock The Casbah",SF032,8,SF032,SF,1," 2/27/13"
"Cline, Patsy","Rose Of San Antone",CB90146,6,CB90146,CB,1," 2/27/13"
"Coe, David Allan","Ride, The",CBEP452-4,16,CBEP452-4,CB,1," 2/27/13"
"Coe, David Allan","Ride, The - Copy",SC2324,4,SC2324,SC,1," 2/27/13"
"Colbie Caillat",Realize,PHMP0801,8,PHMP0801,PH,1," 2/27/13"
"Cole, Nat ''king''","Ramblin' Rose",SC7518,6,SC7518,SC,1," 2/27/13"
"Cole, Nat ''King''","Ramblin' Rose",DK001,17,DK001,DK,1," 2/27/13"
"Cole, Nat ''King''","Route 66",DK062,11,DK062,DK,1," 2/27/13"
"Cole, Nat King","Ramblin' Rose",CBEP469-5,10,CBEP469-5,CB,1," 2/27/13"
"Cole, Natalie","Route 66",SGB037,4,SGB037,SG,1," 2/27/13"
"Collective Soul",Run,PHT9904,6,PHT9904,PH,1," 2/27/13"
"Color Me Badd","Remember When",SC8469,3,SC8469,SC,1," 2/27/13"
"Come On Up","Rascals, The",DG10,3,DG10,DG,1," 2/27/13"
"Conlee, John","Rose Colored Glasses",CBE3-03,14,CBE3-03,CB,1," 2/27/13"
"Conley, Earl Thomas","Right From The Start",CB90111,15,CB90111,CB,1," 2/27/13"
"Cooper, Alice","Raped And Freezing",SGB09,5,SGB09,SG,1," 2/27/13"
Corona,"Rhythm Of The Night",SF009,12,SF009,SF,1," 2/27/13"
"Corrs, The","Right Time, The",SC8277,10,SC8277,SC,1," 2/27/13"
"Corrs, The",Runaway,SF130,15,SF130,SF,1," 2/27/13"
"Costello, Elvis","Radio Radio",SC8671,3,SC8671,SC,1," 2/27/13"
"Costello, Elvis","Red Shoes",SC8856,1,SC8856,SC,1," 2/27/13"
"Coty, Neal","Right Down Through The Middle Of Us",SC8711,7,SC8711,SC,1," 2/27/13"
"Counting Crows","Rain King",SC8148,5,SC8148,SC,1," 2/27/13"
"Counting Crows","Round Here",MM6057,15,MM6057,MM,1," 2/27/13"
"Country Christmas","Rudolph The Red-Nosed Reindeer",CB60188,15,CB60188,CB,1," 2/27/13"
"Cowsills, The","Rain The Park And Other Things, The",DK076,10,DK076,DK,1," 2/27/13"
"Cowsills, The","Rain, The Park & Other Things, The",SC8620,15,SC8620,SC,1," 2/27/13"
"Coyote Ugly","Right Kind Of Wrong, The",SC8649,15,SC8649,SC,1," 2/27/13"
"Craddock, Billy Crash","Rub It In",SC8114,12,SC8114,SC,1," 2/27/13"
"Craddock, Billy Crash","Ruby, Baby",CB60138,11,CB60138,CB,1," 2/27/13"
"Craig, David, Feat, Sting","Rise & Fall",SF204,8,SF204,SF,1," 2/27/13"
"Creedence Clearwater Revival","Run Through The Jungle",SC8489,14,SC8489,SC,1," 2/27/13"
"Croce, Jim","Rapid Roy (that Stock Car Boy)",CB90204,11,CB90204,CB,1," 2/27/13"
"Croce, Jim","Roller Derby Queen",CB90204,12,CB90204,CB,1," 2/27/13"
"Cross, Christopher","Ride Like The Wind",DK027,16,DK027,DK,1," 2/27/13"
Cult,Rise,SC8699,11,SC8699,SC,1," 2/27/13"
"Cyrkle, The","Red Rubber Ball",SC8218,10,SC8218,SC,1," 2/27/13"
"D Side","Real World",SF213,13,SF213,SF,1," 2/27/13"
"Daddy's Money",Ricochet,AH8016,10,AH8016,AH,1," 2/27/13"
"Dallas Blocker","Rock Ya Body",PHMU1007,5,PHMU1007,PH,1," 2/27/13"
"Dance, The",Rockell,TUFP20,13,TUFP20,TU,1," 2/27/13"
"Danny & The Juniors","Rock & Roll Is Here To Stay",MM6071,8,MM6071,MM,1," 2/27/13"
Darius,Rushes,SF199,5,SF199,SF,1," 2/27/13"
"Dashboard Confessional","Rapid Hope Loss",PHR0403,6,PHR0403,PH,1," 2/27/13"
Daughtry,Renegade,PHMP1204,8,PHMP1204,PH,1," 2/27/13"
"Dave Edmunds Band, The","Run Rudolph Run",CB60209,3,CB60209,CB,1," 2/27/13"
"David Nail","Red Light",PHMC0906,7,PHMC0906,PH,1," 2/27/13"
"David Wood","Ride The Wild West",PHMC1201,9,PHMC1201,PH,1," 2/27/13"
"Davis, Mac","Rock N' Roll, I Gave You The Best Years",CB90116,8,CB90116,CB,1," 2/27/13"
"Day, Bobby","Rockin' Robin",CBE18,13,CBE18,CB,1," 2/27/13"
"De La Hoya, Oscar","Run To Me",SC8654,6,SC8654,SC,1," 2/27/13"
"Deacon Blue","Real Gone Kid",SF059,13,SF059,SF,1," 2/27/13"
"Dean, Billy","Real Man",CB60100,14,CB60100,CB,1," 2/27/13"
Debarge,"Rhythm Of The Night",SC8223,14,SC8223,SC,1," 2/27/13"
DeBarge,"Rythm Of The Night",SF107,7,SF107,SF,1," 2/27/13"
"Def Leppard","Rock Of Ages",SC8404,10,SC8404,SC,1," 2/27/13"
"Def Leppard",Rocket,SC8872,11,SC8872,SC,1," 2/27/13"
"Del Amitri","Roll To Me",MM6119,3,MM6119,MM,1," 2/27/13"
"Del Shannon",Runaway,SC1006,5,SC1006,SC,1," 2/27/13"
"Denver, John","Rocky Mountain High",MM6112,12,MM6112,MM,1," 2/27/13"
"Derailers, The","Right Place, The",SC8584,14,SC8584,SC,1," 2/27/13"
"Derringer, Rick","Rock 'n' Roll Hootchie Coo",DK053,12,DK053,DK,1," 2/27/13"
"Derringer, Rick","Rock And Roll Hoochie Koo",DKM2003,5,DKM2003,DK,1," 2/27/13"
"Diamond, Neil","Red Red Wine",AH8018,13,AH8018,AH,1," 2/27/13"
"Digable Planets, The","Rebirth Of Slick (Cool Like Dat)",SC8656,15,SC8656,SC,1," 2/27/13"
Dio,"Rainbow In The Dark",SC7565,7,SC7565,SC,1," 2/27/13"
Dion,"Runaround Sue",SF017,14,SF017,SF,1," 2/27/13"
"Dion & Belmonts, The","Ruby Baby",SC7550,13,SC7550,SC,1," 2/27/13"
"Dion & Belmonts, The","Runaround Sue",SC7504,13,SC7504,SC,1," 2/27/13"
"Dion & The Belmonts","Runaround Sue",MMOLD03,19,MMOLD03,MM,1," 2/27/13"
"Dion, Celine","Reason, The",CBEP458-4,17,CBEP458-4,CB,1," 2/27/13"
Disturbed,Remember,THMR0304,12,THMR0304,TH,1," 2/27/13"
"Dixie Chicks","Ready To Run",SC8037,6,SC8037,SC,1," 2/27/13"
"Dixie Chicks, The","Ready To Run",SC8788,13,SC8788,SC,1," 2/27/13"
"Do You Call My Name",Ra,PHR0303,5,PHR0303,PH,1," 2/27/13"
"Do You Call My Nameÿ",Ra,THR0305,18,THR0305,TH,1," 2/27/13"
"Do You Really Want Me",Robyn,PHM9804,5,PHM9804,PH,1," 2/27/13"
"Dock Of The Bay, The","Redding, Otis",PI001,17,PI001,PI,1," 2/27/13"
"Dolly Parton & Friends",Romeo,SC8105,4,SC8105,SC,1," 2/27/13"
"Don't Say Goodbye","Rubio, Paulina",PHM0207,2,PHM0207,PH,1," 2/27/13"
"Don't Stopÿ","Rolling Stones, The",THR0212,17,THR0212,TH,1," 2/27/13"
"Doors, The","Riders On The Storm",CBE3-19,9,CBE3-19,CB,1," 2/27/13"
"Doors, The","Roadhouse Blues",SGB64,14,SGB64,SG,1," 2/27/13"
"Dr. John","Right Place Wrong Time",MMRB01,18,MMRB01,MM,1," 2/27/13"
"Duets-Peaches & Herb",Reunited,DK024,7,DK024,DK,1," 2/27/13"
"Duran Duran","Reflex, The",SF032,12,SF032,SF,1," 2/27/13"
"Duran Duran",Rio,CBE4-06,5,CBE4-06,CB,1," 2/27/13"
"Dylan, Bob","Rainy Day Woman",SC7502,15,SC7502,SC,1," 2/27/13"
"Dylan, Bob","Rainy Day Women",MMOLD04,19,MMOLD04,MM,1," 2/27/13"
"Earl, Stacy","Romeo & Juliet",SAVP39,15,SAVP39,SA,1," 2/27/13"
"Earth Wind & Fire",Reasons,SF068,9,SF068,SF,1," 2/27/13"
"Ebb Tide","Righteous Brothers, The",JV0009,3,JV0009,JV,1," 2/27/13"
"Edsels, The","Rama Lama Ding Dong",CBEP455-5,14,CBEP455-5,CB,1," 2/27/13"
"Edwards, Meredith","Ready To Fall",CB20314,10,CB20314,CB,1," 2/27/13"
"Edwards, Meredith","Rose Is A Rose, A",SC8677,9,SC8677,SC,1," 2/27/13"
"Edwards, Meredith","Rose Is Rose, A",SD081,11,SD081,SD,1," 2/27/13"
"Edwards, Meredith","Rose Is Still A Rose, A",PHN0104,6,PHN0104,PH,1," 2/27/13"
"El Paso","Robbins, Marty",KJT06,18,KJT06,KJ,1," 2/27/13"
"Electric Light Orchestra, The",Rockaria,SC8715,11,SC8715,SC,1," 2/27/13"
"Eli Young Band","Radio Waves",PHMC0909,2,PHMC0909,PH,1," 2/27/13"
"Elvis Presley","Return To Sender",SC8154,14,SC8154,SC,1," 2/27/13"
"Emily West","Rocks In Your Shoes",PHMC0806,3,PHMC0806,PH,1," 2/27/13"
Eminem,"Real Slim Shady, The",MM6380A,15,MM6380A,MM,1," 2/27/13"
"Emotional Rescue","Rolling Stones, The",BS9217,14,BS9217,BS,1," 2/27/13"
"En Vogue",Riddle,CBE3-26,6,CBE3-26,CB,1," 2/27/13"
"Endless Love","Ross, Diana & Lionel Richie",BS5017,3,BS5017,BS,1," 2/27/13"
"England, Ty","Redneck Son",SC8253,11,SC8253,SC,1," 2/27/13"
"Englebert Humperdinck","Release Me",SC8118,5,SC8118,SC,1," 2/27/13"
"Eric Benet","Real Love",PHMU1201,2,PHMU1201,PH,1," 2/27/13"
"Essex, David","Rock On",SC8368,12,SC8368,SC,1," 2/27/13"
"Estefan, Gloria",Reach,PHM9606,9,PHM9606,PH,1," 2/27/13"
"Estefan, Gloria","Rhythm Is Gonna Get You",CBE4-06,7,CBE4-06,CB,1," 2/27/13"
"Faith Hill","Red Umbrella",PHMC0801,5,PHMC0801,PH,1," 2/27/13"
Falco,"Rock Me Amadeus (English Version)",SC8894,16,SC8894,SC,1," 2/27/13"
Falco,"Rock Me Amadeus (German Version)",SC8894,8,SC8894,SC,1," 2/27/13"
"Fat Boy Slim","Rockerfella Skank, The",SF122,3,SF122,SF,1," 2/27/13"
Firm,Radioactive,SC8514,11,SC8514,SC,1," 2/27/13"
"Fixx, The","Red Skies",SC8313,12,SC8313,SC,1," 2/27/13"
"Flatt & Scruggs","Roll In My Sweet Baby's Arms",CBEP451-5,12,CBEP451-5,CB,1," 2/27/13"
"Fleetwood Mac",Rhiannon,SC8188,12,SC8188,SC,1," 2/27/13"
Flobots,Rise,PHMP0811,8,PHMP0811,PH,1," 2/27/13"
"Fogelberg, Dan","Run For The Roses",SC8207,13,SC8207,SC,1," 2/27/13"
"For Lack Of Better Words","Restless Heart",SC3100,8,SC3100,SC,1," 2/27/13"
"Forget Me Nots","Rushen, Patrice",AH8014,11,AH8014,AH,1," 2/27/13"
"Foster, Radney","Running Kind, The",SC8287,10,SC8287,SC,1," 2/27/13"
"Four Seasons, The","Rag Doll",DK057,8,DK057,DK,1," 2/27/13"
"Four Seasons, The",Ronnie,CB90191,9,CB90191,CB,1," 2/27/13"
"Four Tops","Reach Out I'll Be There",CBEP472-2,11,CBEP472-2,CB,1," 2/27/13"
"Four Tops, The","Reach Out, I'll Be There",DK006,8,DK006,DK,1," 2/27/13"
"Foxworthy, Jeff","Redneck 12 Days Of Christmas",CBEP462-6,16,CBEP462-6,CB,1," 2/27/13"
"Frankie Goes To Hollywood",Relax,SF001,13,SF001,SF,1," 2/27/13"
"Franklin, Aretha",Respect,DK039,12,DK039,DK,1," 2/27/13"
"Franklin, Aretha","Rock Steady",SC8600,13,SC8600,SC,1," 2/27/13"
"Franklin, Aretha","Rose Is Still A Rose, A",SC3067,7,SC3067,SC,1," 2/27/13"
"Franklin, Arethra",Respect,SC8841,12,SC8841,SC,1," 2/27/13"
"Franklin, Arethra","Rock Steady",SC8841,11,SC8841,SC,1," 2/27/13"
"Franklin, Arethra","Rose Is Still A Rose, A",SC8841,7,SC8841,SC,1," 2/27/13"
"Friend And Lover","Reach Out In The Darkness",MM6095,1,MM6095,MM,1," 2/27/13"
"Friend And Lover","Reach Out Of The Darkness",SC8686,15,SC8686,SC,1," 2/27/13"
"Gabriel, Peter","Red Rain",SC8603,11,SC8603,SC,1," 2/27/13"
"Gambler, The","Rogers, Kenny",KC001,13,KC001,KC,1," 2/27/13"
"Gattis, Keith","Real Deal",SC8303,12,SC8303,SC,1," 2/27/13"
"Gayle, Crystal","Ready For The Times To Get Better",CB60168,9,CB60168,CB,1," 2/27/13"
"George Jones","Real Deal",CB20154,10,CB20154,CB,1," 2/27/13"
"George Mc Crae","Rock Your Baby",SF168,7,SF168,SF,1," 2/27/13"
Gerardo,"Rico Suave",SC8656,11,SC8656,SC,1," 2/27/13"
"Get Off Of My Cloud","Rolling Stones, The",UK3103,11,UK3103,UK,1," 2/27/13"
"Gibson Miller Band, The","Red, White And Blue Collar",SC8228,14,SC8228,SC,1," 2/27/13"
"Gilham, Tommy","Red White And Blue",CB60237,15,CB60237,CB,1," 2/27/13"
"Gill, Johnny","Rub You The Right Way",DK049,2,DK049,DK,1," 2/27/13"
"Gilley, Mickey","Rockin' Around The Christmas Tree",CB60187,5,CB60187,CB,1," 2/27/13"
"Gilley, Mickey","Room Full Of Roses, A",CB90077,2,CB90077,CB,1," 2/27/13"
"Glitter, Gary","Rock And Roll Part 2",SC8687,7,SC8687,SC,1," 2/27/13"
"Glover, Dana",Rain,CB30037,4,CB30037,CB,1," 2/27/13"
Godsmack,Re-Align,PHR0402,9,PHR0402,PH,1," 2/27/13"
Godsmack,"Running Blind",PHR0406,3,PHR0406,PH,1," 2/27/13"
"Golden Earring","Radar Love",SGB64,13,SGB64,SG,1," 2/27/13"
"Goo Goo Dolls",Real,PHMP0812,9,PHMP0812,PH,1," 2/27/13"
"Gosdin, Vern","Right In The Wrong Direction",CB90106,12,CB90106,CB,1," 2/27/13"
Gospel,Redeemed,CBEP456-2,5,CBEP456-2,CB,1," 2/27/13"
Gospel,"Rescue The Perishing",CBEP456-2,3,CBEP456-2,CB,1," 2/27/13"
Gospel,"Revive Us Again",CBEP456-3,6,CBEP456-3,CB,1," 2/27/13"
Gospel,"Rock Of Ages",CBEP456-3,11,CBEP456-3,CB,1," 2/27/13"
"Granger Smith","Red Dirt",PHMC1206,4,PHMC1206,PH,1," 2/27/13"
"Grateful Dead, The",Ripple,SC8510,4,SC8510,SC,1," 2/27/13"
"Gray, Tamyra","Raindrops Will Fall",PHM0409,7,PHM0409,PH,1," 2/27/13"
"Great White","Rock Me",SC8597,4,SC8597,SC,1," 2/27/13"
"Great White","Rollin' Stoned",SC8843,14,SC8843,SC,1," 2/27/13"
"Greenwood, Lee","Ring On Her Finger",MM6088,5,MM6088,MM,1," 2/27/13"
"Greenwood, Lee","Rocks That You Can't Move",THC0302,20,THC0302,TH,1," 2/27/13"
"Gregory, Clinton","Rocking The Country",CB60179,7,CB60179,CB,1," 2/27/13"
"Groban, Josh","Remember When It Rained",PHM0410,5,PHM0410,PH,1," 2/27/13"
Groovin',"Rascals, The",SF073,10,SF073,SF,1," 2/27/13"
"Grover, Dana",Rain,MM6387,13,MM6387,MM,1," 2/27/13"
Haddaway,"Rock My Heart",SF026,3,SF026,SF,1," 2/27/13"
"Haggard, Merle","Rainbow Stew",SC8400,11,SC8400,SC,1," 2/27/13"
"Haggard, Merle","Ramblin' Fever",DK078,17,DK078,DK,1," 2/27/13"
"Haggard, Merle","Reasons To Quit",DK035,14,DK035,DK,1," 2/27/13"
"Haley, Bill & His Comets","Rock Around The Clock",BL10,15,BL10,BL,1," 2/27/13"
"Haley, Bill & The Comets","Rock Around The Clock",MMGCP9810,12,MMGCP9810,MM,1," 2/27/13"
"Hall & Oates","Rich Girl",SC8391,11,SC8391,SC,1," 2/27/13"
"Hall, Tom T.","Ravishing Ruby",SC8576,11,SC8576,SC,1," 2/27/13"
"Handprints On The Wall","Rogers, Kenny",PHN0401,6,PHN0401,PH,1," 2/27/13"
"Hank Williams Jr.","Red White & Pink-Slip Blues",PHMC0907,9,PHMC0907,PH,1," 2/27/13"
"Harder Cards","Rogers, Kenny",PHN0207,8,PHN0207,PH,1," 2/27/13"
"Harlem Shuffle, The","Rolling Stones, The",BS9217,3,BS9217,BS,1," 2/27/13"
"Harris, Emmylou","Rollin' And Ramblin'",CB90016,12,CB90016,CB,1," 2/27/13"
"Hawkins, Sophie B.","Right Beside You",SF025,15,SF025,SF,1," 2/27/13"
"Hendrix, Jimi","Red House",SC8327,11,SC8327,SC,1," 2/27/13"
"High School Confidential","Rough Trade",GM1000,1,GM1000,GM,1," 2/27/13"
"Hill, Jordan","Remember Me This Way",SC8187,3,SC8187,SC,1," 2/27/13"
"Holmes , Dallas","Rise Again",CBEP466-2,11,CBEP466-2,CB,1," 2/27/13"
"Holy, Steve","Rock A Bye Heart",SC8816,10,SC8816,SC,1," 2/27/13"
"Holy, Steve","Rock-A-Bye Heart",MM6383,13,MM6383,MM,1," 2/27/13"
"Holy, Steve","Rock-a-bye Heart",THC0305,16,THC0305,TH,1," 2/27/13"
"Holy, Steve wvocal","Rock A Bye Heart",SC3358,15,SC3358,SC,1," 2/27/13"
"Hometown Boy","Restless Heart",BS5117,4,BS5117,BS,1," 2/27/13"
"Honky Tonk Woman","Rolling Stones, The",BS9217,10,BS9217,BS,1," 2/27/13"
Hoobastank,"Reason, The",SC3407,7,SC3407,SC,1," 2/27/13"
Hoobastank,"Remember Me",THR0301,16,THR0301,TH,1," 2/27/13"
Hoobastank,"Running Away",SC8803,13,SC8803,SC,1," 2/27/13"
"Hornsby, Bruce","Rainbows Cadillac",SC8235,10,SC8235,SC,1," 2/27/13"
"Houston, Whitney","Run To You",MM6030,11,MM6030,MM,1," 2/27/13"
"How Do I Live","Rimes, LeAnn",TUFP07,14,TUFP07,TU,1," 2/27/13"
"How Do You Know",Robyn,PHM9707,6,PHM9707,PH,1," 2/27/13"
"Hues Corporation, The","Rock The Boat",DK012,14,DK012,DK,1," 2/27/13"
"Humperdinck, Engelbert","Release Me",CB5014-03,15,CB5014-03,CB,1," 2/27/13"
"Hurt Me","Rimes, LeAnn",AH8016,5,AH8016,AH,1," 2/27/13"
"I Just Dropped In To See What Condition","Rogers, Kenny & The First Edition",KC007,1,KC007,KC,1," 2/27/13"
"I Just Want To Celebrate","Rare Earth",DG07,8,DG07,DG,1," 2/27/13"
"I Love To Boogie","Rex, T.",AH8007,6,AH8007,AH,1," 2/27/13"
"I Melt","Rascal Flatts w~vocal",THC0310,6,THC0310,TH,1," 2/27/13"
"I Saw The Light","Rundgren, Todd",AH8005,12,AH8005,AH,1," 2/27/13"
"I Want You","Roberts, Juliet",AH9821,6,AH9821,AH,1," 2/27/13"
"I'll Be There For You","Rembrandts, The",DG04,7,DG04,DG,1," 2/27/13"
"I'm Movin' On","Rascal Flatts",PHN0203,7,PHN0203,PH,1," 2/27/13"
"I'm So Proud","Rundgren, Todd",DG09,13,DG09,DG,1," 2/27/13"
"I'm Still Here","Rzeznik, John",THP0301,17,THP0301,TH,1," 2/27/13"
"I've Been Lonely Too Long","Rascals, The",DG07,3,DG07,DG,1," 2/27/13"
"Idol, Bill","Rebel Yell",SC2321,4,SC2321,SC,1," 2/27/13"
"Idol, Bill wvocal","Rebel Yell",SC2321,12,SC2321,SC,1," 2/27/13"
"Idol, Billy","Rebel Yell",SC8477,5,SC8477,SC,1," 2/27/13"
"Iglesias, Enrique","Rhythm Divide",MM6290,14,MM6290,MM,1," 2/27/13"
"Iglesias, Enrique","Rhythm Divine",CBEP457-5,13,CBEP457-5,CB,1," 2/27/13"
"Iiird Tyme Out","Raining In L.a.",CBEP476-4,11,CBEP476-4,CB,1," 2/27/13"
IIO,Rapture,PHM0204,5,PHM0204,PH,1," 2/27/13"
Iio,"Rapture (Tastes So Sweet)",SC8757,7,SC8757,SC,1," 2/27/13"
"Imagine Dragons",Radioactive,PHMP1211,1,PHMP1211,PH,1," 2/27/13"
"Imitation Of Life",R.E.M.,PHR0107,7,PHR0107,PH,1," 2/27/13"
"Iron Maiden","Run To The Hills",SC8252,6,SC8252,SC,1," 2/27/13"
"It's All Over Now","Rolling Stones, The",DG10,15,DG10,DG,1," 2/27/13"
"It's Been You Right Down The Line","Rafferty, Gerry",DG11,3,DG11,DG,1," 2/27/13"
"It's Only Rock 'N' Roll","Rolling Stones, The",UK3101,11,UK3101,UK,1," 2/27/13"
"Ja Rule","Reign (Radio Version), The",SC3371,1,SC3371,SC,1," 2/27/13"
"Ja Rule & Mary J. Blige","Rainy Dayz",SC8752,6,SC8752,SC,1," 2/27/13"
"Ja Rule wvocal","Reign (Radio Version), The",SC3371,9,SC3371,SC,1," 2/27/13"
"Jack's Mannequin","Release Me",PHMP1112,7,PHMP1112,PH,1," 2/27/13"
"Jackson, Alan","Remember When",SC8847,7,SC8847,SC,1," 2/27/13"
"Jackson, Alan","Right On The Money",CB90004,15,CB90004,CB,1," 2/27/13"
"Jackson, Alan wvocal","Remember When",SC3382,9,SC3382,SC,1," 2/27/13"
"Jackson, Freddie","Rock Me Tonight",DK056,6,DK056,DK,1," 2/27/13"
"Jackson, Janet","Rhythm Nation",CB90174,1,CB90174,CB,1," 2/27/13"
"Jackson, Janet",Runaway,SC8203,12,SC8203,SC,1," 2/27/13"
"Jackson, Michael","Remember The Time",CBEP458-3,12,CBEP458-3,CB,1," 2/27/13"
"Jackson, Michael","Rock With You",PI005,9,PI005,PI,1," 2/27/13"
"Jackson, Michael","Rockin' Robin",DK077,6,DK077,DK,1," 2/27/13"
"Jackson, Wanda","Right Or Wrong",SAVP40,14,SAVP40,SA,1," 2/27/13"
"Jaggerz, The","Rapper, The",SC8204,12,SC8204,SC,1," 2/27/13"
"James Wesley",Real,PHMC1009,1,PHMC1009,PH,1," 2/27/13"
"James, Sonny","Running Bear",CB60131,14,CB60131,CB,1," 2/27/13"
Javine,"Real Things",SF207,13,SF207,SF,1," 2/27/13"
"Jay Z feat Young Jeezy","Real As It Gets",PHMU0912,8,PHMU0912,PH,1," 2/27/13"
Jay-Z,"Roc Boys",PHMU0801,6,PHMU0801,PH,1," 2/27/13"
"Jay-Z, Rihanna & Kanye West","Run This Town",PHMP0911,2,PHMP0911,PH,1," 2/27/13"
"Jefferson Starship",Runaway,SC7561,4,SC7561,SC,1," 2/27/13"
"Jennings, Waylon","Rose In Paradise",SC8494,3,SC8494,SC,1," 2/27/13"
"Jerad Finck",Runaway,PHMP1110,5,PHMP1110,PH,1," 2/27/13"
"Jessica Simpson","Remember That",PHMC0901,4,PHMC0901,PH,1," 2/27/13"
"Jesus Jones","Real, Real, Real",SAVP23,12,SAVP23,SA,1," 2/27/13"
"Jesus Jones","Right Here Right Now",SC8486,15,SC8486,SC,1," 2/27/13"
Jet,"Rollover D.j.",PHM0410,7,PHM0410,PH,1," 2/27/13"
"Jets, The","Rocket 2 U",DK023,4,DK023,DK,1," 2/27/13"
"Jewish Favorites","Rojenkes Mit Mandlin",SC8166,15,SC8166,SC,1," 2/27/13"
"Joe & G-Unit","Ride Wit U",PHU0406,9,PHU0406,PH,1," 2/27/13"
"Joel, Billy","River Of Dreams, The",SC8121,9,SC8121,SC,1," 2/27/13"
"John, Elton","Recover Your Soul",SC8452,14,SC8452,SC,1," 2/27/13"
"John, Elton","Rocket Man",CB90171,13,CB90171,CB,1," 2/27/13"
"John, Elton & Eric Clapton","Runaway Train",SC8302,10,SC8302,SC,1," 2/27/13"
"Johnny Rivers","Rockin' Pneumonia & Boogie Woogie Flu",SC8108,9,SC8108,SC,1," 2/27/13"
"Jolson, Al","Rock-a-Bye Your Baby With A Dixie Melody",MMSTA2-4,4,MMSTA2-4,MM,1," 2/27/13"
"Jones, George","Race Is On, The",CBEP451-5,16,CBEP451-5,CB,1," 2/27/13"
"Jones, George","Real Deal",CB60183,7,CB60183,CB,1," 2/27/13"
"Jones, George","Right Left Hand, The",CBE2-01,12,CBE2-01,CB,1," 2/27/13"
Journey,"Remember Me",SGB11,8,SGB11,SG,1," 2/27/13"
"Judd, Wynonna","Rock Bottom",CB60141,10,CB60141,CB,1," 2/27/13"
"Judds, The","Rock N' Roll Angels",CB60094,7,CB60094,CB,1," 2/27/13"
"Judds, The","Rockin' With The Rhythm Of The Rain",SC7592,1,SC7592,SC,1," 2/27/13"
"Judy Garland","Rock-A-Bye Your Baby",SC8124,1,SC8124,SC,1," 2/27/13"
"Jumping Jack Flash","Rolling Stones, The",BS9217,9,BS9217,BS,1," 2/27/13"
"Junior Senior","Rhythm Bandits",SF207,6,SF207,SF,1," 2/27/13"
"Kay Starr","Rock & Roll Waltz",SC8396,15,SC8396,SC,1," 2/27/13"
"Keith, Toby","Rock You Baby",THC0304,17,THC0304,TH,1," 2/27/13"
"Kellie Pickler","Rockaway (The Rockin' Chair Song)",PHMC1204,8,PHMC1204,PH,1," 2/27/13"
"Kentucky Headhunters, The","Rag Top",CB60156,8,CB60156,CB,1," 2/27/13"
"Kentucky Headhunters, The","Rock & Roll Angel",SC8161,3,SC8161,SC,1," 2/27/13"
Kids,"Rudolph The Red-Nose Reindeer",CBEP462-2,8,CBEP462-2,CB,1," 2/27/13"
"Kim, Andy","Rock Me Gently",DK094,18,DK094,DK,1," 2/27/13"
"King, B.b.","Rock Me Baby",SC8675,5,SC8675,SC,1," 2/27/13"
"King, Matt","Rub It In",CB60180,14,CB60180,CB,1," 2/27/13"
"Kings of Leon",Radioactive,PHMP1012,6,PHMP1012,PH,1," 2/27/13"
Kiss,"Rock & Roll All Night",SGB034,7,SGB034,SG,1," 2/27/13"
Kiss,"Rock And Roll All Night",SC7578,9,SC7578,SC,1," 2/27/13"
Kiss,"Rock And Roll All Nite",SC8627,15,SC8627,SC,1," 2/27/13"
"Knock Me Down","Red Hot Chili Peppers",AMS1504,5,AMS1504,AM,1," 2/27/13"
"Krauss, Alison",Restless,PHN0503,1,PHN0503,PH,1," 2/27/13"
"Lane, Frankie","Rain Rain Rain",SF063,3,SF063,SF,1," 2/27/13"
"Lane, Frankie",Rawhide,SAVP08,15,SAVP08,SA,1," 2/27/13"
"Lawrence, Tracy","Renegades, Rebels & Rogues",SC8129,7,SC8129,SC,1," 2/27/13"
"Lawrence, Tracy","Renegades, Rebels And Rogues",MM6062,11,MM6062,MM,1," 2/27/13"
"Lawrence, Tracy","Runnin' Behind",SC8175,5,SC8175,SC,1," 2/27/13"
"Led Zeppelin","Ramble On",SC8437,11,SC8437,SC,1," 2/27/13"
"Led Zeppelin","Rock And Roll",DKM2013,8,DKM2013,DK,1," 2/27/13"
"Ledoux, Chris","Riding For A Fall",SC8306,14,SC8306,SC,1," 2/27/13"
"Lee, Brenda","Rockin' Around The Christmas Tree",SC7210,15,SC7210,SC,1," 2/27/13"
"Lee, Dickey",Rocky,SC8676,4,SC8676,SC,1," 2/27/13"
"Lee, Gary & Showdown","Rodeo Song",SC7598,13,SC7598,SC,1," 2/27/13"
"Lee, Stagga","Roll Wit M.v.p.",THMH0308,2,THMH0308,TH,1," 2/27/13"
"Let It Bleed","Rolling Stones, The",DG11,5,DG11,DG,1," 2/27/13"
"LET ME CALL YOU SWEETHEART",REMINISCING,SC8007,3,SC8007,SC,1," 2/27/13"
"Lewis, Jerry Lee","Rockin' My Life Away",CBE2-22,15,CBE2-22,CB,1," 2/27/13"
"Life Goes On","Rimes, LeAnn",PHM0211,3,PHM0211,PH,1," 2/27/13"
"Lightfoot, Gordon","Rainy Day People",SC7563,3,SC7563,SC,1," 2/27/13"
"Lighthouse Family, The",Raincloud,SF115,5,SF115,SF,1," 2/27/13"
"Lightman, Toby","Real Love",PHM0411,8,PHM0411,PH,1," 2/27/13"
"Lightman, Toby wvocal","Real Love",PHM0411,17,PHM0411,PH,1," 2/27/13"
"Limp Bizkit",Re-Arranged,SC8626,15,SC8626,SC,1," 2/27/13"
"Limp Bizkit",Rollin,SF176,9,SF176,SF,1," 2/27/13"
"Limp Bizkit",Rollin',SC3228,5,SC3228,SC,1," 2/27/13"
"Limp Bizkit",Rolling,SC8659,12,SC8659,SC,1," 2/27/13"
"Linkin Park",Runaway,PHR0208,8,PHR0208,PH,1," 2/27/13"
"Little Richard","Rip It Up",SF048,15,SF048,SF,1," 2/27/13"
"Little River Band, The",Reminiscing,SC8174,6,SC8174,SC,1," 2/27/13"
Live,"Run To The Water",MM6295,14,MM6295,MM,1," 2/27/13"
"Loggins, Kenny","Real Thing, The",SC8274,10,SC8274,SC,1," 2/27/13"
"Lohan, Lindsay",Rumors,PHM0412,9,PHM0412,PH,1," 2/27/13"
Lonestar,"Runnin' Away With My Heart",SC8294,15,SC8294,SC,1," 2/27/13"
"Loretta Lynn","Rated X",SC8367,5,SC8367,SC,1," 2/27/13"
"Love Affair","Rainbow Valley",SF100,2,SF100,SF,1," 2/27/13"
"Love And Theft",Runaway,PHMC0906,6,PHMC0906,PH,1," 2/27/13"
"Love Is The Drug","Roxy Music",AH8008,12,AH8008,AH,1," 2/27/13"
"Love Wont Work","Ronan Keating",SF187,16,SF187,SF,1," 2/27/13"
"Love You Out Loud","Rascal Flatts",TU185,9,TU185,TU,1," 2/27/13"
Ludacris,"Roll Out (My Business)",PHM0206,9,PHM0206,PH,1," 2/27/13"
Ludacris,Rollout,SC8740,15,SC8740,SC,1," 2/27/13"
"Luke Bryan","Rain Is A Good Thing",PHMC1003,2,PHMC1003,PH,1," 2/27/13"
"Lunatic Fringe","Red Rider",GM1001,3,GM1001,GM,1," 2/27/13"
"Lynn, Loretta","Rated X",CB90073,12,CB90073,CB,1," 2/27/13"
"Lynyrd Skynrd","Red White And Blue",PHR0307,4,PHR0307,PH,1," 2/27/13"
"Lynyrd Skynyrd","Red, White & Blue",SC3365,6,SC3365,SC,1," 2/27/13"
"Lynyrd Skynyrd","Red, White And Blue",SC8831,10,SC8831,SC,1," 2/27/13"
"Mac Band","Roses Are Red",SF068,8,SF068,SF,1," 2/27/13"
Madonna,Rain,SC8310,12,SC8310,SC,1," 2/27/13"
Madonna,"Ray Of Light",CBEP457-3,10,CBEP457-3,CB,1," 2/27/13"
Madonna,"Rescue Me",SC8274,4,SC8274,SC,1," 2/27/13"
"Manilow, Barry","Read 'em And Weep",SC8603,13,SC8603,SC,1," 2/27/13"
"Manilow, Barry","Ready To Take A Chance Again",DK082,15,DK082,DK,1," 2/27/13"
"Marie Sisters","Real Bad Mood",SC8764,8,SC8764,SC,1," 2/27/13"
"Marie Sisters","Real Bad Moodÿ",SD095,5,SD095,SD,1," 2/27/13"
"Mark Chesnutt","Rollin' With The Flow",PHMC0804,7,PHMC0804,PH,1," 2/27/13"
"Marley, Bob","Redemption Song",SC2443,16,SC2443,SC,1," 2/27/13"
"Marley, Bob","Redemption Song (Acoustic Version)",SC8861,16,SC8861,SC,1," 2/27/13"
Marmalade,"Reflections Of My Life",SC8750,7,SC8750,SC,1," 2/27/13"
"Martin, Brad","Rub Me The Right Way",THC0301,13,THC0301,TH,1," 2/27/13"
"Martin, Dean","Return To Me",MMSTA05,14,MMSTA05,MM,1," 2/27/13"
"Martina McBride",Ride,PHMC0902,2,PHMC0902,PH,1," 2/27/13"
"Marx, Richard","Right Here Waiting",BL19,13,BL19,BL,1," 2/27/13"
"Matchbox 20","Real World",SC1999NSC08,14,SC1999NSC08,SC,1," 2/27/13"
"Matchbox 20","Rockabilly Rebel",SF023,13,SF023,SF,1," 2/27/13"
"Matchbox 20 wvocal","Real World",SC2259,9,SC2259,SC,1," 2/27/13"
"Matchbox Twenty","Real World",PHGH1900-6,1,PHGH1900-6,PH,1," 2/27/13"
"Mc Lyte",Ruffneck,SC8875,12,SC8875,SC,1," 2/27/13"
"McAnally, Shane","Run Away",SD077,10,SD077,SD,1," 2/27/13"
"Mcanally, Shane","Run Away",SC8630,11,SC8630,SC,1," 2/27/13"
"Mcclain, Charly","Radio Heart",CB60124,10,CB60124,CB,1," 2/27/13"
"Mccoury, Del","Rain & Snow",SC8693,5,SC8693,SC,1," 2/27/13"
"McCrae, George","Rock Your Baby",CBEP468-1,8,CBEP468-1,CB,1," 2/27/13"
"Mccrae, George","Rock Your Baby",SC8293,10,SC8293,SC,1," 2/27/13"
"Mcentire, Reba","Read My Mind",MM6076,13,MM6076,MM,1," 2/27/13"
"Mcentire, Reba","Red Roses",CB60154,8,CB60154,CB,1," 2/27/13"
"Mcentire, Reba","Ring On Her Finger",CB60154,2,CB60154,CB,1," 2/27/13"
"McEntire, Reba","Ring On Her Finger",SD023,6,SD023,SD,1," 2/27/13"
"Mcentire, Reba","Ring On Her Finger, Time On Her Hands",CB90053,2,CB90053,CB,1," 2/27/13"
"Mcentire, Reba","Rumor Has It",CB60053,11,CB60053,CB,1," 2/27/13"
"McGraw, Tim","Real Good Man",PHN0308,2,PHN0308,PH,1," 2/27/13"
"Mcgraw, Tim","Real Good Man",MM6391,5,MM6391,MM,1," 2/27/13"
"McGraw, Tim","Real Good Man",SC8877,6,SC8877,SC,1," 2/27/13"
"Mcgraw, Tim","Real Good Man",CB20553,10,CB20553,CB,1," 2/27/13"
"Mcgraw, Tim","Red Ragtop",SD100,3,SD100,SD,1," 2/27/13"
"McGraw, Tim","Red Ragtop",SC8873,4,SC8873,SC,1," 2/27/13"
"Mcgraw, Tim","Red Ragtop",CBE4-26,13,CBE4-26,CB,1," 2/27/13"
"Mcgraw, Tim","Refried Dreams",CB90036,5,CB90036,CB,1," 2/27/13"
"McGraw, Tim","Refried Dreams",SD012,7,SD012,SD,1," 2/27/13"
"Mcgraw, Tim","Refried Dreams",CBEP453-6,16,CBEP453-6,CB,1," 2/27/13"
"McGraw, Tim wvocal","Real Good Man",PHN0308,11,PHN0308,PH,1," 2/27/13"
"Mcintyre, Joey",Rain,PHM0107,2,PHM0107,PH,1," 2/27/13"
"Mckameys, The","Right On Time",CBEP466-5,11,CBEP466-5,CB,1," 2/27/13"
"Mcnally, Shane","Run Away",CB60204,11,CB60204,CB,1," 2/27/13"
Meatloaf,"Rock & Roll Dreams Come True",MM6040,5,MM6040,MM,1," 2/27/13"
Meatloaf,"Rock 'N' Roll Dreams Come True",SF021,2,SF021,SF,1," 2/27/13"
Meatloaf,"Rock And Roll Dreams Come True",SAVP41,6,SAVP41,SA,1," 2/27/13"
Meatloaf,"Runnin' For The Red Light",SF049,8,SF049,SF,1," 2/27/13"
"Mellencamp, John","R.o.c.k. In The U.s.a.",SC8632,8,SC8632,SC,1," 2/27/13"
"Mellencamp, John","Rain On The Scarecrow",SC8632,15,SC8632,SC,1," 2/27/13"
"Mellencamp, John Cougar","R.o.c.k. In The U.s.a.",SC8176,7,SC8176,SC,1," 2/27/13"
"Mellencamp, John Cougar","R.O.C.K. In The U.S.A.",SC2423,8,SC2423,SC,1," 2/27/13"
"Mellencamp, John Cougar wvocal","R.O.C.K. In The U.S.A.",SC2423,16,SC2423,SC,1," 2/27/13"
"Mellons, Ken",Rub-A-Dubbin',SC8216,13,SC8216,SC,1," 2/27/13"
"Mi Libertad","Ruiz, Frankie",SC7101,4,SC7101,SC,1," 2/27/13"
"Midler, Bette","Rose, The",SC7506,11,SC7506,SC,1," 2/27/13"
"Midnight Rambler","Rolling Stones, The",AH8004,7,AH8004,AH,1," 2/27/13"
"Mighty Mighty Bosstones, The","Rascal King, The",SC8395,14,SC8395,SC,1," 2/27/13"
"Mike Posner feat. Bun B","Rocket Man",PHMP1202,7,PHMP1202,PH,1," 2/27/13"
"Miller, Steve","Rockin' Me",CBEP474-2,10,CBEP474-2,CB,1," 2/27/13"
"Miller, Steve, Band","Rock N Me",SC8192,12,SC8192,SC,1," 2/27/13"
"Miss You","Rolling Stones, The",BS9217,13,BS9217,BS,1," 2/27/13"
"Mitchell, Guy",Rock-A-Billy,SF048,4,SF048,SF,1," 2/27/13"
Monica,"Right Here Waiting",MM6292,14,MM6292,MM,1," 2/27/13"
"Monica & 112","Right Here Waiting (Rv)",SC8593,8,SC8593,SC,1," 2/27/13"
"Montana, Billy","Rain Through The Roof",SC8194,14,SC8194,SC,1," 2/27/13"
"Montgomery, John Michael","Rope The Moon",MM6048,14,MM6048,MM,1," 2/27/13"
Montrose,"Rock Candy",SGB025,12,SGB025,SG,1," 2/27/13"
"Montrose, Ronnie","Rock Candy",AH8006,8,AH8006,AH,1," 2/27/13"
"Moody Blues, The","Ride My See-Saw",SC2193,4,SC2193,SC,1," 2/27/13"
"Morgan, George","Red Rose From The Blue Side Of Town",CB60136,14,CB60136,CB,1," 2/27/13"
"Morgan, George","Room Full Of Roses, A",SC8538,7,SC8538,SC,1," 2/27/13"
"Morissette, Alanis","Right Through You",PHM9702,4,PHM9702,PH,1," 2/27/13"
"Morrison, Mark","Return Of The Mack",SC8377,15,SC8377,SC,1," 2/27/13"
"Mother's Little Helper","Rolling Stones, The",BS9217,8,BS9217,BS,1," 2/27/13"
"Mott The Hoople","Roll Away The Stone",SF101,7,SF101,SF,1," 2/27/13"
"Mountain Heart",Roses,CBEP476-6,2,CBEP476-6,CB,1," 2/27/13"
"Mraz, Jason",Remedy,MM6384,15,MM6384,MM,1," 2/27/13"
"Mraz, Jason","Remedy (I Won't Worry), The",THP0305,17,THP0305,TH,1," 2/27/13"
"Mraz, Jason","Remedy, The",SC8831,1,SC8831,SC,1," 2/27/13"
"Mullen, Nicole C.",Redeemer,SC8828,14,SC8828,SC,1," 2/27/13"
"Mumford & Sons","Roll Away Your Stone",PHMP1107,3,PHMP1107,PH,1," 2/27/13"
"Muppet Movie, The","Rainbow Connection, The",MM6023,10,MM6023,MM,1," 2/27/13"
"Muppets, The","Rainbow Connection, The",MMBH1-4,6,MMBH1-4,MM,1," 2/27/13"
"Murphy, David Lee","Road You Leave Behind, The",CHM9610,18,CHM9610,CH,1," 2/27/13"
"Musiq Soulchild",Radio,PHMU0810,7,PHMU0810,PH,1," 2/27/13"
"Mustang Sally","Rascals, The",DG09,10,DG09,DG,1," 2/27/13"
"Mvp & Stagga Lee","Rock Ya Body (Mic Check 1,2)",PHU0311,5,PHU0311,PH,1," 2/27/13"
"My Fair Lady","Rain In Spain, The",SC2196,5,SC2196,SC,1," 2/27/13"
"My Friends","Red Hot Chili Peppers",PHM9512,6,PHM9512,PH,1," 2/27/13"
"My Girl","Robinson, Smokey",TUFP03,5,TUFP03,TU,1," 2/27/13"
"Nappy Roots","Roun' The Globe",PHU0311,9,PHU0311,PH,1," 2/27/13"
"Nat King Cole","Ramblin' Rose",SC8118,6,SC8118,SC,1," 2/27/13"
"Navarro, Dave",Rexall,PHR0110,5,PHR0110,PH,1," 2/27/13"
Nelly,"Ride Wit Me",PHM0107,7,PHM0107,PH,1," 2/27/13"
"Nelly & City Spud","Ride Wit Me",SC8688,2,SC8688,SC,1," 2/27/13"
"Nelson, Willie","Remember Me",CB90215,13,CB90215,CB,1," 2/27/13"
"Nesbitt, Jim","Running Bare",SC8669,9,SC8669,SC,1," 2/27/13"
"Newton, Wayne","Red Roses For A Blue Lady",DK013,17,DK013,DK,1," 2/27/13"
"Nickel Creek","Reasons Why",SC8623,12,SC8623,SC,1," 2/27/13"
"Nicki Minaj","Right Thru Me",PHMU1101,2,PHMU1101,PH,1," 2/27/13"
"Nicki Minaj","Right Thru Me (MPX)",PHMU1101,11,PHMU1101,PH,1," 2/27/13"
"Nicki Minaj","Roman Holiday",PHMU1206,7,PHMU1206,PH,1," 2/27/13"
"Nicki Minaj feat Eminem","Roman's Revenge",PHMP1102,4,PHMP1102,PH,1," 2/27/13"
"Nicks, Stevie","Rooms On Fire",SC8417,11,SC8417,SC,1," 2/27/13"
"Nightingale, Maxine","Right Back Where We Started From",SC8143,11,SC8143,SC,1," 2/27/13"
"No Doubt",Running,CBE4-10,11,CBE4-10,CB,1," 2/27/13"
"No Doubt",Runningÿ,THP0305,10,THP0305,TH,1," 2/27/13"
"On The Beach","Rea, Chris",AH8007,4,AH8007,AH,1," 2/27/13"
"One Boy, One Girl","Raye, Collin",AH8016,16,AH8016,AH,1," 2/27/13"
"Ooh Baby, Baby","Ronstadt, Linda",KC007,13,KC007,KC,1," 2/27/13"
"Oran ''juice'' Jones","Rain, The",SC8824,4,SC8824,SC,1," 2/27/13"
"Orange Juice","Rip It Up",SF113,3,SF113,SF,1," 2/27/13"
"Orbison, Roy","Running Scared",CBEP455-4,17,CBEP455-4,CB,1," 2/27/13"
"Osborne Brothers & Red Allen","Ruby, Are You Mad",CB80138,15,CB80138,CB,1," 2/27/13"
"Osborne Brothers, The","Rocky Top",CBE02,15,CBE02,CB,1," 2/27/13"
"Osborne Brothers, Theÿ& Red Allen","Ruby, Are You Mad",CBEP476-2,14,CBEP476-2,CB,1," 2/27/13"
"Osborne, Joan","Right Hand Man",SC8268,14,SC8268,SC,1," 2/27/13"
"Osmond, Marie","Read My Lips",SC8517,11,SC8517,SC,1," 2/27/13"
Outkast,Roses,SC8865,12,SC8865,SC,1," 2/27/13"
"Overstreet, Paul","Richest Man On Earth",SC8352,9,SC8352,SC,1," 2/27/13"
"Owens, Buck","Rollin' In My Sweet Baby's Arms",SC8792,9,SC8792,SC,1," 2/27/13"
"Owens, Buck","Ruby (Are You Mad At Your Man)",CB90084,3,CB90084,CB,1," 2/27/13"
"Paint It Black","Rolling Stones, The",UK3102,11,UK3102,UK,1," 2/27/13"
"Parton, Dolly","Real Love, The",SC8411,4,SC8411,SC,1," 2/27/13"
"Parton, Dolly",Romeo,CB90005,13,CB90005,CB,1," 2/27/13"
"Parton, Dolly & Ricky Van Shelton","Rockin' Years",CBEP471-6,5,CBEP471-6,CB,1," 2/27/13"
"Parton, Dolly & Van Shelton","Rockin' Years",SC2012,3,SC2012,SC,1," 2/27/13"
"Paula Deanda","Roll The Credits",PHMP0906,4,PHMP0906,PH,1," 2/27/13"
"Peaches & Herb",Re-United,SAVP20,14,SAVP20,SA,1," 2/27/13"
"Peaches & Herb",Reunited,DKM2005,10,DKM2005,DK,1," 2/27/13"
"Perfect Stranger","Remember The Ride",SC8253,10,SC8253,SC,1," 2/27/13"
"Petey Pablo","Raise Up",SC8726,4,SC8726,SC,1," 2/27/13"
"Petty, Tom","Runnin' Down A Dream",SC8314,9,SC8314,SC,1," 2/27/13"
"Petty, Tom & The Heartbreakers",Refugee,MM6066,9,MM6066,MM,1," 2/27/13"
Pink,"Raise Your Glass",PHMP1101,2,PHMP1101,PH,1," 2/27/13"
Pink,"Raise Your Glass (MPX)",PHMP1101,11,PHMP1101,PH,1," 2/27/13"
"Platters, The","Red Sails In The Sunset",SAVP06,10,SAVP06,SA,1," 2/27/13"
"Police, The",Roxanne,CBEP474-6,10,CBEP474-6,CB,1," 2/27/13"
"Praying for Daylight","Rascal Flatts",TUFP08,8,TUFP08,TU,1," 2/27/13"
"Praying For Daylight","Rascal Flatts",TUFP26,8,TUFP26,TU,1," 2/27/13"
"Presley, Elvis","Rags To Riches",MMVEU-03,2,MMVEU-03,MM,1," 2/27/13"
"Presley, Elvis","Raised On Rock",MMVE12,15,MMVE12,MM,1," 2/27/13"
"Presley, Elvis","Reach Out To Jesus",CB70002,14,CB70002,CB,1," 2/27/13"
"Presley, Elvis","Ready Teddy",MM6414,12,MM6414,MM,1," 2/27/13"
"Presley, Elvis","Reconsider Baby",MMVE09,10,MMVE09,MM,1," 2/27/13"
"Presley, Elvis",Relax,MMVEU-01,11,MMVEU-01,MM,1," 2/27/13"
"Presley, Elvis","Release Me",MMVE16,9,MMVE16,MM,1," 2/27/13"
"Presley, Elvis","Return To Sender",DK006,18,DK006,DK,1," 2/27/13"
"Presley, Elvis","Riding The Rainbow",MM6415,11,MM6415,MM,1," 2/27/13"
"Presley, Elvis","Rip It Up",MMVE04,7,MMVE04,MM,1," 2/27/13"
"Presley, Elvis","Rock-A-Hula Baby",MM6123,4,MM6123,MM,1," 2/27/13"
"Presley, Elvis","Rock-A-Hula-Baby  Blue Hawaii",MMVE05,4,MMVE05,MM,1," 2/27/13"
"Presley, Elvis",Roustabout,MMVE13,4,MMVE13,MM,1," 2/27/13"
"Presley, Elvis","Rubber Neckin'",CB90063,15,CB90063,CB,1," 2/27/13"
"Presley, Elvis",Rubberneckin',MMVE09,1,MMVE09,MM,1," 2/27/13"
"Presley, Elvis","Rubberneckin' (Paul Oakenfold Remix)",SC8845,8,SC8845,SC,1," 2/27/13"
"Presley, Elvis","Run On",MM6382,2,MM6382,MM,1," 2/27/13"
"Presley, Elvis","Runaway (Live)",MM6398,8,MM6398,MM,1," 2/27/13"
"Presley, Elvis & Paul Oakenfold","Rubberneckin' (Remix)",THP0312,10,THP0312,TH,1," 2/27/13"
"Preston, Johnny","Running Bear",DK046,15,DK046,DK,1," 2/27/13"
Prince,"Raspberry Beret",SC8777,14,SC8777,SC,1," 2/27/13"
Problems,Reggae,JV0011,5,JV0011,JV,1," 2/27/13"
Prophecy,"Remy Zero",SC3116,3,SC3116,SC,1," 2/27/13"
Queen,"Radio Ga Ga",SF007,14,SF007,SF,1," 2/27/13"
Queen,"Radio Ga-Ga",SC8574,5,SC8574,SC,1," 2/27/13"
"Queensryche & Rush","Red Barchetta",SC8691,5,SC8691,SC,1," 2/27/13"
"R Kelly",Religious,PHMU1002,6,PHMU1002,PH,1," 2/27/13"
"R. Kelly","Radio Message",PHMU1107,1,PHMU1107,PH,1," 2/27/13"
R.e.m,"Radio Free Europe",SC8313,7,SC8313,SC,1," 2/27/13"
R.E.M.,"Radio Free Europe",SC2440,7,SC2440,SC,1," 2/27/13"
Ra,Rectifier,PHR0308,8,PHR0308,PH,1," 2/27/13"
"Ra wvocal",Rectifier,PHR0308,17,PHR0308,PH,1," 2/27/13"
"Rabbitt, Eddie","Rocky Mountain Music",SC8628,9,SC8628,SC,1," 2/27/13"
"Rafferty, Gerry","Right Down The Line",SC8535,9,SC8535,SC,1," 2/27/13"
"Rage Against The Machine","Renegades Of Funk",SC8672,2,SC8672,SC,1," 2/27/13"
"Raitt, Bonnie",Runaway,SC8856,6,SC8856,SC,1," 2/27/13"
"Raitt, Bonnie & Bryan Adams","Rock Steady",SC8240,13,SC8240,SC,1," 2/27/13"
Ratt,"Round & Round",SC8210,10,SC8210,SC,1," 2/27/13"
"Rea Chris","Road To Hell",SF054,14,SF054,SF,1," 2/27/13"
"Rea, Chris","Road To Hell",SF059,14,SF059,SF,1," 2/27/13"
"Real Mccoys, The","Run Away",CBEP458-3,5,CBEP458-3,CB,1," 2/27/13"
"Reeves, Connor","Read My Mind",SF121,16,SF121,SF,1," 2/27/13"
"Reeves, Jim","Red Rose From The Blue Side Of Town",CB90052,6,CB90052,CB,1," 2/27/13"
"Reeves, Ronna","Rodeo Man",SC8303,4,SC8303,SC,1," 2/27/13"
Rent,Rent,MMBH1-2,4,MMBH1-2,MM,1," 2/27/13"
"Reo Speedwagon","Ridin' The Storm Out",SC8574,9,SC8574,SC,1," 2/27/13"
"Reo Speedwagon","Roll With The Changes",SC7576,15,SC7576,SC,1," 2/27/13"
Republica,"Ready To Go",SC8316,10,SC8316,SC,1," 2/27/13"
"Rex, T.","Ride A White Swan",DK1112,8,DK1112,DK,1," 2/27/13"
"Rich, Charlie","Road Song",CB90069,6,CB90069,CB,1," 2/27/13"
"Rich, Charlie","Rollin' With The Flow",SC8442,14,SC8442,SC,1," 2/27/13"
"Righteous Brothers, The","Rock & Roll Heaven",SC8138,13,SC8138,SC,1," 2/27/13"
Rihanna,"Rude Boy",PHMP1005,1,PHMP1005,PH,1," 2/27/13"
Rihanna,"Russian Roulette",PHMU1001,3,PHMU1001,PH,1," 2/27/13"
"Rihanna & Nicki Minaj","Raining Men",PHMU1104,4,PHMU1104,PH,1," 2/27/13"
"Rimes, Leann","Right Kind Of Wrong, The",CB60207,15,CB60207,CB,1," 2/27/13"
"Ritter, Tex","Rock And Rye",CB90222,11,CB90222,CB,1," 2/27/13"
"Ritter, Tex","Rye Whiskey",CB90222,9,CB90222,CB,1," 2/27/13"
"Rivers, Johnny","Rockin' Pneumonia And The Boogie Woogie",DK071,11,DK071,DK,1," 2/27/13"
"Rivers, Johnny","Rockin' Pneumonia Boogie Woogie Flu",DKM2030,10,DKM2030,DK,1," 2/27/13"
"Robbins, Marty","Ribbon Of Darkness",CB80096,9,CB80096,CB,1," 2/27/13"
"Robbins, Marty","Ruby Ann",SC8682,13,SC8682,SC,1," 2/27/13"
"Robinson, Charlie","Right Man For The Job",MM6350,13,MM6350,MM,1," 2/27/13"
"Robinson, Smokey",Rewind,SC8244,4,SC8244,SC,1," 2/27/13"
"Robison, Charlie","Right Man For The Job",SD092,13,SD092,SD,1," 2/27/13"
"Rocky Horror Picture Show, The","Rose Tint My World Floor Show",SC8472,13,SC8472,SC,1," 2/27/13"
"Rodriguez, Johnny","Ridin' My Thumb To Mexico",SC8461,7,SC8461,SC,1," 2/27/13"
"Rogers, Kenny","Reuben James",SC8400,5,SC8400,SC,1," 2/27/13"
"Rogers, Kenny","Ruby Don't Take Your Love To Town",BL15,9,BL15,BL,1," 2/27/13"
"Rogers, Kenny","Ruby, Don't Take Your Love To Town",DKM2030,15,DKM2030,DK,1," 2/27/13"
"Rogers, Kenny & The First Edition","Ruby Don't Take Your Love To Town",SF014,14,SF014,SF,1," 2/27/13"
"Rogers, Kenny & The First Edition","Rueben James",SAVP29,19,SAVP29,SA,1," 2/27/13"
"Rolling Stones","Rock And A Hard Place",SC8820,1,SC8820,SC,1," 2/27/13"
"Rolling Stones, The","Rip This Joint",SC8670,14,SC8670,SC,1," 2/27/13"
"Rolling Stones, The","Ruby Tuesday",SAVP41,10,SAVP41,SA,1," 2/27/13"
"Rose, The","Rose, The",MMBH1-2,2,MMBH1-2,MM,1," 2/27/13"
"Roses Are Red","Ronnie Carroll",SF066,9,SF066,SF,1," 2/27/13"
"Ross, Diana","Reach Out And Touch",DK066,7,DK066,DK,1," 2/27/13"
"Ross, Diana & The Supremes",Reflections,SC8860,6,SC8860,SC,1," 2/27/13"
"Roxanne & Utfo","Real Roxanne, The",SC8656,6,SC8656,SC,1," 2/27/13"
"Ruby Tuesday","Rolling Stones, The",BS9217,17,BS9217,BS,1," 2/27/13"
"Ruleta Rusa","Romo, Daniela",SC7101,12,SC7101,SC,1," 2/27/13"
Runaway,"Raitt, Bonnie",AMS1503,6,AMS1503,AM,1," 2/27/13"
"Russell, Johnny","Rednecks White Socks & Blue Ribbon Beer",SC8541,8,SC8541,SC,1," 2/27/13"
"Russell, Leon","Roll In My Sweet Baby's Arms",SC8342,1,SC8342,SC,1," 2/27/13"
"S Club 7",Reach,SF165,5,SF165,SF,1," 2/27/13"
Saliva,"Rest In Pieces",THMR0307,17,THMR0307,TH,1," 2/27/13"
"Sarah Jarosz","Run Away",PHMP1205,6,PHMP1205,PH,1," 2/27/13"
Satisfaction,"Rolling Stones, The",KC001,5,KC001,KC,1," 2/27/13"
"Save Me","Remy Zero",THR0203,18,THR0203,TH,1," 2/27/13"
"Sawyer Brown","Race Is On, The",MM6088,4,MM6088,MM,1," 2/27/13"
"Sawyer Brown","Round Here",SC8216,11,SC8216,SC,1," 2/27/13"
Scorpions,"Rock You Like A Hurricane",SC1026,8,SC1026,SC,1," 2/27/13"
"Scorpions, The","Rock You Like A Hurricane",SC8252,15,SC8252,SC,1," 2/27/13"
"Sears, Dawn","Runaway Train",MM6056,12,MM6056,MM,1," 2/27/13"
"Seger, Bob","Ramblin' Gamblin' Man",SC8715,2,SC8715,SC,1," 2/27/13"
"Seger, Bob","Real Love, The",SC8266,6,SC8266,SC,1," 2/27/13"
"Seger, Bob & The Silver Bullet Band","Ramblin' Gamblin' Man",SC8846,1,SC8846,SC,1," 2/27/13"
"Seger, Bob & The Silver Bullet Band","Roll Me Away",SC8644,6,SC8644,SC,1," 2/27/13"
"Sermon, Erick & Redman",React,PHU0301,1,PHU0301,PH,1," 2/27/13"
"Sermon, Erick & Redman wvocal",React,PHU0301,10,PHU0301,PH,1," 2/27/13"
"Seventh Son","Rivers, Johnny",DG06,7,DG06,DG,1," 2/27/13"
"Shangri-Las, The","Remember (Walking In The Sand)",SAVP27,14,SAVP27,SA,1," 2/27/13"
"Shangri-Las, The","Remember Walking In The Sand",SC8399,8,SC8399,SC,1," 2/27/13"
"Shannon, Del",Runaway,SC8108,13,SC8108,SC,1," 2/27/13"
"Shelton, Ricky Van & D. Parton","Rockin' Years",CB60041,8,CB60041,CB,1," 2/27/13"
"Shelton, Ricky Van & Dolly Parton","Rockin' Years",SC8128,4,SC8128,SC,1," 2/27/13"
Shenandoah,"Rock My Baby",CB60107,11,CB60107,CB,1," 2/27/13"
"Sigel, Beanie & Freeway","Roc The Mic",SC8805,5,SC8805,SC,1," 2/27/13"
"Simon, Carly","Right Thing To Do, The",MM6333,12,MM6333,MM,1," 2/27/13"
"Sinatra, Frank","Ring A Ding Ding",MM6085,2,MM6085,MM,1," 2/27/13"
"Since You've Been Gone",Rainbow,DG11,7,DG11,DG,1," 2/27/13"
"Sittin' On The Dock Of The Bay","Redding, Otis",JV0025,6,JV0025,JV,1," 2/27/13"
Slade,"Run Runaway",SC8715,13,SC8715,SC,1," 2/27/13"
"Smith, Connie","Ribbon Of Darkness",MM6094,14,MM6094,MM,1," 2/27/13"
"Smith, Connie","Run Away Little Tears",CB90088,14,CB90088,CB,1," 2/27/13"
"Smith, Huey & Clowns, The","Rockin' Pneumonia And The Boogie Woogie",CBE30,2,CBE30,CB,1," 2/27/13"
"Smith, Huey & The Clowns","Rockin' Pneumonia & Boogie Woogie Flu",SGB056,12,SGB056,SG,1," 2/27/13"
"Smith, Huey ''Piano''","Rockin' Pneumonia",SAVP21,10,SAVP21,SA,1," 2/27/13"
"Smith, Valerie","Red Clay Halo",CBEP476-1,9,CBEP476-1,CB,1," 2/27/13"
Snap,"Rhythm Is A Dancer",SF003,12,SF003,SF,1," 2/27/13"
"Snow, Hank","Rhumba Boogie, The",SC8509,5,SC8509,SC,1," 2/27/13"
"Something Stupid","Robbie Williams Nicole Kidman",SF185,2,SF185,SF,1," 2/27/13"
"Somewhere Out There","Ronstadt, Linda & J. Ingram",TUFP03,20,TUFP03,TU,1," 2/27/13"
"Soul And Inspiration","Righteous Brothers, The",JV0009,4,JV0009,JV,1," 2/27/13"
"Soul Asylum","Runaway Train",SF006,12,SF006,SF,1," 2/27/13"
"South Sixty Five","Randam Act Of Sensless Kindness, A",CB60160,15,CB60160,CB,1," 2/27/13"
"Southern Pacific","Reckless Heart",CB60158,10,CB60158,CB,1," 2/27/13"
"Spinners, The","Rubberband Man, The",SAVP31,16,SAVP31,SA,1," 2/27/13"
Sponge,Rainin',SC8233,5,SC8233,SC,1," 2/27/13"
"Springsteen, Bruce","Rosalita (Come Out Tonight)",SC8668,9,SC8668,SC,1," 2/27/13"
"Springsteen, Bruce & E Street Band","Rising, The",SC8799,13,SC8799,SC,1," 2/27/13"
"Springsteen, Bruce & The E Street Band","Rising, The",SC2408,4,SC2408,SC,1," 2/27/13"
Sr71,"Right Now",SC8645,13,SC8645,SC,1," 2/27/13"
"St. Louis, Louis","Rock 'n' Roll Party Queen",SC2157,2,SC2157,SC,1," 2/27/13"
"Stampley, Joe","Roll On Big Mama",CBE4-15,10,CBE4-15,CB,1," 2/27/13"
"Stand By","Roman Holiday",AMS1508,4,AMS1508,AM,1," 2/27/13"
Standard,"Red River Valley",DK038,11,DK038,DK,1," 2/27/13"
Standard,"Rocky Top",SC2025,4,SC2025,SC,1," 2/27/13"
"Standard Reminiscing","Rock Of Ages",SC7026,3,SC7026,SC,1," 2/27/13"
"Standard Reminiscing","Rum And Coca-Cola",SC7035,8,SC7035,SC,1," 2/27/13"
Standard-Traditional,"Rocky Top",SC7522,10,SC7522,SC,1," 2/27/13"
Standard-Traditional,"Route 66",DKM2033,7,DKM2033,DK,1," 2/27/13"
"Stanley Brothers, The","Rank Strangers",CBEP476-6,5,CBEP476-6,CB,1," 2/27/13"
"Start Me Up","Rolling Stones, The",BS9217,15,BS9217,BS,1," 2/27/13"
"Status Quoÿ","Rockin' All Over The World",SF166,15,SF166,SF,1," 2/27/13"
"Steel Pulse","Reggae Fever",SC8500,7,SC8500,SC,1," 2/27/13"
"Steely Dan","Reelin' In The Years",DK1109,13,DK1109,DK,1," 2/27/13"
"Steely Dan","Rikki Don't Lose That Number",SC7533,8,SC7533,SC,1," 2/27/13"
"Stefani, Gwen & Eve","Rich Girl",PHM0502,8,PHM0502,PH,1," 2/27/13"
"Stewart, Larry","Rockin' The Rock",SC8171,13,SC8171,SC,1," 2/27/13"
"Stewart, Rod","Reason To Believe",MM6388,15,MM6388,MM,1," 2/27/13"
"Stewart, Rod","Rhythm Of My Heart",SD015,11,SD015,SD,1," 2/27/13"
Sting,Russians,SC8725,4,SC8725,SC,1," 2/27/13"
"Stop In The Name Of Love","Ross, Diana",TUFP04,2,TUFP04,TU,1," 2/27/13"
"Strait, George","Right Or Wrong",CB90149,10,CB90149,CB,1," 2/27/13"
"Strait, George","Road Less Traveled, The",CB60248,2,CB60248,CB,1," 2/27/13"
"Strait, George","Round About Way",MMCOU203,19,MMCOU203,MM,1," 2/27/13"
"Strait, George","Roundabout Way",CHM9803,12,CHM9803,CH,1," 2/27/13"
"Strait, George",Run,CB60226,14,CB60226,CB,1," 2/27/13"
"Strait, George wvocal",Run,PHN0201,17,PHN0201,PH,1," 2/27/13"
"Stray Cats","Rock This Town",SGB07,12,SGB07,SG,1," 2/27/13"
"Stray Cats, The","Rock This Town",SC7580,13,SC7580,SC,1," 2/27/13"
"Stuart, Marty","Red Red Wine And Cheatin' Songs",CB60177,9,CB60177,CB,1," 2/27/13"
"Stuart, Marty","Red, Red Wine And Cheatin' Songs",SC8546,15,SC8546,SC,1," 2/27/13"
Styx,Renegade,SC8334,4,SC8334,SC,1," 2/27/13"
"Sugar Hill Gang, The","Rapper's Delight",SC8456,14,SC8456,SC,1," 2/27/13"
"Sugar Ray",Rpm,CB4040,9,CB4040,CB,1," 2/27/13"
"Sugarhill Gang","Rapper's Delight",SC8760,14,SC8760,SC,1," 2/27/13"
"Supernaw, Doug","Red & Rio Grande",MMGCOU01,18,MMGCOU01,MM,1," 2/27/13"
"Supernaw, Doug",Reno,CB60116,14,CB60116,CB,1," 2/27/13"
"Sure, Al B.","Right Now",SAVP39,14,SAVP39,SA,1," 2/27/13"
Swv,Rain,SC8453,4,SC8453,SC,1," 2/27/13"
Swv,"Right Here",SF005,13,SF005,SF,1," 2/27/13"
T-Pain,"Reverse Cowgirl",PHMU1006,6,PHMU1006,PH,1," 2/27/13"
"T. Rex","Ride A White Swan",SF035,3,SF035,SF,1," 2/27/13"
T.i.,"Rubber Band Man",PHU0404,6,PHU0404,PH,1," 2/27/13"
"Take It On The Run","REO Speedwagon",PI038,17,PI038,PI,1," 2/27/13"
"Talking In Your Sleep","Romantics, The",BS3817,4,BS3817,BS,1," 2/27/13"
"Tampoco Fuiste Tu","Romo, Daniela",SC7101,7,SC7101,SC,1," 2/27/13"
"Te Me Perdiste","Rivers, Johnny",SC7107,10,SC7107,SC,1," 2/27/13"
"Tedeschi, Susan","Rock Me Right",SC8675,10,SC8675,SC,1," 2/27/13"
"Temptations, The","Run Away Child, Running Wild",DK061,9,DK061,DK,1," 2/27/13"
"The New Relics","Real Love",PHMC1007,9,PHMC1007,PH,1," 2/27/13"
"This Song Will Last Forever","Rawls, Lou",DG06,11,DG06,DG,1," 2/27/13"
"Thomas, B.j.","Raindrops Keep Fallin' On My Head",SC7534,1,SC7534,SC,1," 2/27/13"
"Thomas, B.J.","Raindrops Keep Fallin' On My Head",DK015,6,DK015,DK,1," 2/27/13"
"Thomas, B.j.","Raindrops Keep Fallin' On My Head",PI004,13,PI004,PI,1," 2/27/13"
"Thomas, B.J.","Raindrops Keep Fallin' On My Head",SAVP02,13,SAVP02,SA,1," 2/27/13"
"Thomas, B.j.","Raindrops Keep Fallin' On My Head",CBE21,15,CBE21,CB,1," 2/27/13"
"Thomas, B.j.","Rock And Roll Lullaby",SC8594,10,SC8594,SC,1," 2/27/13"
"Thompson, Hank","Rub A Dub Dub",CB90134,7,CB90134,CB,1," 2/27/13"
"Thompson, Hank",Rub-A-Dub-Dub,SC8491,10,SC8491,SC,1," 2/27/13"
"Thorogood, George & The Destroyers","Rock & Roll Christmas",CB60209,6,CB60209,CB,1," 2/27/13"
"Tillis, Pam","River And The Highway, The",CB90031,10,CB90031,CB,1," 2/27/13"
"Timberlake, Justin","Rock Your Body",MM6387,4,MM6387,MM,1," 2/27/13"
"Time Is On My Side","Rolling Stones, The",BS9217,4,BS9217,BS,1," 2/27/13"
"Time Stands Still",Rush,GM1000,6,GM1000,GM,1," 2/27/13"
"Timex Social Club",Rumors,AH8021,12,AH8021,AH,1," 2/27/13"
Tlc,"Red Light Special",MM6096,12,MM6096,MM,1," 2/27/13"
Toto,Rosanna,PI003,8,PI003,PI,1," 2/27/13"
Traditional,"Rocky Top",SC8106,4,SC8106,SC,1," 2/27/13"
Traditional,"Roll Out The Barrel (Beer Barrel Polka)",DK096,7,DK096,DK,1," 2/27/13"
"Trailor Choir","Rockin' The Beer Gut",PHMC0908,3,PHMC0908,PH,1," 2/27/13"
Train,Respect,PHR0109,2,PHR0109,PH,1," 2/27/13"
Travis,Re-Offender,SF209,10,SF209,SF,1," 2/27/13"
"Trevino, Rick","Running Out Of Reasons To Run",CHM9701,17,CHM9701,CH,1," 2/27/13"
"Trust Company","Running From Me",PHR0302,5,PHR0302,PH,1," 2/27/13"
Trustcompany,"Running From Me",THMR0303,12,THMR0303,TH,1," 2/27/13"
"Tucker, Tanya","Ridin' Out The Heartache",MM6209,15,MM6209,MM,1," 2/27/13"
"Tumbling Dice","Rolling Stones, The",UK3103,12,UK3103,UK,1," 2/27/13"
"Tupac & Notorious Big",Runnin',SC8858,11,SC8858,SC,1," 2/27/13"
"Tupac & The Notorious B.I.G.","Runnin' (Radio Version)",SC3390,4,SC3390,SC,1," 2/27/13"
"Turn The Beat Around","Robinson, Vickie Sue",AH8421,14,AH8421,AH,1," 2/27/13"
"Tv Tunes",Rawhide,SC8116,7,SC8116,SC,1," 2/27/13"
"Twain, Shania","Raining On Our Love",MMCOU205,20,MMCOU205,MM,1," 2/27/13"
"Twain, Shania","Rock This Country",CB60194,15,CB60194,CB,1," 2/27/13"
"Twitty, Conway","Red Neckin' Love Makin' Night",CB90011,15,CB90011,CB,1," 2/27/13"
"Twitty, Conway","Rest Your Love On Me",SC8582,9,SC8582,SC,1," 2/27/13"
"Twitty, Conway & Sam Moore","Rainy Night In Georgia",SC8296,9,SC8296,SC,1," 2/27/13"
"Tyler, Ryan","Run, Run, Run",SC8847,11,SC8847,SC,1," 2/27/13"
"Tyler, Ryan wvocal","Run, Run, Run",PHN0312,12,PHN0312,PH,1," 2/27/13"
Ub40,"Red Red Wine",BL19,1,BL19,BL,1," 2/27/13"
UB40,"Red Red Wine",SC2082,4,SC2082,SC,1," 2/27/13"
Ub40,"Red Red Wine",MM6189,13,MM6189,MM,1," 2/27/13"
"Unchained Melody","Righteous Brothers, The",KJT05,4,KJT05,KJ,1," 2/27/13"
"Uncle Kracker",Rescue,PHM0408,9,PHM0408,PH,1," 2/27/13"
"Under The Bridge","Red Hot Chili Peppers",BS5417,8,BS5417,BS,1," 2/27/13"
"Urban, Keith","Raining On Sunday",SC8807,14,SC8807,SC,1," 2/27/13"
Utfo,"Roxanne Roxanne",SC8656,3,SC8656,SC,1," 2/27/13"
"Van Halen","Right Now",SC8562,5,SC8562,SC,1," 2/27/13"
"Van Halen","Runnin' With The Devil",SC8334,8,SC8334,SC,1," 2/27/13"
"Van Halen wvocal","Runnin' With The Devil",SC2248,16,SC2248,SC,1," 2/27/13"
"Van Shelton, Ricky & Parton, Dolly","Rockin' Years",SC7588,5,SC7588,SC,1," 2/27/13"
"Vassar, Phil","Rose Bouquet",SC8677,13,SC8677,SC,1," 2/27/13"
"Vee, Bobby","Rubber Ball",SF044,2,SF044,SF,1," 2/27/13"
"Vee, Bobby","Run To Him",SC8258,13,SC8258,SC,1," 2/27/13"
"Vega, Ray","Remember When",MM6181,14,MM6181,MM,1," 2/27/13"
"Vines, The",Ride,PHR0406,9,PHR0406,PH,1," 2/27/13"
"Vinton, Bobby","Roses Are Red",DKM2017,11,DKM2017,DK,1," 2/27/13"
"Vinton, Bobby","Roses Are Red My Love",DK064,13,DK064,DK,1," 2/27/13"
"Walk On The Wild Side","Reed, Lou",AH8013,1,AH8013,AH,1," 2/27/13"
"Walker, Clay","Rumor Has It",CHM9703,16,CHM9703,CH,1," 2/27/13"
"Walkin Blues","Royal Crown Revue",AMS1509,6,AMS1509,AM,1," 2/27/13"
"Walsh, Joe","Rocky Mountain Way",PI005,4,PI005,PI,1," 2/27/13"
"Ward, Anita","Ring My Bell",CBE2-21,15,CBE2-21,CB,1," 2/27/13"
"Wariner, Steve","Road Trippin'",CB90034,12,CB90034,CB,1," 2/27/13"
"Warnes, Jennifer","Right Time Of The Night",MM6098,8,MM6098,MM,1," 2/27/13"
"Warren G & Nate Dogg",Regulate,SC8279,12,SC8279,SC,1," 2/27/13"
"Waters, Muddy","Rollin' & Tumblin'",SC8339,6,SC8339,SC,1," 2/27/13"
"Watley, Jody","Real Love",SC8606,12,SC8606,SC,1," 2/27/13"
"Watley, Jody","Real Love, The",PI003,4,PI003,PI,1," 2/27/13"
"Waylon Jennings","Rainy Day Woman",SC8365,13,SC8365,SC,1," 2/27/13"
"We Don't Talk Anymore","Richard, Cliff",PX07,11,PX07,PX,1," 2/27/13"
"West, Dottie","Reaching Out To Hold You",CB90085,11,CB90085,CB,1," 2/27/13"
"When I Fall In Love","Ronstadt, Linda",KJT05,19,KJT05,KJ,1," 2/27/13"
"When Will I Be Loved","Ronstadt, Linda",KJT08,9,KJT08,KJ,1," 2/27/13"
"While You Loved Me","Rascal Flatts",TUFP26,17,TUFP26,TU,1," 2/27/13"
"White, Bryan","Rebecca Lynn",SD021,6,SD021,SD,1," 2/27/13"
"White, Lari","Ready Willing And Able",SC8224,7,SC8224,SC,1," 2/27/13"
"Whitney Houston","Run To You",SC8111,6,SC8111,SC,1," 2/27/13"
"Who Do You Love Now","Riva Feat Danni Minogue",SF187,3,SF187,SF,1," 2/27/13"
"Wilburn Brothers, The","Roll Muddy River",CBE3-01,14,CBE3-01,CB,1," 2/27/13"
"Wild Horses","Rolling Stones, The",BS9217,16,BS9217,BS,1," 2/27/13"
Wildchild,"Renegade Masters `98",SF118,3,SF118,SF,1," 2/27/13"
Wildfire,"Rough Edges",CBEP476-3,13,CBEP476-3,CB,1," 2/27/13"
"Williams, Lucinda","Right In Time",SC8487,13,SC8487,SC,1," 2/27/13"
"Williams, Lucinda",Righteously,THMP0310,9,THMP0310,TH,1," 2/27/13"
"Williams, Robbie","Rock Dj",SF169,16,SF169,SF,1," 2/27/13"
"Wills, Mark","Rich Man",CB60196,15,CB60196,CB,1," 2/27/13"
"Wilson Phillips","Release Me",DK071,1,DK071,DK,1," 2/27/13"
"Wilson, Gretchen","Redneck Woman",SC8877,14,SC8877,SC,1," 2/27/13"
"Wilson, Jackie","Reet Petite",SF048,7,SF048,SF,1," 2/27/13"
"Winwood, Steve","Roll With It",SD003,7,SD003,SD,1," 2/27/13"
"Wishing On A Star","Royce, Rose",SF072,7,SF072,SF,1," 2/27/13"
"Wonder, Stevie","Ribbon In The Sky",SC8860,10,SC8860,SC,1," 2/27/13"
"Wreckx 'n Effect","Rump Shaker",SC7586,10,SC7586,SC,1," 2/27/13"
"Wright, Chely","Right In The Middle Of It",SC8250,15,SC8250,SC,1," 2/27/13"
"Wynette, Tammy","Run, Woman, Run",SC8604,11,SC8604,SC,1," 2/27/13"
"Y & T","Rescue Me",SC8713,12,SC8713,SC,1," 2/27/13"
"Yankovic, Weird Al",Ricky,SGB23,5,SGB23,SG,1," 2/27/13"
"Yc Featuring Future",Racks,PHMU1105,2,PHMU1105,PH,1," 2/27/13"
"Yearwood, Trisha","Real Live Woman",CHM0004,13,CHM0004,CH,1," 2/27/13"
Yes,Roundabout,SC8658,13,SC8658,SC,1," 2/27/13"
"You Better Run","Rascals, The",DG06,5,DG06,DG,1," 2/27/13"
"You Can't Always Get What You Want","Rolling Stones, The",KC001,4,KC001,KC,1," 2/27/13"
"You've Lost That Loving Feeling","Righteous Brothers, The",JV0009,2,JV0009,JV,1," 2/27/13"
"Young, Faron",Riverboat,CB90217,11,CB90217,CB,1," 2/27/13"
"Young, Neil","Rockin' In The Free World",SC8715,7,SC8715,SC,1," 2/27/13"
"Zellweger, Rene",Roxie,SC3373,4,SC3373,SC,1," 2/27/13"
"Zellweger, RenE",Roxie,SC8834,4,SC8834,SC,1," 2/27/13"
"Zephyr Song","Red Hot Chili Peppers",TU159,19,TU159,TU,1," 2/27/13"
"Zz Top","Rough Boy",SC7563,11,SC7563,SC,1," 2/27/13"
