"2 Pistols Feat Ray J","You Know Me",PHMU0809,9,PHMU0809,PH,1," 2/27/13"
311,"You Wouldn't Believe",SC8717,14,SC8717,SC,1," 2/27/13"
"8 Ball & MJG","You Don't Want Drama",PHU0409,5,PHU0409,PH,1," 2/27/13"
"8 Ball & MJG wvocal","You Don't Want Drama",PHU0409,14,PHU0409,PH,1," 2/27/13"
Ac-Dc,"You Shook Me All Night Long",AH8001,14,AH8001,AH,1," 2/27/13"
"Ain't Misbehavin'","Your Feet's Too Big",MM6175,6,MM6175,MM,1," 2/27/13"
Alabama,"You've Got The Touch",DK035,7,DK035,DK,1," 2/27/13"
Ambrosia,"You're The Only Woman",SC8580,7,SC8580,SC,1," 2/27/13"
America,"You Can Do Magic",DK098,17,DK098,DK,1," 2/27/13"
Anastacia,"You'll Never Be Alone",THP0302,12,THP0302,TH,1," 2/27/13"
"Anderson, John","You Ain't Hurt Nothin' Yet",CB90092,12,CB90092,CB,1," 2/27/13"
"Anderson, Lynn","You're My Man",CB90114,6,CB90114,CB,1," 2/27/13"
"Andrews, Chris","Yesterday Man",SF045,12,SF045,SF,1," 2/27/13"
"Andrews, Jessica","You Go First",SC8549,11,SC8549,SC,1," 2/27/13"
"Andrews, Jessica","You Go First (Do You Wanna Kiss)",SD065,6,SD065,SD,1," 2/27/13"
"Andy Griggs","You Made Me That Way",SD078,8,SD078,SD,1," 2/27/13"
"Anka, Paul","You Are My Destiny",SC8196,10,SC8196,SC,1," 2/27/13"
"Anthony, Marc","You Sang To Me",CB30015,15,CB30015,CB,1," 2/27/13"
"Anything Goes","You're The Top",SC2222,5,SC2222,SC,1," 2/27/13"
"Arnold, Eddy","You Don't Know Me",CB20219,8,CB20219,CB,1," 2/27/13"
"Arnold, Eddy W-Vocal","You Don't Know Me",SC7544,7,SC7544,SC,1," 2/27/13"
"Ashton, Susan","You're Lucky I Love",SD065,9,SD065,SD,1," 2/27/13"
"Ashton, Susan","You're Lucky I Love You",CB60177,11,CB60177,CB,1," 2/27/13"
"Autry, Gene","You Are My Sunshine",CBE2-01,9,CBE2-01,CB,1," 2/27/13"
"Autry, Gene","You're Not My Darlin' Anymore",CB90219,13,CB90219,CB,1," 2/27/13"
Avant,"Your Body Is The Business",PHMU1106,7,PHMU1106,PH,1," 2/27/13"
"Bachman Turner Overdrive","You Ain't Seen Nothing Yet",CBEP464-5,16,CBEP464-5,CB,1," 2/27/13"
"Bachman Turner Overdrive wvocal","You Ain't Seen Nothing Yet",SC2439,9,SC2439,SC,1," 2/27/13"
"Bachman-Turner Overdrive","You Ain't Seen Nothing Yet",DK022,17,DK022,DK,1," 2/27/13"
"Bad Company","Young Blood",SC8314,7,SC8314,SC,1," 2/27/13"
"Baha Men","You All Dat",SF176,7,SF176,SF,1," 2/27/13"
"Baker & Myers","Years From Here",SC8239,13,SC8239,SC,1," 2/27/13"
"Baker, Anita","You Bring Me Joy",SC8405,1,SC8405,SC,1," 2/27/13"
"Ballard, Roger","You Can't Get There From Here",SC8287,15,SC8287,SC,1," 2/27/13"
"Barbra Streisand & Neil Diamond","You Don't Bring Me Flowers",SC8119,1,SC8119,SC,1," 2/27/13"
"Beastie Boys, The","You Gotta Fight For Your Right To Party",AH8006,12,AH8006,AH,1," 2/27/13"
"Beatles, The","Yellow Submarine",CBEP472-2,14,CBEP472-2,CB,1," 2/27/13"
"Beatles, The",Yesterday,CBE2-16,13,CBE2-16,CB,1," 2/27/13"
"Beatles, The","You Can't Do That",SC8360,6,SC8360,SC,1," 2/27/13"
"Beatles, The","You're Gonna Lose That Girl",DK009,9,DK009,DK,1," 2/27/13"
"Beatles, The","You've Got To Hide Your Love Away",SC8360,8,SC8360,SC,1," 2/27/13"
"Beatles, The","Your Mother Should Know",MM6060,2,MM6060,MM,1," 2/27/13"
"Bee Gees, The","You Should Be Dancing",DK034,10,DK034,DK,1," 2/27/13"
"Bee Gees, The","You Win Again",SAVP32,17,SAVP32,SA,1," 2/27/13"
"Believe Me Baby I Lied","Yearwood, Trisha",AH8016,14,AH8016,AH,1," 2/27/13"
"Bellamy Brothers, The","You Ain't Just Whistlin' Dixie",SC8342,14,SC8342,SC,1," 2/27/13"
"Benatar, Pat","You Better Run",SC8815,13,SC8815,SC,1," 2/27/13"
"Benet, Erik","Youre The Only One",PHMU0808,5,PHMU0808,PH,1," 2/27/13"
"Berry, John","You And Only You",SD006,8,SD006,SD,1," 2/27/13"
"Berry, John","Your Love Amazes Me",SC8141,15,SC8141,SC,1," 2/27/13"
"Big Bad Voodoo Daddy","You & Me & The Bottle Makes 3",SC8484,8,SC8484,SC,1," 2/27/13"
"Big Bad Voodoo Daddy","You And Me And The Bottle Makes Three",SGB07,1,SGB07,SG,1," 2/27/13"
"Big House","You Ain't Lonely Yet",SC8382,14,SC8382,SC,1," 2/27/13"
"Bishops, The","You Can't Ask Too Much Of My God",CBEP466-4,5,CBEP466-4,CB,1," 2/27/13"
"Black Legend","You See The Trouble With Me",SF167,16,SF167,SF,1," 2/27/13"
"Black, Cilla","You're My World",SF052,2,SF052,SF,1," 2/27/13"
"Black, Clint","You Don't Need Me Now",CB60170,14,CB60170,CB,1," 2/27/13"
Blackhawk,"Your Own Little Corner Of My Heart",SC8520,15,SC8520,SC,1," 2/27/13"
"Blanchard & Morgan","You've Got Your Troubles I've Got Mine",MM6314,10,MM6314,MM,1," 2/27/13"
"Blige, Mary J.","You Don't Have To Worry",SC8244,7,SC8244,SC,1," 2/27/13"
"Blige, Mary J.","You Remind Me",SC8274,14,SC8274,SC,1," 2/27/13"
"Blood, Sweat & Tears","You've Made Me So Very Happy",SC7550,8,SC7550,SC,1," 2/27/13"
"Blue Jeans","Yasmeen & Ghostface Killah",THH0211,14,THH0211,TH,1," 2/27/13"
Bluebells,"Young At Heart",SF012,14,SF012,SF,1," 2/27/13"
"Bluegrass Album Band, The","Your Love Is Like A Flower",CBEP476-6,6,CBEP476-6,CB,1," 2/27/13"
"Bo Bice","You Take Yourself With You",PHMC1008,5,PHMC1008,PH,1," 2/27/13"
"Bob Seger","You'll Accompany Me",AH8020,9,AH8020,AH,1," 2/27/13"
"Bogguss, Suzy","You Never Will",SC8287,13,SC8287,SC,1," 2/27/13"
"Bogguss, Suzy","You Wouldn't Say That To A Stranger",SC8260,7,SC8260,SC,1," 2/27/13"
"Bolton, Michael","You Wouldn't Know Love",SC8264,15,SC8264,SC,1," 2/27/13"
"Bon Jovi","You Give Love A Bad Name",SC7579,15,SC7579,SC,1," 2/27/13"
"Bonnie Raitt",You,SC8371,12,SC8371,SC,1," 2/27/13"
"Bonnie Raitt","You Got It",SC8156,12,SC8156,SC,1," 2/27/13"
"Bonoff, K. & Nitty Gritty Dirt Band","You Believed In Me",SC8289,13,SC8289,SC,1," 2/27/13"
"Boone, Debbie","You Light Up My Life",SC7506,9,SC7506,SC,1," 2/27/13"
"Bowie, David","Young Americans",SC8313,10,SC8313,SC,1," 2/27/13"
Boyzone,"You Needed Me",BL20,14,BL20,BL,1," 2/27/13"
"Brand New Heavies","You Got A Friend",SF114,12,SF114,SF,1," 2/27/13"
"Braxton, Toni","You Mean The World To Me",AH9821,15,AH9821,AH,1," 2/27/13"
"Braxton, Toni","You're Making Me High",SF060,9,SF060,SF,1," 2/27/13"
"Brickman, Jim & Jane Krakowski",You,SC8809,12,SC8809,SC,1," 2/27/13"
"Broadman Hymnal","Ye Must Be Born Again",CB70017,15,CB70017,CB,1," 2/27/13"
"Brock, Chad",Yes,SD071,11,SD071,SD,1," 2/27/13"
"Brock, Chad",Yes!,CHM0006,16,CHM0006,CH,1," 2/27/13"
"Brooks & Dunn","You Can't Take The Honkey Tonk Out Of Th",MM6402,1,MM6402,MM,1," 2/27/13"
"Brooks & Dunn","You Can't Take The Honky Tonk Out Of The",SC8903,8,SC8903,SC,1," 2/27/13"
"Brooks & Dunn","You'll Always Be Loved By Me",CHM0006,13,CHM0006,CH,1," 2/27/13"
"Brooks & Dunn","You're Gonna Miss Me When I'm Gone",SC8505,8,SC8505,SC,1," 2/27/13"
"Brooks & Dunn","You're My Angel",CB60183,14,CB60183,CB,1," 2/27/13"
"Brooks & Dunn","You'll Always Be Loved By Me",CB60198,1,CB60198,CB,1," 2/27/13"
"Brooks & Dunn wvocal","You Can't Take The Honky Tonk Out Of The",SC3382,16,SC3382,SC,1," 2/27/13"
"Brooks, Garth","You Move Me",SC8480,11,SC8480,SC,1," 2/27/13"
"Brothers Four, The","Yellow Bird",SAVP05,16,SAVP05,SA,1," 2/27/13"
"Brown, Marty","You Can't Wrap Your Arms Around A Memory",SC8344,8,SC8344,SC,1," 2/27/13"
"Bruce, Ed","You Turn Me On",SC8326,10,SC8326,SC,1," 2/27/13"
"Bruce, Ed","You're The Best Break This Old Heart Eve",SC7537,8,SC7537,SC,1," 2/27/13"
Bto,"You Ain't Seen Nothing Yet",SC8368,10,SC8368,SC,1," 2/27/13"
"Buble, Michael","You'll Never Find",MM6410,6,MM6410,MM,1," 2/27/13"
"Burnett, Johnny","You're Sixteen",MM6016,11,MM6016,MM,1," 2/27/13"
"Bust A Move","Young MC",KJT08,7,KJT08,KJ,1," 2/27/13"
Busted,"Year 3000",SF202,15,SF202,SF,1," 2/27/13"
Busted,"You Said No",SF205,10,SF205,SF,1," 2/27/13"
Candlebox,You,SC8530,12,SC8530,SC,1," 2/27/13"
"Cantor, Eddie","Yes Sir! That's My Baby",CB5018-01,12,CB5018-01,CB,1," 2/27/13"
Caravelles,"You Don't Have To Be A Baby To Cry",SC8206,15,SC8206,SC,1," 2/27/13"
"Cardigans, The","Your New Cuckoo",MM6197,14,MM6197,MM,1," 2/27/13"
Carousel,"You'll Never Walk Alone",SF008,7,SF008,SF,1," 2/27/13"
"Carpenter, Mary Chapin","You Win Again",CB90029,11,CB90029,CB,1," 2/27/13"
"Carpenters, The","Yesterday Once More",CB90194,13,CB90194,CB,1," 2/27/13"
"Carr, Vicki","Yo Sego Siendo Como Soy",MM6138,5,MM6138,MM,1," 2/27/13"
"Cars, The","You Might Think",SC7559,10,SC7559,SC,1," 2/27/13"
"Carson, Jeff","Yeah Buddy",SC8171,4,SC8171,SC,1," 2/27/13"
"Carter's Chord","Young Love",PHMC0804,9,PHMC0804,PH,1," 2/27/13"
"Carter, Deana","You Still Shake Me",MM6264,15,MM6264,MM,1," 2/27/13"
"Cassidy, Eva & David Gray","You Don't Know Me",MM6393,8,MM6393,MM,1," 2/27/13"
"Charles, Ray","You Don't Know Me",MM6067,6,MM6067,MM,1," 2/27/13"
"Cheap Trick","You're All I Wanna Do",SC8238,14,SC8238,SC,1," 2/27/13"
"Chesney, Kenny","You Had Me From Hello",CBEP461-6,15,CBEP461-6,CB,1," 2/27/13"
"Chesney, Kenny",Young,CBE3-13,15,CBE3-13,CB,1," 2/27/13"
"Chesney, Kenny wvocal",Young,SC3300,12,SC3300,SC,1," 2/27/13"
"Chesnutt, Mark","Your Love Is A Miracle",CB90024,4,CB90024,CB,1," 2/27/13"
Chicago,"You're The Inspiration",CBEP467-5,13,CBEP467-5,CB,1," 2/27/13"
Christie,"Yellow River",SF042,1,SF042,SF,1," 2/27/13"
Christmas,"You're A Mean One, Mr. Grinch",CB60185,12,CB60185,CB,1," 2/27/13"
"Christmas-How The Grinch Stole Christmas","You're A Mean One, Mr. Grinch",SC8557,14,SC8557,SC,1," 2/27/13"
"Clark, Jameson","You Da Man",THC0301,18,THC0301,TH,1," 2/27/13"
"Clark, Roy","Yesterday When I Was Young",SC8262,9,SC8262,SC,1," 2/27/13"
"Clark, Terri","You're Easy On The Eyes",SC8480,15,SC8480,SC,1," 2/27/13"
"Clarkson, Kelly & Tamyra Gray","You Thought Wrong",SC8845,15,SC8845,SC,1," 2/27/13"
"Clarkson, Kelly & Tamyra Gray wvocal","You Thought Wrong",SC3383,15,SC3383,SC,1," 2/27/13"
"Cline, Patsy","You Took Him Off My Hands",MM6084,14,MM6084,MM,1," 2/27/13"
"Cline, Patsy","You're Stronger Than Me",MM6084,8,MM6084,MM,1," 2/27/13"
"Coasters, The","Yakety Yak",DK049,18,DK049,DK,1," 2/27/13"
"Coasters, The","Young Blood",CBEP454-5,14,CBEP454-5,CB,1," 2/27/13"
"Cobra Starship feat Sabi","You Make Me Feel",PHMP1111,1,PHMP1111,PH,1," 2/27/13"
"Cochran, Anita","You With Me",CB60205,11,CB60205,CB,1," 2/27/13"
"Cocker, Joe","You Are So Beautiful",MMGCP9805,15,MMGCP9805,MM,1," 2/27/13"
"Cocker, Joe","You Can Leave Your Hat On",BL36,6,BL36,BL,1," 2/27/13"
"Coe, David Allan","You Never Even Call Me By My Name",CB80109,15,CB80109,CB,1," 2/27/13"
"Coe, David Allan","You Never Even Called Me By My Name",SC7515,8,SC7515,SC,1," 2/27/13"
"Coe, David Allan","You Never Even Called Me By My Name - Co",SC2324,8,SC2324,SC,1," 2/27/13"
"Coe, David Allen","You Never Even Call Me By My Name",CB90115,1,CB90115,CB,1," 2/27/13"
"Cold Play",Yellow,SF169,4,SF169,SF,1," 2/27/13"
Coldplay,Yellow,CB30012,14,CB30012,CB,1," 2/27/13"
"Cole, Nat King","You Stepped Out Of A Dream",MM6242,15,MM6242,MM,1," 2/27/13"
"Collins, Phil","You Can't Hurry Love",SF031,11,SF031,SF,1," 2/27/13"
"Collins, Phil","You'll Be In My Heart",BL36,11,BL36,BL,1," 2/27/13"
"Colvin, Shawn","You & Mona Lisa",PHM9711,4,PHM9711,PH,1," 2/27/13"
"Colvin, Shawn","You And The Mona Lisa",SC8423,14,SC8423,SC,1," 2/27/13"
"Conlee, John","Years After You",CB90100,9,CB90100,CB,1," 2/27/13"
"Conley, Earl Thomas","Your Love's On The Line",CB60167,10,CB60167,CB,1," 2/27/13"
"Connie Smith","You and Me",PHMC1112,5,PHMC1112,PH,1," 2/27/13"
"Cooper, Alice","You And Me",SC8734,12,SC8734,SC,1," 2/27/13"
"Coty, Neal","You Got Lucky",CB60219,9,CB60219,CB,1," 2/27/13"
"Craddock, Billy ''crash''","You Rubbed It In All Wrong",CBE4-15,14,CBE4-15,CB,1," 2/27/13"
"Crawford, Randy","You Might Need Somebody",SF110,15,SF110,SF,1," 2/27/13"
"Croce, Jim","You Don't Mess Around",SC2204,2,SC2204,SC,1," 2/27/13"
"Croce, Jim","You Don't Mess Around With Jim",CBE2-18,5,CBE2-18,CB,1," 2/27/13"
"Crosby, Bing","You Are My Sunshine",SC7210,16,SC7210,SC,1," 2/27/13"
"Crosby, Bing","You Must Have Been A Beautiful Baby",CBEP469-2,12,CBEP469-2,CB,1," 2/27/13"
"Cryner, Bobbie","You'd Think He'd Know Me Better",SC8247,15,SC8247,SC,1," 2/27/13"
"Crystal Shawanda","You Can Let Go",PHMC0812,6,PHMC0812,PH,1," 2/27/13"
"Cupids Inspiration","Yesterday Has Gone",SF065,10,SF065,SF,1," 2/27/13"
"Cutting Edge","Your Love Is My Oxygen",PHMP1202,9,PHMP1202,PH,1," 2/27/13"
"Cyrus, Billy Ray","You Won't Be Lonely Now",MM6312,14,MM6312,MM,1," 2/27/13"
"Damn Yankees","You Gotta Have Heart",MMBH1-2,18,MMBH1-2,MM,1," 2/27/13"
"Daniel, Dale","You Gave Her Your Name",SC8317,14,SC8317,SC,1," 2/27/13"
"Darin, Bobby","You Must Have Been A Beautiful Baby",MMGSTA01,19,MMGSTA01,MM,1," 2/27/13"
"Darin, Bobby","You're The Reason I'm Living",SC7526,11,SC7526,SC,1," 2/27/13"
"David Gray","You're The World To Me",PHMP0802,3,PHMP0802,PH,1," 2/27/13"
"David, Craig","You Dont Miss Your Water",SF213,4,SF213,SF,1," 2/27/13"
"Davis, Mac","You're My Bestest Friend",SC8326,7,SC8326,SC,1," 2/27/13"
"Dead Or Alive","You Spin Me Around",SF037,11,SF037,SF,1," 2/27/13"
"Dead Or Alive","You Spin Me Round",SC8696,8,SC8696,SC,1," 2/27/13"
"Dead Or Alive","You Spin Me Round (Like A Record)",SC8573,8,SC8573,SC,1," 2/27/13"
"Dean, Billy","You Don't Count The Cost",CB60099,5,CB60099,CB,1," 2/27/13"
"Dekker, Desmond & The Aces","You Can Get It If You Really Want",MM6375,2,MM6375,MM,1," 2/27/13"
Des'ree,"You Gotta Be",MM6078,15,MM6078,MM,1," 2/27/13"
"Desario, Teri & K.C.","Yes, I'm Ready",DK057,2,DK057,DK,1," 2/27/13"
"Desario, Teri & Kc","Yes I'm Ready",SC8482,5,SC8482,SC,1," 2/27/13"
"Diamond & Streisand","You Don't Bring Me Flowers",MM6112,9,MM6112,MM,1," 2/27/13"
"Diamond Rio","You're Gone",CB90012,13,CB90012,CB,1," 2/27/13"
"Diamond, Neil","Yesterday's Songs",MM6072,10,MM6072,MM,1," 2/27/13"
"Diamond, Neil","You Are The Best Part Of Me",MM6348,4,MM6348,MM,1," 2/27/13"
"Diamond, Neil & Barbra Streisand","You Don't Bring Me Flowers",MMGCP9807,1,MMGCP9807,MM,1," 2/27/13"
"Diamond, Neil & Streisand, Barbra","You Don't Bring Me Flowers",SC7519,15,SC7519,SC,1," 2/27/13"
"Dion, Celine","You & I",SC8883,3,SC8883,SC,1," 2/27/13"
"Dion, Celine","You And I",SC3415,3,SC3415,SC,1," 2/27/13"
"Dixie Chicks, The","You Can't Hurry Love",SGB029,9,SGB029,SG,1," 2/27/13"
"Dixie Chicks, The","You Were Mine",SGB029,12,SGB029,SG,1," 2/27/13"
"Dixon, Willie","You Shook Me",SC8339,5,SC8339,SC,1," 2/27/13"
"DJ Jazzy Jeff & Fresh Prince, The","You're Gonna Make Me Love Somebody",SAVP38,19,SAVP38,SA,1," 2/27/13"
"Dorsey, Lee","Ya Ya",SC8251,12,SC8251,SC,1," 2/27/13"
"Down By The River","Young, Neil",DG10,7,DG10,DG,1," 2/27/13"
"Drusky & Mitchell","Yes, Mr.peters",MM6314,12,MM6314,MM,1," 2/27/13"
"Drusky, Roy","Yes, Mr. Peters",CB90141,15,CB90141,CB,1," 2/27/13"
"Drusky, Roy & Priscilla Mitchell","Yes, Mr. Peters",CBEP471-5,15,CBEP471-5,CB,1," 2/27/13"
"Duets-Diamond, Neil & Streisand, Barbra","You Don't Bring Me Flowers",AH8018,18,AH8018,AH,1," 2/27/13"
"Duets-Gaye, Marvin & Ross, Diana","You're A Special Part Of Me",DK087,16,DK087,DK,1," 2/27/13"
"Duets-Gaye, Marvin & Terrell, Tammi","You're All I Need To Get By",DK069,10,DK069,DK,1," 2/27/13"
"Duets-McCool, Marilyn & Davis, Billy Jr.","You Don't Have To Be A Star",DK056,14,DK056,DK,1," 2/27/13"
"Duets-Travolta, John & Newton-John, Oliv","You're The One That I Want",DK011,2,DK011,DK,1," 2/27/13"
"Dunn, Holly","You Had Me Going",SC8183,7,SC8183,SC,1," 2/27/13"
"Dunn, Holly","You Really Had Me Going",CBEP453-1,5,CBEP453-1,CB,1," 2/27/13"
"Duprees, The","You Belong To Me",MM6043,5,MM6043,MM,1," 2/27/13"
"Dustin Lynch","Your Plan",PHMC1211,4,PHMC1211,PH,1," 2/27/13"
"Easton, Sheena","You Could Have Been With Me",SC8378,8,SC8378,SC,1," 2/27/13"
"Eddie Rabbitt & Crystal Gayle","You & I",SC8128,10,SC8128,SC,1," 2/27/13"
"Elliot, Alecia","You Wanna What",SC8653,13,SC8653,SC,1," 2/27/13"
"Elliott, Alecia","You Wanna What",MM6311,11,MM6311,MM,1," 2/27/13"
"Elton John","Your Song",SC8134,12,SC8134,SC,1," 2/27/13"
"Elvis Presley","You Don't Have To Say You Love Me",SC8356,8,SC8356,SC,1," 2/27/13"
"Emerson Drive","You Still Own Me",PHMC0804,2,PHMC0804,PH,1," 2/27/13"
"English, Michael","Your Love Amazes Me",SC8290,14,SC8290,SC,1," 2/27/13"
"Estefan, Gloria","You Can't Walk Away From Love",MM6335,7,MM6335,MM,1," 2/27/13"
"Estefan, Gloria","You'll Be Mine",SC8312,15,SC8312,SC,1," 2/27/13"
"Etheridge, Melissa","You Can Sleep While I Drive",SC8600,1,SC8600,SC,1," 2/27/13"
"Etheridge, Melissa","Your Little Secret",SC8212,9,SC8212,SC,1," 2/27/13"
"Evans, Faith","You Get No Love",SC8731,7,SC8731,SC,1," 2/27/13"
Exile,Yet,CB60158,14,CB60158,CB,1," 2/27/13"
Fabolous,Young'n,PHM0206,8,PHM0206,PH,1," 2/27/13"
Fabolous,"Young'n (Holla Back)",SC8752,8,SC8752,SC,1," 2/27/13"
"Fairchild, Shelly","You Don't Lie Here Anymore",SC8907,9,SC8907,SC,1," 2/27/13"
"Fargo, Donna","You Can't Be A Beacon",CB80107,11,CB80107,CB,1," 2/27/13"
"Fargo, Donna","You Were Always There",SC8375,7,SC8375,SC,1," 2/27/13"
Fastball,"You're An Ocean",SC8637,3,SC8637,SC,1," 2/27/13"
"Fender, Freddie","You'll Lose A Good Thing",SC8525,14,SC8525,SC,1," 2/27/13"
Firefall,"You Are The Woman",SC8181,6,SC8181,SC,1," 2/27/13"
"Fireflies, The","You Were Mine",MM6421,2,MM6421,MM,1," 2/27/13"
"Fitzgerald, Ella","You Can Have Him",MM6186,14,MM6186,MM,1," 2/27/13"
"Five Heartbeats","You're A Thousand Miles Away",MM6401,4,MM6401,MM,1," 2/27/13"
"Flack, Roberta","You Make Me Feel Brand New",SC8318,14,SC8318,SC,1," 2/27/13"
"Flamingos, The","Your Other Love",MM6421,14,MM6421,MM,1," 2/27/13"
"Fleetwood Mac","You Make Lovin' Fun",DK081,8,DK081,DK,1," 2/27/13"
"Fleetwood Mac","You Make Loving Fun",SC7577,15,SC7577,SC,1," 2/27/13"
"Forester Sisters","You Again",SC1999NSC02,4,SC1999NSC02,SC,1," 2/27/13"
Fortunes,"You've Got Your Troubles",CBEP472-1,16,CBEP472-1,CB,1," 2/27/13"
"Fortunes, The","You've Got Your Troubles",SC8651,14,SC8651,SC,1," 2/27/13"
"Freddie & The Dreamers","You Were Made For Me",SF045,2,SF045,SF,1," 2/27/13"
"Fricke, Janie","You Don't Know Love",CB90113,11,CB90113,CB,1," 2/27/13"
"Fricke, Janie","Your Heart's Not In It",CB90113,9,CB90113,CB,1," 2/27/13"
"Frickie, Janie","You Don't Know Love",SC8610,10,SC8610,SC,1," 2/27/13"
"Frizell, David & Shelly West","You're The Reason God Made Oklahoma",SC8128,15,SC8128,SC,1," 2/27/13"
"Frizzell, David & Shelly West","You're The Reason God Made Oklahoma",CB60041,12,CB60041,CB,1," 2/27/13"
"Frizzell, David & West, Shelly","You're The Reason God Made Oklahoma",SC7516,15,SC7516,SC,1," 2/27/13"
"Fruit Bats","You're Too Weird",PHMP1110,6,PHMP1110,PH,1," 2/27/13"
"Gaither Vocal Band, The","Yes I Know",CBEP466-5,9,CBEP466-5,CB,1," 2/27/13"
"Gap Band, The","You Dropped A Bomb On Me",MM6135,14,MM6135,MM,1," 2/27/13"
Garbage,"You Look So Fine",SF142,9,SF142,SF,1," 2/27/13"
"Garland, Judy","You Made Me Love You",CBE3-15,4,CBE3-15,CB,1," 2/27/13"
"Gary Puckett & The Union Gap","Young Girl",SF052,7,SF052,SF,1," 2/27/13"
"Gaye & Terrell","Your Precious Love",MM6067,12,MM6067,MM,1," 2/27/13"
"Gaye & Terrill","You're Precious Love",CBEP459-1,17,CBEP459-1,CB,1," 2/27/13"
"Gaye, Marvin & Tammi Terrell","You're All I Need To Get By",CBEP459-4,10,CBEP459-4,CB,1," 2/27/13"
"Gaye, Marvin & Tammi Terrell","Your Precious Love",CBEP471-1,12,CBEP471-1,CB,1," 2/27/13"
"Gayle, Crystal","You Never Miss A Real Good Thing",CB90070,3,CB90070,CB,1," 2/27/13"
"Gayle, Crystal","You'll Never Miss A Real Good Thing",SC8401,8,SC8401,SC,1," 2/27/13"
"Gayle, Crystal & E. Rabbitt","You And I",MMGCP9807,11,MMGCP9807,MM,1," 2/27/13"
"George Jones","You Never Know Just How Good You",CB20154,11,CB20154,CB,1," 2/27/13"
"George Strait","You Know Me Better Than That",SC8165,1,SC8165,SC,1," 2/27/13"
"Gerry & The Pacemakers","You'll Never Walk Alone",SF028,12,SF028,SF,1," 2/27/13"
"Gill, Vince","You And You Alone",CHM9709,15,CHM9709,CH,1," 2/27/13"
"Gill, Vince","You Better Think Twice",MM6185,12,MM6185,MM,1," 2/27/13"
"Gill, Vince","Young Man's Town",THC0401,16,THC0401,TH,1," 2/27/13"
"Gill, Vince wvocal","Young Man's Town",SC3387,13,SC3387,SC,1," 2/27/13"
"Gilley, Mickey","You Don't Know Me",CB60139,13,CB60139,CB,1," 2/27/13"
"Gilley, Mickey","You've Really Got A Hold On Me",CB90077,5,CB90077,CB,1," 2/27/13"
"Good Charlotte","Young & The Hopeless, The",CBE4-12,10,CBE4-12,CB,1," 2/27/13"
"Good Charlotte","Young And The Hopeless, The",PHR0308,5,PHR0308,PH,1," 2/27/13"
"Good Charlotte wvocal","Young & The Hopeless, The",PHR0308,14,PHR0308,PH,1," 2/27/13"
"Gore, Lesley","You Don't Own Me",SC1003,2,SC1003,SC,1," 2/27/13"
"Gore, Leslie","You Don't Own Me",DK041,15,DK041,DK,1," 2/27/13"
Gospel,"Ye Must Be Born Again",CBEP456-1,15,CBEP456-1,CB,1," 2/27/13"
Grease,"You're The One That I Want",MMBH1-2,19,MMBH1-2,MM,1," 2/27/13"
"Green, Al","You Ought To Be With Me",DK078,10,DK078,DK,1," 2/27/13"
"Green, Al","Your Heart's In Good Hands",SC8248,8,SC8248,SC,1," 2/27/13"
"Greenwood, Lee","You've Got A Good Love Coming",CB60126,7,CB60126,CB,1," 2/27/13"
"Gregory, Clinton","You Didn't Miss A Thing",SC8160,9,SC8160,SC,1," 2/27/13"
"Griggs, Andy","You Made Me That Way",SC8646,13,SC8646,SC,1," 2/27/13"
"Griggs, Andy","You Won't Ever Be Lonely",MMCP2K08,16,MMCP2K08,MM,1," 2/27/13"
"Griggs, Andy","You Won't Ever Be That Lonely",CB60160,13,CB60160,CB,1," 2/27/13"
"Grobam, Josh","You Raise Me Up",PHM0405,4,PHM0405,PH,1," 2/27/13"
"Groban, Josh","You Raise Me Up",SC8855,15,SC8855,SC,1," 2/27/13"
"Groban, Josh","You Raise Me Up (Radio Version)",SC3391,8,SC3391,SC,1," 2/27/13"
"Groban, Josh","You're Still You",SC8818,3,SC8818,SC,1," 2/27/13"
"Groban, Josh","You're Still Youÿ",THP0305,16,THP0305,TH,1," 2/27/13"
"Groban, Josh","You're Still You",PHM0304,7,PHM0304,PH,1," 2/27/13"
"Groban, Josh wvocal","You Raise Me Up (Radio Version)",SC3391,16,SC3391,SC,1," 2/27/13"
"Groove Generation","You Make Me Feel Like Dancing",SF124,12,SF124,SF,1," 2/27/13"
"Guitars, Cadillacs","Yoakam, Dwight",KJT06,19,KJT06,KJ,1," 2/27/13"
"Guns 'N' Roses","You Could Be Me",SF021,8,SF021,SF,1," 2/27/13"
"Guns N' Roses","You Could Be Mine",SC8843,2,SC8843,SC,1," 2/27/13"
"Hagar, Sammy","Your Love Is Driving Me Crazy",SC8427,8,SC8427,SC,1," 2/27/13"
"Haggard, Merle","You Take Me For Granted",CB90119,13,CB90119,CB,1," 2/27/13"
"Haggard, Merle & George Jones","Yesterday's Wine",CB90119,15,CB90119,CB,1," 2/27/13"
"Hall & Oates","You Make My Dreams",CBEP468-4,16,CBEP468-4,CB,1," 2/27/13"
"Hall, Darryl & John Oates","You Make My Dreams",SC8725,6,SC8725,SC,1," 2/27/13"
"Hall, Daryl & John Oates","You Make My Dreams",SC7564,2,SC7564,SC,1," 2/27/13"
"Hall, Tom T.","Year That Clayton Delaney Died, The",CB80102,10,CB80102,CB,1," 2/27/13"
"Hall, Tom T.","Your Man Loves You, Honey",CB90107,14,CB90107,CB,1," 2/27/13"
"Harris, Emmylou","You Never Can Tell C'est La Vie",SC8647,1,SC8647,SC,1," 2/27/13"
"Harvest Moon","Young, Neil",DG07,6,DG07,DG,1," 2/27/13"
"Henry, Clarence Frogman","You Always Hurt The One You Love",SF074,11,SF074,SF,1," 2/27/13"
"Herndon, Ty","You Can Leave Your Hat On",CBE4-23,14,CBE4-23,CB,1," 2/27/13"
"Hill, Dru","You Are Everything",DK1115,16,DK1115,DK,1," 2/27/13"
"Hill, Faith","You Can't Lose Me",CB90046,13,CB90046,CB,1," 2/27/13"
"Hill, Faith","You Give Me Love",CB90046,14,CB90046,CB,1," 2/27/13"
"Hill, Faith","You're Still Here",SC8826,13,SC8826,SC,1," 2/27/13"
"Hill, Faith wvocal","You're Still Here",SC3367,14,SC3367,SC,1," 2/27/13"
"Hoffman, Billy","You're The Ticket",SC8677,6,SC8677,SC,1," 2/27/13"
"Hoppers, The","Yes, I Am",CBEP478-1,13,CBEP478-1,CB,1," 2/27/13"
"Hot Chocolate","You Sexy Thing",DK031,13,DK031,DK,1," 2/27/13"
"Houston, David","You Mean The World To Me",SC8419,15,SC8419,SC,1," 2/27/13"
"Houston, Whitney","You Give Good Love",DK037,3,DK037,DK,1," 2/27/13"
"Howard, Eddy","You'll Never Walk Alone",MMSTA03,17,MMSTA03,MM,1," 2/27/13"
"Hunter, Tab","Young Love",SF048,3,SF048,SF,1," 2/27/13"
"Ingram, James & Michael Mcdonald","Ya Mo B There",SC8790,9,SC8790,SC,1," 2/27/13"
"Inside Out","Yearwood, Trisha",PHN0203,3,PHN0203,PH,1," 2/27/13"
"Jackson, Alan","You Can't Give Up On Love",SC8137,15,SC8137,SC,1," 2/27/13"
"Jackson, Alan","You Can't Have It All",SC8112,15,SC8112,SC,1," 2/27/13"
"Jackson, Freddie","You Are My Lady",SC8322,3,SC8322,SC,1," 2/27/13"
"Jackson, Janet","You Want This",SC8279,14,SC8279,SC,1," 2/27/13"
"Jackson, Michael","You Are Not Alone",BL22,12,BL22,BL,1," 2/27/13"
"Jackson, Michael","You Rock My World",SC8726,15,SC8726,SC,1," 2/27/13"
"James, Harry & His Orchestra","You Made Me Love You",CBEP469-3,8,CBEP469-3,CB,1," 2/27/13"
"James, Sonny","You're The Only World I Know",CB90090,13,CB90090,CB,1," 2/27/13"
"James, Sonny","Young Love",MMGCP9804,15,MMGCP9804,MM,1," 2/27/13"
"Jay Z feat Mr. Hudson","Young Forever",PHMP1005,2,PHMP1005,PH,1," 2/27/13"
"Jennings, Waylon","You Can Have Her",SC8647,10,SC8647,SC,1," 2/27/13"
"Jets, The","You Got It All",DK047,1,DK047,DK,1," 2/27/13"
Jewel,"You Were Meant For Me",CBEP458-4,14,CBEP458-4,CB,1," 2/27/13"
"Joel, Billy","You May Be Right",SC8427,11,SC8427,SC,1," 2/27/13"
"Joel, Billy","You're Only Human",SC8808,1,SC8808,SC,1," 2/27/13"
"John, Elton","You Can Make History",SC8325,8,SC8325,SC,1," 2/27/13"
"John, Elton","Your Song",PI004,18,PI004,PI,1," 2/27/13"
"John, Olivia Newton & John Travolta","You're The One I Want",SF003,7,SF003,SF,1," 2/27/13"
"John, Olivia Newton & John Travolta","You're The One That I Want",MMGCP9807,18,MMGCP9807,MM,1," 2/27/13"
"Johnson, Marv","You've Got What It Takes",MM6055,13,MM6055,MM,1," 2/27/13"
"Jolson, Al","You Made Me Love You",DK091,17,DK091,DK,1," 2/27/13"
"Jones, Billy","Yes! We Have No Bananas",CBEP469-3,5,CBEP469-3,CB,1," 2/27/13"
"Jones, Donell","You Know That I Love You",SC8805,14,SC8805,SC,1," 2/27/13"
"Jones, Donell","You Should Know",SC8357,14,SC8357,SC,1," 2/27/13"
"Jones, George","You Comb Her Hair",SC7567,11,SC7567,SC,1," 2/27/13"
"Jones, George","You Never Know Just How Good You've Got",CB60190,12,CB60190,CB,1," 2/27/13"
"Jones, Joe","You Talk Too Much",MM6043,3,MM6043,MM,1," 2/27/13"
"Jones, Kacey & Delbert McClinton","You're The Reason Our Kids Are Ugly",CB20266,8,CB20266,CB,1," 2/27/13"
"Jones, Kacey & Delbert Mcclinton","You're The Reason Our Kids Are Ugly",CB60217,5,CB60217,CB,1," 2/27/13"
"Jones, Quincy","You Put A Move On My Heart",SC8281,1,SC8281,SC,1," 2/27/13"
"Jones, Spike","Yes We Have No Bananas",DK085,15,DK085,DK,1," 2/27/13"
"Jordan, Sass","You Don't Have To Remind Me",SC8338,1,SC8338,SC,1," 2/27/13"
"Judas Priest","You've Got Another Thing Comin'",SC8252,8,SC8252,SC,1," 2/27/13"
"Judds, The","Young Love",CB90010,15,CB90010,CB,1," 2/27/13"
"K-Ci & Jojo","You Bring Me Up",SC8390,3,SC8390,SC,1," 2/27/13"
"K.C. & The Sunshine Band","Yes, I Am Ready",CB90192,8,CB90192,CB,1," 2/27/13"
"Keith, Toby","You Ain't Much Fun",CBE12,15,CBE12,CB,1," 2/27/13"
"Keith, Toby","You Shouldn't Kiss Me Like This",SC8655,15,SC8655,SC,1," 2/27/13"
"Kelly, R.","You Remind Me Of Something",SC8220,15,SC8220,SC,1," 2/27/13"
Kem,"You're On My Mind",PHMU1204,2,PHMU1204,PH,1," 2/27/13"
"Kendalls, The","You'd Make An Angel Wanna Cheat",SC7570,1,SC7570,SC,1," 2/27/13"
"Kenny Lattimore","You Are My Starship",PHMU0812,7,PHMU0812,PH,1," 2/27/13"
"Kershaw, Sammy","Yard Sale",CB60106,13,CB60106,CB,1," 2/27/13"
"Kershaw, Sammy","Your Tattoo",SC8194,12,SC8194,SC,1," 2/27/13"
"Keys, Alicia","You Don't Know My Name",SC8858,15,SC8858,SC,1," 2/27/13"
"Keys, Alicia","You Dont Know My Name",SF212,11,SF212,SF,1," 2/27/13"
"Keys, Alicia","You Don't Know My Name",SC8902,8,SC8902,SC,1," 2/27/13"
"Keyshia Cole","You Complete Me",PHMU0903,3,PHMU0903,PH,1," 2/27/13"
"King, Carole","You've Got A Friend",CBE3-18,5,CBE3-18,CB,1," 2/27/13"
"Kinks, The","You Really Got Me",MMOLD01,18,MMOLD01,MM,1," 2/27/13"
"Kinley's, The","You're Still Here",CB60221,9,CB60221,CB,1," 2/27/13"
"Kinleys, The","You Make It Seem So Easy",CB60100,13,CB60100,CB,1," 2/27/13"
"Kinleys, The","You're Still Here",PHN0109,7,PHN0109,PH,1," 2/27/13"
Kiss,"You Wanted The Best",SC8515,9,SC8515,SC,1," 2/27/13"
"Krall, Diana","You're Getting To Be A Habit With Me",MM6334,6,MM6334,MM,1," 2/27/13"
Lace,"You Could've Had Me",CB60199,5,CB60199,CB,1," 2/27/13"
"Lattimore, Lennyÿ& Chante Moore","You Don't Have To Cry",CB30038,4,CB30038,CB,1," 2/27/13"
"Led Zeppelin","Your Time Is Gonna Come",SC8674,15,SC8674,SC,1," 2/27/13"
"Lee, Brenda","You Can Depend On Me",CBEP455-3,6,CBEP455-3,CB,1," 2/27/13"
"Leighton Meester","Your Love's A Drug",PHMP1006,7,PHMP1006,PH,1," 2/27/13"
"Lewis, Jerry Lee","You Win Again",CB90082,2,CB90082,CB,1," 2/27/13"
"Limmie & The Family Cooking","You Can Do Magic",SF101,1,SF101,SF,1," 2/27/13"
"Lines, Aaron","You Can't Hide Beautiful",CB60241,4,CB60241,CB,1," 2/27/13"
"Little Texas","You And Forever And Me",SC8502,9,SC8502,SC,1," 2/27/13"
"Locklin, Hank","You're The Reason",CB90220,13,CB90220,CB,1," 2/27/13"
"Loggins & Messina","Your Mama Don't Dance",SC7203,15,SC7203,SC,1," 2/27/13"
Lonestar,"You Walked In",CHM9712,16,CHM9712,CH,1," 2/27/13"
"Love Inc","You're A Superstar",SF201,5,SF201,SF,1," 2/27/13"
"Loveless, Patty","You Can Feel Bad",SC8232,14,SC8232,SC,1," 2/27/13"
"Loveless, Patty","You Don't Even Know Who I Am",DK1106,7,DK1106,DK,1," 2/27/13"
"Loveless, Patty","You Don't Seem To Miss Me",MMCOU203,17,MMCOU203,MM,1," 2/27/13"
"Loveless, Patty","You Will",MM6039,15,MM6039,MM,1," 2/27/13"
"Lovin' Spoonful","You Didn't Have To Be So Nice",CBEP472-3,11,CBEP472-3,CB,1," 2/27/13"
"Lovin' Spoonful, The","You Didn't Have To Be So Nice",SC8599,1,SC8599,SC,1," 2/27/13"
"Luke Bryan","You Don't Know Jack",PHMC1111,7,PHMC1111,PH,1," 2/27/13"
"Luther, Bill","You Will Always Be Mine",CB60216,5,CB60216,CB,1," 2/27/13"
"Lynn, Barbara","You'll Lose A Good Thing",MMRB05,20,MMRB05,MM,1," 2/27/13"
"Lynn, Loretta","You Ain't Woman Enough To Take My Man",SC7537,15,SC7537,SC,1," 2/27/13"
"Lynn, Loretta","You're Lookin' At Country",CBE3-01,13,CBE3-01,CB,1," 2/27/13"
"Lynn, Loretta","You're Looking At Country",SC2275,7,SC2275,SC,1," 2/27/13"
"Lynn, Loretta","You've Just Stepped In From Stepping Out",CB90073,13,CB90073,CB,1," 2/27/13"
"Lynn, Loretta","Your Squaw Is On The Warpath",SC8367,1,SC8367,SC,1," 2/27/13"
"Lynn, Loretta wvocal","You Ain't Woman Enough To Take My Man",SC2275,10,SC2275,SC,1," 2/27/13"
"Lynn, Loretta wvocal","You're Looking At Country",SC2275,15,SC2275,SC,1," 2/27/13"
"Lynyrd Skynyrd","You Got That Right",SC8459,6,SC8459,SC,1," 2/27/13"
Madonna,"You Must Love Me",SC8340,9,SC8340,SC,1," 2/27/13"
Madonna,"You'll See",SF041,13,SF041,SF,1," 2/27/13"
"Manchester, Melissa","You Should Hear How She Talks About You",SC8417,8,SC8417,SC,1," 2/27/13"
"Mandrell, Barbara",Years,CB90102,12,CB90102,CB,1," 2/27/13"
"Marc Anthony","You Sang To Me",SGB42,11,SGB42,SG,1," 2/27/13"
"Marshall Dyllon",You,CB60215,14,CB60215,CB,1," 2/27/13"
"Martin, Billy Ray","Your Loving Arms",SC8312,6,SC8312,SC,1," 2/27/13"
"Martin, Dean","You Belong To Me",MM6419-2,20,MM6419-2,MM,1," 2/27/13"
"Martin, Dean","You're Nobody 'til Somebody Loves You",CBE4-01,9,CBE4-01,CB,1," 2/27/13"
"Martin, Dean","You're Nobody 'till Somebody Loves You",SC7540,8,SC7540,SC,1," 2/27/13"
"Martin, Dean","You're Nobody 'Till Somebody Loves You",DK092,15,DK092,DK,1," 2/27/13"
"Martin, Dean","You're Nobody Till Somebody Loves You",MMSTA2-2,17,MMSTA2-2,MM,1," 2/27/13"
"Martin, Ricky","You Stay With Me",SGB13,13,SGB13,SG,1," 2/27/13"
"Mason, Barbara","Yes I'm Ready",CBEP459-3,16,CBEP459-3,CB,1," 2/27/13"
"Matt Kennon","You Can Still Wear White",PHMC1010,7,PHMC1010,PH,1," 2/27/13"
"Mattea, Kathy","You're The Power",SC8604,4,SC8604,SC,1," 2/27/13"
"Mayer, John","Your Body Is A Wonderland",THP0212,16,THP0212,TH,1," 2/27/13"
"Mayer, John wvocal","Your Body Is A Wonderland",SC3332,16,SC3332,SC,1," 2/27/13"
"Mccann, Lila","Yippy Ky Yay",SC8470,13,SC8470,SC,1," 2/27/13"
"McCann, Lila","Yippy Ky Yay",SD053,13,SD053,SD,1," 2/27/13"
"McComas, Brian","You're In My Head",MM6402,11,MM6402,MM,1," 2/27/13"
"Mccomas, Brian","You're In My Head",THC0401,18,THC0401,TH,1," 2/27/13"
"McCoo, Marilyn  & Billy Davis Jr.","You Don't Have To Be A Star",CBEP474-3,5,CBEP474-3,CB,1," 2/27/13"
"Mccoo, Marilyn & Billy Davis Jr.","You Don't Have To Be A Star (To Be In My",CBEP471-1,11,CBEP471-1,CB,1," 2/27/13"
"McCoo, Marilyn & Billy Davis, Jr.","You Don'T Have To Be A Star (To Be In My",SC8863,8,SC8863,SC,1," 2/27/13"
"Mccoy, Neal","You Gotta Love That",CB90057,14,CB90057,CB,1," 2/27/13"
"McCoy, Neal","You Gotta Love That",SD024,14,SD024,SD,1," 2/27/13"
"McCready, Mindy","You'll Never Know",SD047,6,SD047,SD,1," 2/27/13"
"Mccready, Mindy","You'll Never Know",CHM9804,17,CHM9804,CH,1," 2/27/13"
"McDonald, Jane","You're My World",SF145,6,SF145,SF,1," 2/27/13"
"Mcdowell, Ronnie","You're Gonna Ruin My Bad Reputation",DK060,13,DK060,DK,1," 2/27/13"
"Mcentire, Reba","You Lie",MMBK08,14,MMBK08,MM,1," 2/27/13"
"Mcentire, Reba","You Lift Me Up To Heaven",SC8411,7,SC8411,SC,1," 2/27/13"
"Mcentire, Reba","You're The First Time I Thought About Le",SC8375,8,SC8375,SC,1," 2/27/13"
"McGraw, Tim","You Turn Me On",MM6235,15,MM6235,MM,1," 2/27/13"
Meatloaf,"You Took The Words Right Out Of My Mouth",MM6042,14,MM6042,MM,1," 2/27/13"
"Mellencamp, John","Your Life Is Now",SC8487,14,SC8487,SC,1," 2/27/13"
"Mellencamp, John","Yours Forever (The Perfect Storm)",SC8625,8,SC8625,SC,1," 2/27/13"
"Mellencamp, John Cougar","Yours Forever (The Perfect Storm)",SC3208,8,SC3208,SC,1," 2/27/13"
"Mena, Maria","You're The Only One",MM6417,10,MM6417,MM,1," 2/27/13"
"Merrill, Helen","You'd Be So Nice To Come Home To",SAVP12,12,SAVP12,SA,1," 2/27/13"
"Messina, Jo Dee","You're Not In Kansas Anymore",SC8307,15,SC8307,SC,1," 2/27/13"
"Michael Bolton",Yesterday,SC8374,11,SC8374,SC,1," 2/27/13"
"Michael, George","You Have Been Loved",SF114,8,SF114,SF,1," 2/27/13"
"Miller, Mitch","Yellow Rose Of Texas, The",SC8196,14,SC8196,SC,1," 2/27/13"
"Miller, Mitch","You Are My Sunshine",CBEP469-3,6,CBEP469-3,CB,1," 2/27/13"
"Miller, Roger","You Can't Rollerskate In A Buffalo Herd",CB60134,13,CB60134,CB,1," 2/27/13"
"Miracles, The","You've Really Got A Hold On Me",MMRB05,10,MMRB05,MM,1," 2/27/13"
"Mitchell, Joni","You Turn Me On",SC8410,1,SC8410,SC,1," 2/27/13"
"Mona Lisa","You Said",SC8304,5,SC8304,SC,1," 2/27/13"
"Montgomery Gentry","You Do Your Thing",SC8881,14,SC8881,SC,1," 2/27/13"
"Montgomery Gentry wvocal","You Do Your Thing",SC3416,10,SC3416,SC,1," 2/27/13"
"Montgomery, John Michael","You Are",CBEP463-6,15,CBEP463-6,CB,1," 2/27/13"
"Moody Blues","Your Wildest Dreams",SC1999NSC07,13,SC1999NSC07,SC,1," 2/27/13"
"Moody Blues, The","Your Wildest Dream",SC8725,2,SC8725,SC,1," 2/27/13"
"Morgan, Lorrie","You'd Think He'd Know Me Better",SC8474,15,SC8474,SC,1," 2/27/13"
"Morissette, Alanis","You Learn",SC8290,11,SC8290,SC,1," 2/27/13"
"Morissette, Alanis","You Oughta Know",AH8006,16,AH8006,AH,1," 2/27/13"
"Morris, Lynn","You'll Get No More Of Me",CBEP476-3,14,CBEP476-3,CB,1," 2/27/13"
"Morrison, Van & Gail Lewis","You Win Again",CB60218,14,CB60218,CB,1," 2/27/13"
"Morrison, Van & Linda Gail Lewis","You Win Again",CBEP471-5,3,CBEP471-5,CB,1," 2/27/13"
"Mraz, Jason","You & I Both",MM6405,10,MM6405,MM,1," 2/27/13"
"Mraz, Jason","You And I Both",THP0401,18,THP0401,TH,1," 2/27/13"
"Mullins & Black","You Didn't Did Ya",CB60183,8,CB60183,CB,1," 2/27/13"
Murmurs,"You Suck",SC8562,4,SC8562,SC,1," 2/27/13"
"Murray, Anne","You Needed Me",CB90101,13,CB90101,CB,1," 2/27/13"
"Needle And Damage Done","Young, Neil",AMS1507,4,AMS1507,AM,1," 2/27/13"
"Neil, Vince","You're Invited (But Your Friend Can't Co",SC8843,8,SC8843,SC,1," 2/27/13"
"Nelson, Ricky","Young World",CB90207,15,CB90207,CB,1," 2/27/13"
"Neon Trees","Your Surrender",PHMP1106,5,PHMP1106,PH,1," 2/27/13"
"New Kids On The Block","You Got It (The Right Stuff)",SAVP24,18,SAVP24,SA,1," 2/27/13"
"New Politics","Yeah Yeah Yeah",PHMP1010,5,PHMP1010,PH,1," 2/27/13"
"New Radicals","You Get What You Give",SC8501,7,SC8501,SC,1," 2/27/13"
"New Seekers, The","You Won't Find Another Fool Like Me",SF101,5,SF101,SF,1," 2/27/13"
"Newton, Juice","You Make Me Want To Make You Mine",CB60169,15,CB60169,CB,1," 2/27/13"
"Newton-John, Olivia & John Travolta","You're The One That I Want",BL01,4,BL01,BL,1," 2/27/13"
"Nicki Minaj","Your Love",PHMU1007,4,PHMU1007,PH,1," 2/27/13"
"Night Ranger","You Can Still Rock In America",SC8624,1,SC8624,SC,1," 2/27/13"
Nirvana,"You Know You're Right",CBEP477-1,17,CBEP477-1,CB,1," 2/27/13"
"Nitty Gritty Dirt Band, The","You Made Life Good Again",CB60156,15,CB60156,CB,1," 2/27/13"
"Oak Ridge Boys","Y'all Come Back Saloon",CB90108,10,CB90108,CB,1," 2/27/13"
"Oak Ridge Boys","You're My Soul And Inspiration",CB90108,9,CB90108,CB,1," 2/27/13"
"Oak Ridge Boys","You're The One",CB90108,11,CB90108,CB,1," 2/27/13"
"Oak Ridge Boys, The","Y'all Come Back Saloon",CBE4-16,9,CBE4-16,CB,1," 2/27/13"
"Oak Ridge Boys, The","You're My Soul And Inspiraton",CB60128,15,CB60128,CB,1," 2/27/13"
"Ocean Colour Scene","You've Got It Bad",SF049,9,SF049,SF,1," 2/27/13"
"Ohio Express, The","Yummy Yummy Yummy",SC8191,2,SC8191,SC,1," 2/27/13"
"One Block Radius","You Got Me",PHMP0810,3,PHMP0810,PH,1," 2/27/13"
"Orbison, Roy","You Got It",SC8273,4,SC8273,SC,1," 2/27/13"
"Osbourne, Ozzy","You Can't Kill Rock And Roll",SC8869,13,SC8869,SC,1," 2/27/13"
Outfield,"Your Love",SC8447,12,SC8447,SC,1," 2/27/13"
"P O D","Youth Of A Nation",CB30022,15,CB30022,CB,1," 2/27/13"
P.o.d.,"Youth Of A Nation",CBE3-28,10,CBE3-28,CB,1," 2/27/13"
P.o.d.,"Youth Of The Nation",SC8740,14,SC8740,SC,1," 2/27/13"
"Parnell, Leroy","You Can't Get There From Here",CHM9711,18,CHM9711,CH,1," 2/27/13"
"Parton, Dolly","Yellow Roses",SC8230,6,SC8230,SC,1," 2/27/13"
"Parton, Dolly","You're The Only One",SC8411,13,SC8411,SC,1," 2/27/13"
"Paul Anka & Odia Coates","You're Having My Baby",SC8679,8,SC8679,SC,1," 2/27/13"
"Peem, Dawn","You Don't Love Me",SF020,13,SF020,SF,1," 2/27/13"
"Pennington, J.p.","You Gotta Get Serious",CB60151,7,CB60151,CB,1," 2/27/13"
"Perfect Stranger","You Have The Right To Remain Silent",SC8186,15,SC8186,SC,1," 2/27/13"
"Perry Sisters, The","You Are The Potter",CBEP466-4,12,CBEP466-4,CB,1," 2/27/13"
"Perry, Steve","You Better Wait",SC8235,13,SC8235,SC,1," 2/27/13"
"Peters, Red","You Promised The Moon But I Preferred Ur",SC8700,7,SC8700,SC,1," 2/27/13"
"Petty, Tom","You Don't Know How It Feels",SF020,10,SF020,SF,1," 2/27/13"
"Petty, Tom & The Heartbreakers","You Don't Know How It Feels",SC8150,15,SC8150,SC,1," 2/27/13"
"Petty, Tom & The Heartbreakers","You Got Lucky",SC7561,3,SC7561,SC,1," 2/27/13"
"Phillips, Craig & Dean","You Are My King",SC8828,6,SC8828,SC,1," 2/27/13"
Pink,"You Make Me Sick",CB30008,15,CB30008,CB,1," 2/27/13"
Placebo,"You Don't Care About Us",SF129,5,SF129,SF,1," 2/27/13"
"Platters, The","You'll Never Never Know",DK079,13,DK079,DK,1," 2/27/13"
Pod,"Youth Of The Nation",SC8803,14,SC8803,SC,1," 2/27/13"
"Pointer Sisters, The","Yes We Can-Can",SAVP29,16,SAVP29,SA,1," 2/27/13"
Poison,"Your Mama Don't Dance",SC8734,15,SC8734,SC,1," 2/27/13"
"Powell, Jesse",You,SC8523,11,SC8523,SC,1," 2/27/13"
"Presley, Elvis","Y Like Me, A Girl Like You, A",MMVEU-06,8,MMVEU-06,MM,1," 2/27/13"
"Presley, Elvis",Yesterday,MMVE16,8,MMVE16,MM,1," 2/27/13"
"Presley, Elvis","You Can't Say No In Acapulco",MMVEU-01,12,MMVEU-01,MM,1," 2/27/13"
"Presley, Elvis","You Don't Have To Say You Love Me",SAVP13,14,SAVP13,SA,1," 2/27/13"
"Presley, Elvis","You Don't Know Me",MM6288,6,MM6288,MM,1," 2/27/13"
"Presley, Elvis","You Don't Know Me  Clambake",MMVE20,6,MMVE20,MM,1," 2/27/13"
"Presley, Elvis","You Gave Me A Mountain",MMVE03,15,MMVE03,MM,1," 2/27/13"
"Presley, Elvis","You Gotta Stop (Easy Come Easy Go)",MMVEU-04,14,MMVEU-04,MM,1," 2/27/13"
"Presley, Elvis","You Were Always On My Mind",MMVE01,9,MMVE01,MM,1," 2/27/13"
"Presley, Elvis","You'll Be Gone",MM6414,15,MM6414,MM,1," 2/27/13"
"Presley, Elvis","You'll Never Walk Alone",SC8536,1,SC8536,SC,1," 2/27/13"
"Presley, Elvis","You'll Think Of Me",MMVEU-06,7,MMVEU-06,MM,1," 2/27/13"
"Presley, Elvis","You're So Square Baby I Don't Care",SC7521,8,SC7521,SC,1," 2/27/13"
"Presley, Elvis","You're The Boss",MMVEU-01,9,MMVEU-01,MM,1," 2/27/13"
"Presley, Elvis","You've Lost That Lovin' Feeling",MMVE16,11,MMVE16,MM,1," 2/27/13"
"Presley, Elvis","You've Lost That Loving Feeling",MM6248,11,MM6248,MM,1," 2/27/13"
"Presley, Elvis","Young And Beautiful",MM6123,2,MM6123,MM,1," 2/27/13"
"Presley, Elvis","Young And Beautiful  Jailhouse Rock",MMVE05,2,MMVE05,MM,1," 2/27/13"
"Presley, Elvis","Young Dreams",MM6415,15,MM6415,MM,1," 2/27/13"
"Presley, Elvis","Your Love's Been A Long Time Coming",MMVEU-05,5,MMVEU-05,MM,1," 2/27/13"
"Presley, Elvis","Your Time Hasn't Come Yet (Speedway)",MMVEU-04,13,MMVEU-04,MM,1," 2/27/13"
"Presley, Elvis & Ann Margaret","You're The Boss",MM6305,9,MM6305,MM,1," 2/27/13"
"Price, Kelley","You Should've Told Me",CB30013,6,CB30013,CB,1," 2/27/13"
"Price, Kelly","You Should've Told Me",SC8664,8,SC8664,SC,1," 2/27/13"
"Price, Ray","You're The Best Thing That Ever Happened",CBE2-05,10,CBE2-05,CB,1," 2/27/13"
"Price, Ray","You're The Best Thing That's Ever Happen",CB90076,2,CB90076,CB,1," 2/27/13"
"Pride, Charley","You're So Good When You're Bad",CBE4-17,9,CBE4-17,CB,1," 2/27/13"
"Pride, Charlie","You're So Good When You're Bad",CB90065,15,CB90065,CB,1," 2/27/13"
"Puckett, Gary & The Union Gap","Young Girl",DKM2030,9,DKM2030,DK,1," 2/27/13"
"Puckett, Gary & Union Gap","Young Girl",CBE3-18,3,CBE3-18,CB,1," 2/27/13"
"Puckett, Gary & Union Gap, The","Young Girl",SC7531,12,SC7531,SC,1," 2/27/13"
Queen,"You're My Best Friend",SC8772,7,SC8772,SC,1," 2/27/13"
"Rabbit, Eddie & Crystal Gayle","You And I",CB60041,1,CB60041,CB,1," 2/27/13"
"Rabbitt, Eddie","You Can't Run From Love",CB60167,14,CB60167,CB,1," 2/27/13"
"Rabbitt, Eddie","You Don't Love Me Anymore",SC8697,15,SC8697,SC,1," 2/27/13"
"Rabbitt, Eddie & Crystal Gayle","You & I",CBEP463-3,14,CBEP463-3,CB,1," 2/27/13"
"Rabbitt, Eddie & Crystal Gayle","You And I",MMCP2K07,11,MMCP2K07,MM,1," 2/27/13"
"Rabbitt, Eddie & Gayle, Crystal","You And I",SC7515,12,SC7515,SC,1," 2/27/13"
"Raitt, Bonnie",You,MM6069,4,MM6069,MM,1," 2/27/13"
"Raitt, Bonnie","You Got It",MM6091,2,MM6091,MM,1," 2/27/13"
"Rawls, Lou","You'll Never Find",SAVP32,18,SAVP32,SA,1," 2/27/13"
"Rawls, Lou","You'll Never Find (Another Love Like Min",SC7574,15,SC7574,SC,1," 2/27/13"
"Rawls, Lou","You'll Never Find Another Love Like Mine",SC8273,8,SC8273,SC,1," 2/27/13"
"Ray, Johnnie","Yes Tonight Josephine",SF062,15,SF062,SF,1," 2/27/13"
"Raye, Collin","You Still Take Me There",SD082,9,SD082,SD,1," 2/27/13"
"Real Thing, The","You To Me Are Everything",BL06,6,BL06,BL,1," 2/27/13"
"Ream, D.","You're The Best Thing",SF026,10,SF026,SF,1," 2/27/13"
"Red Peters","you ain't gettin shit for christmas",SC8900,15,SC8900,SC,1," 2/27/13"
"Reddy, Helen","You And Me Against The World",SC8410,15,SC8410,SC,1," 2/27/13"
"Reed, Jimmy","You Got Me Running",MM6144,13,MM6144,MM,1," 2/27/13"
"Restless Heart","You Can Depend On Me",CB90028,15,CB90028,CB,1," 2/27/13"
"Richie, Lionel","You Are",CB90169,15,CB90169,CB,1," 2/27/13"
"Righteous Brothers, The","You've Lost That Lovin' Feelin'",MMCP2K06,7,MMCP2K06,MM,1," 2/27/13"
"Righteous Brothers, The","You've Lost That Lovin' Feeling",MMBK06,7,MMBK06,MM,1," 2/27/13"
"Righteous Brothers, The","You've Lost That Loving Feeling",MM6037,13,MM6037,MM,1," 2/27/13"
"Rimes, Leann","You Light Up My Life",MMCOU202,17,MMCOU202,MM,1," 2/27/13"
"Rimes, Leann","Your Cheatin' Heart",SC8590,10,SC8590,SC,1," 2/27/13"
"Ritter, Tex","You Two-Timed Me One Time Too Often",SC8491,8,SC8491,SC,1," 2/27/13"
"Ritter, Tex","You Will Have To Pay",CB90222,5,CB90222,CB,1," 2/27/13"
"Robin Thicke","You're My Baby",PHMU0904,3,PHMU0904,PH,1," 2/27/13"
"Robinson, Smokey","You've Really Got A Hold On Me",DK012,16,DK012,DK,1," 2/27/13"
"Robison, Charlie","You're Not The Best",CB60179,14,CB60179,CB,1," 2/27/13"
"Rod Stewart","You Wear It Well",SC8197,10,SC8197,SC,1," 2/27/13"
"Rodriguez, Johnny","You Always Come Back To Hurting Me",SC8494,15,SC8494,SC,1," 2/27/13"
"Rodriguez, Johnny","You Can Say That Again",SC8311,7,SC8311,SC,1," 2/27/13"
"Rogers, Kenny","You Decorated My Life",CB90051,11,CB90051,CB,1," 2/27/13"
"Rolling Stones","You Got Me Rocking",SC8820,9,SC8820,SC,1," 2/27/13"
"Rolling Stones, The","You Can't Always Get What You Want",SC8300,8,SC8300,SC,1," 2/27/13"
"Ronnie Dunn","Your Kind Of Love",PHMC1112,6,PHMC1112,PH,1," 2/27/13"
"Ronstadt, Linda","You're No Good",SC7581,6,SC7581,SC,1," 2/27/13"
"Roth, David Lee","Yankee Rose",SC7565,12,SC7565,SC,1," 2/27/13"
"Run Dmc","You Be Illin'",SC8612,10,SC8612,SC,1," 2/27/13"
"Ryan Leslie","You're Not My Girl",PHMU0911,8,PHMU0911,PH,1," 2/27/13"
Sade,"Your Love Is King",SC7549,10,SC7549,SC,1," 2/27/13"
Saliva,"Your Disease",SC8699,10,SC8699,SC,1," 2/27/13"
"Sam Cooke","You Send Me",SCMILE01,2,SCMILE01,SC,1," 2/27/13"
"Sayer, Leo","You Make Me Feel Like Dancing",SC8439,15,SC8439,SC,1," 2/27/13"
"Sea Horses","You Can Talk To Me",SF117,10,SF117,SF,1," 2/27/13"
"Seals, Dan","You Still Move Me",SC8551,11,SC8551,SC,1," 2/27/13"
"Seger, Bob","You'll Accomp'ny Me",SC2159,8,SC2159,SC,1," 2/27/13"
"Seger, Bob & The Silver Bullet Band","You'll Accomp'ny Me",SC8846,9,SC8846,SC,1," 2/27/13"
Shanice,Yesterday,SC8542,3,SC8542,SC,1," 2/27/13"
"Shapiro, Helen","You Don't Know",SAVP08,12,SAVP08,SA,1," 2/27/13"
"Sheppard, T. G.","You Still Do",CB90109,6,CB90109,CB,1," 2/27/13"
"Sheppard, T.g.","You Still Do",CB60128,7,CB60128,CB,1," 2/27/13"
"Shields, The","You Cheated, You Lied",MM6385,13,MM6385,MM,1," 2/27/13"
"Shola Ama","You're The One I Love",SF114,9,SF114,SF,1," 2/27/13"
"Simon, Carly","You Belong To Me",SC7549,6,SC7549,SC,1," 2/27/13"
"Simon, Carly","You're So Vain",MM6333,11,MM6333,MM,1," 2/27/13"
"Simon, Paul","You Can Call Me Al",CBE4-06,15,CBE4-06,CB,1," 2/27/13"
"Simple Plan","Your Love Is A Lie",PHMP0805,7,PHMP0805,PH,1," 2/27/13"
"Simply Red","You Make Me Feel Brand New",SF213,14,SF213,SF,1," 2/27/13"
"Sinatra, Frank","You Brought A New Kind Of Love",MM6075,10,MM6075,MM,1," 2/27/13"
"Sinatra, Frank","You Do Something To Me",SAVP35,16,SAVP35,SA,1," 2/27/13"
"Sinatra, Frank","You Go To My Head",MM6242,8,MM6242,MM,1," 2/27/13"
"Sinatra, Frank","You Make Me Feel So Young",MMSTA05,20,MMSTA05,MM,1," 2/27/13"
"Sinatra, Frank","Young At Heart",MM6075,4,MM6075,MM,1," 2/27/13"
"Sinatra, Nancy","You Only Live Twice",SC8468,6,SC8468,SC,1," 2/27/13"
"Skaggs, Ricky","You May See Me Walkin'",SC8582,1,SC8582,SC,1," 2/27/13"
"Skid Row","Youth Gone Wild",SC8406,7,SC8406,SC,1," 2/27/13"
"Smash Mouth","You Are My Number One",PHM0309,5,PHM0309,PH,1," 2/27/13"
"Smash Mouth wvocal","You Are My Number One",PHM0309,14,PHM0309,PH,1," 2/27/13"
"Smith, Carl","You Are The One",SC8712,11,SC8712,SC,1," 2/27/13"
"Smith, Connie","You And Your Sweet Love",CB90088,11,CB90088,CB,1," 2/27/13"
"Smith, Rex","You Take My Breath Away",SC8552,9,SC8552,SC,1," 2/27/13"
"South Pacific","Younger Than Springtime",DK092,5,DK092,DK,1," 2/27/13"
"Souther, J.d.","You're Only Lonely",SC8594,5,SC8594,SC,1," 2/27/13"
"Southern Man","Young, Neil",DG06,13,DG06,DG,1," 2/27/13"
Spanish,"Y Viva Espana",SF028,18,SF028,SF,1," 2/27/13"
"Spears, Britney","You Drive Me Crazy",CBE2-29,15,CBE2-29,CB,1," 2/27/13"
"Spears, Britney wvocal","You Drive Me Crazy",PHM9911,13,PHM9911,PH,1," 2/27/13"
"Spin Doctors, The","You Let Your Heart Go Too Fast",SD001,11,SD001,SD,1," 2/27/13"
"Springfield, Dusty","You Don't Have To Say You Love Me",SGB41,15,SGB41,SG,1," 2/27/13"
"Stafford, Jo","You Belong To Me",SAVP07,10,SAVP07,SA,1," 2/27/13"
Standard,"Yankee Doodle",SC2023,5,SC2023,SC,1," 2/27/13"
Standard,"Yellow Rose Of Texas, The",CBEP469-3,14,CBEP469-3,CB,1," 2/27/13"
Standard,"You're A Grand Old Flag",CBE4-30,6,CBE4-30,CB,1," 2/27/13"
"Standard Reminiscing","Yellow Rose Of Texas, The",SC7024,7,SC7024,SC,1," 2/27/13"
"Standard Reminiscing","Yes Sir That's My Baby",SC7029,5,SC7029,SC,1," 2/27/13"
"Standard Reminiscing","Yes We Have No Bananas",SC7029,6,SC7029,SC,1," 2/27/13"
"Standard Reminiscing","You Are My Sunshine",SC7022,7,SC7022,SC,1," 2/27/13"
"Standard Reminiscing","You Made Me Love You",SC7029,1,SC7029,SC,1," 2/27/13"
Standard-Traditional,"Yellow Rose Of Texas, The",DK061,15,DK061,DK,1," 2/27/13"
Standard-Traditional,"You Are My Sunshine",DKM2028,8,DKM2028,DK,1," 2/27/13"
Standard-Traditional,"You'd Be So Nice To Come Home To",DK067,14,DK067,DK,1," 2/27/13"
Standardl,"You Belong To Me",DK045,10,DK045,DK,1," 2/27/13"
"Starr, Ringo","You're Sixteen",SAVP37,19,SAVP37,SA,1," 2/27/13"
"Statler Brothers, The","You Can't Have Your Kate & Edith, Too",CB90135,11,CB90135,CB,1," 2/27/13"
"Statler Brothers, The","You'll Be Back (Every Night In My Dreams",SC8604,8,SC8604,SC,1," 2/27/13"
"Staton, Candi","Young Hearts Run Free",SF003,15,SF003,SF,1," 2/27/13"
"Steve Azar","You're My Life",PHMC0904,7,PHMC0904,PH,1," 2/27/13"
"Stevens, Shakin'","You Drive Me Crazy",SF031,5,SF031,SF,1," 2/27/13"
"Stewart, Al","Year Of The Cat, The",SD020,11,SD020,SD,1," 2/27/13"
"Stewart, Gary","Your Place Or Mine",SC8642,10,SC8642,SC,1," 2/27/13"
"Stewart, Rod","You Go To My Head",MM6388,1,MM6388,MM,1," 2/27/13"
"Stewart, Rod","You Wear It Well",MM6388,13,MM6388,MM,1," 2/27/13"
"Stewart, Rod","You're In My Heart",SC8722,13,SC8722,SC,1," 2/27/13"
"Stewart, Rod","Young Turks",MM6171,15,MM6171,MM,1," 2/27/13"
"Stewart, Rod","Your Song",SC8238,3,SC8238,SC,1," 2/27/13"
Sting,"You Still Touch Me",SC8290,13,SC8290,SC,1," 2/27/13"
"Stone, Doug","You Have The Right To Remain Silent",MM6101,8,MM6101,MM,1," 2/27/13"
"Stone, Joss","You Had Me",PHM0501,8,PHM0501,PH,1," 2/27/13"
"Strait, George","You Can't Make A Heart Love Somebody",SC8703,15,SC8703,SC,1," 2/27/13"
"Strait, George","You Haven't Left Me Yet",CB90018,15,CB90018,CB,1," 2/27/13"
"Strait, George","You Know Me Better Than That",CB90149,9,CB90149,CB,1," 2/27/13"
"Strait, George","You Look So Good In Love",CBE2-08,15,CBE2-08,CB,1," 2/27/13"
"Strait, George","You're Something Special To Me",SC8345,2,SC8345,SC,1," 2/27/13"
"Strange Condition","Yorn, Pete",PHR0205,1,PHR0205,PH,1," 2/27/13"
"Streisand & Diamond","You Don't Bring Me Flowers",MMSTA2-3,18,MMSTA2-3,MM,1," 2/27/13"
"Streisand, Barbra","You Don't Bring Me Flowers",MMBK07,1,MMBK07,MM,1," 2/27/13"
"Streisand, Barbra & Neil Diamond","You Don't Bring Me Flowers",CBEP471-2,6,CBEP471-2,CB,1," 2/27/13"
"Stuart, Marty","You Can't Stop Love",CB20241,9,CB20241,CB,1," 2/27/13"
"Stylistics, The","You Are Everything",SAVP31,9,SAVP31,SA,1," 2/27/13"
"Stylistics, The","You Make Me Feel Brand New",MM6198,15,MM6198,MM,1," 2/27/13"
"Supernaw, Doug","You Still Got Me",MM6158,9,MM6158,MM,1," 2/27/13"
"Supremes, The","You Can't Hurry Love",SC7571,13,SC7571,SC,1," 2/27/13"
"Supremes, The","You Keep Me Hanging On",SC7532,15,SC7532,SC,1," 2/27/13"
Swv,"You're The One",SC8281,6,SC8281,SC,1," 2/27/13"
Sylvester,"You Make Me Feel (Mighty Real)",BL25,12,BL25,BL,1," 2/27/13"
"Take 6","You Can Never Ask Too Much",SC8156,2,SC8156,SC,1," 2/27/13"
"Taylor, James","You've Got A Friend",BL18,13,BL18,BL,1," 2/27/13"
"Taylor, James","Your Smiling Face",SC7575,13,SC7575,SC,1," 2/27/13"
"Temperance Seven","You're Driving Me Crazy",SF069,15,SF069,SF,1," 2/27/13"
"The Band Perry","You Lie",PHMC1103,3,PHMC1103,PH,1," 2/27/13"
"The Fray","You Found Me",PHMP0902,1,PHMP0902,PH,1," 2/27/13"
"The White Tie Affair","You Look Better When Im Drunk",PHMP1008,3,PHMP1008,PH,1," 2/27/13"
"Third Day","You Are So Good To Me",CBE4-29,3,CBE4-29,CB,1," 2/27/13"
"Thompson Twins, The","You Take Me Up",SF111,13,SF111,SF,1," 2/27/13"
"Tillis, Mel","Your Body Is An Outlaw",CB90089,12,CB90089,CB,1," 2/27/13"
"Tippin, Aaron","You've Got To Stand For Something",SC7552,15,SC7552,SC,1," 2/27/13"
"Tippin, Aaron wvocal","You've Got To Stand For Something",SC2336A,9,SC2336A,SC,1," 2/27/13"
"Toback, Jeremy","You Make Me Feel",SC8595,2,SC8595,SC,1," 2/27/13"
Tonic,"You Wanted More",SC8553,15,SC8553,SC,1," 2/27/13"
"Tower Of Power","You're Still A Young Man",SC8204,2,SC8204,SC,1," 2/27/13"
"Trace Adkins","You're Gonna Miss This",PHMC0803,6,PHMC0803,PH,1," 2/27/13"
Traditional,"You Are My Sunshine",DK096,11,DK096,DK,1," 2/27/13"
Traditional,"You Go To My Head",SGB059,9,SGB059,SG,1," 2/27/13"
"Travolta, John & Newton-John, Olivia","You're The One That I Want",SC7506,14,SC7506,SC,1," 2/27/13"
"Travolta, John & Olivia Newton John","You're The One That I Want",MMCP2K07,18,MMCP2K07,MM,1," 2/27/13"
"Tritt, Travis","You Can't Count Me Out Yet",SD103,5,SD103,SD,1," 2/27/13"
"Troccoli, Kathy","You've Got A Way",MM6008,12,MM6008,MM,1," 2/27/13"
"Tucker, Tanya","You Just Watch Me",SC8137,14,SC8137,SC,1," 2/27/13"
"Turtles, The","You Showed Me",SC8429,10,SC8429,SC,1," 2/27/13"
"Twain, Shania","You Lay A Whole Lot Of Love On Me",SC2039,3,SC2039,SC,1," 2/27/13"
"Twain, Shania","You Win My Love",MMCOU204,14,MMCOU204,MM,1," 2/27/13"
"Twain, Shania","You're Still The One",MMCOU202,20,MMCOU202,MM,1," 2/27/13"
"Twain, Shania","You've Got A Way",CB60178,7,CB60178,CB,1," 2/27/13"
"Twitty, Conway","You've Never Been This Far Before",SC8372,15,SC8372,SC,1," 2/27/13"
"Urban, Keith","You'll Think Of Me",MM6407,1,MM6407,MM,1," 2/27/13"
"Urban, Keith","You're My Better Half",PHN0501,8,PHN0501,PH,1," 2/27/13"
"Urban, Keith","Your Everything",CHM0006,18,CHM0006,CH,1," 2/27/13"
"Urban, Keith","You'll Think Of Me",SC8877,7,SC8877,SC,1," 2/27/13"
"Urban, Keith wvocal","You'll Think Of Me",SC3404,9,SC3404,SC,1," 2/27/13"
Usher,"You Don't Have To Call",SC8799,7,SC8799,SC,1," 2/27/13"
Usher,"You Got It Bad",SC8799,15,SC8799,SC,1," 2/27/13"
Usher,"You Make Me Wanna",SC8462,15,SC8462,SC,1," 2/27/13"
Usher,"You Remind Me",SGB65,10,SGB65,SG,1," 2/27/13"
"Usher & Lil Jon & Ludicris",Yeah,MM6408,1,MM6408,MM,1," 2/27/13"
"Usher & Ludacris",Yeah,PHU0404,1,PHU0404,PH,1," 2/27/13"
"Usher & Ludacris & Lil Jon",Yeah,SC8902,4,SC8902,SC,1," 2/27/13"
"Usher & Ludacris & Lil' Jon",Yeah,SC8864,4,SC8864,SC,1," 2/27/13"
"Van Halen","You Really Got Me",SGB14,9,SGB14,SG,1," 2/27/13"
"Vandross, Luther","Your Secret Love",SC8320,7,SC8320,SC,1," 2/27/13"
"Various Artists","You're A Mean One Mr. Grinch",CBEP462-3,16,CBEP462-3,CB,1," 2/27/13"
"Vedder, Eddie","You've Got To Hide Your Love",PHR0204,8,PHR0204,PH,1," 2/27/13"
"Vedder, Eddie","You've Got To Hide Your Love Away",MM6359,5,MM6359,MM,1," 2/27/13"
"Velasquez, Jaci","You're My God",CBE4-29,8,CBE4-29,CB,1," 2/27/13"
"Vertical Horizon","You're A God",CB30006,15,CB30006,CB,1," 2/27/13"
"Village People, The",Y.m.c.a.,CBE22,1,CBE22,CB,1," 2/27/13"
"Village People, The",Y.M.C.A.,MM6135,3,MM6135,MM,1," 2/27/13"
"Village People, The",Y.m.c.a.,SC7511,11,SC7511,SC,1," 2/27/13"
"Village People, The",Y.M.C.A.,SF028,13,SF028,SF,1," 2/27/13"
"Village People, The",Y.m.c.a.,SAVP09,16,SAVP09,SA,1," 2/27/13"
"Village People, The",Ymca,BL01,6,BL01,BL,1," 2/27/13"
"Vogues, The","You're The One",SC8521,2,SC8521,SC,1," 2/27/13"
"Wagoner, Porter","Y'all Come",CB90087,1,CB90087,CB,1," 2/27/13"
"Wagoner, Porter","Your Old Love Letters",CB90087,10,CB90087,CB,1," 2/27/13"
"Wagoner, Porter & Dolly Parton","Your Love",CB90083,9,CB90083,CB,1," 2/27/13"
"Walker, Clay","You're Beginning To Get To Me",CB90007,15,CB90007,CB,1," 2/27/13"
"Wariner, Steve","You Can Dream Of Me",SC7556,6,SC7556,SC,1," 2/27/13"
"Warwick, Dionne","You'll Never Get To Heaven (If You Break",SC8651,8,SC8651,SC,1," 2/27/13"
"Watson, Gene","You Could Know As Much About A Stranger",CB90081,7,CB90081,CB,1," 2/27/13"
"Watson, Gene","You Gave Me A Mountain",SC8324,8,SC8324,SC,1," 2/27/13"
"Watson, Gene","You're Out Doing What I'm Here Doing Wit",CB90081,11,CB90081,CB,1," 2/27/13"
"Wayne, Jimmy","You Are",PHN0410,9,PHN0410,PH,1," 2/27/13"
"We Five","You Were On My Mind",DK021,17,DK021,DK,1," 2/27/13"
"Wells, Kitty","You Don't Hear",SC8367,3,SC8367,SC,1," 2/27/13"
"Wells, Mary","You Beat Me To The Punch",DK077,12,DK077,DK,1," 2/27/13"
"West, Dottie","You're Not Easy To Forget",CB90085,6,CB90085,CB,1," 2/27/13"
"West, Shelley & David Frizzell","You're The Reason God Made Oklahoma",CBEP471-6,7,CBEP471-6,CB,1," 2/27/13"
"Wherever I Lay My Hat","Young, Paul",PX14,5,PX14,PX,1," 2/27/13"
"White Town","Your Woman",SC8377,13,SC8377,SC,1," 2/27/13"
"White, Barry","You See The Trouble With Me",BL25,5,BL25,BL,1," 2/27/13"
"White, Barry","You're My First, My Last, My Everything",MMRB2-5,17,MMRB2-5,MM,1," 2/27/13"
"White, Barry","You're The First, The Last, My Everythin",CBEP468-1,17,CBEP468-1,CB,1," 2/27/13"
"White, Bryan","You're Still Beautiful To Me",CB60178,13,CB60178,CB,1," 2/27/13"
"Whitney Houston","You Give Good Love",SC8362,14,SC8362,SC,1," 2/27/13"
"Who, The","You Better You Bet",SC8586,7,SC8586,SC,1," 2/27/13"
Wilco,"You Never Know",PHMP0910,5,PHMP0910,PH,1," 2/27/13"
"Wild Horses","You Gotta Ride",CB60247,15,CB60247,CB,1," 2/27/13"
"Wilde, Kim","You Keep Me Hanging On",MM6042,11,MM6042,MM,1," 2/27/13"
"Wilkinsons, The","Yodelin' Blues, The",CB60174,15,CB60174,CB,1," 2/27/13"
"Williams & Chayanne","You Are My Home",SC8484,13,SC8484,SC,1," 2/27/13"
"Williams, Don","You're My Best Friend",SC8424,10,SC8424,SC,1," 2/27/13"
"Williams, Hank","Your Cheatin' Heart",DK010,17,DK010,DK,1," 2/27/13"
"Williams, Hank Sr.","You Win Again",CB90067,5,CB90067,CB,1," 2/27/13"
"Williams, Hank Sr.","You're Gonna Change Or I'm Gonna Leave",CB90067,13,CB90067,CB,1," 2/27/13"
"Williams, Vanessa","You Can't Run",SC8209,6,SC8209,SC,1," 2/27/13"
"Williams, Vanessa & Chayanne","You Are My Home",SC2187,6,SC2187,SC,1," 2/27/13"
"Wills, Mark","Your Own Little Corner Of My Heart",CB20069,11,CB20069,CB,1," 2/27/13"
"Wilson Phillips","You Won't See Me Cry",MM6027,10,MM6027,MM,1," 2/27/13"
"Wilson Phillips","You're In Love",SC8363,5,SC8363,SC,1," 2/27/13"
"Wilson, Brian","Your Imagination",SC8473,9,SC8473,SC,1," 2/27/13"
"Wilson, Jackie","Your Love Keeps Lifting Me Higher And Hi",CBEP459-5,2,CBEP459-5,CB,1," 2/27/13"
"Womack, Lee Ann","You've Got To Talk To Me",CHM9801,19,CHM9801,CH,1," 2/27/13"
"Wonder, Stevie","Yester Me Yester You Yesterday",CBEP459-1,7,CBEP459-1,CB,1," 2/27/13"
"Wonder, Stevie","Yester Me, Yester You, Yesterday",MMRB04,3,MMRB04,MM,1," 2/27/13"
"Wonder, Stevie","Yester-Me Yester-You Yesterday",BL34,12,BL34,BL,1," 2/27/13"
"Wonder, Stevie","You Are The Sunshine Of My Life",MMRB05,18,MMRB05,MM,1," 2/27/13"
"Wonder, Stevie","You Make Me Feel Like Dancing",CBEP474-3,1,CBEP474-3,CB,1," 2/27/13"
"Wood, Jeff","You Just Get One",CB60007,7,CB60007,CB,1," 2/27/13"
"Wright, Michelle & Jim Brickman","Your Love",CB60196,5,CB60196,CB,1," 2/27/13"
"Wynette, Tammy","You And Me",CB80110,11,CB80110,CB,1," 2/27/13"
"Wynette, Tammy","Your Good Girl's Gonna Go Bad",CBEP451-6,7,CBEP451-6,CB,1," 2/27/13"
"Yankovic, Weird Al",Yoda,SGB23,17,SGB23,SG,1," 2/27/13"
"Yankovic, Weird Al","You Don't Love Me Anymore",SC2220,1,SC2220,SC,1," 2/27/13"
"Yearwood, Trisha","You Can Sleep While I Drive",SD016,14,SD016,SD,1," 2/27/13"
"Yearwood, Trisha","You Done Me Wrong",MM6011,15,MM6011,MM,1," 2/27/13"
"Yearwood, Trisha","You Say You Will",MM6022,12,MM6022,MM,1," 2/27/13"
"Yearwood, Trisha","You're Where I Belong",SC8590,7,SC8590,SC,1," 2/27/13"
"Yoakam, Dwight","You're The One",SC7569,3,SC7569,SC,1," 2/27/13"
"Young, Faron","You're Still Mine",CB90217,7,CB90217,CB,1," 2/27/13"
"Young, Faron","Your Old Used To Be",CB90217,13,CB90217,CB,1," 2/27/13"
"Young, Will","You And I",SF199,16,SF199,SF,1," 2/27/13"
